dataset	cell	class	ngenes	reads
FLASH-seq	ZHA8833A1	multi	1	247196
FLASH-seq	ZHA8833A1	multi	2	672895
FLASH-seq	ZHA8833A1	multi	3	658772
FLASH-seq	ZHA8833A1	multi	4	421438
FLASH-seq	ZHA8833A1	multi	5	276437
FLASH-seq	ZHA8833A1	multi	6	140014
FLASH-seq	ZHA8833A1	multi	7	111516
FLASH-seq	ZHA8833A1	multi	8	52441
FLASH-seq	ZHA8833A1	multi	9	39073
FLASH-seq	ZHA8833A1	multi	10	49139
FLASH-seq	ZHA8833A1	multi	11	25184
FLASH-seq	ZHA8833A1	multi	12	23548
FLASH-seq	ZHA8833A1	multi	13	22237
FLASH-seq	ZHA8833A1	multi	14	11669
FLASH-seq	ZHA8833A1	multi	15	16538
FLASH-seq	ZHA8833A1	multi	16	6647
FLASH-seq	ZHA8833A1	multi	17	12497
FLASH-seq	ZHA8833A1	multi	18	3540
FLASH-seq	ZHA8833A1	multi	19	21004
FLASH-seq	ZHA8833A1	multi	20	25591
FLASH-seq	ZHA8833A1	single	1	17967928
FLASH-seq	ZHA8833A1	single	2	5146549
FLASH-seq	ZHA8833A1	single	3	309791
FLASH-seq	ZHA8833A1	single	4	16805
FLASH-seq	ZHA8833A1	single	5	784
FLASH-seq	ZHA8833A1	single	6	34
FLASH-seq	ZHA8833A1	single	7	3
FLASH-seq	ZHA8833A1	single	8	2
FLASH-seq	ZHA8833A1	single	9	54
FLASH-seq	ZHA8833A1	single	10	47
FLASH-seq	ZHA8833A1	single	11	5
FLASH-seq	ZHA8833A1	single	12	4
FLASH-seq	ZHA8833A1	single	13	1
FLASH-seq	ZHA8833A1	single	14	54
FLASH-seq	ZHA8833A1	single	15	76
FLASH-seq	ZHA8833A1	single	16	29
FLASH-seq	ZHA8833A1	single	17	6
FLASH-seq	ZHA8833A1	single	19	21
FLASH-seq	ZHA8833A1	single	20	1600
FLASH-seq	ZHA8833A10	multi	1	197156
FLASH-seq	ZHA8833A10	multi	2	572218
FLASH-seq	ZHA8833A10	multi	3	606027
FLASH-seq	ZHA8833A10	multi	4	384252
FLASH-seq	ZHA8833A10	multi	5	258543
FLASH-seq	ZHA8833A10	multi	6	136693
FLASH-seq	ZHA8833A10	multi	7	110285
FLASH-seq	ZHA8833A10	multi	8	56202
FLASH-seq	ZHA8833A10	multi	9	43087
FLASH-seq	ZHA8833A10	multi	10	53234
FLASH-seq	ZHA8833A10	multi	11	29219
FLASH-seq	ZHA8833A10	multi	12	25371
FLASH-seq	ZHA8833A10	multi	13	24961
FLASH-seq	ZHA8833A10	multi	14	13494
FLASH-seq	ZHA8833A10	multi	15	18507
FLASH-seq	ZHA8833A10	multi	16	7779
FLASH-seq	ZHA8833A10	multi	17	12926
FLASH-seq	ZHA8833A10	multi	18	4731
FLASH-seq	ZHA8833A10	multi	19	20815
FLASH-seq	ZHA8833A10	multi	20	32698
FLASH-seq	ZHA8833A10	single	1	13435831
FLASH-seq	ZHA8833A10	single	2	4028139
FLASH-seq	ZHA8833A10	single	3	245414
FLASH-seq	ZHA8833A10	single	4	15276
FLASH-seq	ZHA8833A10	single	5	460
FLASH-seq	ZHA8833A10	single	6	1
FLASH-seq	ZHA8833A10	single	7	4
FLASH-seq	ZHA8833A10	single	20	1163
FLASH-seq	ZHA8833A2	multi	1	237642
FLASH-seq	ZHA8833A2	multi	2	649819
FLASH-seq	ZHA8833A2	multi	3	636961
FLASH-seq	ZHA8833A2	multi	4	391988
FLASH-seq	ZHA8833A2	multi	5	265075
FLASH-seq	ZHA8833A2	multi	6	139419
FLASH-seq	ZHA8833A2	multi	7	106796
FLASH-seq	ZHA8833A2	multi	8	53332
FLASH-seq	ZHA8833A2	multi	9	39289
FLASH-seq	ZHA8833A2	multi	10	46348
FLASH-seq	ZHA8833A2	multi	11	25541
FLASH-seq	ZHA8833A2	multi	12	22699
FLASH-seq	ZHA8833A2	multi	13	21969
FLASH-seq	ZHA8833A2	multi	14	12012
FLASH-seq	ZHA8833A2	multi	15	15268
FLASH-seq	ZHA8833A2	multi	16	6657
FLASH-seq	ZHA8833A2	multi	17	10794
FLASH-seq	ZHA8833A2	multi	18	3863
FLASH-seq	ZHA8833A2	multi	19	17665
FLASH-seq	ZHA8833A2	multi	20	25989
FLASH-seq	ZHA8833A2	single	1	15011286
FLASH-seq	ZHA8833A2	single	2	4283581
FLASH-seq	ZHA8833A2	single	3	258615
FLASH-seq	ZHA8833A2	single	4	15039
FLASH-seq	ZHA8833A2	single	5	610
FLASH-seq	ZHA8833A2	single	6	34
FLASH-seq	ZHA8833A2	single	7	11
FLASH-seq	ZHA8833A2	single	8	1
FLASH-seq	ZHA8833A2	single	9	21
FLASH-seq	ZHA8833A2	single	10	42
FLASH-seq	ZHA8833A2	single	12	2
FLASH-seq	ZHA8833A2	single	13	1
FLASH-seq	ZHA8833A2	single	14	45
FLASH-seq	ZHA8833A2	single	15	85
FLASH-seq	ZHA8833A2	single	16	17
FLASH-seq	ZHA8833A2	single	17	12
FLASH-seq	ZHA8833A2	single	18	1
FLASH-seq	ZHA8833A2	single	19	19
FLASH-seq	ZHA8833A2	single	20	1180
FLASH-seq	ZHA8833A3	multi	1	238584
FLASH-seq	ZHA8833A3	multi	2	708129
FLASH-seq	ZHA8833A3	multi	3	663941
FLASH-seq	ZHA8833A3	multi	4	420400
FLASH-seq	ZHA8833A3	multi	5	277562
FLASH-seq	ZHA8833A3	multi	6	149978
FLASH-seq	ZHA8833A3	multi	7	119281
FLASH-seq	ZHA8833A3	multi	8	58597
FLASH-seq	ZHA8833A3	multi	9	43204
FLASH-seq	ZHA8833A3	multi	10	51810
FLASH-seq	ZHA8833A3	multi	11	27869
FLASH-seq	ZHA8833A3	multi	12	25219
FLASH-seq	ZHA8833A3	multi	13	23674
FLASH-seq	ZHA8833A3	multi	14	13009
FLASH-seq	ZHA8833A3	multi	15	17014
FLASH-seq	ZHA8833A3	multi	16	7825
FLASH-seq	ZHA8833A3	multi	17	11470
FLASH-seq	ZHA8833A3	multi	18	4543
FLASH-seq	ZHA8833A3	multi	19	18084
FLASH-seq	ZHA8833A3	multi	20	29328
FLASH-seq	ZHA8833A3	single	1	3138580
FLASH-seq	ZHA8833A3	single	2	851708
FLASH-seq	ZHA8833A3	single	3	31181
FLASH-seq	ZHA8833A3	single	4	770
FLASH-seq	ZHA8833A3	single	5	8
FLASH-seq	ZHA8833A3	single	9	2
FLASH-seq	ZHA8833A3	single	10	24
FLASH-seq	ZHA8833A4	multi	1	282612
FLASH-seq	ZHA8833A4	multi	2	828995
FLASH-seq	ZHA8833A4	multi	3	823336
FLASH-seq	ZHA8833A4	multi	4	520602
FLASH-seq	ZHA8833A4	multi	5	350733
FLASH-seq	ZHA8833A4	multi	6	187029
FLASH-seq	ZHA8833A4	multi	7	150070
FLASH-seq	ZHA8833A4	multi	8	73755
FLASH-seq	ZHA8833A4	multi	9	55250
FLASH-seq	ZHA8833A4	multi	10	64544
FLASH-seq	ZHA8833A4	multi	11	35627
FLASH-seq	ZHA8833A4	multi	12	30657
FLASH-seq	ZHA8833A4	multi	13	29257
FLASH-seq	ZHA8833A4	multi	14	16320
FLASH-seq	ZHA8833A4	multi	15	21402
FLASH-seq	ZHA8833A4	multi	16	9536
FLASH-seq	ZHA8833A4	multi	17	14793
FLASH-seq	ZHA8833A4	multi	18	5522
FLASH-seq	ZHA8833A4	multi	19	22656
FLASH-seq	ZHA8833A4	multi	20	38768
FLASH-seq	ZHA8833A4	single	1	18328513
FLASH-seq	ZHA8833A4	single	2	5387636
FLASH-seq	ZHA8833A4	single	3	334059
FLASH-seq	ZHA8833A4	single	4	19169
FLASH-seq	ZHA8833A4	single	5	542
FLASH-seq	ZHA8833A4	single	6	38
FLASH-seq	ZHA8833A4	single	7	6
FLASH-seq	ZHA8833A4	single	8	2
FLASH-seq	ZHA8833A4	single	9	14
FLASH-seq	ZHA8833A4	single	10	43
FLASH-seq	ZHA8833A4	single	12	2
FLASH-seq	ZHA8833A4	single	14	7
FLASH-seq	ZHA8833A4	single	15	41
FLASH-seq	ZHA8833A4	single	16	13
FLASH-seq	ZHA8833A4	single	17	13
FLASH-seq	ZHA8833A4	single	19	8
FLASH-seq	ZHA8833A4	single	20	1430
FLASH-seq	ZHA8833A5	multi	1	277831
FLASH-seq	ZHA8833A5	multi	2	826989
FLASH-seq	ZHA8833A5	multi	3	786646
FLASH-seq	ZHA8833A5	multi	4	503321
FLASH-seq	ZHA8833A5	multi	5	329200
FLASH-seq	ZHA8833A5	multi	6	181788
FLASH-seq	ZHA8833A5	multi	7	141092
FLASH-seq	ZHA8833A5	multi	8	72979
FLASH-seq	ZHA8833A5	multi	9	55151
FLASH-seq	ZHA8833A5	multi	10	63328
FLASH-seq	ZHA8833A5	multi	11	35635
FLASH-seq	ZHA8833A5	multi	12	30652
FLASH-seq	ZHA8833A5	multi	13	28646
FLASH-seq	ZHA8833A5	multi	14	16022
FLASH-seq	ZHA8833A5	multi	15	20642
FLASH-seq	ZHA8833A5	multi	16	9351
FLASH-seq	ZHA8833A5	multi	17	13964
FLASH-seq	ZHA8833A5	multi	18	5731
FLASH-seq	ZHA8833A5	multi	19	21784
FLASH-seq	ZHA8833A5	multi	20	37672
FLASH-seq	ZHA8833A6	multi	1	230481
FLASH-seq	ZHA8833A6	multi	2	693849
FLASH-seq	ZHA8833A6	multi	3	644850
FLASH-seq	ZHA8833A6	multi	4	409291
FLASH-seq	ZHA8833A6	multi	5	262793
FLASH-seq	ZHA8833A6	multi	6	147540
FLASH-seq	ZHA8833A6	multi	7	111820
FLASH-seq	ZHA8833A6	multi	8	58818
FLASH-seq	ZHA8833A6	multi	9	43320
FLASH-seq	ZHA8833A6	multi	10	50047
FLASH-seq	ZHA8833A6	multi	11	27658
FLASH-seq	ZHA8833A6	multi	12	24633
FLASH-seq	ZHA8833A6	multi	13	22696
FLASH-seq	ZHA8833A6	multi	14	12906
FLASH-seq	ZHA8833A6	multi	15	16009
FLASH-seq	ZHA8833A6	multi	16	7433
FLASH-seq	ZHA8833A6	multi	17	11291
FLASH-seq	ZHA8833A6	multi	18	4379
FLASH-seq	ZHA8833A6	multi	19	17034
FLASH-seq	ZHA8833A6	multi	20	29611
FLASH-seq	ZHA8833A6	single	1	14132422
FLASH-seq	ZHA8833A6	single	2	4075184
FLASH-seq	ZHA8833A6	single	3	247015
FLASH-seq	ZHA8833A6	single	4	15115
FLASH-seq	ZHA8833A6	single	5	682
FLASH-seq	ZHA8833A6	single	6	33
FLASH-seq	ZHA8833A6	single	7	5
FLASH-seq	ZHA8833A6	single	9	43
FLASH-seq	ZHA8833A6	single	10	33
FLASH-seq	ZHA8833A6	single	12	3
FLASH-seq	ZHA8833A6	single	13	1
FLASH-seq	ZHA8833A6	single	14	15
FLASH-seq	ZHA8833A6	single	15	94
FLASH-seq	ZHA8833A6	single	16	18
FLASH-seq	ZHA8833A6	single	17	16
FLASH-seq	ZHA8833A6	single	19	7
FLASH-seq	ZHA8833A6	single	20	1339
FLASH-seq	ZHA8833A7	multi	1	222192
FLASH-seq	ZHA8833A7	multi	2	680356
FLASH-seq	ZHA8833A7	multi	3	616873
FLASH-seq	ZHA8833A7	multi	4	394538
FLASH-seq	ZHA8833A7	multi	5	244366
FLASH-seq	ZHA8833A7	multi	6	137238
FLASH-seq	ZHA8833A7	multi	7	103149
FLASH-seq	ZHA8833A7	multi	8	53319
FLASH-seq	ZHA8833A7	multi	9	40065
FLASH-seq	ZHA8833A7	multi	10	46326
FLASH-seq	ZHA8833A7	multi	11	25100
FLASH-seq	ZHA8833A7	multi	12	22041
FLASH-seq	ZHA8833A7	multi	13	20451
FLASH-seq	ZHA8833A7	multi	14	11382
FLASH-seq	ZHA8833A7	multi	15	14525
FLASH-seq	ZHA8833A7	multi	16	6458
FLASH-seq	ZHA8833A7	multi	17	10771
FLASH-seq	ZHA8833A7	multi	18	3680
FLASH-seq	ZHA8833A7	multi	19	16580
FLASH-seq	ZHA8833A7	multi	20	25830
FLASH-seq	ZHA8833A7	single	1	13826617
FLASH-seq	ZHA8833A7	single	2	3994367
FLASH-seq	ZHA8833A7	single	3	244581
FLASH-seq	ZHA8833A7	single	4	13170
FLASH-seq	ZHA8833A7	single	5	783
FLASH-seq	ZHA8833A7	single	6	29
FLASH-seq	ZHA8833A7	single	15	1
FLASH-seq	ZHA8833A7	single	19	5
FLASH-seq	ZHA8833A7	single	20	1689
FLASH-seq	ZHA8833A8	multi	1	233205
FLASH-seq	ZHA8833A8	multi	2	908941
FLASH-seq	ZHA8833A8	multi	3	927204
FLASH-seq	ZHA8833A8	multi	4	558404
FLASH-seq	ZHA8833A8	multi	5	410138
FLASH-seq	ZHA8833A8	multi	6	205464
FLASH-seq	ZHA8833A8	multi	7	172808
FLASH-seq	ZHA8833A8	multi	8	78874
FLASH-seq	ZHA8833A8	multi	9	61077
FLASH-seq	ZHA8833A8	multi	10	72844
FLASH-seq	ZHA8833A8	multi	11	39678
FLASH-seq	ZHA8833A8	multi	12	35472
FLASH-seq	ZHA8833A8	multi	13	37261
FLASH-seq	ZHA8833A8	multi	14	20001
FLASH-seq	ZHA8833A8	multi	15	26016
FLASH-seq	ZHA8833A8	multi	16	10560
FLASH-seq	ZHA8833A8	multi	17	18070
FLASH-seq	ZHA8833A8	multi	18	6576
FLASH-seq	ZHA8833A8	multi	19	32866
FLASH-seq	ZHA8833A8	multi	20	47095
FLASH-seq	ZHA8833A8	single	1	14486741
FLASH-seq	ZHA8833A8	single	2	4529112
FLASH-seq	ZHA8833A8	single	3	306258
FLASH-seq	ZHA8833A8	single	4	17721
FLASH-seq	ZHA8833A8	single	5	615
FLASH-seq	ZHA8833A8	single	6	8
FLASH-seq	ZHA8833A8	single	7	1
FLASH-seq	ZHA8833A8	single	12	4
FLASH-seq	ZHA8833A8	single	15	8
FLASH-seq	ZHA8833A8	single	20	405
FLASH-seq	ZHA8833A9	multi	1	270325
FLASH-seq	ZHA8833A9	multi	2	788441
FLASH-seq	ZHA8833A9	multi	3	842953
FLASH-seq	ZHA8833A9	multi	4	551461
FLASH-seq	ZHA8833A9	multi	5	378303
FLASH-seq	ZHA8833A9	multi	6	195055
FLASH-seq	ZHA8833A9	multi	7	161330
FLASH-seq	ZHA8833A9	multi	8	80511
FLASH-seq	ZHA8833A9	multi	9	59997
FLASH-seq	ZHA8833A9	multi	10	72189
FLASH-seq	ZHA8833A9	multi	11	40497
FLASH-seq	ZHA8833A9	multi	12	35998
FLASH-seq	ZHA8833A9	multi	13	35969
FLASH-seq	ZHA8833A9	multi	14	19282
FLASH-seq	ZHA8833A9	multi	15	25584
FLASH-seq	ZHA8833A9	multi	16	10275
FLASH-seq	ZHA8833A9	multi	17	18826
FLASH-seq	ZHA8833A9	multi	18	6772
FLASH-seq	ZHA8833A9	multi	19	31445
FLASH-seq	ZHA8833A9	multi	20	49165
FLASH-seq	ZHA8833A9	single	1	18266489
FLASH-seq	ZHA8833A9	single	2	5527245
FLASH-seq	ZHA8833A9	single	3	325153
FLASH-seq	ZHA8833A9	single	4	20285
FLASH-seq	ZHA8833A9	single	5	772
FLASH-seq	ZHA8833A9	single	6	18
FLASH-seq	ZHA8833A9	single	7	1
FLASH-seq	ZHA8833A9	single	10	244
FLASH-seq	ZHA8833A9	single	15	56
FLASH-seq	ZHA8833A9	single	16	5
FLASH-seq	ZHA8833A9	single	19	67
FLASH-seq	ZHA8833A9	single	20	292
VASA own, 130 nt	001	multi	1	15278
VASA own, 130 nt	001	multi	2	10409
VASA own, 130 nt	001	multi	3	5906
VASA own, 130 nt	001	multi	4	2934
VASA own, 130 nt	001	multi	5	3222
VASA own, 130 nt	001	multi	6	2166
VASA own, 130 nt	001	multi	7	1440
VASA own, 130 nt	001	multi	8	498
VASA own, 130 nt	001	multi	9	755
VASA own, 130 nt	001	multi	10	165
VASA own, 130 nt	001	multi	11	144
VASA own, 130 nt	001	multi	12	377
VASA own, 130 nt	001	multi	13	108
VASA own, 130 nt	001	multi	14	17
VASA own, 130 nt	001	multi	15	148
VASA own, 130 nt	001	multi	16	11
VASA own, 130 nt	001	multi	17	36
VASA own, 130 nt	001	multi	18	11
VASA own, 130 nt	001	multi	19	3
VASA own, 130 nt	001	multi	20	20
VASA own, 130 nt	001	single	1	37427
VASA own, 130 nt	001	single	2	2541
VASA own, 130 nt	001	single	3	242
VASA own, 130 nt	001	single	4	31
VASA own, 130 nt	001	single	17	1
VASA own, 130 nt	001	single	20	7
VASA own, 130 nt	002	multi	1	55020
VASA own, 130 nt	002	multi	2	280860
VASA own, 130 nt	002	multi	3	79656
VASA own, 130 nt	002	multi	4	39656
VASA own, 130 nt	002	multi	5	46146
VASA own, 130 nt	002	multi	6	20808
VASA own, 130 nt	002	multi	7	32890
VASA own, 130 nt	002	multi	8	8649
VASA own, 130 nt	002	multi	9	17989
VASA own, 130 nt	002	multi	10	1538
VASA own, 130 nt	002	multi	11	1075
VASA own, 130 nt	002	multi	12	10046
VASA own, 130 nt	002	multi	13	2848
VASA own, 130 nt	002	multi	14	552
VASA own, 130 nt	002	multi	15	3609
VASA own, 130 nt	002	multi	16	266
VASA own, 130 nt	002	multi	17	529
VASA own, 130 nt	002	multi	18	158
VASA own, 130 nt	002	multi	19	131
VASA own, 130 nt	002	multi	20	418
VASA own, 130 nt	002	single	1	810822
VASA own, 130 nt	002	single	2	66774
VASA own, 130 nt	002	single	3	6070
VASA own, 130 nt	002	single	4	585
VASA own, 130 nt	002	single	5	2
VASA own, 130 nt	002	single	6	3
VASA own, 130 nt	002	single	7	1
VASA own, 130 nt	002	single	8	2
VASA own, 130 nt	002	single	9	1
VASA own, 130 nt	002	single	13	1
VASA own, 130 nt	002	single	14	1
VASA own, 130 nt	002	single	15	6
VASA own, 130 nt	002	single	16	3
VASA own, 130 nt	002	single	17	3
VASA own, 130 nt	002	single	18	3
VASA own, 130 nt	002	single	20	93
VASA own, 130 nt	003	multi	1	97780
VASA own, 130 nt	003	multi	2	236669
VASA own, 130 nt	003	multi	3	190164
VASA own, 130 nt	003	multi	4	73913
VASA own, 130 nt	003	multi	5	129499
VASA own, 130 nt	003	multi	6	45072
VASA own, 130 nt	003	multi	7	92060
VASA own, 130 nt	003	multi	8	19725
VASA own, 130 nt	003	multi	9	56002
VASA own, 130 nt	003	multi	10	3955
VASA own, 130 nt	003	multi	11	2641
VASA own, 130 nt	003	multi	12	20629
VASA own, 130 nt	003	multi	13	6648
VASA own, 130 nt	003	multi	14	1171
VASA own, 130 nt	003	multi	15	6431
VASA own, 130 nt	003	multi	16	551
VASA own, 130 nt	003	multi	17	989
VASA own, 130 nt	003	multi	18	356
VASA own, 130 nt	003	multi	19	264
VASA own, 130 nt	003	multi	20	1002
VASA own, 130 nt	003	single	1	1569527
VASA own, 130 nt	003	single	2	175485
VASA own, 130 nt	003	single	3	14426
VASA own, 130 nt	003	single	4	2285
VASA own, 130 nt	003	single	5	4
VASA own, 130 nt	003	single	6	1
VASA own, 130 nt	003	single	7	6
VASA own, 130 nt	003	single	8	9
VASA own, 130 nt	003	single	9	8
VASA own, 130 nt	003	single	11	2
VASA own, 130 nt	003	single	13	4
VASA own, 130 nt	003	single	15	6
VASA own, 130 nt	003	single	16	3
VASA own, 130 nt	003	single	17	2
VASA own, 130 nt	003	single	18	2
VASA own, 130 nt	003	single	19	12
VASA own, 130 nt	003	single	20	123
VASA own, 130 nt	004	multi	1	95314
VASA own, 130 nt	004	multi	2	244533
VASA own, 130 nt	004	multi	3	113245
VASA own, 130 nt	004	multi	4	54974
VASA own, 130 nt	004	multi	5	71096
VASA own, 130 nt	004	multi	6	39410
VASA own, 130 nt	004	multi	7	49850
VASA own, 130 nt	004	multi	8	15343
VASA own, 130 nt	004	multi	9	24799
VASA own, 130 nt	004	multi	10	2476
VASA own, 130 nt	004	multi	11	1554
VASA own, 130 nt	004	multi	12	19659
VASA own, 130 nt	004	multi	13	4827
VASA own, 130 nt	004	multi	14	800
VASA own, 130 nt	004	multi	15	5806
VASA own, 130 nt	004	multi	16	494
VASA own, 130 nt	004	multi	17	788
VASA own, 130 nt	004	multi	18	253
VASA own, 130 nt	004	multi	19	228
VASA own, 130 nt	004	multi	20	734
VASA own, 130 nt	004	single	1	1110988
VASA own, 130 nt	004	single	2	92344
VASA own, 130 nt	004	single	3	7875
VASA own, 130 nt	004	single	4	959
VASA own, 130 nt	004	single	5	12
VASA own, 130 nt	004	single	8	4
VASA own, 130 nt	004	single	14	4
VASA own, 130 nt	004	single	15	13
VASA own, 130 nt	004	single	16	3
VASA own, 130 nt	004	single	17	1
VASA own, 130 nt	004	single	18	2
VASA own, 130 nt	004	single	19	4
VASA own, 130 nt	004	single	20	146
VASA own, 130 nt	005	multi	1	61465
VASA own, 130 nt	005	multi	2	285366
VASA own, 130 nt	005	multi	3	99320
VASA own, 130 nt	005	multi	4	47120
VASA own, 130 nt	005	multi	5	63138
VASA own, 130 nt	005	multi	6	28162
VASA own, 130 nt	005	multi	7	44378
VASA own, 130 nt	005	multi	8	11977
VASA own, 130 nt	005	multi	9	21100
VASA own, 130 nt	005	multi	10	2090
VASA own, 130 nt	005	multi	11	1343
VASA own, 130 nt	005	multi	12	14093
VASA own, 130 nt	005	multi	13	3555
VASA own, 130 nt	005	multi	14	726
VASA own, 130 nt	005	multi	15	4661
VASA own, 130 nt	005	multi	16	392
VASA own, 130 nt	005	multi	17	705
VASA own, 130 nt	005	multi	18	190
VASA own, 130 nt	005	multi	19	210
VASA own, 130 nt	005	multi	20	580
VASA own, 130 nt	005	single	1	973521
VASA own, 130 nt	005	single	2	84140
VASA own, 130 nt	005	single	3	7042
VASA own, 130 nt	005	single	4	752
VASA own, 130 nt	005	single	5	4
VASA own, 130 nt	005	single	6	4
VASA own, 130 nt	005	single	7	4
VASA own, 130 nt	005	single	8	2
VASA own, 130 nt	005	single	9	2
VASA own, 130 nt	005	single	10	1
VASA own, 130 nt	005	single	11	2
VASA own, 130 nt	005	single	13	5
VASA own, 130 nt	005	single	14	3
VASA own, 130 nt	005	single	15	9
VASA own, 130 nt	005	single	16	2
VASA own, 130 nt	005	single	17	3
VASA own, 130 nt	005	single	18	4
VASA own, 130 nt	005	single	19	5
VASA own, 130 nt	005	single	20	85
VASA own, 130 nt	006	multi	1	105946
VASA own, 130 nt	006	multi	2	373979
VASA own, 130 nt	006	multi	3	131939
VASA own, 130 nt	006	multi	4	67015
VASA own, 130 nt	006	multi	5	82800
VASA own, 130 nt	006	multi	6	31014
VASA own, 130 nt	006	multi	7	59629
VASA own, 130 nt	006	multi	8	16421
VASA own, 130 nt	006	multi	9	22356
VASA own, 130 nt	006	multi	10	2926
VASA own, 130 nt	006	multi	11	2584
VASA own, 130 nt	006	multi	12	16067
VASA own, 130 nt	006	multi	13	4276
VASA own, 130 nt	006	multi	14	1070
VASA own, 130 nt	006	multi	15	5845
VASA own, 130 nt	006	multi	16	634
VASA own, 130 nt	006	multi	17	1576
VASA own, 130 nt	006	multi	18	283
VASA own, 130 nt	006	multi	19	396
VASA own, 130 nt	006	multi	20	999
VASA own, 130 nt	006	single	1	1535942
VASA own, 130 nt	006	single	2	110023
VASA own, 130 nt	006	single	3	7203
VASA own, 130 nt	006	single	4	927
VASA own, 130 nt	006	single	5	4
VASA own, 130 nt	006	single	6	6
VASA own, 130 nt	006	single	8	2
VASA own, 130 nt	006	single	9	1
VASA own, 130 nt	006	single	12	8
VASA own, 130 nt	006	single	13	6
VASA own, 130 nt	006	single	14	4
VASA own, 130 nt	006	single	15	9
VASA own, 130 nt	006	single	16	14
VASA own, 130 nt	006	single	17	2
VASA own, 130 nt	006	single	18	2
VASA own, 130 nt	006	single	19	1
VASA own, 130 nt	006	single	20	107
VASA own, 130 nt	007	multi	1	205997
VASA own, 130 nt	007	multi	2	536022
VASA own, 130 nt	007	multi	3	318867
VASA own, 130 nt	007	multi	4	139247
VASA own, 130 nt	007	multi	5	202840
VASA own, 130 nt	007	multi	6	95481
VASA own, 130 nt	007	multi	7	147486
VASA own, 130 nt	007	multi	8	41427
VASA own, 130 nt	007	multi	9	69519
VASA own, 130 nt	007	multi	10	6103
VASA own, 130 nt	007	multi	11	4686
VASA own, 130 nt	007	multi	12	52196
VASA own, 130 nt	007	multi	13	12598
VASA own, 130 nt	007	multi	14	2067
VASA own, 130 nt	007	multi	15	11990
VASA own, 130 nt	007	multi	16	1128
VASA own, 130 nt	007	multi	17	1548
VASA own, 130 nt	007	multi	18	594
VASA own, 130 nt	007	multi	19	766
VASA own, 130 nt	007	multi	20	1727
VASA own, 130 nt	007	single	1	3460129
VASA own, 130 nt	007	single	2	272001
VASA own, 130 nt	007	single	3	20510
VASA own, 130 nt	007	single	4	2886
VASA own, 130 nt	007	single	5	26
VASA own, 130 nt	007	single	6	17
VASA own, 130 nt	007	single	7	13
VASA own, 130 nt	007	single	8	1
VASA own, 130 nt	007	single	9	3
VASA own, 130 nt	007	single	10	2
VASA own, 130 nt	007	single	11	1
VASA own, 130 nt	007	single	13	2
VASA own, 130 nt	007	single	14	5
VASA own, 130 nt	007	single	15	33
VASA own, 130 nt	007	single	16	18
VASA own, 130 nt	007	single	17	2
VASA own, 130 nt	007	single	18	9
VASA own, 130 nt	007	single	19	10
VASA own, 130 nt	007	single	20	228
VASA own, 130 nt	008	multi	1	135738
VASA own, 130 nt	008	multi	2	484659
VASA own, 130 nt	008	multi	3	164292
VASA own, 130 nt	008	multi	4	81286
VASA own, 130 nt	008	multi	5	97336
VASA own, 130 nt	008	multi	6	51752
VASA own, 130 nt	008	multi	7	60801
VASA own, 130 nt	008	multi	8	24414
VASA own, 130 nt	008	multi	9	37197
VASA own, 130 nt	008	multi	10	3874
VASA own, 130 nt	008	multi	11	3067
VASA own, 130 nt	008	multi	12	38495
VASA own, 130 nt	008	multi	13	7898
VASA own, 130 nt	008	multi	14	1253
VASA own, 130 nt	008	multi	15	10406
VASA own, 130 nt	008	multi	16	754
VASA own, 130 nt	008	multi	17	1324
VASA own, 130 nt	008	multi	18	368
VASA own, 130 nt	008	multi	19	462
VASA own, 130 nt	008	multi	20	1082
VASA own, 130 nt	008	single	1	1919563
VASA own, 130 nt	008	single	2	137130
VASA own, 130 nt	008	single	3	11556
VASA own, 130 nt	008	single	4	1239
VASA own, 130 nt	008	single	5	18
VASA own, 130 nt	008	single	6	5
VASA own, 130 nt	008	single	8	9
VASA own, 130 nt	008	single	9	6
VASA own, 130 nt	008	single	10	4
VASA own, 130 nt	008	single	11	2
VASA own, 130 nt	008	single	12	21
VASA own, 130 nt	008	single	13	4
VASA own, 130 nt	008	single	14	7
VASA own, 130 nt	008	single	15	16
VASA own, 130 nt	008	single	16	7
VASA own, 130 nt	008	single	17	22
VASA own, 130 nt	008	single	18	2
VASA own, 130 nt	008	single	19	4
VASA own, 130 nt	008	single	20	123
VASA own, 130 nt	009	multi	1	156074
VASA own, 130 nt	009	multi	2	460624
VASA own, 130 nt	009	multi	3	235230
VASA own, 130 nt	009	multi	4	105178
VASA own, 130 nt	009	multi	5	143185
VASA own, 130 nt	009	multi	6	55077
VASA own, 130 nt	009	multi	7	101131
VASA own, 130 nt	009	multi	8	25947
VASA own, 130 nt	009	multi	9	38118
VASA own, 130 nt	009	multi	10	5039
VASA own, 130 nt	009	multi	11	3643
VASA own, 130 nt	009	multi	12	27514
VASA own, 130 nt	009	multi	13	6795
VASA own, 130 nt	009	multi	14	1726
VASA own, 130 nt	009	multi	15	8228
VASA own, 130 nt	009	multi	16	1005
VASA own, 130 nt	009	multi	17	1783
VASA own, 130 nt	009	multi	18	492
VASA own, 130 nt	009	multi	19	595
VASA own, 130 nt	009	multi	20	1770
VASA own, 130 nt	009	single	1	2706370
VASA own, 130 nt	009	single	2	193461
VASA own, 130 nt	009	single	3	13872
VASA own, 130 nt	009	single	4	1731
VASA own, 130 nt	009	single	5	20
VASA own, 130 nt	009	single	6	10
VASA own, 130 nt	009	single	7	5
VASA own, 130 nt	009	single	8	7
VASA own, 130 nt	009	single	9	2
VASA own, 130 nt	009	single	12	5
VASA own, 130 nt	009	single	13	1
VASA own, 130 nt	009	single	14	2
VASA own, 130 nt	009	single	15	35
VASA own, 130 nt	009	single	16	15
VASA own, 130 nt	009	single	17	31
VASA own, 130 nt	009	single	18	5
VASA own, 130 nt	009	single	19	7
VASA own, 130 nt	009	single	20	160
VASA own, 130 nt	010	multi	1	268089
VASA own, 130 nt	010	multi	2	785236
VASA own, 130 nt	010	multi	3	509486
VASA own, 130 nt	010	multi	4	229330
VASA own, 130 nt	010	multi	5	271011
VASA own, 130 nt	010	multi	6	196225
VASA own, 130 nt	010	multi	7	205478
VASA own, 130 nt	010	multi	8	103683
VASA own, 130 nt	010	multi	9	139669
VASA own, 130 nt	010	multi	10	9441
VASA own, 130 nt	010	multi	11	7363
VASA own, 130 nt	010	multi	12	146834
VASA own, 130 nt	010	multi	13	34636
VASA own, 130 nt	010	multi	14	2984
VASA own, 130 nt	010	multi	15	32744
VASA own, 130 nt	010	multi	16	1764
VASA own, 130 nt	010	multi	17	2072
VASA own, 130 nt	010	multi	18	960
VASA own, 130 nt	010	multi	19	757
VASA own, 130 nt	010	multi	20	2538
VASA own, 130 nt	010	single	1	5175941
VASA own, 130 nt	010	single	2	420430
VASA own, 130 nt	010	single	3	39140
VASA own, 130 nt	010	single	4	6317
VASA own, 130 nt	010	single	5	44
VASA own, 130 nt	010	single	6	20
VASA own, 130 nt	010	single	7	7
VASA own, 130 nt	010	single	8	42
VASA own, 130 nt	010	single	9	13
VASA own, 130 nt	010	single	10	26
VASA own, 130 nt	010	single	11	2
VASA own, 130 nt	010	single	13	7
VASA own, 130 nt	010	single	14	17
VASA own, 130 nt	010	single	15	39
VASA own, 130 nt	010	single	16	35
VASA own, 130 nt	010	single	17	19
VASA own, 130 nt	010	single	18	13
VASA own, 130 nt	010	single	19	63
VASA own, 130 nt	010	single	20	670
VASA own, 130 nt	011	multi	1	255543
VASA own, 130 nt	011	multi	2	721814
VASA own, 130 nt	011	multi	3	549481
VASA own, 130 nt	011	multi	4	237782
VASA own, 130 nt	011	multi	5	274694
VASA own, 130 nt	011	multi	6	214537
VASA own, 130 nt	011	multi	7	216919
VASA own, 130 nt	011	multi	8	111942
VASA own, 130 nt	011	multi	9	190328
VASA own, 130 nt	011	multi	10	10052
VASA own, 130 nt	011	multi	11	8373
VASA own, 130 nt	011	multi	12	150613
VASA own, 130 nt	011	multi	13	43650
VASA own, 130 nt	011	multi	14	2973
VASA own, 130 nt	011	multi	15	30652
VASA own, 130 nt	011	multi	16	1846
VASA own, 130 nt	011	multi	17	2130
VASA own, 130 nt	011	multi	18	933
VASA own, 130 nt	011	multi	19	738
VASA own, 130 nt	011	multi	20	2343
VASA own, 130 nt	011	single	1	5150187
VASA own, 130 nt	011	single	2	451372
VASA own, 130 nt	011	single	3	51350
VASA own, 130 nt	011	single	4	8752
VASA own, 130 nt	011	single	5	34
VASA own, 130 nt	011	single	6	34
VASA own, 130 nt	011	single	7	12
VASA own, 130 nt	011	single	8	12
VASA own, 130 nt	011	single	9	6
VASA own, 130 nt	011	single	10	20
VASA own, 130 nt	011	single	11	1
VASA own, 130 nt	011	single	12	5
VASA own, 130 nt	011	single	13	21
VASA own, 130 nt	011	single	14	9
VASA own, 130 nt	011	single	15	83
VASA own, 130 nt	011	single	16	14
VASA own, 130 nt	011	single	17	18
VASA own, 130 nt	011	single	18	9
VASA own, 130 nt	011	single	19	42
VASA own, 130 nt	011	single	20	640
VASA own, 130 nt	012	multi	1	214845
VASA own, 130 nt	012	multi	2	608517
VASA own, 130 nt	012	multi	3	431174
VASA own, 130 nt	012	multi	4	179677
VASA own, 130 nt	012	multi	5	246399
VASA own, 130 nt	012	multi	6	162300
VASA own, 130 nt	012	multi	7	185940
VASA own, 130 nt	012	multi	8	64923
VASA own, 130 nt	012	multi	9	112231
VASA own, 130 nt	012	multi	10	7834
VASA own, 130 nt	012	multi	11	6299
VASA own, 130 nt	012	multi	12	126918
VASA own, 130 nt	012	multi	13	24657
VASA own, 130 nt	012	multi	14	2606
VASA own, 130 nt	012	multi	15	26067
VASA own, 130 nt	012	multi	16	1735
VASA own, 130 nt	012	multi	17	2288
VASA own, 130 nt	012	multi	18	993
VASA own, 130 nt	012	multi	19	755
VASA own, 130 nt	012	multi	20	2253
VASA own, 130 nt	012	single	1	4248388
VASA own, 130 nt	012	single	2	361175
VASA own, 130 nt	012	single	3	31338
VASA own, 130 nt	012	single	4	5061
VASA own, 130 nt	012	single	5	47
VASA own, 130 nt	012	single	6	24
VASA own, 130 nt	012	single	7	2
VASA own, 130 nt	012	single	8	11
VASA own, 130 nt	012	single	9	18
VASA own, 130 nt	012	single	11	12
VASA own, 130 nt	012	single	12	7
VASA own, 130 nt	012	single	13	11
VASA own, 130 nt	012	single	14	9
VASA own, 130 nt	012	single	15	26
VASA own, 130 nt	012	single	16	15
VASA own, 130 nt	012	single	17	16
VASA own, 130 nt	012	single	18	15
VASA own, 130 nt	012	single	19	35
VASA own, 130 nt	012	single	20	472
VASA own, 130 nt	013	multi	1	199797
VASA own, 130 nt	013	multi	2	729666
VASA own, 130 nt	013	multi	3	401107
VASA own, 130 nt	013	multi	4	180936
VASA own, 130 nt	013	multi	5	220344
VASA own, 130 nt	013	multi	6	170214
VASA own, 130 nt	013	multi	7	165415
VASA own, 130 nt	013	multi	8	97253
VASA own, 130 nt	013	multi	9	150347
VASA own, 130 nt	013	multi	10	7539
VASA own, 130 nt	013	multi	11	6092
VASA own, 130 nt	013	multi	12	120064
VASA own, 130 nt	013	multi	13	32292
VASA own, 130 nt	013	multi	14	2275
VASA own, 130 nt	013	multi	15	26631
VASA own, 130 nt	013	multi	16	1381
VASA own, 130 nt	013	multi	17	1583
VASA own, 130 nt	013	multi	18	719
VASA own, 130 nt	013	multi	19	565
VASA own, 130 nt	013	multi	20	1846
VASA own, 130 nt	013	single	1	3587599
VASA own, 130 nt	013	single	2	310192
VASA own, 130 nt	013	single	3	35228
VASA own, 130 nt	013	single	4	4328
VASA own, 130 nt	013	single	5	43
VASA own, 130 nt	013	single	6	18
VASA own, 130 nt	013	single	7	3
VASA own, 130 nt	013	single	8	29
VASA own, 130 nt	013	single	9	12
VASA own, 130 nt	013	single	10	1
VASA own, 130 nt	013	single	12	2
VASA own, 130 nt	013	single	13	7
VASA own, 130 nt	013	single	14	12
VASA own, 130 nt	013	single	15	18
VASA own, 130 nt	013	single	16	7
VASA own, 130 nt	013	single	17	29
VASA own, 130 nt	013	single	18	12
VASA own, 130 nt	013	single	19	27
VASA own, 130 nt	013	single	20	439
VASA own, 130 nt	014	multi	1	21795
VASA own, 130 nt	014	multi	2	13067
VASA own, 130 nt	014	multi	3	7613
VASA own, 130 nt	014	multi	4	3282
VASA own, 130 nt	014	multi	5	2612
VASA own, 130 nt	014	multi	6	1362
VASA own, 130 nt	014	multi	7	979
VASA own, 130 nt	014	multi	8	447
VASA own, 130 nt	014	multi	9	439
VASA own, 130 nt	014	multi	10	132
VASA own, 130 nt	014	multi	11	61
VASA own, 130 nt	014	multi	12	230
VASA own, 130 nt	014	multi	13	134
VASA own, 130 nt	014	multi	14	12
VASA own, 130 nt	014	multi	15	68
VASA own, 130 nt	014	multi	16	11
VASA own, 130 nt	014	multi	17	2
VASA own, 130 nt	014	multi	18	6
VASA own, 130 nt	014	multi	19	4
VASA own, 130 nt	014	multi	20	11
VASA own, 130 nt	014	single	1	28008
VASA own, 130 nt	014	single	2	1740
VASA own, 130 nt	014	single	3	112
VASA own, 130 nt	014	single	4	33
VASA own, 130 nt	014	single	15	1
VASA own, 130 nt	014	single	20	6
VASA own, 130 nt	015	multi	1	25659
VASA own, 130 nt	015	multi	2	16887
VASA own, 130 nt	015	multi	3	8896
VASA own, 130 nt	015	multi	4	3993
VASA own, 130 nt	015	multi	5	3439
VASA own, 130 nt	015	multi	6	1655
VASA own, 130 nt	015	multi	7	1672
VASA own, 130 nt	015	multi	8	742
VASA own, 130 nt	015	multi	9	786
VASA own, 130 nt	015	multi	10	174
VASA own, 130 nt	015	multi	11	58
VASA own, 130 nt	015	multi	12	425
VASA own, 130 nt	015	multi	13	118
VASA own, 130 nt	015	multi	14	29
VASA own, 130 nt	015	multi	15	153
VASA own, 130 nt	015	multi	16	17
VASA own, 130 nt	015	multi	17	28
VASA own, 130 nt	015	multi	18	9
VASA own, 130 nt	015	multi	19	3
VASA own, 130 nt	015	multi	20	12
VASA own, 130 nt	015	single	1	47564
VASA own, 130 nt	015	single	2	2863
VASA own, 130 nt	015	single	3	189
VASA own, 130 nt	015	single	4	41
VASA own, 130 nt	015	single	15	1
VASA own, 130 nt	015	single	19	1
VASA own, 130 nt	015	single	20	6
VASA own, 130 nt	016	multi	1	13618
VASA own, 130 nt	016	multi	2	8086
VASA own, 130 nt	016	multi	3	3788
VASA own, 130 nt	016	multi	4	1646
VASA own, 130 nt	016	multi	5	1333
VASA own, 130 nt	016	multi	6	976
VASA own, 130 nt	016	multi	7	580
VASA own, 130 nt	016	multi	8	298
VASA own, 130 nt	016	multi	9	290
VASA own, 130 nt	016	multi	10	52
VASA own, 130 nt	016	multi	11	55
VASA own, 130 nt	016	multi	12	97
VASA own, 130 nt	016	multi	13	22
VASA own, 130 nt	016	multi	14	7
VASA own, 130 nt	016	multi	15	51
VASA own, 130 nt	016	multi	16	4
VASA own, 130 nt	016	multi	17	4
VASA own, 130 nt	016	multi	18	2
VASA own, 130 nt	016	multi	20	9
VASA own, 130 nt	016	single	1	17209
VASA own, 130 nt	016	single	2	1000
VASA own, 130 nt	016	single	3	76
VASA own, 130 nt	016	single	4	17
VASA own, 130 nt	016	single	14	1
VASA own, 130 nt	016	single	20	2
VASA own, 75 nt	001	multi	1	18181
VASA own, 75 nt	001	multi	2	12202
VASA own, 75 nt	001	multi	3	5610
VASA own, 75 nt	001	multi	4	3403
VASA own, 75 nt	001	multi	5	4456
VASA own, 75 nt	001	multi	6	1972
VASA own, 75 nt	001	multi	7	1987
VASA own, 75 nt	001	multi	8	491
VASA own, 75 nt	001	multi	9	805
VASA own, 75 nt	001	multi	10	434
VASA own, 75 nt	001	multi	11	226
VASA own, 75 nt	001	multi	12	387
VASA own, 75 nt	001	multi	13	279
VASA own, 75 nt	001	multi	14	100
VASA own, 75 nt	001	multi	15	171
VASA own, 75 nt	001	multi	16	22
VASA own, 75 nt	001	multi	17	31
VASA own, 75 nt	001	multi	18	19
VASA own, 75 nt	001	multi	19	10
VASA own, 75 nt	001	multi	20	55
VASA own, 75 nt	001	single	1	37268
VASA own, 75 nt	001	single	2	2495
VASA own, 75 nt	001	single	3	248
VASA own, 75 nt	001	single	4	11
VASA own, 75 nt	001	single	17	1
VASA own, 75 nt	001	single	20	7
VASA own, 75 nt	002	multi	1	71652
VASA own, 75 nt	002	multi	2	302306
VASA own, 75 nt	002	multi	3	52832
VASA own, 75 nt	002	multi	4	49195
VASA own, 75 nt	002	multi	5	77429
VASA own, 75 nt	002	multi	6	11625
VASA own, 75 nt	002	multi	7	47867
VASA own, 75 nt	002	multi	8	6167
VASA own, 75 nt	002	multi	9	19230
VASA own, 75 nt	002	multi	10	10590
VASA own, 75 nt	002	multi	11	3180
VASA own, 75 nt	002	multi	12	10363
VASA own, 75 nt	002	multi	13	9288
VASA own, 75 nt	002	multi	14	1841
VASA own, 75 nt	002	multi	15	4393
VASA own, 75 nt	002	multi	16	693
VASA own, 75 nt	002	multi	17	707
VASA own, 75 nt	002	multi	18	547
VASA own, 75 nt	002	multi	19	265
VASA own, 75 nt	002	multi	20	1601
VASA own, 75 nt	002	single	1	761299
VASA own, 75 nt	002	single	2	62668
VASA own, 75 nt	002	single	3	5835
VASA own, 75 nt	002	single	4	298
VASA own, 75 nt	002	single	5	2
VASA own, 75 nt	002	single	6	2
VASA own, 75 nt	002	single	7	1
VASA own, 75 nt	002	single	8	2
VASA own, 75 nt	002	single	9	1
VASA own, 75 nt	002	single	13	1
VASA own, 75 nt	002	single	14	1
VASA own, 75 nt	002	single	15	7
VASA own, 75 nt	002	single	16	4
VASA own, 75 nt	002	single	17	3
VASA own, 75 nt	002	single	18	4
VASA own, 75 nt	002	single	20	91
VASA own, 75 nt	003	multi	1	112611
VASA own, 75 nt	003	multi	2	267582
VASA own, 75 nt	003	multi	3	88409
VASA own, 75 nt	003	multi	4	93827
VASA own, 75 nt	003	multi	5	222718
VASA own, 75 nt	003	multi	6	27534
VASA own, 75 nt	003	multi	7	128774
VASA own, 75 nt	003	multi	8	13749
VASA own, 75 nt	003	multi	9	58099
VASA own, 75 nt	003	multi	10	30691
VASA own, 75 nt	003	multi	11	7262
VASA own, 75 nt	003	multi	12	21435
VASA own, 75 nt	003	multi	13	20955
VASA own, 75 nt	003	multi	14	5102
VASA own, 75 nt	003	multi	15	8614
VASA own, 75 nt	003	multi	16	1239
VASA own, 75 nt	003	multi	17	1188
VASA own, 75 nt	003	multi	18	1049
VASA own, 75 nt	003	multi	19	563
VASA own, 75 nt	003	multi	20	3571
VASA own, 75 nt	003	single	1	1468485
VASA own, 75 nt	003	single	2	166411
VASA own, 75 nt	003	single	3	14984
VASA own, 75 nt	003	single	4	761
VASA own, 75 nt	003	single	5	2
VASA own, 75 nt	003	single	6	1
VASA own, 75 nt	003	single	7	6
VASA own, 75 nt	003	single	8	9
VASA own, 75 nt	003	single	9	8
VASA own, 75 nt	003	single	13	4
VASA own, 75 nt	003	single	15	6
VASA own, 75 nt	003	single	16	3
VASA own, 75 nt	003	single	17	2
VASA own, 75 nt	003	single	18	2
VASA own, 75 nt	003	single	19	12
VASA own, 75 nt	003	single	20	123
VASA own, 75 nt	004	multi	1	116292
VASA own, 75 nt	004	multi	2	269500
VASA own, 75 nt	004	multi	3	72732
VASA own, 75 nt	004	multi	4	66205
VASA own, 75 nt	004	multi	5	114937
VASA own, 75 nt	004	multi	6	19766
VASA own, 75 nt	004	multi	7	76228
VASA own, 75 nt	004	multi	8	10630
VASA own, 75 nt	004	multi	9	27722
VASA own, 75 nt	004	multi	10	18973
VASA own, 75 nt	004	multi	11	5776
VASA own, 75 nt	004	multi	12	20107
VASA own, 75 nt	004	multi	13	16478
VASA own, 75 nt	004	multi	14	3126
VASA own, 75 nt	004	multi	15	7309
VASA own, 75 nt	004	multi	16	947
VASA own, 75 nt	004	multi	17	896
VASA own, 75 nt	004	multi	18	651
VASA own, 75 nt	004	multi	19	447
VASA own, 75 nt	004	multi	20	2445
VASA own, 75 nt	004	single	1	1046079
VASA own, 75 nt	004	single	2	86249
VASA own, 75 nt	004	single	3	7737
VASA own, 75 nt	004	single	4	456
VASA own, 75 nt	004	single	5	7
VASA own, 75 nt	004	single	8	4
VASA own, 75 nt	004	single	14	4
VASA own, 75 nt	004	single	15	13
VASA own, 75 nt	004	single	16	3
VASA own, 75 nt	004	single	18	2
VASA own, 75 nt	004	single	19	4
VASA own, 75 nt	004	single	20	141
VASA own, 75 nt	005	multi	1	77294
VASA own, 75 nt	005	multi	2	307870
VASA own, 75 nt	005	multi	3	60634
VASA own, 75 nt	005	multi	4	57303
VASA own, 75 nt	005	multi	5	102527
VASA own, 75 nt	005	multi	6	14892
VASA own, 75 nt	005	multi	7	65963
VASA own, 75 nt	005	multi	8	8434
VASA own, 75 nt	005	multi	9	23522
VASA own, 75 nt	005	multi	10	13957
VASA own, 75 nt	005	multi	11	4386
VASA own, 75 nt	005	multi	12	14603
VASA own, 75 nt	005	multi	13	12577
VASA own, 75 nt	005	multi	14	2704
VASA own, 75 nt	005	multi	15	5803
VASA own, 75 nt	005	multi	16	737
VASA own, 75 nt	005	multi	17	776
VASA own, 75 nt	005	multi	18	710
VASA own, 75 nt	005	multi	19	364
VASA own, 75 nt	005	multi	20	2188
VASA own, 75 nt	005	single	1	915275
VASA own, 75 nt	005	single	2	78923
VASA own, 75 nt	005	single	3	6827
VASA own, 75 nt	005	single	4	382
VASA own, 75 nt	005	single	5	4
VASA own, 75 nt	005	single	6	4
VASA own, 75 nt	005	single	7	4
VASA own, 75 nt	005	single	8	2
VASA own, 75 nt	005	single	9	2
VASA own, 75 nt	005	single	11	2
VASA own, 75 nt	005	single	13	1
VASA own, 75 nt	005	single	14	3
VASA own, 75 nt	005	single	15	9
VASA own, 75 nt	005	single	16	2
VASA own, 75 nt	005	single	17	2
VASA own, 75 nt	005	single	18	4
VASA own, 75 nt	005	single	19	3
VASA own, 75 nt	005	single	20	88
VASA own, 75 nt	006	multi	1	135512
VASA own, 75 nt	006	multi	2	410124
VASA own, 75 nt	006	multi	3	95185
VASA own, 75 nt	006	multi	4	84829
VASA own, 75 nt	006	multi	5	129902
VASA own, 75 nt	006	multi	6	20692
VASA own, 75 nt	006	multi	7	84824
VASA own, 75 nt	006	multi	8	11842
VASA own, 75 nt	006	multi	9	26186
VASA own, 75 nt	006	multi	10	13444
VASA own, 75 nt	006	multi	11	6323
VASA own, 75 nt	006	multi	12	17075
VASA own, 75 nt	006	multi	13	15734
VASA own, 75 nt	006	multi	14	2964
VASA own, 75 nt	006	multi	15	7769
VASA own, 75 nt	006	multi	16	1268
VASA own, 75 nt	006	multi	17	1956
VASA own, 75 nt	006	multi	18	916
VASA own, 75 nt	006	multi	19	618
VASA own, 75 nt	006	multi	20	3077
VASA own, 75 nt	006	single	1	1446469
VASA own, 75 nt	006	single	2	103424
VASA own, 75 nt	006	single	3	6762
VASA own, 75 nt	006	single	4	590
VASA own, 75 nt	006	single	5	3
VASA own, 75 nt	006	single	6	1
VASA own, 75 nt	006	single	8	2
VASA own, 75 nt	006	single	9	1
VASA own, 75 nt	006	single	12	8
VASA own, 75 nt	006	single	13	6
VASA own, 75 nt	006	single	14	4
VASA own, 75 nt	006	single	15	9
VASA own, 75 nt	006	single	16	13
VASA own, 75 nt	006	single	17	2
VASA own, 75 nt	006	single	18	2
VASA own, 75 nt	006	single	19	1
VASA own, 75 nt	006	single	20	105
VASA own, 75 nt	007	multi	1	237084
VASA own, 75 nt	007	multi	2	612816
VASA own, 75 nt	007	multi	3	183394
VASA own, 75 nt	007	multi	4	170964
VASA own, 75 nt	007	multi	5	337690
VASA own, 75 nt	007	multi	6	47901
VASA own, 75 nt	007	multi	7	223680
VASA own, 75 nt	007	multi	8	29818
VASA own, 75 nt	007	multi	9	78326
VASA own, 75 nt	007	multi	10	48484
VASA own, 75 nt	007	multi	11	13970
VASA own, 75 nt	007	multi	12	53762
VASA own, 75 nt	007	multi	13	43901
VASA own, 75 nt	007	multi	14	8555
VASA own, 75 nt	007	multi	15	16554
VASA own, 75 nt	007	multi	16	2498
VASA own, 75 nt	007	multi	17	2203
VASA own, 75 nt	007	multi	18	1947
VASA own, 75 nt	007	multi	19	1220
VASA own, 75 nt	007	multi	20	6517
VASA own, 75 nt	007	single	1	3248348
VASA own, 75 nt	007	single	2	254532
VASA own, 75 nt	007	single	3	20518
VASA own, 75 nt	007	single	4	1320
VASA own, 75 nt	007	single	5	12
VASA own, 75 nt	007	single	6	17
VASA own, 75 nt	007	single	7	13
VASA own, 75 nt	007	single	8	2
VASA own, 75 nt	007	single	9	2
VASA own, 75 nt	007	single	10	2
VASA own, 75 nt	007	single	14	5
VASA own, 75 nt	007	single	15	33
VASA own, 75 nt	007	single	16	16
VASA own, 75 nt	007	single	17	2
VASA own, 75 nt	007	single	18	9
VASA own, 75 nt	007	single	19	10
VASA own, 75 nt	007	single	20	221
VASA own, 75 nt	008	multi	1	164524
VASA own, 75 nt	008	multi	2	528413
VASA own, 75 nt	008	multi	3	115939
VASA own, 75 nt	008	multi	4	98029
VASA own, 75 nt	008	multi	5	154290
VASA own, 75 nt	008	multi	6	25190
VASA own, 75 nt	008	multi	7	98607
VASA own, 75 nt	008	multi	8	17129
VASA own, 75 nt	008	multi	9	41093
VASA own, 75 nt	008	multi	10	19796
VASA own, 75 nt	008	multi	11	9650
VASA own, 75 nt	008	multi	12	39104
VASA own, 75 nt	008	multi	13	26109
VASA own, 75 nt	008	multi	14	5713
VASA own, 75 nt	008	multi	15	12135
VASA own, 75 nt	008	multi	16	1335
VASA own, 75 nt	008	multi	17	1575
VASA own, 75 nt	008	multi	18	986
VASA own, 75 nt	008	multi	19	692
VASA own, 75 nt	008	multi	20	3700
VASA own, 75 nt	008	single	1	1806575
VASA own, 75 nt	008	single	2	127991
VASA own, 75 nt	008	single	3	11038
VASA own, 75 nt	008	single	4	719
VASA own, 75 nt	008	single	5	9
VASA own, 75 nt	008	single	6	5
VASA own, 75 nt	008	single	8	9
VASA own, 75 nt	008	single	9	5
VASA own, 75 nt	008	single	10	4
VASA own, 75 nt	008	single	11	1
VASA own, 75 nt	008	single	12	21
VASA own, 75 nt	008	single	13	3
VASA own, 75 nt	008	single	14	7
VASA own, 75 nt	008	single	15	16
VASA own, 75 nt	008	single	16	6
VASA own, 75 nt	008	single	17	22
VASA own, 75 nt	008	single	18	2
VASA own, 75 nt	008	single	19	4
VASA own, 75 nt	008	single	20	122
VASA own, 75 nt	009	multi	1	184176
VASA own, 75 nt	009	multi	2	505410
VASA own, 75 nt	009	multi	3	144731
VASA own, 75 nt	009	multi	4	133615
VASA own, 75 nt	009	multi	5	247635
VASA own, 75 nt	009	multi	6	34723
VASA own, 75 nt	009	multi	7	145176
VASA own, 75 nt	009	multi	8	19058
VASA own, 75 nt	009	multi	9	44172
VASA own, 75 nt	009	multi	10	26403
VASA own, 75 nt	009	multi	11	10270
VASA own, 75 nt	009	multi	12	29123
VASA own, 75 nt	009	multi	13	25378
VASA own, 75 nt	009	multi	14	5356
VASA own, 75 nt	009	multi	15	11831
VASA own, 75 nt	009	multi	16	2033
VASA own, 75 nt	009	multi	17	2293
VASA own, 75 nt	009	multi	18	1598
VASA own, 75 nt	009	multi	19	1001
VASA own, 75 nt	009	multi	20	5427
VASA own, 75 nt	009	single	1	2538772
VASA own, 75 nt	009	single	2	179480
VASA own, 75 nt	009	single	3	13425
VASA own, 75 nt	009	single	4	925
VASA own, 75 nt	009	single	5	16
VASA own, 75 nt	009	single	6	9
VASA own, 75 nt	009	single	7	5
VASA own, 75 nt	009	single	8	7
VASA own, 75 nt	009	single	9	2
VASA own, 75 nt	009	single	12	1
VASA own, 75 nt	009	single	13	1
VASA own, 75 nt	009	single	14	2
VASA own, 75 nt	009	single	15	35
VASA own, 75 nt	009	single	16	15
VASA own, 75 nt	009	single	17	31
VASA own, 75 nt	009	single	18	4
VASA own, 75 nt	009	single	19	7
VASA own, 75 nt	009	single	20	158
VASA own, 75 nt	010	multi	1	305341
VASA own, 75 nt	010	multi	2	876569
VASA own, 75 nt	010	multi	3	260516
VASA own, 75 nt	010	multi	4	274762
VASA own, 75 nt	010	multi	5	508921
VASA own, 75 nt	010	multi	6	69641
VASA own, 75 nt	010	multi	7	373211
VASA own, 75 nt	010	multi	8	65844
VASA own, 75 nt	010	multi	9	157651
VASA own, 75 nt	010	multi	10	66825
VASA own, 75 nt	010	multi	11	25200
VASA own, 75 nt	010	multi	12	147393
VASA own, 75 nt	010	multi	13	122322
VASA own, 75 nt	010	multi	14	17256
VASA own, 75 nt	010	multi	15	40331
VASA own, 75 nt	010	multi	16	3474
VASA own, 75 nt	010	multi	17	2918
VASA own, 75 nt	010	multi	18	2924
VASA own, 75 nt	010	multi	19	1764
VASA own, 75 nt	010	multi	20	10609
VASA own, 75 nt	010	single	1	4842837
VASA own, 75 nt	010	single	2	392172
VASA own, 75 nt	010	single	3	40168
VASA own, 75 nt	010	single	4	2329
VASA own, 75 nt	010	single	5	38
VASA own, 75 nt	010	single	6	21
VASA own, 75 nt	010	single	7	8
VASA own, 75 nt	010	single	8	42
VASA own, 75 nt	010	single	9	13
VASA own, 75 nt	010	single	10	24
VASA own, 75 nt	010	single	12	1
VASA own, 75 nt	010	single	13	6
VASA own, 75 nt	010	single	14	17
VASA own, 75 nt	010	single	15	41
VASA own, 75 nt	010	single	16	36
VASA own, 75 nt	010	single	17	18
VASA own, 75 nt	010	single	18	13
VASA own, 75 nt	010	single	19	65
VASA own, 75 nt	010	single	20	644
VASA own, 75 nt	011	multi	1	296582
VASA own, 75 nt	011	multi	2	804185
VASA own, 75 nt	011	multi	3	263181
VASA own, 75 nt	011	multi	4	267553
VASA own, 75 nt	011	multi	5	541890
VASA own, 75 nt	011	multi	6	74008
VASA own, 75 nt	011	multi	7	371103
VASA own, 75 nt	011	multi	8	84350
VASA own, 75 nt	011	multi	9	210080
VASA own, 75 nt	011	multi	10	87251
VASA own, 75 nt	011	multi	11	26804
VASA own, 75 nt	011	multi	12	151839
VASA own, 75 nt	011	multi	13	140499
VASA own, 75 nt	011	multi	14	18551
VASA own, 75 nt	011	multi	15	38301
VASA own, 75 nt	011	multi	16	3833
VASA own, 75 nt	011	multi	17	2908
VASA own, 75 nt	011	multi	18	2829
VASA own, 75 nt	011	multi	19	1803
VASA own, 75 nt	011	multi	20	10539
VASA own, 75 nt	011	single	1	4839875
VASA own, 75 nt	011	single	2	423201
VASA own, 75 nt	011	single	3	54359
VASA own, 75 nt	011	single	4	3089
VASA own, 75 nt	011	single	5	25
VASA own, 75 nt	011	single	6	34
VASA own, 75 nt	011	single	7	12
VASA own, 75 nt	011	single	8	17
VASA own, 75 nt	011	single	9	8
VASA own, 75 nt	011	single	10	17
VASA own, 75 nt	011	single	11	1
VASA own, 75 nt	011	single	12	4
VASA own, 75 nt	011	single	13	21
VASA own, 75 nt	011	single	14	9
VASA own, 75 nt	011	single	15	81
VASA own, 75 nt	011	single	16	15
VASA own, 75 nt	011	single	17	18
VASA own, 75 nt	011	single	18	11
VASA own, 75 nt	011	single	19	45
VASA own, 75 nt	011	single	20	624
VASA own, 75 nt	012	multi	1	246205
VASA own, 75 nt	012	multi	2	671088
VASA own, 75 nt	012	multi	3	216260
VASA own, 75 nt	012	multi	4	214646
VASA own, 75 nt	012	multi	5	447625
VASA own, 75 nt	012	multi	6	57891
VASA own, 75 nt	012	multi	7	317567
VASA own, 75 nt	012	multi	8	49029
VASA own, 75 nt	012	multi	9	121115
VASA own, 75 nt	012	multi	10	63223
VASA own, 75 nt	012	multi	11	23541
VASA own, 75 nt	012	multi	12	127663
VASA own, 75 nt	012	multi	13	76345
VASA own, 75 nt	012	multi	14	14372
VASA own, 75 nt	012	multi	15	31732
VASA own, 75 nt	012	multi	16	3236
VASA own, 75 nt	012	multi	17	2895
VASA own, 75 nt	012	multi	18	2657
VASA own, 75 nt	012	multi	19	1533
VASA own, 75 nt	012	multi	20	9534
VASA own, 75 nt	012	single	1	3988002
VASA own, 75 nt	012	single	2	338535
VASA own, 75 nt	012	single	3	32193
VASA own, 75 nt	012	single	4	1987
VASA own, 75 nt	012	single	5	33
VASA own, 75 nt	012	single	6	22
VASA own, 75 nt	012	single	7	2
VASA own, 75 nt	012	single	8	12
VASA own, 75 nt	012	single	9	15
VASA own, 75 nt	012	single	11	12
VASA own, 75 nt	012	single	12	8
VASA own, 75 nt	012	single	13	11
VASA own, 75 nt	012	single	14	7
VASA own, 75 nt	012	single	15	28
VASA own, 75 nt	012	single	16	15
VASA own, 75 nt	012	single	17	15
VASA own, 75 nt	012	single	18	12
VASA own, 75 nt	012	single	19	35
VASA own, 75 nt	012	single	20	472
VASA own, 75 nt	013	multi	1	236241
VASA own, 75 nt	013	multi	2	822871
VASA own, 75 nt	013	multi	3	206922
VASA own, 75 nt	013	multi	4	210601
VASA own, 75 nt	013	multi	5	385701
VASA own, 75 nt	013	multi	6	52127
VASA own, 75 nt	013	multi	7	304865
VASA own, 75 nt	013	multi	8	58907
VASA own, 75 nt	013	multi	9	170276
VASA own, 75 nt	013	multi	10	56580
VASA own, 75 nt	013	multi	11	21661
VASA own, 75 nt	013	multi	12	119951
VASA own, 75 nt	013	multi	13	117124
VASA own, 75 nt	013	multi	14	14651
VASA own, 75 nt	013	multi	15	32256
VASA own, 75 nt	013	multi	16	2839
VASA own, 75 nt	013	multi	17	2279
VASA own, 75 nt	013	multi	18	1980
VASA own, 75 nt	013	multi	19	1360
VASA own, 75 nt	013	multi	20	8119
VASA own, 75 nt	013	single	1	3363828
VASA own, 75 nt	013	single	2	289619
VASA own, 75 nt	013	single	3	35822
VASA own, 75 nt	013	single	4	1741
VASA own, 75 nt	013	single	5	37
VASA own, 75 nt	013	single	6	18
VASA own, 75 nt	013	single	7	3
VASA own, 75 nt	013	single	8	25
VASA own, 75 nt	013	single	9	11
VASA own, 75 nt	013	single	10	1
VASA own, 75 nt	013	single	12	2
VASA own, 75 nt	013	single	13	7
VASA own, 75 nt	013	single	14	10
VASA own, 75 nt	013	single	15	18
VASA own, 75 nt	013	single	16	7
VASA own, 75 nt	013	single	17	30
VASA own, 75 nt	013	single	18	12
VASA own, 75 nt	013	single	19	27
VASA own, 75 nt	013	single	20	436
VASA own, 75 nt	014	multi	1	28909
VASA own, 75 nt	014	multi	2	16765
VASA own, 75 nt	014	multi	3	8375
VASA own, 75 nt	014	multi	4	4096
VASA own, 75 nt	014	multi	5	3717
VASA own, 75 nt	014	multi	6	1360
VASA own, 75 nt	014	multi	7	1351
VASA own, 75 nt	014	multi	8	483
VASA own, 75 nt	014	multi	9	498
VASA own, 75 nt	014	multi	10	261
VASA own, 75 nt	014	multi	11	109
VASA own, 75 nt	014	multi	12	261
VASA own, 75 nt	014	multi	13	227
VASA own, 75 nt	014	multi	14	42
VASA own, 75 nt	014	multi	15	86
VASA own, 75 nt	014	multi	16	15
VASA own, 75 nt	014	multi	17	2
VASA own, 75 nt	014	multi	18	8
VASA own, 75 nt	014	multi	19	10
VASA own, 75 nt	014	multi	20	25
VASA own, 75 nt	014	single	1	30641
VASA own, 75 nt	014	single	2	1864
VASA own, 75 nt	014	single	3	115
VASA own, 75 nt	014	single	4	25
VASA own, 75 nt	014	single	15	1
VASA own, 75 nt	014	single	20	6
VASA own, 75 nt	015	multi	1	33392
VASA own, 75 nt	015	multi	2	20740
VASA own, 75 nt	015	multi	3	8784
VASA own, 75 nt	015	multi	4	4834
VASA own, 75 nt	015	multi	5	5242
VASA own, 75 nt	015	multi	6	1574
VASA own, 75 nt	015	multi	7	2304
VASA own, 75 nt	015	multi	8	622
VASA own, 75 nt	015	multi	9	915
VASA own, 75 nt	015	multi	10	431
VASA own, 75 nt	015	multi	11	172
VASA own, 75 nt	015	multi	12	444
VASA own, 75 nt	015	multi	13	470
VASA own, 75 nt	015	multi	14	71
VASA own, 75 nt	015	multi	15	201
VASA own, 75 nt	015	multi	16	26
VASA own, 75 nt	015	multi	17	9
VASA own, 75 nt	015	multi	18	19
VASA own, 75 nt	015	multi	19	14
VASA own, 75 nt	015	multi	20	56
VASA own, 75 nt	015	single	1	50535
VASA own, 75 nt	015	single	2	2898
VASA own, 75 nt	015	single	3	209
VASA own, 75 nt	015	single	4	16
VASA own, 75 nt	015	single	15	1
VASA own, 75 nt	015	single	19	1
VASA own, 75 nt	015	single	20	5
VASA own, 75 nt	016	multi	1	15623
VASA own, 75 nt	016	multi	2	9373
VASA own, 75 nt	016	multi	3	3903
VASA own, 75 nt	016	multi	4	1938
VASA own, 75 nt	016	multi	5	1848
VASA own, 75 nt	016	multi	6	1041
VASA own, 75 nt	016	multi	7	733
VASA own, 75 nt	016	multi	8	280
VASA own, 75 nt	016	multi	9	312
VASA own, 75 nt	016	multi	10	128
VASA own, 75 nt	016	multi	11	65
VASA own, 75 nt	016	multi	12	115
VASA own, 75 nt	016	multi	13	92
VASA own, 75 nt	016	multi	14	14
VASA own, 75 nt	016	multi	15	59
VASA own, 75 nt	016	multi	16	9
VASA own, 75 nt	016	multi	17	8
VASA own, 75 nt	016	multi	18	2
VASA own, 75 nt	016	multi	19	2
VASA own, 75 nt	016	multi	20	25
VASA own, 75 nt	016	single	1	17798
VASA own, 75 nt	016	single	2	981
VASA own, 75 nt	016	single	3	76
VASA own, 75 nt	016	single	4	3
VASA own, 75 nt	016	single	5	1
VASA own, 75 nt	016	single	20	1
VASA published, mouse	002	multi	1	1017
VASA published, mouse	002	multi	2	1299
VASA published, mouse	002	multi	3	679
VASA published, mouse	002	multi	4	789
VASA published, mouse	002	multi	5	327
VASA published, mouse	002	multi	6	471
VASA published, mouse	002	multi	7	53
VASA published, mouse	002	multi	8	31
VASA published, mouse	002	multi	9	321
VASA published, mouse	002	multi	10	5
VASA published, mouse	002	multi	11	11
VASA published, mouse	002	multi	12	11
VASA published, mouse	002	multi	13	1
VASA published, mouse	002	multi	20	3
VASA published, mouse	002	single	1	31324
VASA published, mouse	002	single	2	1263
VASA published, mouse	002	single	3	62
VASA published, mouse	002	single	14	3
VASA published, mouse	002	single	16	6
VASA published, mouse	002	single	20	1
VASA published, mouse	004	multi	1	10076
VASA published, mouse	004	multi	2	13671
VASA published, mouse	004	multi	3	7186
VASA published, mouse	004	multi	4	7529
VASA published, mouse	004	multi	5	2647
VASA published, mouse	004	multi	6	3232
VASA published, mouse	004	multi	7	545
VASA published, mouse	004	multi	8	421
VASA published, mouse	004	multi	9	2203
VASA published, mouse	004	multi	10	131
VASA published, mouse	004	multi	11	79
VASA published, mouse	004	multi	12	19
VASA published, mouse	004	multi	13	11
VASA published, mouse	004	multi	15	2
VASA published, mouse	004	multi	16	1
VASA published, mouse	004	multi	17	1
VASA published, mouse	004	multi	18	7
VASA published, mouse	004	multi	20	43
VASA published, mouse	004	single	1	361976
VASA published, mouse	004	single	2	13145
VASA published, mouse	004	single	3	566
VASA published, mouse	004	single	4	4
VASA published, mouse	004	single	5	2
VASA published, mouse	004	single	6	3
VASA published, mouse	004	single	20	49
VASA published, mouse	006	multi	1	9211
VASA published, mouse	006	multi	2	12134
VASA published, mouse	006	multi	3	5954
VASA published, mouse	006	multi	4	8665
VASA published, mouse	006	multi	5	2851
VASA published, mouse	006	multi	6	3209
VASA published, mouse	006	multi	7	535
VASA published, mouse	006	multi	8	473
VASA published, mouse	006	multi	9	1704
VASA published, mouse	006	multi	10	119
VASA published, mouse	006	multi	11	84
VASA published, mouse	006	multi	12	16
VASA published, mouse	006	multi	13	16
VASA published, mouse	006	multi	14	1
VASA published, mouse	006	multi	15	1
VASA published, mouse	006	multi	17	1
VASA published, mouse	006	multi	18	8
VASA published, mouse	006	multi	19	1
VASA published, mouse	006	multi	20	43
VASA published, mouse	006	single	1	334367
VASA published, mouse	006	single	2	12875
VASA published, mouse	006	single	3	712
VASA published, mouse	006	single	4	14
VASA published, mouse	006	single	5	5
VASA published, mouse	006	single	7	1
VASA published, mouse	006	single	8	2
VASA published, mouse	006	single	9	3
VASA published, mouse	006	single	11	10
VASA published, mouse	006	single	15	10
VASA published, mouse	006	single	19	9
VASA published, mouse	006	single	20	35
VASA published, mouse	008	multi	1	4167
VASA published, mouse	008	multi	2	6503
VASA published, mouse	008	multi	3	3169
VASA published, mouse	008	multi	4	12401
VASA published, mouse	008	multi	5	1525
VASA published, mouse	008	multi	6	2978
VASA published, mouse	008	multi	7	354
VASA published, mouse	008	multi	8	215
VASA published, mouse	008	multi	9	1614
VASA published, mouse	008	multi	10	79
VASA published, mouse	008	multi	11	38
VASA published, mouse	008	multi	12	20
VASA published, mouse	008	multi	13	149
VASA published, mouse	008	multi	14	8
VASA published, mouse	008	multi	17	7
VASA published, mouse	008	multi	18	5
VASA published, mouse	008	multi	19	2
VASA published, mouse	008	multi	20	27
VASA published, mouse	008	single	1	141278
VASA published, mouse	008	single	2	7045
VASA published, mouse	008	single	3	458
VASA published, mouse	008	single	4	31
VASA published, mouse	008	single	5	2
VASA published, mouse	008	single	6	2
VASA published, mouse	008	single	7	3
VASA published, mouse	008	single	10	1
VASA published, mouse	008	single	11	11
VASA published, mouse	008	single	12	2
VASA published, mouse	008	single	14	9
VASA published, mouse	008	single	15	1
VASA published, mouse	008	single	16	2
VASA published, mouse	008	single	17	4
VASA published, mouse	008	single	18	1
VASA published, mouse	008	single	20	38
VASA published, mouse	010	multi	1	6640
VASA published, mouse	010	multi	2	11190
VASA published, mouse	010	multi	3	5489
VASA published, mouse	010	multi	4	17349
VASA published, mouse	010	multi	5	2798
VASA published, mouse	010	multi	6	3252
VASA published, mouse	010	multi	7	723
VASA published, mouse	010	multi	8	416
VASA published, mouse	010	multi	9	1599
VASA published, mouse	010	multi	10	152
VASA published, mouse	010	multi	11	78
VASA published, mouse	010	multi	12	22
VASA published, mouse	010	multi	13	98
VASA published, mouse	010	multi	14	7
VASA published, mouse	010	multi	18	18
VASA published, mouse	010	multi	19	1
VASA published, mouse	010	multi	20	40
VASA published, mouse	010	single	1	220207
VASA published, mouse	010	single	2	11342
VASA published, mouse	010	single	3	533
VASA published, mouse	010	single	4	15
VASA published, mouse	010	single	14	3
VASA published, mouse	010	single	20	12
VASA published, mouse	012	multi	1	18112
VASA published, mouse	012	multi	2	26539
VASA published, mouse	012	multi	3	12706
VASA published, mouse	012	multi	4	38506
VASA published, mouse	012	multi	5	7724
VASA published, mouse	012	multi	6	9432
VASA published, mouse	012	multi	7	1075
VASA published, mouse	012	multi	8	744
VASA published, mouse	012	multi	9	3111
VASA published, mouse	012	multi	10	316
VASA published, mouse	012	multi	11	103
VASA published, mouse	012	multi	12	53
VASA published, mouse	012	multi	13	153
VASA published, mouse	012	multi	14	9
VASA published, mouse	012	multi	15	2
VASA published, mouse	012	multi	16	1
VASA published, mouse	012	multi	17	4
VASA published, mouse	012	multi	18	1
VASA published, mouse	012	multi	19	11
VASA published, mouse	012	multi	20	106
VASA published, mouse	012	single	1	609693
VASA published, mouse	012	single	2	27137
VASA published, mouse	012	single	3	1668
VASA published, mouse	012	single	4	80
VASA published, mouse	012	single	5	10
VASA published, mouse	012	single	6	21
VASA published, mouse	012	single	7	4
VASA published, mouse	012	single	9	6
VASA published, mouse	012	single	10	1
VASA published, mouse	012	single	12	19
VASA published, mouse	012	single	19	2
VASA published, mouse	012	single	20	110
VASA published, mouse	014	multi	1	1366
VASA published, mouse	014	multi	2	2188
VASA published, mouse	014	multi	3	1024
VASA published, mouse	014	multi	4	2846
VASA published, mouse	014	multi	5	561
VASA published, mouse	014	multi	6	706
VASA published, mouse	014	multi	7	181
VASA published, mouse	014	multi	8	88
VASA published, mouse	014	multi	9	293
VASA published, mouse	014	multi	10	60
VASA published, mouse	014	multi	11	19
VASA published, mouse	014	multi	12	3
VASA published, mouse	014	multi	13	81
VASA published, mouse	014	multi	14	3
VASA published, mouse	014	multi	20	8
VASA published, mouse	014	single	1	30408
VASA published, mouse	014	single	2	1583
VASA published, mouse	014	single	3	85
VASA published, mouse	014	single	15	1
VASA published, mouse	014	single	20	16
VASA published, mouse	016	multi	1	6256
VASA published, mouse	016	multi	2	7544
VASA published, mouse	016	multi	3	3520
VASA published, mouse	016	multi	4	4580
VASA published, mouse	016	multi	5	1724
VASA published, mouse	016	multi	6	1805
VASA published, mouse	016	multi	7	337
VASA published, mouse	016	multi	8	255
VASA published, mouse	016	multi	9	1082
VASA published, mouse	016	multi	10	93
VASA published, mouse	016	multi	11	26
VASA published, mouse	016	multi	12	9
VASA published, mouse	016	multi	13	2
VASA published, mouse	016	multi	15	2
VASA published, mouse	016	multi	17	8
VASA published, mouse	016	multi	18	1
VASA published, mouse	016	multi	19	1
VASA published, mouse	016	multi	20	58
VASA published, mouse	016	single	1	213587
VASA published, mouse	016	single	2	8824
VASA published, mouse	016	single	3	317
VASA published, mouse	016	single	4	5
VASA published, mouse	016	single	6	8
VASA published, mouse	016	single	9	2
VASA published, mouse	016	single	11	5
VASA published, mouse	016	single	12	3
VASA published, mouse	016	single	15	2
VASA published, mouse	016	single	17	3
VASA published, mouse	016	single	18	4
VASA published, mouse	016	single	19	4
VASA published, mouse	016	single	20	6
VASA published, mouse	018	multi	1	5079
VASA published, mouse	018	multi	2	7984
VASA published, mouse	018	multi	3	4134
VASA published, mouse	018	multi	4	16823
VASA published, mouse	018	multi	5	2836
VASA published, mouse	018	multi	6	5783
VASA published, mouse	018	multi	7	1095
VASA published, mouse	018	multi	8	317
VASA published, mouse	018	multi	9	2970
VASA published, mouse	018	multi	10	132
VASA published, mouse	018	multi	11	45
VASA published, mouse	018	multi	12	14
VASA published, mouse	018	multi	13	672
VASA published, mouse	018	multi	14	34
VASA published, mouse	018	multi	15	1
VASA published, mouse	018	multi	16	4
VASA published, mouse	018	multi	19	2
VASA published, mouse	018	multi	20	50
VASA published, mouse	018	single	1	180363
VASA published, mouse	018	single	2	9463
VASA published, mouse	018	single	3	723
VASA published, mouse	018	single	4	44
VASA published, mouse	018	single	7	5
VASA published, mouse	018	single	8	1
VASA published, mouse	018	single	13	1
VASA published, mouse	018	single	15	7
VASA published, mouse	018	single	19	6
VASA published, mouse	018	single	20	15
VASA published, mouse	020	multi	1	13890
VASA published, mouse	020	multi	2	22044
VASA published, mouse	020	multi	3	9676
VASA published, mouse	020	multi	4	38553
VASA published, mouse	020	multi	5	5508
VASA published, mouse	020	multi	6	9952
VASA published, mouse	020	multi	7	1885
VASA published, mouse	020	multi	8	574
VASA published, mouse	020	multi	9	5990
VASA published, mouse	020	multi	10	483
VASA published, mouse	020	multi	11	104
VASA published, mouse	020	multi	12	45
VASA published, mouse	020	multi	13	924
VASA published, mouse	020	multi	14	68
VASA published, mouse	020	multi	15	1
VASA published, mouse	020	multi	16	2
VASA published, mouse	020	multi	17	1
VASA published, mouse	020	multi	18	5
VASA published, mouse	020	multi	19	9
VASA published, mouse	020	multi	20	63
VASA published, mouse	020	single	1	479286
VASA published, mouse	020	single	2	25588
VASA published, mouse	020	single	3	1805
VASA published, mouse	020	single	4	61
VASA published, mouse	020	single	6	9
VASA published, mouse	020	single	7	8
VASA published, mouse	020	single	8	5
VASA published, mouse	020	single	9	2
VASA published, mouse	020	single	14	8
VASA published, mouse	020	single	18	2
VASA published, mouse	020	single	19	10
VASA published, mouse	020	single	20	21
VASA published, mouse	022	multi	1	8835
VASA published, mouse	022	multi	2	10218
VASA published, mouse	022	multi	3	4838
VASA published, mouse	022	multi	4	6251
VASA published, mouse	022	multi	5	1678
VASA published, mouse	022	multi	6	2560
VASA published, mouse	022	multi	7	410
VASA published, mouse	022	multi	8	273
VASA published, mouse	022	multi	9	832
VASA published, mouse	022	multi	10	75
VASA published, mouse	022	multi	11	61
VASA published, mouse	022	multi	12	9
VASA published, mouse	022	multi	13	18
VASA published, mouse	022	multi	15	1
VASA published, mouse	022	multi	16	5
VASA published, mouse	022	multi	18	1
VASA published, mouse	022	multi	19	1
VASA published, mouse	022	multi	20	51
VASA published, mouse	022	single	1	321134
VASA published, mouse	022	single	2	12091
VASA published, mouse	022	single	3	595
VASA published, mouse	022	single	4	25
VASA published, mouse	022	single	7	2
VASA published, mouse	022	single	9	2
VASA published, mouse	022	single	10	2
VASA published, mouse	022	single	11	3
VASA published, mouse	022	single	12	4
VASA published, mouse	022	single	13	9
VASA published, mouse	022	single	14	4
VASA published, mouse	022	single	15	26
VASA published, mouse	022	single	16	11
VASA published, mouse	022	single	17	4
VASA published, mouse	022	single	18	4
VASA published, mouse	022	single	19	6
VASA published, mouse	022	single	20	40
VASA published, mouse	026	multi	1	4056
VASA published, mouse	026	multi	2	5319
VASA published, mouse	026	multi	3	2334
VASA published, mouse	026	multi	4	2050
VASA published, mouse	026	multi	5	811
VASA published, mouse	026	multi	6	878
VASA published, mouse	026	multi	7	179
VASA published, mouse	026	multi	8	128
VASA published, mouse	026	multi	9	465
VASA published, mouse	026	multi	10	46
VASA published, mouse	026	multi	11	39
VASA published, mouse	026	multi	12	6
VASA published, mouse	026	multi	13	9
VASA published, mouse	026	multi	18	1
VASA published, mouse	026	multi	20	8
VASA published, mouse	026	single	1	119520
VASA published, mouse	026	single	2	4367
VASA published, mouse	026	single	3	237
VASA published, mouse	026	single	4	16
VASA published, mouse	026	single	14	15
VASA published, mouse	026	single	20	9
VASA published, mouse	032	multi	1	3435
VASA published, mouse	032	multi	2	4515
VASA published, mouse	032	multi	3	2090
VASA published, mouse	032	multi	4	1592
VASA published, mouse	032	multi	5	720
VASA published, mouse	032	multi	6	696
VASA published, mouse	032	multi	7	166
VASA published, mouse	032	multi	8	126
VASA published, mouse	032	multi	9	296
VASA published, mouse	032	multi	10	22
VASA published, mouse	032	multi	11	32
VASA published, mouse	032	multi	12	1
VASA published, mouse	032	multi	13	3
VASA published, mouse	032	multi	18	1
VASA published, mouse	032	multi	19	2
VASA published, mouse	032	multi	20	3
VASA published, mouse	032	single	1	109486
VASA published, mouse	032	single	2	3915
VASA published, mouse	032	single	3	239
VASA published, mouse	032	single	6	2
VASA published, mouse	032	single	8	9
VASA published, mouse	032	single	11	4
VASA published, mouse	032	single	20	1
VASA published, mouse	034	multi	1	3948
VASA published, mouse	034	multi	2	5239
VASA published, mouse	034	multi	3	2436
VASA published, mouse	034	multi	4	1759
VASA published, mouse	034	multi	5	1029
VASA published, mouse	034	multi	6	704
VASA published, mouse	034	multi	7	262
VASA published, mouse	034	multi	8	212
VASA published, mouse	034	multi	9	230
VASA published, mouse	034	multi	10	52
VASA published, mouse	034	multi	11	47
VASA published, mouse	034	multi	12	21
VASA published, mouse	034	multi	18	6
VASA published, mouse	034	multi	19	8
VASA published, mouse	034	multi	20	44
VASA published, mouse	034	single	1	118782
VASA published, mouse	034	single	2	4217
VASA published, mouse	034	single	3	205
VASA published, mouse	034	single	4	12
VASA published, mouse	034	single	7	2
VASA published, mouse	034	single	9	2
VASA published, mouse	034	single	12	1
VASA published, mouse	034	single	14	1
VASA published, mouse	034	single	15	1
VASA published, mouse	034	single	16	3
VASA published, mouse	034	single	20	27
VASA published, mouse	036	multi	1	6880
VASA published, mouse	036	multi	2	9146
VASA published, mouse	036	multi	3	4401
VASA published, mouse	036	multi	4	3230
VASA published, mouse	036	multi	5	1392
VASA published, mouse	036	multi	6	1556
VASA published, mouse	036	multi	7	383
VASA published, mouse	036	multi	8	300
VASA published, mouse	036	multi	9	616
VASA published, mouse	036	multi	10	85
VASA published, mouse	036	multi	11	40
VASA published, mouse	036	multi	12	24
VASA published, mouse	036	multi	13	11
VASA published, mouse	036	multi	18	2
VASA published, mouse	036	multi	19	3
VASA published, mouse	036	multi	20	31
VASA published, mouse	036	single	1	213095
VASA published, mouse	036	single	2	7762
VASA published, mouse	036	single	3	328
VASA published, mouse	036	single	4	4
VASA published, mouse	036	single	6	1
VASA published, mouse	036	single	14	4
VASA published, mouse	036	single	15	3
VASA published, mouse	036	single	16	1
VASA published, mouse	036	single	17	6
VASA published, mouse	036	single	20	78
VASA published, mouse	038	multi	1	2244
VASA published, mouse	038	multi	2	2275
VASA published, mouse	038	multi	3	1087
VASA published, mouse	038	multi	4	871
VASA published, mouse	038	multi	5	408
VASA published, mouse	038	multi	6	382
VASA published, mouse	038	multi	7	75
VASA published, mouse	038	multi	8	47
VASA published, mouse	038	multi	9	166
VASA published, mouse	038	multi	10	18
VASA published, mouse	038	multi	11	10
VASA published, mouse	038	multi	12	4
VASA published, mouse	038	multi	13	4
VASA published, mouse	038	multi	18	1
VASA published, mouse	038	multi	20	8
VASA published, mouse	038	single	1	70795
VASA published, mouse	038	single	2	2332
VASA published, mouse	038	single	3	93
VASA published, mouse	038	single	4	4
VASA published, mouse	038	single	10	1
VASA published, mouse	038	single	12	1
VASA published, mouse	038	single	13	6
VASA published, mouse	038	single	14	1
VASA published, mouse	038	single	17	5
VASA published, mouse	038	single	19	4
VASA published, mouse	038	single	20	6
VASA published, mouse	040	multi	1	1012
VASA published, mouse	040	multi	2	1252
VASA published, mouse	040	multi	3	515
VASA published, mouse	040	multi	4	501
VASA published, mouse	040	multi	5	223
VASA published, mouse	040	multi	6	208
VASA published, mouse	040	multi	7	45
VASA published, mouse	040	multi	8	36
VASA published, mouse	040	multi	9	76
VASA published, mouse	040	multi	10	19
VASA published, mouse	040	multi	11	1
VASA published, mouse	040	multi	12	1
VASA published, mouse	040	multi	20	6
VASA published, mouse	040	single	1	28390
VASA published, mouse	040	single	2	983
VASA published, mouse	040	single	3	53
VASA published, mouse	040	single	4	1
VASA published, mouse	040	single	12	2
VASA published, mouse	040	single	20	2
VASA published, mouse	042	multi	1	2349
VASA published, mouse	042	multi	2	3288
VASA published, mouse	042	multi	3	1593
VASA published, mouse	042	multi	4	2075
VASA published, mouse	042	multi	5	695
VASA published, mouse	042	multi	6	909
VASA published, mouse	042	multi	7	166
VASA published, mouse	042	multi	8	81
VASA published, mouse	042	multi	9	308
VASA published, mouse	042	multi	10	8
VASA published, mouse	042	multi	11	19
VASA published, mouse	042	multi	12	3
VASA published, mouse	042	multi	13	8
VASA published, mouse	042	multi	18	3
VASA published, mouse	042	multi	20	6
VASA published, mouse	042	single	1	82801
VASA published, mouse	042	single	2	3006
VASA published, mouse	042	single	3	123
VASA published, mouse	042	single	4	1
VASA published, mouse	042	single	20	8
VASA published, mouse	044	multi	1	3260
VASA published, mouse	044	multi	2	5334
VASA published, mouse	044	multi	3	2182
VASA published, mouse	044	multi	4	1850
VASA published, mouse	044	multi	5	780
VASA published, mouse	044	multi	6	667
VASA published, mouse	044	multi	7	207
VASA published, mouse	044	multi	8	119
VASA published, mouse	044	multi	9	305
VASA published, mouse	044	multi	10	53
VASA published, mouse	044	multi	11	22
VASA published, mouse	044	multi	12	11
VASA published, mouse	044	multi	13	2
VASA published, mouse	044	multi	15	1
VASA published, mouse	044	multi	17	1
VASA published, mouse	044	multi	20	20
VASA published, mouse	044	single	1	103502
VASA published, mouse	044	single	2	3779
VASA published, mouse	044	single	3	165
VASA published, mouse	044	single	4	7
VASA published, mouse	044	single	10	2
VASA published, mouse	044	single	20	28
VASA published, mouse	046	multi	1	2052
VASA published, mouse	046	multi	2	3977
VASA published, mouse	046	multi	3	1916
VASA published, mouse	046	multi	4	1457
VASA published, mouse	046	multi	5	671
VASA published, mouse	046	multi	6	401
VASA published, mouse	046	multi	7	180
VASA published, mouse	046	multi	8	198
VASA published, mouse	046	multi	9	156
VASA published, mouse	046	multi	10	70
VASA published, mouse	046	multi	11	34
VASA published, mouse	046	multi	12	9
VASA published, mouse	046	multi	18	2
VASA published, mouse	046	multi	19	2
VASA published, mouse	046	multi	20	36
VASA published, mouse	046	single	1	29934
VASA published, mouse	046	single	2	1566
VASA published, mouse	046	single	3	18
VASA published, mouse	046	single	14	2
VASA published, mouse	050	multi	1	2506
VASA published, mouse	050	multi	2	4022
VASA published, mouse	050	multi	3	2044
VASA published, mouse	050	multi	4	1437
VASA published, mouse	050	multi	5	697
VASA published, mouse	050	multi	6	503
VASA published, mouse	050	multi	7	189
VASA published, mouse	050	multi	8	99
VASA published, mouse	050	multi	9	190
VASA published, mouse	050	multi	10	37
VASA published, mouse	050	multi	11	21
VASA published, mouse	050	multi	12	20
VASA published, mouse	050	multi	19	1
VASA published, mouse	050	multi	20	27
VASA published, mouse	050	single	1	62228
VASA published, mouse	050	single	2	2474
VASA published, mouse	050	single	3	89
VASA published, mouse	050	single	20	2
VASA published, mouse	054	multi	1	1658
VASA published, mouse	054	multi	2	2077
VASA published, mouse	054	multi	3	833
VASA published, mouse	054	multi	4	782
VASA published, mouse	054	multi	5	316
VASA published, mouse	054	multi	6	270
VASA published, mouse	054	multi	7	51
VASA published, mouse	054	multi	8	41
VASA published, mouse	054	multi	9	85
VASA published, mouse	054	multi	10	14
VASA published, mouse	054	multi	11	20
VASA published, mouse	054	multi	12	8
VASA published, mouse	054	multi	13	3
VASA published, mouse	054	multi	20	3
VASA published, mouse	054	single	1	46994
VASA published, mouse	054	single	2	1870
VASA published, mouse	054	single	3	101
VASA published, mouse	054	single	18	1
VASA published, mouse	054	single	19	1
VASA published, mouse	054	single	20	11
VASA published, mouse	056	multi	1	15277
VASA published, mouse	056	multi	2	21554
VASA published, mouse	056	multi	3	10786
VASA published, mouse	056	multi	4	22359
VASA published, mouse	056	multi	5	5257
VASA published, mouse	056	multi	6	6651
VASA published, mouse	056	multi	7	1052
VASA published, mouse	056	multi	8	677
VASA published, mouse	056	multi	9	2930
VASA published, mouse	056	multi	10	270
VASA published, mouse	056	multi	11	163
VASA published, mouse	056	multi	12	52
VASA published, mouse	056	multi	13	107
VASA published, mouse	056	multi	14	9
VASA published, mouse	056	multi	15	1
VASA published, mouse	056	multi	16	2
VASA published, mouse	056	multi	18	14
VASA published, mouse	056	multi	19	2
VASA published, mouse	056	multi	20	58
VASA published, mouse	056	single	1	521926
VASA published, mouse	056	single	2	22710
VASA published, mouse	056	single	3	1254
VASA published, mouse	056	single	4	71
VASA published, mouse	056	single	5	9
VASA published, mouse	056	single	6	23
VASA published, mouse	056	single	8	7
VASA published, mouse	056	single	9	1
VASA published, mouse	056	single	11	2
VASA published, mouse	056	single	13	9
VASA published, mouse	056	single	14	2
VASA published, mouse	056	single	15	2
VASA published, mouse	056	single	18	8
VASA published, mouse	056	single	19	5
VASA published, mouse	056	single	20	2
VASA published, mouse	058	multi	1	2517
VASA published, mouse	058	multi	2	3635
VASA published, mouse	058	multi	3	1850
VASA published, mouse	058	multi	4	1378
VASA published, mouse	058	multi	5	583
VASA published, mouse	058	multi	6	429
VASA published, mouse	058	multi	7	202
VASA published, mouse	058	multi	8	143
VASA published, mouse	058	multi	9	114
VASA published, mouse	058	multi	10	47
VASA published, mouse	058	multi	11	36
VASA published, mouse	058	multi	12	10
VASA published, mouse	058	multi	13	1
VASA published, mouse	058	multi	14	1
VASA published, mouse	058	multi	18	6
VASA published, mouse	058	multi	19	8
VASA published, mouse	058	multi	20	8
VASA published, mouse	058	single	1	74001
VASA published, mouse	058	single	2	2588
VASA published, mouse	058	single	3	124
VASA published, mouse	058	single	4	4
VASA published, mouse	058	single	5	8
VASA published, mouse	058	single	9	4
VASA published, mouse	058	single	15	6
VASA published, mouse	058	single	17	2
VASA published, mouse	058	single	19	3
VASA published, mouse	058	single	20	3
VASA published, mouse	060	multi	1	4937
VASA published, mouse	060	multi	2	6167
VASA published, mouse	060	multi	3	3411
VASA published, mouse	060	multi	4	3058
VASA published, mouse	060	multi	5	1003
VASA published, mouse	060	multi	6	1055
VASA published, mouse	060	multi	7	246
VASA published, mouse	060	multi	8	187
VASA published, mouse	060	multi	9	551
VASA published, mouse	060	multi	10	43
VASA published, mouse	060	multi	11	41
VASA published, mouse	060	multi	12	24
VASA published, mouse	060	multi	13	2
VASA published, mouse	060	multi	18	3
VASA published, mouse	060	multi	19	10
VASA published, mouse	060	multi	20	46
VASA published, mouse	060	single	1	176373
VASA published, mouse	060	single	2	6330
VASA published, mouse	060	single	3	273
VASA published, mouse	060	single	4	8
VASA published, mouse	060	single	5	1
VASA published, mouse	060	single	8	11
VASA published, mouse	060	single	9	1
VASA published, mouse	060	single	14	4
VASA published, mouse	060	single	20	31
VASA published, mouse	062	multi	1	5127
VASA published, mouse	062	multi	2	6501
VASA published, mouse	062	multi	3	2923
VASA published, mouse	062	multi	4	2525
VASA published, mouse	062	multi	5	1144
VASA published, mouse	062	multi	6	1078
VASA published, mouse	062	multi	7	236
VASA published, mouse	062	multi	8	214
VASA published, mouse	062	multi	9	376
VASA published, mouse	062	multi	10	52
VASA published, mouse	062	multi	11	15
VASA published, mouse	062	multi	12	25
VASA published, mouse	062	multi	13	10
VASA published, mouse	062	multi	14	5
VASA published, mouse	062	multi	18	3
VASA published, mouse	062	multi	19	4
VASA published, mouse	062	multi	20	12
VASA published, mouse	062	single	1	163228
VASA published, mouse	062	single	2	5886
VASA published, mouse	062	single	3	311
VASA published, mouse	062	single	5	10
VASA published, mouse	062	single	7	7
VASA published, mouse	062	single	8	3
VASA published, mouse	062	single	12	7
VASA published, mouse	062	single	14	6
VASA published, mouse	062	single	20	6
VASA published, mouse	064	multi	1	5842
VASA published, mouse	064	multi	2	6688
VASA published, mouse	064	multi	3	2846
VASA published, mouse	064	multi	4	2249
VASA published, mouse	064	multi	5	928
VASA published, mouse	064	multi	6	842
VASA published, mouse	064	multi	7	250
VASA published, mouse	064	multi	8	173
VASA published, mouse	064	multi	9	302
VASA published, mouse	064	multi	10	86
VASA published, mouse	064	multi	11	30
VASA published, mouse	064	multi	12	27
VASA published, mouse	064	multi	13	2
VASA published, mouse	064	multi	14	3
VASA published, mouse	064	multi	17	5
VASA published, mouse	064	multi	18	9
VASA published, mouse	064	multi	20	23
VASA published, mouse	064	single	1	131065
VASA published, mouse	064	single	2	4446
VASA published, mouse	064	single	3	173
VASA published, mouse	064	single	4	1
VASA published, mouse	064	single	12	1
VASA published, mouse	064	single	14	2
VASA published, mouse	064	single	15	4
VASA published, mouse	064	single	17	3
VASA published, mouse	064	single	18	10
VASA published, mouse	064	single	20	14
VASA published, mouse	066	multi	1	8102
VASA published, mouse	066	multi	2	11410
VASA published, mouse	066	multi	3	5153
VASA published, mouse	066	multi	4	4805
VASA published, mouse	066	multi	5	1793
VASA published, mouse	066	multi	6	1703
VASA published, mouse	066	multi	7	488
VASA published, mouse	066	multi	8	317
VASA published, mouse	066	multi	9	592
VASA published, mouse	066	multi	10	139
VASA published, mouse	066	multi	11	71
VASA published, mouse	066	multi	12	16
VASA published, mouse	066	multi	13	5
VASA published, mouse	066	multi	14	1
VASA published, mouse	066	multi	15	5
VASA published, mouse	066	multi	18	2
VASA published, mouse	066	multi	20	49
VASA published, mouse	066	single	1	242642
VASA published, mouse	066	single	2	9539
VASA published, mouse	066	single	3	425
VASA published, mouse	066	single	4	16
VASA published, mouse	066	single	9	1
VASA published, mouse	066	single	12	1
VASA published, mouse	066	single	14	6
VASA published, mouse	066	single	15	2
VASA published, mouse	066	single	16	13
VASA published, mouse	066	single	17	2
VASA published, mouse	066	single	19	5
VASA published, mouse	066	single	20	49
VASA published, mouse	068	multi	1	3602
VASA published, mouse	068	multi	2	5529
VASA published, mouse	068	multi	3	2360
VASA published, mouse	068	multi	4	2043
VASA published, mouse	068	multi	5	862
VASA published, mouse	068	multi	6	931
VASA published, mouse	068	multi	7	204
VASA published, mouse	068	multi	8	174
VASA published, mouse	068	multi	9	312
VASA published, mouse	068	multi	10	36
VASA published, mouse	068	multi	11	34
VASA published, mouse	068	multi	12	6
VASA published, mouse	068	multi	13	3
VASA published, mouse	068	multi	14	1
VASA published, mouse	068	multi	15	2
VASA published, mouse	068	multi	18	1
VASA published, mouse	068	multi	20	45
VASA published, mouse	068	single	1	107148
VASA published, mouse	068	single	2	3832
VASA published, mouse	068	single	3	150
VASA published, mouse	068	single	4	2
VASA published, mouse	068	single	18	3
VASA published, mouse	068	single	20	9
VASA published, mouse	070	multi	1	3797
VASA published, mouse	070	multi	2	4234
VASA published, mouse	070	multi	3	1634
VASA published, mouse	070	multi	4	2205
VASA published, mouse	070	multi	5	784
VASA published, mouse	070	multi	6	755
VASA published, mouse	070	multi	7	141
VASA published, mouse	070	multi	8	95
VASA published, mouse	070	multi	9	307
VASA published, mouse	070	multi	10	39
VASA published, mouse	070	multi	11	34
VASA published, mouse	070	multi	12	10
VASA published, mouse	070	multi	13	9
VASA published, mouse	070	multi	20	43
VASA published, mouse	070	single	1	100751
VASA published, mouse	070	single	2	3907
VASA published, mouse	070	single	3	183
VASA published, mouse	070	single	4	3
VASA published, mouse	070	single	6	1
VASA published, mouse	070	single	14	1
VASA published, mouse	070	single	20	4
VASA published, mouse	076	multi	1	8571
VASA published, mouse	076	multi	2	10554
VASA published, mouse	076	multi	3	4583
VASA published, mouse	076	multi	4	4110
VASA published, mouse	076	multi	5	1531
VASA published, mouse	076	multi	6	1553
VASA published, mouse	076	multi	7	455
VASA published, mouse	076	multi	8	252
VASA published, mouse	076	multi	9	482
VASA published, mouse	076	multi	10	91
VASA published, mouse	076	multi	11	48
VASA published, mouse	076	multi	12	13
VASA published, mouse	076	multi	13	30
VASA published, mouse	076	multi	15	1
VASA published, mouse	076	multi	18	19
VASA published, mouse	076	multi	20	23
VASA published, mouse	076	single	1	241367
VASA published, mouse	076	single	2	9063
VASA published, mouse	076	single	3	369
VASA published, mouse	076	single	4	4
VASA published, mouse	076	single	5	7
VASA published, mouse	076	single	6	9
VASA published, mouse	076	single	7	8
VASA published, mouse	076	single	8	7
VASA published, mouse	076	single	9	4
VASA published, mouse	076	single	10	8
VASA published, mouse	076	single	11	4
VASA published, mouse	076	single	13	7
VASA published, mouse	076	single	14	6
VASA published, mouse	076	single	15	8
VASA published, mouse	076	single	16	2
VASA published, mouse	076	single	17	1
VASA published, mouse	076	single	18	8
VASA published, mouse	076	single	19	6
VASA published, mouse	076	single	20	73
VASA published, mouse	078	multi	1	7140
VASA published, mouse	078	multi	2	9672
VASA published, mouse	078	multi	3	4481
VASA published, mouse	078	multi	4	4333
VASA published, mouse	078	multi	5	1422
VASA published, mouse	078	multi	6	1604
VASA published, mouse	078	multi	7	419
VASA published, mouse	078	multi	8	267
VASA published, mouse	078	multi	9	751
VASA published, mouse	078	multi	10	123
VASA published, mouse	078	multi	11	47
VASA published, mouse	078	multi	12	24
VASA published, mouse	078	multi	13	8
VASA published, mouse	078	multi	18	4
VASA published, mouse	078	multi	19	1
VASA published, mouse	078	multi	20	33
VASA published, mouse	078	single	1	213966
VASA published, mouse	078	single	2	8419
VASA published, mouse	078	single	3	398
VASA published, mouse	078	single	4	3
VASA published, mouse	078	single	8	1
VASA published, mouse	078	single	14	7
VASA published, mouse	078	single	15	6
VASA published, mouse	078	single	20	31
VASA published, mouse	080	multi	1	5742
VASA published, mouse	080	multi	2	8312
VASA published, mouse	080	multi	3	3820
VASA published, mouse	080	multi	4	4440
VASA published, mouse	080	multi	5	1320
VASA published, mouse	080	multi	6	1607
VASA published, mouse	080	multi	7	324
VASA published, mouse	080	multi	8	224
VASA published, mouse	080	multi	9	508
VASA published, mouse	080	multi	10	69
VASA published, mouse	080	multi	11	49
VASA published, mouse	080	multi	12	22
VASA published, mouse	080	multi	13	11
VASA published, mouse	080	multi	18	2
VASA published, mouse	080	multi	19	6
VASA published, mouse	080	multi	20	21
VASA published, mouse	080	single	1	187270
VASA published, mouse	080	single	2	6697
VASA published, mouse	080	single	3	257
VASA published, mouse	080	single	4	21
VASA published, mouse	080	single	16	1
VASA published, mouse	080	single	17	1
VASA published, mouse	080	single	19	12
VASA published, mouse	080	single	20	22
VASA published, mouse	082	multi	1	3348
VASA published, mouse	082	multi	2	4914
VASA published, mouse	082	multi	3	2547
VASA published, mouse	082	multi	4	1630
VASA published, mouse	082	multi	5	734
VASA published, mouse	082	multi	6	627
VASA published, mouse	082	multi	7	142
VASA published, mouse	082	multi	8	172
VASA published, mouse	082	multi	9	209
VASA published, mouse	082	multi	10	40
VASA published, mouse	082	multi	11	43
VASA published, mouse	082	multi	12	16
VASA published, mouse	082	multi	13	2
VASA published, mouse	082	multi	19	14
VASA published, mouse	082	multi	20	34
VASA published, mouse	082	single	1	80346
VASA published, mouse	082	single	2	2865
VASA published, mouse	082	single	3	105
VASA published, mouse	082	single	4	2
VASA published, mouse	082	single	20	8
VASA published, mouse	084	multi	1	2446
VASA published, mouse	084	multi	2	4053
VASA published, mouse	084	multi	3	1947
VASA published, mouse	084	multi	4	1231
VASA published, mouse	084	multi	5	615
VASA published, mouse	084	multi	6	499
VASA published, mouse	084	multi	7	186
VASA published, mouse	084	multi	8	176
VASA published, mouse	084	multi	9	185
VASA published, mouse	084	multi	10	38
VASA published, mouse	084	multi	11	33
VASA published, mouse	084	multi	12	15
VASA published, mouse	084	multi	14	1
VASA published, mouse	084	multi	17	1
VASA published, mouse	084	multi	18	5
VASA published, mouse	084	multi	20	24
VASA published, mouse	084	single	1	68575
VASA published, mouse	084	single	2	2791
VASA published, mouse	084	single	3	90
VASA published, mouse	084	single	11	5
VASA published, mouse	084	single	20	24
VASA published, mouse	086	multi	1	3477
VASA published, mouse	086	multi	2	5110
VASA published, mouse	086	multi	3	2532
VASA published, mouse	086	multi	4	1648
VASA published, mouse	086	multi	5	730
VASA published, mouse	086	multi	6	615
VASA published, mouse	086	multi	7	237
VASA published, mouse	086	multi	8	168
VASA published, mouse	086	multi	9	202
VASA published, mouse	086	multi	10	68
VASA published, mouse	086	multi	11	21
VASA published, mouse	086	multi	12	6
VASA published, mouse	086	multi	14	1
VASA published, mouse	086	multi	19	7
VASA published, mouse	086	multi	20	37
VASA published, mouse	086	single	1	104249
VASA published, mouse	086	single	2	3633
VASA published, mouse	086	single	3	106
VASA published, mouse	086	single	4	4
VASA published, mouse	086	single	12	1
VASA published, mouse	086	single	15	1
VASA published, mouse	086	single	20	5
VASA published, mouse	088	multi	1	9822
VASA published, mouse	088	multi	2	14687
VASA published, mouse	088	multi	3	6574
VASA published, mouse	088	multi	4	4839
VASA published, mouse	088	multi	5	2008
VASA published, mouse	088	multi	6	2180
VASA published, mouse	088	multi	7	656
VASA published, mouse	088	multi	8	457
VASA published, mouse	088	multi	9	535
VASA published, mouse	088	multi	10	129
VASA published, mouse	088	multi	11	91
VASA published, mouse	088	multi	12	50
VASA published, mouse	088	multi	13	5
VASA published, mouse	088	multi	14	4
VASA published, mouse	088	multi	15	1
VASA published, mouse	088	multi	17	6
VASA published, mouse	088	multi	18	15
VASA published, mouse	088	multi	19	12
VASA published, mouse	088	multi	20	85
VASA published, mouse	088	single	1	261325
VASA published, mouse	088	single	2	9610
VASA published, mouse	088	single	3	367
VASA published, mouse	088	single	4	9
VASA published, mouse	088	single	15	1
VASA published, mouse	088	single	18	1
VASA published, mouse	088	single	20	54
VASA published, mouse	090	multi	1	12662
VASA published, mouse	090	multi	2	17450
VASA published, mouse	090	multi	3	7752
VASA published, mouse	090	multi	4	10337
VASA published, mouse	090	multi	5	3208
VASA published, mouse	090	multi	6	3428
VASA published, mouse	090	multi	7	697
VASA published, mouse	090	multi	8	547
VASA published, mouse	090	multi	9	1303
VASA published, mouse	090	multi	10	166
VASA published, mouse	090	multi	11	90
VASA published, mouse	090	multi	12	13
VASA published, mouse	090	multi	13	20
VASA published, mouse	090	multi	14	4
VASA published, mouse	090	multi	15	1
VASA published, mouse	090	multi	18	1
VASA published, mouse	090	multi	19	3
VASA published, mouse	090	multi	20	58
VASA published, mouse	090	single	1	389550
VASA published, mouse	090	single	2	14942
VASA published, mouse	090	single	3	699
VASA published, mouse	090	single	4	50
VASA published, mouse	090	single	6	2
VASA published, mouse	090	single	7	3
VASA published, mouse	090	single	8	5
VASA published, mouse	090	single	9	1
VASA published, mouse	090	single	10	2
VASA published, mouse	090	single	11	10
VASA published, mouse	090	single	12	5
VASA published, mouse	090	single	14	2
VASA published, mouse	090	single	20	42
VASA published, mouse	092	multi	1	7569
VASA published, mouse	092	multi	2	11303
VASA published, mouse	092	multi	3	5297
VASA published, mouse	092	multi	4	3537
VASA published, mouse	092	multi	5	1493
VASA published, mouse	092	multi	6	1564
VASA published, mouse	092	multi	7	443
VASA published, mouse	092	multi	8	359
VASA published, mouse	092	multi	9	417
VASA published, mouse	092	multi	10	121
VASA published, mouse	092	multi	11	43
VASA published, mouse	092	multi	12	17
VASA published, mouse	092	multi	13	1
VASA published, mouse	092	multi	14	1
VASA published, mouse	092	multi	15	1
VASA published, mouse	092	multi	18	5
VASA published, mouse	092	multi	19	13
VASA published, mouse	092	multi	20	55
VASA published, mouse	092	single	1	212565
VASA published, mouse	092	single	2	7606
VASA published, mouse	092	single	3	288
VASA published, mouse	092	single	4	3
VASA published, mouse	092	single	14	5
VASA published, mouse	092	single	20	35
VASA published, mouse	094	multi	1	6308
VASA published, mouse	094	multi	2	9363
VASA published, mouse	094	multi	3	4148
VASA published, mouse	094	multi	4	3018
VASA published, mouse	094	multi	5	1315
VASA published, mouse	094	multi	6	1338
VASA published, mouse	094	multi	7	380
VASA published, mouse	094	multi	8	377
VASA published, mouse	094	multi	9	471
VASA published, mouse	094	multi	10	106
VASA published, mouse	094	multi	11	28
VASA published, mouse	094	multi	12	22
VASA published, mouse	094	multi	13	4
VASA published, mouse	094	multi	18	3
VASA published, mouse	094	multi	19	1
VASA published, mouse	094	multi	20	36
VASA published, mouse	094	single	1	199513
VASA published, mouse	094	single	2	7205
VASA published, mouse	094	single	3	253
VASA published, mouse	094	single	4	4
VASA published, mouse	094	single	12	2
VASA published, mouse	094	single	14	4
VASA published, mouse	094	single	17	4
VASA published, mouse	094	single	18	1
VASA published, mouse	094	single	20	22
VASA published, mouse	098	multi	1	3406
VASA published, mouse	098	multi	2	5273
VASA published, mouse	098	multi	3	3044
VASA published, mouse	098	multi	4	2073
VASA published, mouse	098	multi	5	1008
VASA published, mouse	098	multi	6	795
VASA published, mouse	098	multi	7	282
VASA published, mouse	098	multi	8	270
VASA published, mouse	098	multi	9	202
VASA published, mouse	098	multi	10	97
VASA published, mouse	098	multi	11	32
VASA published, mouse	098	multi	12	10
VASA published, mouse	098	multi	13	7
VASA published, mouse	098	multi	14	1
VASA published, mouse	098	multi	16	1
VASA published, mouse	098	multi	18	3
VASA published, mouse	098	multi	19	1
VASA published, mouse	098	multi	20	43
VASA published, mouse	098	single	1	71218
VASA published, mouse	098	single	2	3295
VASA published, mouse	098	single	3	107
VASA published, mouse	098	single	4	4
VASA published, mouse	098	single	16	3
VASA published, mouse	100	multi	1	8442
VASA published, mouse	100	multi	2	12803
VASA published, mouse	100	multi	3	5830
VASA published, mouse	100	multi	4	6125
VASA published, mouse	100	multi	5	2184
VASA published, mouse	100	multi	6	2007
VASA published, mouse	100	multi	7	515
VASA published, mouse	100	multi	8	385
VASA published, mouse	100	multi	9	814
VASA published, mouse	100	multi	10	122
VASA published, mouse	100	multi	11	41
VASA published, mouse	100	multi	12	20
VASA published, mouse	100	multi	13	6
VASA published, mouse	100	multi	14	1
VASA published, mouse	100	multi	15	5
VASA published, mouse	100	multi	17	1
VASA published, mouse	100	multi	18	5
VASA published, mouse	100	multi	19	8
VASA published, mouse	100	multi	20	52
VASA published, mouse	100	single	1	267776
VASA published, mouse	100	single	2	9809
VASA published, mouse	100	single	3	293
VASA published, mouse	100	single	4	6
VASA published, mouse	100	single	13	7
VASA published, mouse	100	single	15	6
VASA published, mouse	100	single	20	6
VASA published, mouse	104	multi	1	3551
VASA published, mouse	104	multi	2	3985
VASA published, mouse	104	multi	3	1845
VASA published, mouse	104	multi	4	1538
VASA published, mouse	104	multi	5	507
VASA published, mouse	104	multi	6	650
VASA published, mouse	104	multi	7	173
VASA published, mouse	104	multi	8	118
VASA published, mouse	104	multi	9	227
VASA published, mouse	104	multi	10	20
VASA published, mouse	104	multi	11	23
VASA published, mouse	104	multi	12	9
VASA published, mouse	104	multi	13	4
VASA published, mouse	104	multi	14	1
VASA published, mouse	104	multi	18	3
VASA published, mouse	104	multi	20	21
VASA published, mouse	104	single	1	87237
VASA published, mouse	104	single	2	2939
VASA published, mouse	104	single	3	169
VASA published, mouse	104	single	4	8
VASA published, mouse	104	single	20	12
VASA published, mouse	106	multi	1	4748
VASA published, mouse	106	multi	2	7396
VASA published, mouse	106	multi	3	3297
VASA published, mouse	106	multi	4	2444
VASA published, mouse	106	multi	5	1142
VASA published, mouse	106	multi	6	854
VASA published, mouse	106	multi	7	324
VASA published, mouse	106	multi	8	246
VASA published, mouse	106	multi	9	298
VASA published, mouse	106	multi	10	65
VASA published, mouse	106	multi	11	48
VASA published, mouse	106	multi	12	27
VASA published, mouse	106	multi	13	3
VASA published, mouse	106	multi	18	1
VASA published, mouse	106	multi	19	2
VASA published, mouse	106	multi	20	39
VASA published, mouse	106	single	1	128813
VASA published, mouse	106	single	2	4538
VASA published, mouse	106	single	3	206
VASA published, mouse	106	single	4	5
VASA published, mouse	106	single	11	2
VASA published, mouse	106	single	12	4
VASA published, mouse	106	single	18	1
VASA published, mouse	106	single	19	4
VASA published, mouse	106	single	20	28
VASA published, mouse	108	multi	1	7358
VASA published, mouse	108	multi	2	9377
VASA published, mouse	108	multi	3	4202
VASA published, mouse	108	multi	4	3980
VASA published, mouse	108	multi	5	1483
VASA published, mouse	108	multi	6	1490
VASA published, mouse	108	multi	7	364
VASA published, mouse	108	multi	8	300
VASA published, mouse	108	multi	9	493
VASA published, mouse	108	multi	10	88
VASA published, mouse	108	multi	11	49
VASA published, mouse	108	multi	12	19
VASA published, mouse	108	multi	13	8
VASA published, mouse	108	multi	14	1
VASA published, mouse	108	multi	15	1
VASA published, mouse	108	multi	18	2
VASA published, mouse	108	multi	19	2
VASA published, mouse	108	multi	20	59
VASA published, mouse	108	single	1	225486
VASA published, mouse	108	single	2	8359
VASA published, mouse	108	single	3	276
VASA published, mouse	108	single	4	9
VASA published, mouse	108	single	6	3
VASA published, mouse	108	single	12	1
VASA published, mouse	108	single	13	2
VASA published, mouse	108	single	14	2
VASA published, mouse	108	single	15	6
VASA published, mouse	108	single	17	1
VASA published, mouse	108	single	20	26
VASA published, mouse	112	multi	1	10454
VASA published, mouse	112	multi	2	13061
VASA published, mouse	112	multi	3	5565
VASA published, mouse	112	multi	4	4916
VASA published, mouse	112	multi	5	2006
VASA published, mouse	112	multi	6	2006
VASA published, mouse	112	multi	7	480
VASA published, mouse	112	multi	8	352
VASA published, mouse	112	multi	9	825
VASA published, mouse	112	multi	10	117
VASA published, mouse	112	multi	11	54
VASA published, mouse	112	multi	12	42
VASA published, mouse	112	multi	13	4
VASA published, mouse	112	multi	19	5
VASA published, mouse	112	multi	20	30
VASA published, mouse	112	single	1	325582
VASA published, mouse	112	single	2	11734
VASA published, mouse	112	single	3	448
VASA published, mouse	112	single	4	22
VASA published, mouse	112	single	5	1
VASA published, mouse	112	single	6	5
VASA published, mouse	112	single	7	1
VASA published, mouse	112	single	10	3
VASA published, mouse	112	single	12	8
VASA published, mouse	112	single	13	1
VASA published, mouse	112	single	14	9
VASA published, mouse	112	single	15	1
VASA published, mouse	112	single	18	1
VASA published, mouse	112	single	20	53
VASA published, mouse	114	multi	1	4468
VASA published, mouse	114	multi	2	6821
VASA published, mouse	114	multi	3	3432
VASA published, mouse	114	multi	4	9344
VASA published, mouse	114	multi	5	1263
VASA published, mouse	114	multi	6	1332
VASA published, mouse	114	multi	7	347
VASA published, mouse	114	multi	8	274
VASA published, mouse	114	multi	9	682
VASA published, mouse	114	multi	10	84
VASA published, mouse	114	multi	11	53
VASA published, mouse	114	multi	12	19
VASA published, mouse	114	multi	13	57
VASA published, mouse	114	multi	14	10
VASA published, mouse	114	multi	18	1
VASA published, mouse	114	multi	19	3
VASA published, mouse	114	multi	20	32
VASA published, mouse	114	single	1	94631
VASA published, mouse	114	single	2	4602
VASA published, mouse	114	single	3	197
VASA published, mouse	114	single	4	16
VASA published, mouse	114	single	7	7
VASA published, mouse	114	single	14	4
VASA published, mouse	114	single	20	8
VASA published, mouse	116	multi	1	11286
VASA published, mouse	116	multi	2	15688
VASA published, mouse	116	multi	3	7065
VASA published, mouse	116	multi	4	5973
VASA published, mouse	116	multi	5	2307
VASA published, mouse	116	multi	6	2281
VASA published, mouse	116	multi	7	593
VASA published, mouse	116	multi	8	453
VASA published, mouse	116	multi	9	879
VASA published, mouse	116	multi	10	118
VASA published, mouse	116	multi	11	82
VASA published, mouse	116	multi	12	39
VASA published, mouse	116	multi	13	12
VASA published, mouse	116	multi	14	5
VASA published, mouse	116	multi	16	1
VASA published, mouse	116	multi	18	3
VASA published, mouse	116	multi	19	6
VASA published, mouse	116	multi	20	74
VASA published, mouse	116	single	1	341516
VASA published, mouse	116	single	2	12377
VASA published, mouse	116	single	3	496
VASA published, mouse	116	single	4	20
VASA published, mouse	116	single	10	6
VASA published, mouse	116	single	11	1
VASA published, mouse	116	single	15	14
VASA published, mouse	116	single	17	2
VASA published, mouse	116	single	18	8
VASA published, mouse	116	single	20	37
VASA published, mouse	118	multi	1	1608
VASA published, mouse	118	multi	2	1954
VASA published, mouse	118	multi	3	771
VASA published, mouse	118	multi	4	659
VASA published, mouse	118	multi	5	232
VASA published, mouse	118	multi	6	298
VASA published, mouse	118	multi	7	47
VASA published, mouse	118	multi	8	46
VASA published, mouse	118	multi	9	116
VASA published, mouse	118	multi	10	16
VASA published, mouse	118	multi	11	2
VASA published, mouse	118	multi	12	3
VASA published, mouse	118	multi	13	2
VASA published, mouse	118	multi	14	3
VASA published, mouse	118	single	1	41369
VASA published, mouse	118	single	2	1468
VASA published, mouse	118	single	3	46
VASA published, mouse	118	single	13	3
VASA published, mouse	118	single	14	3
VASA published, mouse	118	single	18	1
VASA published, mouse	118	single	20	1
VASA published, mouse	122	multi	1	4247
VASA published, mouse	122	multi	2	6585
VASA published, mouse	122	multi	3	2826
VASA published, mouse	122	multi	4	2026
VASA published, mouse	122	multi	5	959
VASA published, mouse	122	multi	6	829
VASA published, mouse	122	multi	7	275
VASA published, mouse	122	multi	8	222
VASA published, mouse	122	multi	9	257
VASA published, mouse	122	multi	10	66
VASA published, mouse	122	multi	11	32
VASA published, mouse	122	multi	12	9
VASA published, mouse	122	multi	13	6
VASA published, mouse	122	multi	14	1
VASA published, mouse	122	multi	18	6
VASA published, mouse	122	multi	19	2
VASA published, mouse	122	multi	20	45
VASA published, mouse	122	single	1	114615
VASA published, mouse	122	single	2	4563
VASA published, mouse	122	single	3	114
VASA published, mouse	122	single	4	4
VASA published, mouse	122	single	16	3
VASA published, mouse	122	single	20	9
VASA published, mouse	124	multi	1	7155
VASA published, mouse	124	multi	2	10233
VASA published, mouse	124	multi	3	4923
VASA published, mouse	124	multi	4	4901
VASA published, mouse	124	multi	5	1899
VASA published, mouse	124	multi	6	1817
VASA published, mouse	124	multi	7	474
VASA published, mouse	124	multi	8	329
VASA published, mouse	124	multi	9	726
VASA published, mouse	124	multi	10	145
VASA published, mouse	124	multi	11	52
VASA published, mouse	124	multi	12	43
VASA published, mouse	124	multi	13	12
VASA published, mouse	124	multi	14	5
VASA published, mouse	124	multi	18	1
VASA published, mouse	124	multi	19	5
VASA published, mouse	124	multi	20	93
VASA published, mouse	124	single	1	238938
VASA published, mouse	124	single	2	8945
VASA published, mouse	124	single	3	378
VASA published, mouse	124	single	4	4
VASA published, mouse	124	single	5	10
VASA published, mouse	124	single	6	1
VASA published, mouse	124	single	7	2
VASA published, mouse	124	single	10	1
VASA published, mouse	124	single	14	2
VASA published, mouse	124	single	19	19
VASA published, mouse	124	single	20	13
VASA published, mouse	126	multi	1	842
VASA published, mouse	126	multi	2	933
VASA published, mouse	126	multi	3	482
VASA published, mouse	126	multi	4	411
VASA published, mouse	126	multi	5	171
VASA published, mouse	126	multi	6	129
VASA published, mouse	126	multi	7	24
VASA published, mouse	126	multi	8	29
VASA published, mouse	126	multi	9	51
VASA published, mouse	126	multi	10	8
VASA published, mouse	126	multi	11	1
VASA published, mouse	126	multi	12	1
VASA published, mouse	126	multi	19	1
VASA published, mouse	126	multi	20	6
VASA published, mouse	126	single	1	19419
VASA published, mouse	126	single	2	638
VASA published, mouse	126	single	3	16
VASA published, mouse	126	single	4	1
VASA published, mouse	126	single	12	1
VASA published, mouse	126	single	20	1
VASA published, mouse	128	multi	1	8635
VASA published, mouse	128	multi	2	12938
VASA published, mouse	128	multi	3	5603
VASA published, mouse	128	multi	4	4861
VASA published, mouse	128	multi	5	1768
VASA published, mouse	128	multi	6	2078
VASA published, mouse	128	multi	7	551
VASA published, mouse	128	multi	8	354
VASA published, mouse	128	multi	9	674
VASA published, mouse	128	multi	10	173
VASA published, mouse	128	multi	11	64
VASA published, mouse	128	multi	12	34
VASA published, mouse	128	multi	13	16
VASA published, mouse	128	multi	14	1
VASA published, mouse	128	multi	15	3
VASA published, mouse	128	multi	17	2
VASA published, mouse	128	multi	18	13
VASA published, mouse	128	multi	19	3
VASA published, mouse	128	multi	20	31
VASA published, mouse	128	single	1	265227
VASA published, mouse	128	single	2	10019
VASA published, mouse	128	single	3	471
VASA published, mouse	128	single	6	1
VASA published, mouse	128	single	14	13
VASA published, mouse	128	single	15	3
VASA published, mouse	128	single	16	32
VASA published, mouse	128	single	18	2
VASA published, mouse	128	single	19	4
VASA published, mouse	128	single	20	17
VASA published, mouse	130	multi	1	1560
VASA published, mouse	130	multi	2	2886
VASA published, mouse	130	multi	3	1454
VASA published, mouse	130	multi	4	4525
VASA published, mouse	130	multi	5	541
VASA published, mouse	130	multi	6	738
VASA published, mouse	130	multi	7	166
VASA published, mouse	130	multi	8	126
VASA published, mouse	130	multi	9	343
VASA published, mouse	130	multi	10	39
VASA published, mouse	130	multi	11	27
VASA published, mouse	130	multi	12	10
VASA published, mouse	130	multi	13	48
VASA published, mouse	130	multi	19	6
VASA published, mouse	130	multi	20	24
VASA published, mouse	130	single	1	26886
VASA published, mouse	130	single	2	1715
VASA published, mouse	130	single	3	97
VASA published, mouse	130	single	4	4
VASA published, mouse	130	single	20	2
VASA published, mouse	132	multi	1	5812
VASA published, mouse	132	multi	2	9345
VASA published, mouse	132	multi	3	4424
VASA published, mouse	132	multi	4	2952
VASA published, mouse	132	multi	5	1401
VASA published, mouse	132	multi	6	954
VASA published, mouse	132	multi	7	413
VASA published, mouse	132	multi	8	261
VASA published, mouse	132	multi	9	484
VASA published, mouse	132	multi	10	135
VASA published, mouse	132	multi	11	66
VASA published, mouse	132	multi	12	31
VASA published, mouse	132	multi	13	5
VASA published, mouse	132	multi	15	1
VASA published, mouse	132	multi	17	3
VASA published, mouse	132	multi	18	4
VASA published, mouse	132	multi	19	2
VASA published, mouse	132	multi	20	66
VASA published, mouse	132	single	1	141770
VASA published, mouse	132	single	2	5380
VASA published, mouse	132	single	3	221
VASA published, mouse	132	single	4	9
VASA published, mouse	132	single	20	12
VASA published, mouse	134	multi	1	3329
VASA published, mouse	134	multi	2	2476
VASA published, mouse	134	multi	3	1015
VASA published, mouse	134	multi	4	636
VASA published, mouse	134	multi	5	316
VASA published, mouse	134	multi	6	242
VASA published, mouse	134	multi	7	78
VASA published, mouse	134	multi	8	63
VASA published, mouse	134	multi	9	122
VASA published, mouse	134	multi	10	17
VASA published, mouse	134	multi	11	16
VASA published, mouse	134	multi	12	2
VASA published, mouse	134	multi	13	2
VASA published, mouse	134	multi	18	1
VASA published, mouse	134	multi	19	1
VASA published, mouse	134	multi	20	14
VASA published, mouse	134	single	1	36312
VASA published, mouse	134	single	2	1265
VASA published, mouse	134	single	3	41
VASA published, mouse	134	single	12	5
VASA published, mouse	134	single	20	7
VASA published, mouse	136	multi	1	3810
VASA published, mouse	136	multi	2	5181
VASA published, mouse	136	multi	3	2300
VASA published, mouse	136	multi	4	1839
VASA published, mouse	136	multi	5	748
VASA published, mouse	136	multi	6	798
VASA published, mouse	136	multi	7	213
VASA published, mouse	136	multi	8	210
VASA published, mouse	136	multi	9	245
VASA published, mouse	136	multi	10	61
VASA published, mouse	136	multi	11	33
VASA published, mouse	136	multi	12	14
VASA published, mouse	136	multi	13	3
VASA published, mouse	136	multi	18	1
VASA published, mouse	136	multi	19	6
VASA published, mouse	136	multi	20	39
VASA published, mouse	136	single	1	110207
VASA published, mouse	136	single	2	4131
VASA published, mouse	136	single	3	175
VASA published, mouse	136	single	4	3
VASA published, mouse	136	single	17	2
VASA published, mouse	136	single	20	4
VASA published, mouse	138	multi	1	2616
VASA published, mouse	138	multi	2	4689
VASA published, mouse	138	multi	3	2112
VASA published, mouse	138	multi	4	1827
VASA published, mouse	138	multi	5	694
VASA published, mouse	138	multi	6	700
VASA published, mouse	138	multi	7	169
VASA published, mouse	138	multi	8	151
VASA published, mouse	138	multi	9	248
VASA published, mouse	138	multi	10	48
VASA published, mouse	138	multi	11	27
VASA published, mouse	138	multi	12	4
VASA published, mouse	138	multi	13	5
VASA published, mouse	138	multi	15	1
VASA published, mouse	138	multi	18	3
VASA published, mouse	138	multi	20	17
VASA published, mouse	138	single	1	81236
VASA published, mouse	138	single	2	3367
VASA published, mouse	138	single	3	108
VASA published, mouse	138	single	4	4
VASA published, mouse	138	single	5	1
VASA published, mouse	138	single	13	1
VASA published, mouse	138	single	14	1
VASA published, mouse	138	single	15	2
VASA published, mouse	138	single	18	6
VASA published, mouse	138	single	20	34
VASA published, mouse	140	multi	1	5793
VASA published, mouse	140	multi	2	8452
VASA published, mouse	140	multi	3	3961
VASA published, mouse	140	multi	4	2954
VASA published, mouse	140	multi	5	1278
VASA published, mouse	140	multi	6	1183
VASA published, mouse	140	multi	7	302
VASA published, mouse	140	multi	8	260
VASA published, mouse	140	multi	9	373
VASA published, mouse	140	multi	10	107
VASA published, mouse	140	multi	11	30
VASA published, mouse	140	multi	12	15
VASA published, mouse	140	multi	13	7
VASA published, mouse	140	multi	18	10
VASA published, mouse	140	multi	19	5
VASA published, mouse	140	multi	20	61
VASA published, mouse	140	single	1	172415
VASA published, mouse	140	single	2	6609
VASA published, mouse	140	single	3	332
VASA published, mouse	140	single	4	19
VASA published, mouse	140	single	20	14
VASA published, mouse	142	multi	1	7961
VASA published, mouse	142	multi	2	11114
VASA published, mouse	142	multi	3	4549
VASA published, mouse	142	multi	4	4279
VASA published, mouse	142	multi	5	1497
VASA published, mouse	142	multi	6	1631
VASA published, mouse	142	multi	7	465
VASA published, mouse	142	multi	8	272
VASA published, mouse	142	multi	9	612
VASA published, mouse	142	multi	10	132
VASA published, mouse	142	multi	11	61
VASA published, mouse	142	multi	12	26
VASA published, mouse	142	multi	13	1
VASA published, mouse	142	multi	18	2
VASA published, mouse	142	multi	20	53
VASA published, mouse	142	single	1	228133
VASA published, mouse	142	single	2	8569
VASA published, mouse	142	single	3	459
VASA published, mouse	142	single	4	4
VASA published, mouse	142	single	9	4
VASA published, mouse	142	single	11	3
VASA published, mouse	142	single	12	1
VASA published, mouse	142	single	14	6
VASA published, mouse	142	single	18	4
VASA published, mouse	142	single	20	7
VASA published, mouse	146	multi	1	2029
VASA published, mouse	146	multi	2	2708
VASA published, mouse	146	multi	3	1382
VASA published, mouse	146	multi	4	1015
VASA published, mouse	146	multi	5	553
VASA published, mouse	146	multi	6	390
VASA published, mouse	146	multi	7	129
VASA published, mouse	146	multi	8	102
VASA published, mouse	146	multi	9	114
VASA published, mouse	146	multi	10	32
VASA published, mouse	146	multi	11	6
VASA published, mouse	146	multi	12	5
VASA published, mouse	146	multi	13	1
VASA published, mouse	146	multi	20	33
VASA published, mouse	146	single	1	49872
VASA published, mouse	146	single	2	1734
VASA published, mouse	146	single	3	62
VASA published, mouse	146	single	7	1
VASA published, mouse	146	single	8	3
VASA published, mouse	146	single	20	5
VASA published, mouse	148	multi	1	5818
VASA published, mouse	148	multi	2	7813
VASA published, mouse	148	multi	3	3475
VASA published, mouse	148	multi	4	3017
VASA published, mouse	148	multi	5	1258
VASA published, mouse	148	multi	6	1144
VASA published, mouse	148	multi	7	354
VASA published, mouse	148	multi	8	255
VASA published, mouse	148	multi	9	385
VASA published, mouse	148	multi	10	85
VASA published, mouse	148	multi	11	28
VASA published, mouse	148	multi	12	16
VASA published, mouse	148	multi	13	8
VASA published, mouse	148	multi	20	18
VASA published, mouse	148	single	1	164598
VASA published, mouse	148	single	2	6016
VASA published, mouse	148	single	3	192
VASA published, mouse	148	single	4	4
VASA published, mouse	148	single	9	1
VASA published, mouse	148	single	10	1
VASA published, mouse	148	single	11	7
VASA published, mouse	148	single	20	20
VASA published, mouse	150	multi	1	3261
VASA published, mouse	150	multi	2	4007
VASA published, mouse	150	multi	3	1847
VASA published, mouse	150	multi	4	2481
VASA published, mouse	150	multi	5	800
VASA published, mouse	150	multi	6	735
VASA published, mouse	150	multi	7	177
VASA published, mouse	150	multi	8	136
VASA published, mouse	150	multi	9	406
VASA published, mouse	150	multi	10	16
VASA published, mouse	150	multi	11	17
VASA published, mouse	150	multi	12	5
VASA published, mouse	150	multi	13	10
VASA published, mouse	150	multi	20	28
VASA published, mouse	150	single	1	117742
VASA published, mouse	150	single	2	4958
VASA published, mouse	150	single	3	263
VASA published, mouse	150	single	4	12
VASA published, mouse	150	single	15	1
VASA published, mouse	150	single	18	5
VASA published, mouse	150	single	20	23
VASA published, mouse	154	multi	1	8708
VASA published, mouse	154	multi	2	12284
VASA published, mouse	154	multi	3	5604
VASA published, mouse	154	multi	4	4799
VASA published, mouse	154	multi	5	2147
VASA published, mouse	154	multi	6	2059
VASA published, mouse	154	multi	7	510
VASA published, mouse	154	multi	8	398
VASA published, mouse	154	multi	9	803
VASA published, mouse	154	multi	10	139
VASA published, mouse	154	multi	11	53
VASA published, mouse	154	multi	12	48
VASA published, mouse	154	multi	13	9
VASA published, mouse	154	multi	14	1
VASA published, mouse	154	multi	18	13
VASA published, mouse	154	multi	19	3
VASA published, mouse	154	multi	20	66
VASA published, mouse	154	single	1	273963
VASA published, mouse	154	single	2	10335
VASA published, mouse	154	single	3	346
VASA published, mouse	154	single	4	8
VASA published, mouse	154	single	5	3
VASA published, mouse	154	single	7	3
VASA published, mouse	154	single	13	2
VASA published, mouse	154	single	14	4
VASA published, mouse	154	single	16	2
VASA published, mouse	154	single	18	10
VASA published, mouse	154	single	20	8
VASA published, mouse	156	multi	1	5339
VASA published, mouse	156	multi	2	7495
VASA published, mouse	156	multi	3	3171
VASA published, mouse	156	multi	4	2947
VASA published, mouse	156	multi	5	1079
VASA published, mouse	156	multi	6	1030
VASA published, mouse	156	multi	7	301
VASA published, mouse	156	multi	8	210
VASA published, mouse	156	multi	9	419
VASA published, mouse	156	multi	10	56
VASA published, mouse	156	multi	11	39
VASA published, mouse	156	multi	12	20
VASA published, mouse	156	multi	13	7
VASA published, mouse	156	multi	18	2
VASA published, mouse	156	multi	19	3
VASA published, mouse	156	multi	20	28
VASA published, mouse	156	single	1	135580
VASA published, mouse	156	single	2	5363
VASA published, mouse	156	single	3	284
VASA published, mouse	156	single	4	8
VASA published, mouse	156	single	15	3
VASA published, mouse	156	single	16	23
VASA published, mouse	156	single	17	6
VASA published, mouse	156	single	19	20
VASA published, mouse	156	single	20	18
VASA published, mouse	158	multi	1	5757
VASA published, mouse	158	multi	2	6999
VASA published, mouse	158	multi	3	3319
VASA published, mouse	158	multi	4	3000
VASA published, mouse	158	multi	5	1184
VASA published, mouse	158	multi	6	1192
VASA published, mouse	158	multi	7	375
VASA published, mouse	158	multi	8	238
VASA published, mouse	158	multi	9	407
VASA published, mouse	158	multi	10	75
VASA published, mouse	158	multi	11	56
VASA published, mouse	158	multi	12	6
VASA published, mouse	158	multi	13	2
VASA published, mouse	158	multi	14	1
VASA published, mouse	158	multi	18	12
VASA published, mouse	158	multi	19	5
VASA published, mouse	158	multi	20	27
VASA published, mouse	158	single	1	166455
VASA published, mouse	158	single	2	5963
VASA published, mouse	158	single	3	217
VASA published, mouse	158	single	4	5
VASA published, mouse	158	single	14	2
VASA published, mouse	158	single	15	5
VASA published, mouse	158	single	16	3
VASA published, mouse	158	single	20	4
VASA published, mouse	160	multi	1	3599
VASA published, mouse	160	multi	2	4855
VASA published, mouse	160	multi	3	2760
VASA published, mouse	160	multi	4	6666
VASA published, mouse	160	multi	5	1484
VASA published, mouse	160	multi	6	3128
VASA published, mouse	160	multi	7	231
VASA published, mouse	160	multi	8	224
VASA published, mouse	160	multi	9	2148
VASA published, mouse	160	multi	10	32
VASA published, mouse	160	multi	11	29
VASA published, mouse	160	multi	12	11
VASA published, mouse	160	multi	13	11
VASA published, mouse	160	multi	14	1
VASA published, mouse	160	multi	20	25
VASA published, mouse	160	single	1	112586
VASA published, mouse	160	single	2	4950
VASA published, mouse	160	single	3	263
VASA published, mouse	160	single	4	11
VASA published, mouse	160	single	14	1
VASA published, mouse	160	single	19	2
VASA published, mouse	160	single	20	13
VASA published, mouse	162	multi	1	4284
VASA published, mouse	162	multi	2	6683
VASA published, mouse	162	multi	3	2976
VASA published, mouse	162	multi	4	2293
VASA published, mouse	162	multi	5	889
VASA published, mouse	162	multi	6	909
VASA published, mouse	162	multi	7	250
VASA published, mouse	162	multi	8	272
VASA published, mouse	162	multi	9	370
VASA published, mouse	162	multi	10	47
VASA published, mouse	162	multi	11	23
VASA published, mouse	162	multi	12	16
VASA published, mouse	162	multi	13	4
VASA published, mouse	162	multi	18	2
VASA published, mouse	162	multi	19	6
VASA published, mouse	162	multi	20	20
VASA published, mouse	162	single	1	113799
VASA published, mouse	162	single	2	4530
VASA published, mouse	162	single	3	160
VASA published, mouse	162	single	4	17
VASA published, mouse	162	single	5	9
VASA published, mouse	162	single	7	6
VASA published, mouse	162	single	12	2
VASA published, mouse	162	single	15	1
VASA published, mouse	162	single	19	11
VASA published, mouse	162	single	20	27
VASA published, mouse	164	multi	1	2929
VASA published, mouse	164	multi	2	4508
VASA published, mouse	164	multi	3	2048
VASA published, mouse	164	multi	4	1504
VASA published, mouse	164	multi	5	756
VASA published, mouse	164	multi	6	569
VASA published, mouse	164	multi	7	199
VASA published, mouse	164	multi	8	158
VASA published, mouse	164	multi	9	184
VASA published, mouse	164	multi	10	49
VASA published, mouse	164	multi	11	18
VASA published, mouse	164	multi	12	7
VASA published, mouse	164	multi	13	3
VASA published, mouse	164	multi	14	2
VASA published, mouse	164	multi	16	4
VASA published, mouse	164	multi	18	5
VASA published, mouse	164	multi	20	17
VASA published, mouse	164	single	1	79142
VASA published, mouse	164	single	2	3075
VASA published, mouse	164	single	3	124
VASA published, mouse	164	single	7	6
VASA published, mouse	164	single	14	2
VASA published, mouse	164	single	19	5
VASA published, mouse	164	single	20	7
VASA published, mouse	166	multi	1	2065
VASA published, mouse	166	multi	2	3553
VASA published, mouse	166	multi	3	1526
VASA published, mouse	166	multi	4	1171
VASA published, mouse	166	multi	5	644
VASA published, mouse	166	multi	6	498
VASA published, mouse	166	multi	7	152
VASA published, mouse	166	multi	8	113
VASA published, mouse	166	multi	9	105
VASA published, mouse	166	multi	10	62
VASA published, mouse	166	multi	11	18
VASA published, mouse	166	multi	12	9
VASA published, mouse	166	multi	13	1
VASA published, mouse	166	multi	14	1
VASA published, mouse	166	multi	18	7
VASA published, mouse	166	multi	19	2
VASA published, mouse	166	multi	20	20
VASA published, mouse	166	single	1	48870
VASA published, mouse	166	single	2	1955
VASA published, mouse	166	single	3	81
VASA published, mouse	166	single	5	2
VASA published, mouse	166	single	20	6
VASA published, mouse	170	multi	1	2163
VASA published, mouse	170	multi	2	2806
VASA published, mouse	170	multi	3	1255
VASA published, mouse	170	multi	4	1268
VASA published, mouse	170	multi	5	503
VASA published, mouse	170	multi	6	489
VASA published, mouse	170	multi	7	100
VASA published, mouse	170	multi	8	76
VASA published, mouse	170	multi	9	203
VASA published, mouse	170	multi	10	15
VASA published, mouse	170	multi	11	15
VASA published, mouse	170	multi	12	1
VASA published, mouse	170	multi	18	4
VASA published, mouse	170	multi	19	2
VASA published, mouse	170	multi	20	11
VASA published, mouse	170	single	1	63297
VASA published, mouse	170	single	2	2200
VASA published, mouse	170	single	3	86
VASA published, mouse	170	single	4	1
VASA published, mouse	170	single	20	22
VASA published, mouse	172	multi	1	4013
VASA published, mouse	172	multi	2	5930
VASA published, mouse	172	multi	3	2703
VASA published, mouse	172	multi	4	1804
VASA published, mouse	172	multi	5	928
VASA published, mouse	172	multi	6	773
VASA published, mouse	172	multi	7	277
VASA published, mouse	172	multi	8	187
VASA published, mouse	172	multi	9	233
VASA published, mouse	172	multi	10	72
VASA published, mouse	172	multi	11	53
VASA published, mouse	172	multi	12	17
VASA published, mouse	172	multi	13	6
VASA published, mouse	172	multi	14	1
VASA published, mouse	172	multi	19	3
VASA published, mouse	172	multi	20	37
VASA published, mouse	172	single	1	108648
VASA published, mouse	172	single	2	3770
VASA published, mouse	172	single	3	162
VASA published, mouse	172	single	4	6
VASA published, mouse	172	single	5	11
VASA published, mouse	172	single	6	2
VASA published, mouse	172	single	7	11
VASA published, mouse	172	single	10	1
VASA published, mouse	172	single	12	2
VASA published, mouse	172	single	18	3
VASA published, mouse	172	single	20	14
VASA published, mouse	174	multi	1	2281
VASA published, mouse	174	multi	2	3285
VASA published, mouse	174	multi	3	1200
VASA published, mouse	174	multi	4	911
VASA published, mouse	174	multi	5	397
VASA published, mouse	174	multi	6	354
VASA published, mouse	174	multi	7	90
VASA published, mouse	174	multi	8	80
VASA published, mouse	174	multi	9	170
VASA published, mouse	174	multi	10	25
VASA published, mouse	174	multi	11	17
VASA published, mouse	174	multi	12	6
VASA published, mouse	174	multi	13	3
VASA published, mouse	174	multi	14	9
VASA published, mouse	174	multi	15	6
VASA published, mouse	174	multi	16	1
VASA published, mouse	174	multi	18	2
VASA published, mouse	174	multi	20	9
VASA published, mouse	174	single	1	78650
VASA published, mouse	174	single	2	2550
VASA published, mouse	174	single	3	103
VASA published, mouse	174	single	4	9
VASA published, mouse	174	single	9	1
VASA published, mouse	174	single	10	5
VASA published, mouse	174	single	11	1
VASA published, mouse	174	single	13	3
VASA published, mouse	174	single	14	1
VASA published, mouse	174	single	20	12
VASA published, mouse	176	multi	1	4114
VASA published, mouse	176	multi	2	6330
VASA published, mouse	176	multi	3	2993
VASA published, mouse	176	multi	4	2347
VASA published, mouse	176	multi	5	1207
VASA published, mouse	176	multi	6	908
VASA published, mouse	176	multi	7	315
VASA published, mouse	176	multi	8	197
VASA published, mouse	176	multi	9	297
VASA published, mouse	176	multi	10	105
VASA published, mouse	176	multi	11	71
VASA published, mouse	176	multi	12	19
VASA published, mouse	176	multi	13	3
VASA published, mouse	176	multi	14	2
VASA published, mouse	176	multi	18	10
VASA published, mouse	176	multi	19	7
VASA published, mouse	176	multi	20	69
VASA published, mouse	176	single	1	94689
VASA published, mouse	176	single	2	4031
VASA published, mouse	176	single	3	120
VASA published, mouse	176	single	4	3
VASA published, mouse	176	single	7	12
VASA published, mouse	176	single	8	2
VASA published, mouse	176	single	17	3
VASA published, mouse	176	single	20	13
VASA published, mouse	178	multi	1	4680
VASA published, mouse	178	multi	2	6181
VASA published, mouse	178	multi	3	3024
VASA published, mouse	178	multi	4	2210
VASA published, mouse	178	multi	5	985
VASA published, mouse	178	multi	6	828
VASA published, mouse	178	multi	7	320
VASA published, mouse	178	multi	8	208
VASA published, mouse	178	multi	9	211
VASA published, mouse	178	multi	10	54
VASA published, mouse	178	multi	11	30
VASA published, mouse	178	multi	12	15
VASA published, mouse	178	multi	13	4
VASA published, mouse	178	multi	15	3
VASA published, mouse	178	multi	18	3
VASA published, mouse	178	multi	20	19
VASA published, mouse	178	single	1	122901
VASA published, mouse	178	single	2	4481
VASA published, mouse	178	single	3	149
VASA published, mouse	178	single	4	1
VASA published, mouse	178	single	6	5
VASA published, mouse	178	single	14	1
VASA published, mouse	178	single	20	8
VASA published, mouse	180	multi	1	7929
VASA published, mouse	180	multi	2	11144
VASA published, mouse	180	multi	3	4842
VASA published, mouse	180	multi	4	3648
VASA published, mouse	180	multi	5	1694
VASA published, mouse	180	multi	6	1637
VASA published, mouse	180	multi	7	455
VASA published, mouse	180	multi	8	370
VASA published, mouse	180	multi	9	524
VASA published, mouse	180	multi	10	100
VASA published, mouse	180	multi	11	45
VASA published, mouse	180	multi	12	13
VASA published, mouse	180	multi	13	2
VASA published, mouse	180	multi	17	2
VASA published, mouse	180	multi	18	7
VASA published, mouse	180	multi	19	5
VASA published, mouse	180	multi	20	65
VASA published, mouse	180	single	1	218525
VASA published, mouse	180	single	2	7881
VASA published, mouse	180	single	3	334
VASA published, mouse	180	single	4	12
VASA published, mouse	180	single	6	3
VASA published, mouse	180	single	7	1
VASA published, mouse	180	single	8	7
VASA published, mouse	180	single	12	1
VASA published, mouse	180	single	14	19
VASA published, mouse	180	single	15	3
VASA published, mouse	180	single	16	5
VASA published, mouse	180	single	17	9
VASA published, mouse	180	single	18	12
VASA published, mouse	180	single	20	51
VASA published, mouse	182	multi	1	3934
VASA published, mouse	182	multi	2	5338
VASA published, mouse	182	multi	3	2451
VASA published, mouse	182	multi	4	1967
VASA published, mouse	182	multi	5	800
VASA published, mouse	182	multi	6	639
VASA published, mouse	182	multi	7	268
VASA published, mouse	182	multi	8	163
VASA published, mouse	182	multi	9	259
VASA published, mouse	182	multi	10	98
VASA published, mouse	182	multi	11	44
VASA published, mouse	182	multi	12	16
VASA published, mouse	182	multi	13	1
VASA published, mouse	182	multi	18	2
VASA published, mouse	182	multi	19	3
VASA published, mouse	182	multi	20	25
VASA published, mouse	182	single	1	102570
VASA published, mouse	182	single	2	3829
VASA published, mouse	182	single	3	117
VASA published, mouse	182	single	4	9
VASA published, mouse	184	multi	1	6261
VASA published, mouse	184	multi	2	9120
VASA published, mouse	184	multi	3	3970
VASA published, mouse	184	multi	4	3754
VASA published, mouse	184	multi	5	1319
VASA published, mouse	184	multi	6	1434
VASA published, mouse	184	multi	7	373
VASA published, mouse	184	multi	8	224
VASA published, mouse	184	multi	9	460
VASA published, mouse	184	multi	10	92
VASA published, mouse	184	multi	11	45
VASA published, mouse	184	multi	12	16
VASA published, mouse	184	multi	13	1
VASA published, mouse	184	multi	14	1
VASA published, mouse	184	multi	16	3
VASA published, mouse	184	multi	17	1
VASA published, mouse	184	multi	18	3
VASA published, mouse	184	multi	20	27
VASA published, mouse	184	single	1	197349
VASA published, mouse	184	single	2	6894
VASA published, mouse	184	single	3	352
VASA published, mouse	184	single	4	3
VASA published, mouse	184	single	12	5
VASA published, mouse	184	single	14	2
VASA published, mouse	184	single	15	1
VASA published, mouse	184	single	16	6
VASA published, mouse	184	single	17	2
VASA published, mouse	184	single	20	23
VASA published, mouse	186	multi	1	14630
VASA published, mouse	186	multi	2	16593
VASA published, mouse	186	multi	3	7219
VASA published, mouse	186	multi	4	6743
VASA published, mouse	186	multi	5	2618
VASA published, mouse	186	multi	6	2658
VASA published, mouse	186	multi	7	630
VASA published, mouse	186	multi	8	400
VASA published, mouse	186	multi	9	861
VASA published, mouse	186	multi	10	144
VASA published, mouse	186	multi	11	109
VASA published, mouse	186	multi	12	50
VASA published, mouse	186	multi	13	8
VASA published, mouse	186	multi	14	2
VASA published, mouse	186	multi	18	3
VASA published, mouse	186	multi	19	1
VASA published, mouse	186	multi	20	62
VASA published, mouse	186	single	1	355687
VASA published, mouse	186	single	2	13490
VASA published, mouse	186	single	3	580
VASA published, mouse	186	single	4	10
VASA published, mouse	186	single	12	13
VASA published, mouse	186	single	13	3
VASA published, mouse	186	single	14	3
VASA published, mouse	186	single	20	36
VASA published, mouse	188	multi	1	5094
VASA published, mouse	188	multi	2	7467
VASA published, mouse	188	multi	3	3096
VASA published, mouse	188	multi	4	3150
VASA published, mouse	188	multi	5	1119
VASA published, mouse	188	multi	6	1013
VASA published, mouse	188	multi	7	267
VASA published, mouse	188	multi	8	210
VASA published, mouse	188	multi	9	355
VASA published, mouse	188	multi	10	72
VASA published, mouse	188	multi	11	34
VASA published, mouse	188	multi	12	6
VASA published, mouse	188	multi	13	5
VASA published, mouse	188	multi	16	2
VASA published, mouse	188	multi	17	5
VASA published, mouse	188	multi	18	1
VASA published, mouse	188	multi	19	10
VASA published, mouse	188	multi	20	30
VASA published, mouse	188	single	1	141246
VASA published, mouse	188	single	2	5519
VASA published, mouse	188	single	3	241
VASA published, mouse	188	single	4	15
VASA published, mouse	188	single	6	3
VASA published, mouse	188	single	13	1
VASA published, mouse	188	single	16	2
VASA published, mouse	188	single	20	10
VASA published, mouse	190	multi	1	6460
VASA published, mouse	190	multi	2	8420
VASA published, mouse	190	multi	3	3579
VASA published, mouse	190	multi	4	3047
VASA published, mouse	190	multi	5	1223
VASA published, mouse	190	multi	6	1172
VASA published, mouse	190	multi	7	370
VASA published, mouse	190	multi	8	269
VASA published, mouse	190	multi	9	450
VASA published, mouse	190	multi	10	91
VASA published, mouse	190	multi	11	54
VASA published, mouse	190	multi	12	21
VASA published, mouse	190	multi	13	2
VASA published, mouse	190	multi	14	1
VASA published, mouse	190	multi	18	1
VASA published, mouse	190	multi	20	56
VASA published, mouse	190	single	1	177426
VASA published, mouse	190	single	2	6645
VASA published, mouse	190	single	3	310
VASA published, mouse	190	single	4	2
VASA published, mouse	190	single	8	2
VASA published, mouse	190	single	14	1
VASA published, mouse	190	single	15	4
VASA published, mouse	190	single	20	52
VASA published, mouse	194	multi	1	1144
VASA published, mouse	194	multi	2	1754
VASA published, mouse	194	multi	3	730
VASA published, mouse	194	multi	4	797
VASA published, mouse	194	multi	5	280
VASA published, mouse	194	multi	6	234
VASA published, mouse	194	multi	7	78
VASA published, mouse	194	multi	8	44
VASA published, mouse	194	multi	9	158
VASA published, mouse	194	multi	10	49
VASA published, mouse	194	multi	11	6
VASA published, mouse	194	multi	12	5
VASA published, mouse	194	multi	13	3
VASA published, mouse	194	multi	15	1
VASA published, mouse	194	multi	18	3
VASA published, mouse	194	multi	19	5
VASA published, mouse	194	multi	20	1
VASA published, mouse	194	single	1	25042
VASA published, mouse	194	single	2	1776
VASA published, mouse	194	single	3	52
VASA published, mouse	194	single	4	2
VASA published, mouse	194	single	7	2
VASA published, mouse	194	single	20	6
VASA published, mouse	196	multi	1	2348
VASA published, mouse	196	multi	2	3359
VASA published, mouse	196	multi	3	1714
VASA published, mouse	196	multi	4	2222
VASA published, mouse	196	multi	5	655
VASA published, mouse	196	multi	6	738
VASA published, mouse	196	multi	7	168
VASA published, mouse	196	multi	8	93
VASA published, mouse	196	multi	9	252
VASA published, mouse	196	multi	10	73
VASA published, mouse	196	multi	11	9
VASA published, mouse	196	multi	12	22
VASA published, mouse	196	multi	13	2
VASA published, mouse	196	multi	17	1
VASA published, mouse	196	multi	18	5
VASA published, mouse	196	multi	19	1
VASA published, mouse	196	multi	20	8
VASA published, mouse	196	single	1	67338
VASA published, mouse	196	single	2	3305
VASA published, mouse	196	single	3	119
VASA published, mouse	196	single	4	7
VASA published, mouse	196	single	20	11
VASA published, mouse	198	multi	1	4975
VASA published, mouse	198	multi	2	5851
VASA published, mouse	198	multi	3	3032
VASA published, mouse	198	multi	4	2071
VASA published, mouse	198	multi	5	1027
VASA published, mouse	198	multi	6	858
VASA published, mouse	198	multi	7	238
VASA published, mouse	198	multi	8	209
VASA published, mouse	198	multi	9	218
VASA published, mouse	198	multi	10	50
VASA published, mouse	198	multi	11	34
VASA published, mouse	198	multi	12	20
VASA published, mouse	198	multi	13	2
VASA published, mouse	198	multi	15	1
VASA published, mouse	198	multi	18	26
VASA published, mouse	198	multi	19	2
VASA published, mouse	198	multi	20	25
VASA published, mouse	198	single	1	126643
VASA published, mouse	198	single	2	4077
VASA published, mouse	198	single	3	135
VASA published, mouse	198	single	4	2
VASA published, mouse	198	single	7	1
VASA published, mouse	198	single	9	4
VASA published, mouse	198	single	12	4
VASA published, mouse	198	single	19	2
VASA published, mouse	198	single	20	24
VASA published, mouse	200	multi	1	5992
VASA published, mouse	200	multi	2	7716
VASA published, mouse	200	multi	3	3243
VASA published, mouse	200	multi	4	3250
VASA published, mouse	200	multi	5	1384
VASA published, mouse	200	multi	6	1264
VASA published, mouse	200	multi	7	366
VASA published, mouse	200	multi	8	191
VASA published, mouse	200	multi	9	400
VASA published, mouse	200	multi	10	70
VASA published, mouse	200	multi	11	58
VASA published, mouse	200	multi	12	18
VASA published, mouse	200	multi	13	13
VASA published, mouse	200	multi	18	12
VASA published, mouse	200	multi	19	7
VASA published, mouse	200	multi	20	40
VASA published, mouse	200	single	1	163701
VASA published, mouse	200	single	2	5996
VASA published, mouse	200	single	3	255
VASA published, mouse	200	single	4	2
VASA published, mouse	200	single	6	4
VASA published, mouse	200	single	10	3
VASA published, mouse	200	single	18	1
VASA published, mouse	200	single	20	4
VASA published, mouse	202	multi	1	14274
VASA published, mouse	202	multi	2	19137
VASA published, mouse	202	multi	3	8785
VASA published, mouse	202	multi	4	7945
VASA published, mouse	202	multi	5	3034
VASA published, mouse	202	multi	6	3171
VASA published, mouse	202	multi	7	876
VASA published, mouse	202	multi	8	683
VASA published, mouse	202	multi	9	1162
VASA published, mouse	202	multi	10	241
VASA published, mouse	202	multi	11	158
VASA published, mouse	202	multi	12	45
VASA published, mouse	202	multi	13	13
VASA published, mouse	202	multi	14	3
VASA published, mouse	202	multi	18	10
VASA published, mouse	202	multi	19	21
VASA published, mouse	202	multi	20	64
VASA published, mouse	202	single	1	423797
VASA published, mouse	202	single	2	15388
VASA published, mouse	202	single	3	705
VASA published, mouse	202	single	4	10
VASA published, mouse	202	single	5	6
VASA published, mouse	202	single	6	1
VASA published, mouse	202	single	7	1
VASA published, mouse	202	single	9	5
VASA published, mouse	202	single	15	1
VASA published, mouse	202	single	16	1
VASA published, mouse	202	single	17	1
VASA published, mouse	202	single	19	7
VASA published, mouse	202	single	20	61
VASA published, mouse	204	multi	1	4737
VASA published, mouse	204	multi	2	5856
VASA published, mouse	204	multi	3	3038
VASA published, mouse	204	multi	4	3460
VASA published, mouse	204	multi	5	1040
VASA published, mouse	204	multi	6	1640
VASA published, mouse	204	multi	7	300
VASA published, mouse	204	multi	8	276
VASA published, mouse	204	multi	9	904
VASA published, mouse	204	multi	10	34
VASA published, mouse	204	multi	11	22
VASA published, mouse	204	multi	12	9
VASA published, mouse	204	multi	13	14
VASA published, mouse	204	multi	14	3
VASA published, mouse	204	multi	17	2
VASA published, mouse	204	multi	20	28
VASA published, mouse	204	single	1	154648
VASA published, mouse	204	single	2	6001
VASA published, mouse	204	single	3	363
VASA published, mouse	204	single	10	2
VASA published, mouse	204	single	20	5
VASA published, mouse	208	multi	1	7101
VASA published, mouse	208	multi	2	9288
VASA published, mouse	208	multi	3	4760
VASA published, mouse	208	multi	4	6888
VASA published, mouse	208	multi	5	2011
VASA published, mouse	208	multi	6	2684
VASA published, mouse	208	multi	7	375
VASA published, mouse	208	multi	8	280
VASA published, mouse	208	multi	9	1090
VASA published, mouse	208	multi	10	135
VASA published, mouse	208	multi	11	43
VASA published, mouse	208	multi	12	17
VASA published, mouse	208	multi	13	9
VASA published, mouse	208	multi	18	3
VASA published, mouse	208	multi	19	6
VASA published, mouse	208	multi	20	24
VASA published, mouse	208	single	1	236970
VASA published, mouse	208	single	2	9107
VASA published, mouse	208	single	3	477
VASA published, mouse	208	single	4	10
VASA published, mouse	208	single	5	2
VASA published, mouse	208	single	8	2
VASA published, mouse	208	single	19	7
VASA published, mouse	208	single	20	34
VASA published, mouse	210	multi	1	8167
VASA published, mouse	210	multi	2	11884
VASA published, mouse	210	multi	3	4981
VASA published, mouse	210	multi	4	5151
VASA published, mouse	210	multi	5	1855
VASA published, mouse	210	multi	6	1982
VASA published, mouse	210	multi	7	426
VASA published, mouse	210	multi	8	420
VASA published, mouse	210	multi	9	680
VASA published, mouse	210	multi	10	105
VASA published, mouse	210	multi	11	70
VASA published, mouse	210	multi	12	47
VASA published, mouse	210	multi	13	13
VASA published, mouse	210	multi	14	2
VASA published, mouse	210	multi	18	7
VASA published, mouse	210	multi	19	9
VASA published, mouse	210	multi	20	60
VASA published, mouse	210	single	1	265278
VASA published, mouse	210	single	2	9577
VASA published, mouse	210	single	3	410
VASA published, mouse	210	single	4	10
VASA published, mouse	210	single	6	2
VASA published, mouse	210	single	10	1
VASA published, mouse	210	single	19	2
VASA published, mouse	210	single	20	45
VASA published, mouse	214	multi	1	1707
VASA published, mouse	214	multi	2	2249
VASA published, mouse	214	multi	3	1083
VASA published, mouse	214	multi	4	769
VASA published, mouse	214	multi	5	400
VASA published, mouse	214	multi	6	323
VASA published, mouse	214	multi	7	125
VASA published, mouse	214	multi	8	75
VASA published, mouse	214	multi	9	129
VASA published, mouse	214	multi	10	26
VASA published, mouse	214	multi	11	4
VASA published, mouse	214	multi	12	9
VASA published, mouse	214	multi	13	3
VASA published, mouse	214	multi	16	1
VASA published, mouse	214	multi	17	1
VASA published, mouse	214	multi	19	1
VASA published, mouse	214	multi	20	7
VASA published, mouse	214	single	1	46511
VASA published, mouse	214	single	2	1784
VASA published, mouse	214	single	3	79
VASA published, mouse	214	single	20	3
VASA published, mouse	215	multi	1	3786
VASA published, mouse	215	multi	2	4549
VASA published, mouse	215	multi	3	2015
VASA published, mouse	215	multi	4	2121
VASA published, mouse	215	multi	5	764
VASA published, mouse	215	multi	6	640
VASA published, mouse	215	multi	7	165
VASA published, mouse	215	multi	8	138
VASA published, mouse	215	multi	9	276
VASA published, mouse	215	multi	10	27
VASA published, mouse	215	multi	11	18
VASA published, mouse	215	multi	12	6
VASA published, mouse	215	multi	13	13
VASA published, mouse	215	multi	18	1
VASA published, mouse	215	multi	19	1
VASA published, mouse	215	multi	20	4
VASA published, mouse	215	single	1	116011
VASA published, mouse	215	single	2	4019
VASA published, mouse	215	single	3	184
VASA published, mouse	215	single	4	1
VASA published, mouse	215	single	6	1
VASA published, mouse	215	single	8	1
VASA published, mouse	215	single	20	5
VASA published, mouse	218	multi	1	6319
VASA published, mouse	218	multi	2	8169
VASA published, mouse	218	multi	3	4150
VASA published, mouse	218	multi	4	5317
VASA published, mouse	218	multi	5	1819
VASA published, mouse	218	multi	6	1550
VASA published, mouse	218	multi	7	391
VASA published, mouse	218	multi	8	290
VASA published, mouse	218	multi	9	631
VASA published, mouse	218	multi	10	88
VASA published, mouse	218	multi	11	39
VASA published, mouse	218	multi	12	16
VASA published, mouse	218	multi	13	3
VASA published, mouse	218	multi	14	1
VASA published, mouse	218	multi	17	5
VASA published, mouse	218	multi	18	3
VASA published, mouse	218	multi	19	9
VASA published, mouse	218	multi	20	32
VASA published, mouse	218	single	1	211565
VASA published, mouse	218	single	2	7866
VASA published, mouse	218	single	3	338
VASA published, mouse	218	single	4	12
VASA published, mouse	218	single	9	1
VASA published, mouse	218	single	16	1
VASA published, mouse	218	single	20	25
VASA published, mouse	220	multi	1	10316
VASA published, mouse	220	multi	2	14695
VASA published, mouse	220	multi	3	6699
VASA published, mouse	220	multi	4	6103
VASA published, mouse	220	multi	5	2451
VASA published, mouse	220	multi	6	2446
VASA published, mouse	220	multi	7	611
VASA published, mouse	220	multi	8	533
VASA published, mouse	220	multi	9	1229
VASA published, mouse	220	multi	10	133
VASA published, mouse	220	multi	11	39
VASA published, mouse	220	multi	12	29
VASA published, mouse	220	multi	13	11
VASA published, mouse	220	multi	14	4
VASA published, mouse	220	multi	16	1
VASA published, mouse	220	multi	18	2
VASA published, mouse	220	multi	19	19
VASA published, mouse	220	multi	20	36
VASA published, mouse	220	single	1	347204
VASA published, mouse	220	single	2	13017
VASA published, mouse	220	single	3	487
VASA published, mouse	220	single	4	18
VASA published, mouse	220	single	11	2
VASA published, mouse	220	single	12	1
VASA published, mouse	220	single	14	11
VASA published, mouse	220	single	15	1
VASA published, mouse	220	single	17	1
VASA published, mouse	220	single	19	4
VASA published, mouse	220	single	20	44
VASA published, mouse	222	multi	1	7786
VASA published, mouse	222	multi	2	11715
VASA published, mouse	222	multi	3	4963
VASA published, mouse	222	multi	4	3673
VASA published, mouse	222	multi	5	1574
VASA published, mouse	222	multi	6	1518
VASA published, mouse	222	multi	7	460
VASA published, mouse	222	multi	8	351
VASA published, mouse	222	multi	9	490
VASA published, mouse	222	multi	10	137
VASA published, mouse	222	multi	11	58
VASA published, mouse	222	multi	12	34
VASA published, mouse	222	multi	13	7
VASA published, mouse	222	multi	14	8
VASA published, mouse	222	multi	15	2
VASA published, mouse	222	multi	16	2
VASA published, mouse	222	multi	18	3
VASA published, mouse	222	multi	19	4
VASA published, mouse	222	multi	20	35
VASA published, mouse	222	single	1	222261
VASA published, mouse	222	single	2	7711
VASA published, mouse	222	single	3	315
VASA published, mouse	222	single	4	12
VASA published, mouse	222	single	5	2
VASA published, mouse	222	single	7	1
VASA published, mouse	222	single	8	1
VASA published, mouse	222	single	9	2
VASA published, mouse	222	single	10	2
VASA published, mouse	222	single	13	4
VASA published, mouse	222	single	14	1
VASA published, mouse	222	single	15	3
VASA published, mouse	222	single	16	3
VASA published, mouse	222	single	19	3
VASA published, mouse	222	single	20	33
VASA published, mouse	224	multi	1	1973
VASA published, mouse	224	multi	2	3661
VASA published, mouse	224	multi	3	1451
VASA published, mouse	224	multi	4	991
VASA published, mouse	224	multi	5	537
VASA published, mouse	224	multi	6	426
VASA published, mouse	224	multi	7	177
VASA published, mouse	224	multi	8	103
VASA published, mouse	224	multi	9	123
VASA published, mouse	224	multi	10	35
VASA published, mouse	224	multi	11	9
VASA published, mouse	224	multi	12	5
VASA published, mouse	224	multi	13	1
VASA published, mouse	224	multi	19	1
VASA published, mouse	224	multi	20	13
VASA published, mouse	224	single	1	45201
VASA published, mouse	224	single	2	1872
VASA published, mouse	224	single	3	95
VASA published, mouse	224	single	4	6
VASA published, mouse	224	single	18	2
VASA published, mouse	224	single	20	4
VASA published, mouse	226	multi	1	4044
VASA published, mouse	226	multi	2	6434
VASA published, mouse	226	multi	3	2884
VASA published, mouse	226	multi	4	2028
VASA published, mouse	226	multi	5	887
VASA published, mouse	226	multi	6	735
VASA published, mouse	226	multi	7	269
VASA published, mouse	226	multi	8	201
VASA published, mouse	226	multi	9	213
VASA published, mouse	226	multi	10	107
VASA published, mouse	226	multi	11	41
VASA published, mouse	226	multi	12	22
VASA published, mouse	226	multi	13	1
VASA published, mouse	226	multi	20	21
VASA published, mouse	226	single	1	87616
VASA published, mouse	226	single	2	3411
VASA published, mouse	226	single	3	86
VASA published, mouse	226	single	14	2
VASA published, mouse	226	single	20	4
VASA published, mouse	228	multi	1	1003
VASA published, mouse	228	multi	2	1764
VASA published, mouse	228	multi	3	919
VASA published, mouse	228	multi	4	583
VASA published, mouse	228	multi	5	312
VASA published, mouse	228	multi	6	200
VASA published, mouse	228	multi	7	95
VASA published, mouse	228	multi	8	87
VASA published, mouse	228	multi	9	51
VASA published, mouse	228	multi	10	31
VASA published, mouse	228	multi	11	20
VASA published, mouse	228	multi	12	3
VASA published, mouse	228	multi	13	3
VASA published, mouse	228	multi	20	24
VASA published, mouse	228	single	1	18168
VASA published, mouse	228	single	2	764
VASA published, mouse	228	single	3	51
VASA published, mouse	228	single	20	2
VASA published, mouse	230	multi	1	2555
VASA published, mouse	230	multi	2	3391
VASA published, mouse	230	multi	3	1705
VASA published, mouse	230	multi	4	1394
VASA published, mouse	230	multi	5	567
VASA published, mouse	230	multi	6	516
VASA published, mouse	230	multi	7	150
VASA published, mouse	230	multi	8	134
VASA published, mouse	230	multi	9	181
VASA published, mouse	230	multi	10	45
VASA published, mouse	230	multi	11	19
VASA published, mouse	230	multi	12	11
VASA published, mouse	230	multi	13	4
VASA published, mouse	230	multi	15	2
VASA published, mouse	230	multi	18	2
VASA published, mouse	230	multi	19	4
VASA published, mouse	230	multi	20	38
VASA published, mouse	230	single	1	63962
VASA published, mouse	230	single	2	2413
VASA published, mouse	230	single	3	72
VASA published, mouse	230	single	20	18
VASA published, mouse	232	multi	1	3362
VASA published, mouse	232	multi	2	4669
VASA published, mouse	232	multi	3	2284
VASA published, mouse	232	multi	4	2847
VASA published, mouse	232	multi	5	904
VASA published, mouse	232	multi	6	1084
VASA published, mouse	232	multi	7	236
VASA published, mouse	232	multi	8	106
VASA published, mouse	232	multi	9	301
VASA published, mouse	232	multi	10	42
VASA published, mouse	232	multi	11	8
VASA published, mouse	232	multi	12	12
VASA published, mouse	232	multi	13	1
VASA published, mouse	232	multi	14	1
VASA published, mouse	232	multi	15	1
VASA published, mouse	232	multi	20	25
VASA published, mouse	232	single	1	113458
VASA published, mouse	232	single	2	4329
VASA published, mouse	232	single	3	196
VASA published, mouse	232	single	4	1
VASA published, mouse	232	single	8	1
VASA published, mouse	232	single	11	1
VASA published, mouse	232	single	14	2
VASA published, mouse	232	single	16	5
VASA published, mouse	232	single	20	30
VASA published, mouse	234	multi	1	5377
VASA published, mouse	234	multi	2	7253
VASA published, mouse	234	multi	3	3734
VASA published, mouse	234	multi	4	3876
VASA published, mouse	234	multi	5	1338
VASA published, mouse	234	multi	6	1254
VASA published, mouse	234	multi	7	407
VASA published, mouse	234	multi	8	221
VASA published, mouse	234	multi	9	538
VASA published, mouse	234	multi	10	74
VASA published, mouse	234	multi	11	25
VASA published, mouse	234	multi	12	24
VASA published, mouse	234	multi	18	2
VASA published, mouse	234	multi	19	2
VASA published, mouse	234	multi	20	26
VASA published, mouse	234	single	1	180661
VASA published, mouse	234	single	2	6385
VASA published, mouse	234	single	3	387
VASA published, mouse	234	single	4	8
VASA published, mouse	234	single	14	2
VASA published, mouse	234	single	20	23
VASA published, mouse	236	multi	1	1922
VASA published, mouse	236	multi	2	2735
VASA published, mouse	236	multi	3	1262
VASA published, mouse	236	multi	4	1000
VASA published, mouse	236	multi	5	424
VASA published, mouse	236	multi	6	397
VASA published, mouse	236	multi	7	113
VASA published, mouse	236	multi	8	101
VASA published, mouse	236	multi	9	118
VASA published, mouse	236	multi	10	22
VASA published, mouse	236	multi	11	25
VASA published, mouse	236	multi	12	5
VASA published, mouse	236	multi	20	7
VASA published, mouse	236	single	1	47818
VASA published, mouse	236	single	2	1753
VASA published, mouse	236	single	3	55
VASA published, mouse	236	single	6	2
VASA published, mouse	236	single	20	4
VASA published, mouse	238	multi	1	896
VASA published, mouse	238	multi	2	1207
VASA published, mouse	238	multi	3	631
VASA published, mouse	238	multi	4	444
VASA published, mouse	238	multi	5	196
VASA published, mouse	238	multi	6	145
VASA published, mouse	238	multi	7	33
VASA published, mouse	238	multi	8	27
VASA published, mouse	238	multi	9	50
VASA published, mouse	238	multi	10	10
VASA published, mouse	238	multi	11	2
VASA published, mouse	238	multi	13	1
VASA published, mouse	238	multi	18	1
VASA published, mouse	238	multi	20	3
VASA published, mouse	238	single	1	29477
VASA published, mouse	238	single	2	984
VASA published, mouse	238	single	3	27
VASA published, mouse	238	single	8	4
VASA published, mouse	238	single	12	2
VASA published, mouse	238	single	13	4
VASA published, mouse	238	single	15	1
VASA published, mouse	242	multi	1	5940
VASA published, mouse	242	multi	2	8132
VASA published, mouse	242	multi	3	3241
VASA published, mouse	242	multi	4	4347
VASA published, mouse	242	multi	5	1078
VASA published, mouse	242	multi	6	1312
VASA published, mouse	242	multi	7	347
VASA published, mouse	242	multi	8	225
VASA published, mouse	242	multi	9	363
VASA published, mouse	242	multi	10	72
VASA published, mouse	242	multi	11	42
VASA published, mouse	242	multi	12	14
VASA published, mouse	242	multi	13	12
VASA published, mouse	242	multi	16	1
VASA published, mouse	242	multi	18	12
VASA published, mouse	242	multi	20	37
VASA published, mouse	242	single	1	156963
VASA published, mouse	242	single	2	5995
VASA published, mouse	242	single	3	262
VASA published, mouse	242	single	4	1
VASA published, mouse	242	single	8	1
VASA published, mouse	242	single	17	7
VASA published, mouse	242	single	20	20
VASA published, mouse	244	multi	1	7094
VASA published, mouse	244	multi	2	9317
VASA published, mouse	244	multi	3	4260
VASA published, mouse	244	multi	4	3408
VASA published, mouse	244	multi	5	1551
VASA published, mouse	244	multi	6	1445
VASA published, mouse	244	multi	7	403
VASA published, mouse	244	multi	8	361
VASA published, mouse	244	multi	9	604
VASA published, mouse	244	multi	10	78
VASA published, mouse	244	multi	11	48
VASA published, mouse	244	multi	12	25
VASA published, mouse	244	multi	13	9
VASA published, mouse	244	multi	18	5
VASA published, mouse	244	multi	20	57
VASA published, mouse	244	single	1	204838
VASA published, mouse	244	single	2	7335
VASA published, mouse	244	single	3	258
VASA published, mouse	244	single	4	6
VASA published, mouse	244	single	5	5
VASA published, mouse	244	single	6	1
VASA published, mouse	244	single	7	4
VASA published, mouse	244	single	13	9
VASA published, mouse	244	single	20	8
VASA published, mouse	246	multi	1	5181
VASA published, mouse	246	multi	2	6680
VASA published, mouse	246	multi	3	3342
VASA published, mouse	246	multi	4	2644
VASA published, mouse	246	multi	5	1106
VASA published, mouse	246	multi	6	967
VASA published, mouse	246	multi	7	298
VASA published, mouse	246	multi	8	275
VASA published, mouse	246	multi	9	372
VASA published, mouse	246	multi	10	65
VASA published, mouse	246	multi	11	35
VASA published, mouse	246	multi	12	7
VASA published, mouse	246	multi	13	2
VASA published, mouse	246	multi	18	1
VASA published, mouse	246	multi	19	1
VASA published, mouse	246	multi	20	46
VASA published, mouse	246	single	1	146538
VASA published, mouse	246	single	2	5096
VASA published, mouse	246	single	3	150
VASA published, mouse	246	single	4	4
VASA published, mouse	246	single	6	3
VASA published, mouse	246	single	13	1
VASA published, mouse	246	single	14	3
VASA published, mouse	246	single	20	22
VASA published, mouse	248	multi	1	11943
VASA published, mouse	248	multi	2	17006
VASA published, mouse	248	multi	3	7535
VASA published, mouse	248	multi	4	5691
VASA published, mouse	248	multi	5	2604
VASA published, mouse	248	multi	6	2482
VASA published, mouse	248	multi	7	653
VASA published, mouse	248	multi	8	543
VASA published, mouse	248	multi	9	841
VASA published, mouse	248	multi	10	176
VASA published, mouse	248	multi	11	103
VASA published, mouse	248	multi	12	38
VASA published, mouse	248	multi	13	16
VASA published, mouse	248	multi	14	3
VASA published, mouse	248	multi	15	2
VASA published, mouse	248	multi	16	1
VASA published, mouse	248	multi	18	4
VASA published, mouse	248	multi	19	4
VASA published, mouse	248	multi	20	50
VASA published, mouse	248	single	1	341291
VASA published, mouse	248	single	2	12896
VASA published, mouse	248	single	3	656
VASA published, mouse	248	single	4	26
VASA published, mouse	248	single	5	1
VASA published, mouse	248	single	6	7
VASA published, mouse	248	single	7	5
VASA published, mouse	248	single	10	1
VASA published, mouse	248	single	11	2
VASA published, mouse	248	single	13	1
VASA published, mouse	248	single	14	4
VASA published, mouse	248	single	15	7
VASA published, mouse	248	single	19	6
VASA published, mouse	248	single	20	47
VASA published, mouse	250	multi	1	6170
VASA published, mouse	250	multi	2	8632
VASA published, mouse	250	multi	3	4513
VASA published, mouse	250	multi	4	8789
VASA published, mouse	250	multi	5	2205
VASA published, mouse	250	multi	6	2648
VASA published, mouse	250	multi	7	421
VASA published, mouse	250	multi	8	323
VASA published, mouse	250	multi	9	891
VASA published, mouse	250	multi	10	103
VASA published, mouse	250	multi	11	33
VASA published, mouse	250	multi	12	9
VASA published, mouse	250	multi	13	11
VASA published, mouse	250	multi	14	1
VASA published, mouse	250	multi	17	2
VASA published, mouse	250	multi	19	1
VASA published, mouse	250	multi	20	34
VASA published, mouse	250	single	1	237491
VASA published, mouse	250	single	2	9078
VASA published, mouse	250	single	3	487
VASA published, mouse	250	single	4	15
VASA published, mouse	250	single	5	9
VASA published, mouse	250	single	6	5
VASA published, mouse	250	single	20	43
VASA published, mouse	252	multi	1	11265
VASA published, mouse	252	multi	2	15543
VASA published, mouse	252	multi	3	6834
VASA published, mouse	252	multi	4	7472
VASA published, mouse	252	multi	5	2491
VASA published, mouse	252	multi	6	2818
VASA published, mouse	252	multi	7	604
VASA published, mouse	252	multi	8	470
VASA published, mouse	252	multi	9	1030
VASA published, mouse	252	multi	10	120
VASA published, mouse	252	multi	11	56
VASA published, mouse	252	multi	12	36
VASA published, mouse	252	multi	13	12
VASA published, mouse	252	multi	18	10
VASA published, mouse	252	multi	19	5
VASA published, mouse	252	multi	20	50
VASA published, mouse	252	single	1	330979
VASA published, mouse	252	single	2	12489
VASA published, mouse	252	single	3	604
VASA published, mouse	252	single	4	11
VASA published, mouse	252	single	14	2
VASA published, mouse	252	single	15	1
VASA published, mouse	252	single	16	1
VASA published, mouse	252	single	18	3
VASA published, mouse	252	single	20	50
VASA published, mouse	254	multi	1	11938
VASA published, mouse	254	multi	2	17979
VASA published, mouse	254	multi	3	8151
VASA published, mouse	254	multi	4	6661
VASA published, mouse	254	multi	5	2907
VASA published, mouse	254	multi	6	2416
VASA published, mouse	254	multi	7	737
VASA published, mouse	254	multi	8	547
VASA published, mouse	254	multi	9	864
VASA published, mouse	254	multi	10	165
VASA published, mouse	254	multi	11	133
VASA published, mouse	254	multi	12	60
VASA published, mouse	254	multi	13	29
VASA published, mouse	254	multi	14	1
VASA published, mouse	254	multi	17	7
VASA published, mouse	254	multi	18	28
VASA published, mouse	254	multi	19	2
VASA published, mouse	254	multi	20	54
VASA published, mouse	254	single	1	342380
VASA published, mouse	254	single	2	12189
VASA published, mouse	254	single	3	485
VASA published, mouse	254	single	4	30
VASA published, mouse	254	single	12	2
VASA published, mouse	254	single	14	1
VASA published, mouse	254	single	16	5
VASA published, mouse	254	single	17	3
VASA published, mouse	254	single	18	5
VASA published, mouse	254	single	19	10
VASA published, mouse	254	single	20	83
VASA published, mouse	256	multi	1	7268
VASA published, mouse	256	multi	2	9873
VASA published, mouse	256	multi	3	4390
VASA published, mouse	256	multi	4	3588
VASA published, mouse	256	multi	5	1417
VASA published, mouse	256	multi	6	1604
VASA published, mouse	256	multi	7	334
VASA published, mouse	256	multi	8	297
VASA published, mouse	256	multi	9	503
VASA published, mouse	256	multi	10	46
VASA published, mouse	256	multi	11	47
VASA published, mouse	256	multi	12	20
VASA published, mouse	256	multi	13	12
VASA published, mouse	256	multi	16	3
VASA published, mouse	256	multi	17	5
VASA published, mouse	256	multi	18	1
VASA published, mouse	256	multi	19	2
VASA published, mouse	256	multi	20	43
VASA published, mouse	256	single	1	215266
VASA published, mouse	256	single	2	7692
VASA published, mouse	256	single	3	350
VASA published, mouse	256	single	4	5
VASA published, mouse	256	single	14	7
VASA published, mouse	256	single	15	2
VASA published, mouse	256	single	16	12
VASA published, mouse	256	single	17	4
VASA published, mouse	256	single	18	1
VASA published, mouse	256	single	20	6
VASA published, mouse	258	multi	1	7109
VASA published, mouse	258	multi	2	9164
VASA published, mouse	258	multi	3	4367
VASA published, mouse	258	multi	4	4038
VASA published, mouse	258	multi	5	1643
VASA published, mouse	258	multi	6	1731
VASA published, mouse	258	multi	7	432
VASA published, mouse	258	multi	8	378
VASA published, mouse	258	multi	9	646
VASA published, mouse	258	multi	10	84
VASA published, mouse	258	multi	11	70
VASA published, mouse	258	multi	12	13
VASA published, mouse	258	multi	13	12
VASA published, mouse	258	multi	14	1
VASA published, mouse	258	multi	18	5
VASA published, mouse	258	multi	19	8
VASA published, mouse	258	multi	20	41
VASA published, mouse	258	single	1	248647
VASA published, mouse	258	single	2	9284
VASA published, mouse	258	single	3	385
VASA published, mouse	258	single	4	26
VASA published, mouse	258	single	12	4
VASA published, mouse	258	single	13	1
VASA published, mouse	258	single	16	3
VASA published, mouse	258	single	17	4
VASA published, mouse	258	single	20	26
VASA published, mouse	260	multi	1	6151
VASA published, mouse	260	multi	2	8392
VASA published, mouse	260	multi	3	3684
VASA published, mouse	260	multi	4	4936
VASA published, mouse	260	multi	5	1536
VASA published, mouse	260	multi	6	1889
VASA published, mouse	260	multi	7	318
VASA published, mouse	260	multi	8	199
VASA published, mouse	260	multi	9	687
VASA published, mouse	260	multi	10	92
VASA published, mouse	260	multi	11	48
VASA published, mouse	260	multi	12	19
VASA published, mouse	260	multi	13	7
VASA published, mouse	260	multi	15	1
VASA published, mouse	260	multi	16	1
VASA published, mouse	260	multi	17	2
VASA published, mouse	260	multi	18	3
VASA published, mouse	260	multi	20	15
VASA published, mouse	260	single	1	177665
VASA published, mouse	260	single	2	6375
VASA published, mouse	260	single	3	214
VASA published, mouse	260	single	4	6
VASA published, mouse	260	single	8	2
VASA published, mouse	260	single	10	1
VASA published, mouse	260	single	11	6
VASA published, mouse	260	single	16	1
VASA published, mouse	260	single	20	31
VASA published, mouse	262	multi	1	4281
VASA published, mouse	262	multi	2	5904
VASA published, mouse	262	multi	3	2687
VASA published, mouse	262	multi	4	1937
VASA published, mouse	262	multi	5	761
VASA published, mouse	262	multi	6	713
VASA published, mouse	262	multi	7	252
VASA published, mouse	262	multi	8	222
VASA published, mouse	262	multi	9	292
VASA published, mouse	262	multi	10	43
VASA published, mouse	262	multi	11	34
VASA published, mouse	262	multi	12	28
VASA published, mouse	262	multi	13	7
VASA published, mouse	262	multi	14	2
VASA published, mouse	262	multi	17	1
VASA published, mouse	262	multi	18	1
VASA published, mouse	262	multi	19	1
VASA published, mouse	262	multi	20	14
VASA published, mouse	262	single	1	116953
VASA published, mouse	262	single	2	4121
VASA published, mouse	262	single	3	143
VASA published, mouse	262	single	20	12
VASA published, mouse	263	multi	1	4762
VASA published, mouse	263	multi	2	6236
VASA published, mouse	263	multi	3	2747
VASA published, mouse	263	multi	4	2513
VASA published, mouse	263	multi	5	1011
VASA published, mouse	263	multi	6	1131
VASA published, mouse	263	multi	7	236
VASA published, mouse	263	multi	8	177
VASA published, mouse	263	multi	9	336
VASA published, mouse	263	multi	10	79
VASA published, mouse	263	multi	11	26
VASA published, mouse	263	multi	12	6
VASA published, mouse	263	multi	13	4
VASA published, mouse	263	multi	20	35
VASA published, mouse	263	single	1	143103
VASA published, mouse	263	single	2	4924
VASA published, mouse	263	single	3	231
VASA published, mouse	263	single	4	6
VASA published, mouse	263	single	5	2
VASA published, mouse	263	single	15	3
VASA published, mouse	263	single	20	5
VASA published, mouse	266	multi	1	14842
VASA published, mouse	266	multi	2	18270
VASA published, mouse	266	multi	3	9628
VASA published, mouse	266	multi	4	27925
VASA published, mouse	266	multi	5	4882
VASA published, mouse	266	multi	6	6466
VASA published, mouse	266	multi	7	824
VASA published, mouse	266	multi	8	621
VASA published, mouse	266	multi	9	3149
VASA published, mouse	266	multi	10	226
VASA published, mouse	266	multi	11	106
VASA published, mouse	266	multi	12	42
VASA published, mouse	266	multi	13	39
VASA published, mouse	266	multi	14	7
VASA published, mouse	266	multi	17	2
VASA published, mouse	266	multi	18	10
VASA published, mouse	266	multi	19	12
VASA published, mouse	266	multi	20	91
VASA published, mouse	266	single	1	518671
VASA published, mouse	266	single	2	23314
VASA published, mouse	266	single	3	1089
VASA published, mouse	266	single	4	35
VASA published, mouse	266	single	5	1
VASA published, mouse	266	single	6	3
VASA published, mouse	266	single	7	4
VASA published, mouse	266	single	8	1
VASA published, mouse	266	single	9	4
VASA published, mouse	266	single	10	2
VASA published, mouse	266	single	11	5
VASA published, mouse	266	single	12	1
VASA published, mouse	266	single	13	5
VASA published, mouse	266	single	14	5
VASA published, mouse	266	single	15	27
VASA published, mouse	266	single	16	2
VASA published, mouse	266	single	17	2
VASA published, mouse	266	single	18	22
VASA published, mouse	266	single	19	10
VASA published, mouse	266	single	20	34
VASA published, mouse	268	multi	1	4706
VASA published, mouse	268	multi	2	7541
VASA published, mouse	268	multi	3	3586
VASA published, mouse	268	multi	4	2438
VASA published, mouse	268	multi	5	1184
VASA published, mouse	268	multi	6	1084
VASA published, mouse	268	multi	7	346
VASA published, mouse	268	multi	8	251
VASA published, mouse	268	multi	9	301
VASA published, mouse	268	multi	10	87
VASA published, mouse	268	multi	11	41
VASA published, mouse	268	multi	12	12
VASA published, mouse	268	multi	13	6
VASA published, mouse	268	multi	14	1
VASA published, mouse	268	multi	15	1
VASA published, mouse	268	multi	16	1
VASA published, mouse	268	multi	17	1
VASA published, mouse	268	multi	18	7
VASA published, mouse	268	multi	19	14
VASA published, mouse	268	multi	20	39
VASA published, mouse	268	single	1	125723
VASA published, mouse	268	single	2	5186
VASA published, mouse	268	single	3	288
VASA published, mouse	268	single	4	6
VASA published, mouse	268	single	14	9
VASA published, mouse	268	single	15	2
VASA published, mouse	268	single	16	6
VASA published, mouse	268	single	19	8
VASA published, mouse	268	single	20	12
VASA published, mouse	270	multi	1	5923
VASA published, mouse	270	multi	2	8942
VASA published, mouse	270	multi	3	3944
VASA published, mouse	270	multi	4	4652
VASA published, mouse	270	multi	5	1606
VASA published, mouse	270	multi	6	1710
VASA published, mouse	270	multi	7	351
VASA published, mouse	270	multi	8	220
VASA published, mouse	270	multi	9	689
VASA published, mouse	270	multi	10	108
VASA published, mouse	270	multi	11	41
VASA published, mouse	270	multi	12	19
VASA published, mouse	270	multi	13	3
VASA published, mouse	270	multi	14	3
VASA published, mouse	270	multi	17	1
VASA published, mouse	270	multi	18	3
VASA published, mouse	270	multi	19	10
VASA published, mouse	270	multi	20	59
VASA published, mouse	270	single	1	187242
VASA published, mouse	270	single	2	6668
VASA published, mouse	270	single	3	261
VASA published, mouse	270	single	4	10
VASA published, mouse	270	single	8	1
VASA published, mouse	270	single	9	1
VASA published, mouse	270	single	10	6
VASA published, mouse	270	single	13	1
VASA published, mouse	270	single	14	6
VASA published, mouse	270	single	20	29
VASA published, mouse	272	multi	1	5735
VASA published, mouse	272	multi	2	7146
VASA published, mouse	272	multi	3	3284
VASA published, mouse	272	multi	4	4010
VASA published, mouse	272	multi	5	1167
VASA published, mouse	272	multi	6	1405
VASA published, mouse	272	multi	7	310
VASA published, mouse	272	multi	8	199
VASA published, mouse	272	multi	9	461
VASA published, mouse	272	multi	10	74
VASA published, mouse	272	multi	11	51
VASA published, mouse	272	multi	12	10
VASA published, mouse	272	multi	13	3
VASA published, mouse	272	multi	16	1
VASA published, mouse	272	multi	18	6
VASA published, mouse	272	multi	19	15
VASA published, mouse	272	multi	20	42
VASA published, mouse	272	single	1	175996
VASA published, mouse	272	single	2	6099
VASA published, mouse	272	single	3	266
VASA published, mouse	272	single	5	4
VASA published, mouse	272	single	14	1
VASA published, mouse	272	single	15	4
VASA published, mouse	272	single	17	7
VASA published, mouse	272	single	18	6
VASA published, mouse	272	single	20	4
VASA published, mouse	274	multi	1	3501
VASA published, mouse	274	multi	2	4783
VASA published, mouse	274	multi	3	2367
VASA published, mouse	274	multi	4	2352
VASA published, mouse	274	multi	5	801
VASA published, mouse	274	multi	6	862
VASA published, mouse	274	multi	7	209
VASA published, mouse	274	multi	8	158
VASA published, mouse	274	multi	9	290
VASA published, mouse	274	multi	10	56
VASA published, mouse	274	multi	11	15
VASA published, mouse	274	multi	12	14
VASA published, mouse	274	multi	13	1
VASA published, mouse	274	multi	14	6
VASA published, mouse	274	multi	18	5
VASA published, mouse	274	multi	20	26
VASA published, mouse	274	single	1	102074
VASA published, mouse	274	single	2	3955
VASA published, mouse	274	single	3	161
VASA published, mouse	274	single	4	3
VASA published, mouse	274	single	20	5
VASA published, mouse	276	multi	1	10859
VASA published, mouse	276	multi	2	13400
VASA published, mouse	276	multi	3	6658
VASA published, mouse	276	multi	4	12475
VASA published, mouse	276	multi	5	3224
VASA published, mouse	276	multi	6	3628
VASA published, mouse	276	multi	7	583
VASA published, mouse	276	multi	8	439
VASA published, mouse	276	multi	9	1414
VASA published, mouse	276	multi	10	114
VASA published, mouse	276	multi	11	38
VASA published, mouse	276	multi	12	19
VASA published, mouse	276	multi	13	14
VASA published, mouse	276	multi	14	10
VASA published, mouse	276	multi	16	1
VASA published, mouse	276	multi	17	1
VASA published, mouse	276	multi	19	1
VASA published, mouse	276	multi	20	52
VASA published, mouse	276	single	1	390467
VASA published, mouse	276	single	2	15022
VASA published, mouse	276	single	3	827
VASA published, mouse	276	single	4	32
VASA published, mouse	276	single	5	3
VASA published, mouse	276	single	10	4
VASA published, mouse	276	single	14	2
VASA published, mouse	276	single	15	1
VASA published, mouse	276	single	16	1
VASA published, mouse	276	single	17	12
VASA published, mouse	276	single	20	67
VASA published, mouse	278	multi	1	2429
VASA published, mouse	278	multi	2	3378
VASA published, mouse	278	multi	3	1381
VASA published, mouse	278	multi	4	1156
VASA published, mouse	278	multi	5	571
VASA published, mouse	278	multi	6	413
VASA published, mouse	278	multi	7	126
VASA published, mouse	278	multi	8	89
VASA published, mouse	278	multi	9	117
VASA published, mouse	278	multi	10	19
VASA published, mouse	278	multi	11	6
VASA published, mouse	278	multi	12	10
VASA published, mouse	278	multi	13	1
VASA published, mouse	278	multi	15	2
VASA published, mouse	278	multi	16	2
VASA published, mouse	278	multi	18	1
VASA published, mouse	278	multi	19	2
VASA published, mouse	278	multi	20	5
VASA published, mouse	278	single	1	63532
VASA published, mouse	278	single	2	2463
VASA published, mouse	278	single	3	113
VASA published, mouse	278	single	4	1
VASA published, mouse	278	single	5	1
VASA published, mouse	278	single	8	1
VASA published, mouse	278	single	13	2
VASA published, mouse	278	single	20	9
VASA published, mouse	280	multi	1	767
VASA published, mouse	280	multi	2	711
VASA published, mouse	280	multi	3	265
VASA published, mouse	280	multi	4	207
VASA published, mouse	280	multi	5	114
VASA published, mouse	280	multi	6	94
VASA published, mouse	280	multi	7	19
VASA published, mouse	280	multi	8	31
VASA published, mouse	280	multi	9	21
VASA published, mouse	280	multi	10	4
VASA published, mouse	280	multi	11	1
VASA published, mouse	280	multi	12	1
VASA published, mouse	280	single	1	15984
VASA published, mouse	280	single	2	536
VASA published, mouse	280	single	3	12
VASA published, mouse	280	single	4	2
VASA published, mouse	280	single	10	1
VASA published, mouse	280	single	15	1
VASA published, mouse	280	single	20	3
VASA published, mouse	282	multi	1	9083
VASA published, mouse	282	multi	2	10473
VASA published, mouse	282	multi	3	5204
VASA published, mouse	282	multi	4	5411
VASA published, mouse	282	multi	5	2155
VASA published, mouse	282	multi	6	2187
VASA published, mouse	282	multi	7	460
VASA published, mouse	282	multi	8	373
VASA published, mouse	282	multi	9	889
VASA published, mouse	282	multi	10	114
VASA published, mouse	282	multi	11	92
VASA published, mouse	282	multi	12	27
VASA published, mouse	282	multi	13	11
VASA published, mouse	282	multi	14	2
VASA published, mouse	282	multi	15	2
VASA published, mouse	282	multi	20	79
VASA published, mouse	282	single	1	298675
VASA published, mouse	282	single	2	11313
VASA published, mouse	282	single	3	415
VASA published, mouse	282	single	4	13
VASA published, mouse	282	single	5	2
VASA published, mouse	282	single	8	2
VASA published, mouse	282	single	10	5
VASA published, mouse	282	single	13	4
VASA published, mouse	282	single	14	6
VASA published, mouse	282	single	15	13
VASA published, mouse	282	single	17	13
VASA published, mouse	282	single	18	2
VASA published, mouse	282	single	19	33
VASA published, mouse	282	single	20	20
VASA published, mouse	284	multi	1	5884
VASA published, mouse	284	multi	2	7960
VASA published, mouse	284	multi	3	3525
VASA published, mouse	284	multi	4	2829
VASA published, mouse	284	multi	5	1198
VASA published, mouse	284	multi	6	1161
VASA published, mouse	284	multi	7	281
VASA published, mouse	284	multi	8	184
VASA published, mouse	284	multi	9	439
VASA published, mouse	284	multi	10	101
VASA published, mouse	284	multi	11	16
VASA published, mouse	284	multi	12	10
VASA published, mouse	284	multi	13	1
VASA published, mouse	284	multi	17	13
VASA published, mouse	284	multi	20	24
VASA published, mouse	284	single	1	164997
VASA published, mouse	284	single	2	6442
VASA published, mouse	284	single	3	277
VASA published, mouse	284	single	4	7
VASA published, mouse	284	single	20	38
VASA published, mouse	286	multi	1	8031
VASA published, mouse	286	multi	2	11263
VASA published, mouse	286	multi	3	5082
VASA published, mouse	286	multi	4	3976
VASA published, mouse	286	multi	5	1676
VASA published, mouse	286	multi	6	1726
VASA published, mouse	286	multi	7	478
VASA published, mouse	286	multi	8	314
VASA published, mouse	286	multi	9	574
VASA published, mouse	286	multi	10	119
VASA published, mouse	286	multi	11	43
VASA published, mouse	286	multi	12	33
VASA published, mouse	286	multi	13	5
VASA published, mouse	286	multi	18	3
VASA published, mouse	286	multi	20	43
VASA published, mouse	286	single	1	217951
VASA published, mouse	286	single	2	8061
VASA published, mouse	286	single	3	245
VASA published, mouse	286	single	4	30
VASA published, mouse	286	single	8	7
VASA published, mouse	286	single	15	1
VASA published, mouse	286	single	16	20
VASA published, mouse	286	single	17	2
VASA published, mouse	286	single	18	19
VASA published, mouse	286	single	20	4
VASA published, mouse	287	multi	1	15993
VASA published, mouse	287	multi	2	24031
VASA published, mouse	287	multi	3	10780
VASA published, mouse	287	multi	4	8672
VASA published, mouse	287	multi	5	3522
VASA published, mouse	287	multi	6	3053
VASA published, mouse	287	multi	7	997
VASA published, mouse	287	multi	8	791
VASA published, mouse	287	multi	9	1222
VASA published, mouse	287	multi	10	183
VASA published, mouse	287	multi	11	174
VASA published, mouse	287	multi	12	72
VASA published, mouse	287	multi	13	24
VASA published, mouse	287	multi	14	4
VASA published, mouse	287	multi	15	5
VASA published, mouse	287	multi	16	1
VASA published, mouse	287	multi	18	10
VASA published, mouse	287	multi	19	3
VASA published, mouse	287	multi	20	73
VASA published, mouse	287	single	1	503319
VASA published, mouse	287	single	2	17503
VASA published, mouse	287	single	3	721
VASA published, mouse	287	single	4	26
VASA published, mouse	287	single	5	5
VASA published, mouse	287	single	6	7
VASA published, mouse	287	single	7	2
VASA published, mouse	287	single	8	5
VASA published, mouse	287	single	14	6
VASA published, mouse	287	single	16	1
VASA published, mouse	287	single	20	14
VASA published, mouse	290	multi	1	2052
VASA published, mouse	290	multi	2	3170
VASA published, mouse	290	multi	3	1326
VASA published, mouse	290	multi	4	1224
VASA published, mouse	290	multi	5	430
VASA published, mouse	290	multi	6	481
VASA published, mouse	290	multi	7	177
VASA published, mouse	290	multi	8	110
VASA published, mouse	290	multi	9	131
VASA published, mouse	290	multi	10	31
VASA published, mouse	290	multi	11	26
VASA published, mouse	290	multi	12	12
VASA published, mouse	290	multi	18	6
VASA published, mouse	290	multi	19	4
VASA published, mouse	290	multi	20	23
VASA published, mouse	290	single	1	45868
VASA published, mouse	290	single	2	1835
VASA published, mouse	290	single	3	77
VASA published, mouse	290	single	4	4
VASA published, mouse	290	single	10	2
VASA published, mouse	290	single	14	9
VASA published, mouse	290	single	20	7
VASA published, mouse	292	multi	1	1412
VASA published, mouse	292	multi	2	2162
VASA published, mouse	292	multi	3	1115
VASA published, mouse	292	multi	4	1004
VASA published, mouse	292	multi	5	398
VASA published, mouse	292	multi	6	370
VASA published, mouse	292	multi	7	92
VASA published, mouse	292	multi	8	98
VASA published, mouse	292	multi	9	136
VASA published, mouse	292	multi	10	29
VASA published, mouse	292	multi	11	19
VASA published, mouse	292	multi	12	11
VASA published, mouse	292	multi	19	11
VASA published, mouse	292	multi	20	6
VASA published, mouse	292	single	1	36598
VASA published, mouse	292	single	2	1979
VASA published, mouse	292	single	3	91
VASA published, mouse	292	single	4	1
VASA published, mouse	292	single	8	1
VASA published, mouse	292	single	17	3
VASA published, mouse	292	single	20	1
VASA published, mouse	294	multi	1	11239
VASA published, mouse	294	multi	2	15653
VASA published, mouse	294	multi	3	7594
VASA published, mouse	294	multi	4	14197
VASA published, mouse	294	multi	5	2948
VASA published, mouse	294	multi	6	3602
VASA published, mouse	294	multi	7	623
VASA published, mouse	294	multi	8	502
VASA published, mouse	294	multi	9	1337
VASA published, mouse	294	multi	10	155
VASA published, mouse	294	multi	11	62
VASA published, mouse	294	multi	12	35
VASA published, mouse	294	multi	13	9
VASA published, mouse	294	multi	14	2
VASA published, mouse	294	multi	15	2
VASA published, mouse	294	multi	16	1
VASA published, mouse	294	multi	17	1
VASA published, mouse	294	multi	19	2
VASA published, mouse	294	multi	20	52
VASA published, mouse	294	single	1	343139
VASA published, mouse	294	single	2	16433
VASA published, mouse	294	single	3	675
VASA published, mouse	294	single	4	8
VASA published, mouse	294	single	5	2
VASA published, mouse	294	single	6	1
VASA published, mouse	294	single	9	4
VASA published, mouse	294	single	10	6
VASA published, mouse	294	single	15	3
VASA published, mouse	294	single	16	10
VASA published, mouse	294	single	18	7
VASA published, mouse	294	single	19	4
VASA published, mouse	294	single	20	39
VASA published, mouse	296	multi	1	12427
VASA published, mouse	296	multi	2	17919
VASA published, mouse	296	multi	3	7729
VASA published, mouse	296	multi	4	9717
VASA published, mouse	296	multi	5	2985
VASA published, mouse	296	multi	6	3822
VASA published, mouse	296	multi	7	720
VASA published, mouse	296	multi	8	520
VASA published, mouse	296	multi	9	1400
VASA published, mouse	296	multi	10	195
VASA published, mouse	296	multi	11	84
VASA published, mouse	296	multi	12	21
VASA published, mouse	296	multi	13	25
VASA published, mouse	296	multi	14	4
VASA published, mouse	296	multi	18	5
VASA published, mouse	296	multi	19	3
VASA published, mouse	296	multi	20	32
VASA published, mouse	296	single	1	414071
VASA published, mouse	296	single	2	15812
VASA published, mouse	296	single	3	769
VASA published, mouse	296	single	4	52
VASA published, mouse	296	single	5	2
VASA published, mouse	296	single	8	3
VASA published, mouse	296	single	10	7
VASA published, mouse	296	single	14	1
VASA published, mouse	296	single	15	2
VASA published, mouse	296	single	16	1
VASA published, mouse	296	single	18	5
VASA published, mouse	296	single	20	11
VASA published, mouse	298	multi	1	1185
VASA published, mouse	298	multi	2	1528
VASA published, mouse	298	multi	3	641
VASA published, mouse	298	multi	4	475
VASA published, mouse	298	multi	5	287
VASA published, mouse	298	multi	6	171
VASA published, mouse	298	multi	7	70
VASA published, mouse	298	multi	8	67
VASA published, mouse	298	multi	9	72
VASA published, mouse	298	multi	10	17
VASA published, mouse	298	multi	11	17
VASA published, mouse	298	multi	12	2
VASA published, mouse	298	multi	13	1
VASA published, mouse	298	multi	19	1
VASA published, mouse	298	multi	20	4
VASA published, mouse	298	single	1	32003
VASA published, mouse	298	single	2	1190
VASA published, mouse	298	single	3	27
VASA published, mouse	300	multi	1	15363
VASA published, mouse	300	multi	2	20857
VASA published, mouse	300	multi	3	9485
VASA published, mouse	300	multi	4	21121
VASA published, mouse	300	multi	5	4060
VASA published, mouse	300	multi	6	5615
VASA published, mouse	300	multi	7	778
VASA published, mouse	300	multi	8	475
VASA published, mouse	300	multi	9	2432
VASA published, mouse	300	multi	10	182
VASA published, mouse	300	multi	11	112
VASA published, mouse	300	multi	12	43
VASA published, mouse	300	multi	13	29
VASA published, mouse	300	multi	15	2
VASA published, mouse	300	multi	16	1
VASA published, mouse	300	multi	18	4
VASA published, mouse	300	multi	20	72
VASA published, mouse	300	single	1	510606
VASA published, mouse	300	single	2	22103
VASA published, mouse	300	single	3	1092
VASA published, mouse	300	single	4	58
VASA published, mouse	300	single	6	8
VASA published, mouse	300	single	8	9
VASA published, mouse	300	single	9	1
VASA published, mouse	300	single	10	1
VASA published, mouse	300	single	11	1
VASA published, mouse	300	single	12	14
VASA published, mouse	300	single	14	1
VASA published, mouse	300	single	16	4
VASA published, mouse	300	single	19	4
VASA published, mouse	300	single	20	17
VASA published, mouse	302	multi	1	6858
VASA published, mouse	302	multi	2	9706
VASA published, mouse	302	multi	3	4533
VASA published, mouse	302	multi	4	3179
VASA published, mouse	302	multi	5	1343
VASA published, mouse	302	multi	6	1361
VASA published, mouse	302	multi	7	378
VASA published, mouse	302	multi	8	323
VASA published, mouse	302	multi	9	513
VASA published, mouse	302	multi	10	90
VASA published, mouse	302	multi	11	46
VASA published, mouse	302	multi	12	28
VASA published, mouse	302	multi	13	8
VASA published, mouse	302	multi	14	1
VASA published, mouse	302	multi	18	6
VASA published, mouse	302	multi	19	3
VASA published, mouse	302	multi	20	40
VASA published, mouse	302	single	1	202997
VASA published, mouse	302	single	2	7213
VASA published, mouse	302	single	3	304
VASA published, mouse	302	single	4	8
VASA published, mouse	302	single	5	2
VASA published, mouse	302	single	8	2
VASA published, mouse	302	single	10	2
VASA published, mouse	302	single	11	1
VASA published, mouse	302	single	12	2
VASA published, mouse	302	single	17	2
VASA published, mouse	302	single	20	8
VASA published, mouse	304	multi	1	1088
VASA published, mouse	304	multi	2	833
VASA published, mouse	304	multi	3	491
VASA published, mouse	304	multi	4	767
VASA published, mouse	304	multi	5	299
VASA published, mouse	304	multi	6	672
VASA published, mouse	304	multi	7	35
VASA published, mouse	304	multi	8	21
VASA published, mouse	304	multi	9	531
VASA published, mouse	304	multi	10	2
VASA published, mouse	304	multi	11	4
VASA published, mouse	304	multi	12	2
VASA published, mouse	304	multi	13	2
VASA published, mouse	304	multi	19	1
VASA published, mouse	304	multi	20	2
VASA published, mouse	304	single	1	16977
VASA published, mouse	304	single	2	860
VASA published, mouse	304	single	3	35
VASA published, mouse	304	single	15	2
VASA published, mouse	304	single	20	1
VASA published, mouse	306	multi	1	2465
VASA published, mouse	306	multi	2	2920
VASA published, mouse	306	multi	3	1312
VASA published, mouse	306	multi	4	902
VASA published, mouse	306	multi	5	504
VASA published, mouse	306	multi	6	456
VASA published, mouse	306	multi	7	126
VASA published, mouse	306	multi	8	104
VASA published, mouse	306	multi	9	164
VASA published, mouse	306	multi	10	18
VASA published, mouse	306	multi	11	35
VASA published, mouse	306	multi	12	6
VASA published, mouse	306	multi	13	2
VASA published, mouse	306	multi	18	4
VASA published, mouse	306	multi	19	3
VASA published, mouse	306	multi	20	15
VASA published, mouse	306	single	1	61139
VASA published, mouse	306	single	2	2307
VASA published, mouse	306	single	3	110
VASA published, mouse	306	single	6	1
VASA published, mouse	306	single	14	5
VASA published, mouse	306	single	15	1
VASA published, mouse	306	single	16	1
VASA published, mouse	306	single	20	16
VASA published, mouse	308	multi	1	9300
VASA published, mouse	308	multi	2	12883
VASA published, mouse	308	multi	3	6157
VASA published, mouse	308	multi	4	5733
VASA published, mouse	308	multi	5	1907
VASA published, mouse	308	multi	6	2648
VASA published, mouse	308	multi	7	603
VASA published, mouse	308	multi	8	360
VASA published, mouse	308	multi	9	1018
VASA published, mouse	308	multi	10	89
VASA published, mouse	308	multi	11	106
VASA published, mouse	308	multi	12	23
VASA published, mouse	308	multi	13	22
VASA published, mouse	308	multi	14	8
VASA published, mouse	308	multi	16	1
VASA published, mouse	308	multi	18	10
VASA published, mouse	308	multi	19	4
VASA published, mouse	308	multi	20	51
VASA published, mouse	308	single	1	299568
VASA published, mouse	308	single	2	11148
VASA published, mouse	308	single	3	474
VASA published, mouse	308	single	4	13
VASA published, mouse	308	single	20	38
VASA published, mouse	310	multi	1	9558
VASA published, mouse	310	multi	2	12938
VASA published, mouse	310	multi	3	6026
VASA published, mouse	310	multi	4	7348
VASA published, mouse	310	multi	5	2313
VASA published, mouse	310	multi	6	2528
VASA published, mouse	310	multi	7	532
VASA published, mouse	310	multi	8	347
VASA published, mouse	310	multi	9	1028
VASA published, mouse	310	multi	10	174
VASA published, mouse	310	multi	11	70
VASA published, mouse	310	multi	12	34
VASA published, mouse	310	multi	13	6
VASA published, mouse	310	multi	14	1
VASA published, mouse	310	multi	17	1
VASA published, mouse	310	multi	18	3
VASA published, mouse	310	multi	20	50
VASA published, mouse	310	single	1	306647
VASA published, mouse	310	single	2	11390
VASA published, mouse	310	single	3	534
VASA published, mouse	310	single	4	18
VASA published, mouse	310	single	14	2
VASA published, mouse	310	single	20	52
VASA published, mouse	311	multi	1	8605
VASA published, mouse	311	multi	2	11525
VASA published, mouse	311	multi	3	5134
VASA published, mouse	311	multi	4	6057
VASA published, mouse	311	multi	5	1823
VASA published, mouse	311	multi	6	2083
VASA published, mouse	311	multi	7	363
VASA published, mouse	311	multi	8	324
VASA published, mouse	311	multi	9	711
VASA published, mouse	311	multi	10	73
VASA published, mouse	311	multi	11	33
VASA published, mouse	311	multi	12	11
VASA published, mouse	311	multi	13	8
VASA published, mouse	311	multi	14	1
VASA published, mouse	311	multi	15	1
VASA published, mouse	311	multi	18	3
VASA published, mouse	311	multi	19	6
VASA published, mouse	311	multi	20	47
VASA published, mouse	311	single	1	289967
VASA published, mouse	311	single	2	10595
VASA published, mouse	311	single	3	455
VASA published, mouse	311	single	4	5
VASA published, mouse	311	single	5	3
VASA published, mouse	311	single	12	4
VASA published, mouse	311	single	20	40
VASA published, mouse	314	multi	1	10214
VASA published, mouse	314	multi	2	14524
VASA published, mouse	314	multi	3	7276
VASA published, mouse	314	multi	4	24319
VASA published, mouse	314	multi	5	4613
VASA published, mouse	314	multi	6	3908
VASA published, mouse	314	multi	7	749
VASA published, mouse	314	multi	8	537
VASA published, mouse	314	multi	9	2004
VASA published, mouse	314	multi	10	194
VASA published, mouse	314	multi	11	66
VASA published, mouse	314	multi	12	25
VASA published, mouse	314	multi	13	34
VASA published, mouse	314	multi	14	1
VASA published, mouse	314	multi	15	1
VASA published, mouse	314	multi	17	1
VASA published, mouse	314	multi	18	24
VASA published, mouse	314	multi	19	7
VASA published, mouse	314	multi	20	50
VASA published, mouse	314	single	1	359448
VASA published, mouse	314	single	2	15423
VASA published, mouse	314	single	3	877
VASA published, mouse	314	single	4	17
VASA published, mouse	314	single	5	4
VASA published, mouse	314	single	14	1
VASA published, mouse	314	single	16	8
VASA published, mouse	314	single	20	42
VASA published, mouse	316	multi	1	2051
VASA published, mouse	316	multi	2	3462
VASA published, mouse	316	multi	3	1666
VASA published, mouse	316	multi	4	1278
VASA published, mouse	316	multi	5	553
VASA published, mouse	316	multi	6	422
VASA published, mouse	316	multi	7	101
VASA published, mouse	316	multi	8	151
VASA published, mouse	316	multi	9	148
VASA published, mouse	316	multi	10	46
VASA published, mouse	316	multi	11	15
VASA published, mouse	316	multi	12	14
VASA published, mouse	316	multi	20	17
VASA published, mouse	316	single	1	49552
VASA published, mouse	316	single	2	1905
VASA published, mouse	316	single	3	87
VASA published, mouse	316	single	4	2
VASA published, mouse	316	single	20	2
VASA published, mouse	318	multi	1	14398
VASA published, mouse	318	multi	2	17943
VASA published, mouse	318	multi	3	9212
VASA published, mouse	318	multi	4	11599
VASA published, mouse	318	multi	5	3602
VASA published, mouse	318	multi	6	3937
VASA published, mouse	318	multi	7	884
VASA published, mouse	318	multi	8	581
VASA published, mouse	318	multi	9	1811
VASA published, mouse	318	multi	10	193
VASA published, mouse	318	multi	11	59
VASA published, mouse	318	multi	12	68
VASA published, mouse	318	multi	13	1
VASA published, mouse	318	multi	14	2
VASA published, mouse	318	multi	17	1
VASA published, mouse	318	multi	18	7
VASA published, mouse	318	multi	20	56
VASA published, mouse	318	single	1	525487
VASA published, mouse	318	single	2	19112
VASA published, mouse	318	single	3	946
VASA published, mouse	318	single	4	26
VASA published, mouse	318	single	5	2
VASA published, mouse	318	single	6	4
VASA published, mouse	318	single	9	1
VASA published, mouse	318	single	14	3
VASA published, mouse	318	single	18	2
VASA published, mouse	318	single	19	4
VASA published, mouse	318	single	20	43
VASA published, mouse	322	multi	1	15882
VASA published, mouse	322	multi	2	23187
VASA published, mouse	322	multi	3	11516
VASA published, mouse	322	multi	4	27784
VASA published, mouse	322	multi	5	5385
VASA published, mouse	322	multi	6	8041
VASA published, mouse	322	multi	7	1048
VASA published, mouse	322	multi	8	745
VASA published, mouse	322	multi	9	2973
VASA published, mouse	322	multi	10	290
VASA published, mouse	322	multi	11	120
VASA published, mouse	322	multi	12	26
VASA published, mouse	322	multi	13	56
VASA published, mouse	322	multi	14	12
VASA published, mouse	322	multi	15	1
VASA published, mouse	322	multi	18	4
VASA published, mouse	322	multi	19	6
VASA published, mouse	322	multi	20	134
VASA published, mouse	322	single	1	580569
VASA published, mouse	322	single	2	22858
VASA published, mouse	322	single	3	1101
VASA published, mouse	322	single	4	15
VASA published, mouse	322	single	6	2
VASA published, mouse	322	single	7	1
VASA published, mouse	322	single	13	1
VASA published, mouse	322	single	14	3
VASA published, mouse	322	single	18	6
VASA published, mouse	322	single	20	53
VASA published, mouse	324	multi	1	4210
VASA published, mouse	324	multi	2	5331
VASA published, mouse	324	multi	3	2529
VASA published, mouse	324	multi	4	2348
VASA published, mouse	324	multi	5	847
VASA published, mouse	324	multi	6	948
VASA published, mouse	324	multi	7	220
VASA published, mouse	324	multi	8	149
VASA published, mouse	324	multi	9	380
VASA published, mouse	324	multi	10	42
VASA published, mouse	324	multi	11	35
VASA published, mouse	324	multi	12	8
VASA published, mouse	324	multi	13	2
VASA published, mouse	324	multi	14	3
VASA published, mouse	324	multi	15	1
VASA published, mouse	324	multi	18	3
VASA published, mouse	324	multi	19	4
VASA published, mouse	324	multi	20	11
VASA published, mouse	324	single	1	133199
VASA published, mouse	324	single	2	4734
VASA published, mouse	324	single	3	259
VASA published, mouse	324	single	4	4
VASA published, mouse	324	single	7	1
VASA published, mouse	324	single	14	5
VASA published, mouse	324	single	19	2
VASA published, mouse	324	single	20	10
VASA published, mouse	326	multi	1	7561
VASA published, mouse	326	multi	2	9817
VASA published, mouse	326	multi	3	4520
VASA published, mouse	326	multi	4	3957
VASA published, mouse	326	multi	5	1486
VASA published, mouse	326	multi	6	1379
VASA published, mouse	326	multi	7	400
VASA published, mouse	326	multi	8	291
VASA published, mouse	326	multi	9	445
VASA published, mouse	326	multi	10	80
VASA published, mouse	326	multi	11	41
VASA published, mouse	326	multi	12	5
VASA published, mouse	326	multi	13	2
VASA published, mouse	326	multi	14	1
VASA published, mouse	326	multi	18	6
VASA published, mouse	326	multi	19	2
VASA published, mouse	326	multi	20	23
VASA published, mouse	326	single	1	228219
VASA published, mouse	326	single	2	8764
VASA published, mouse	326	single	3	318
VASA published, mouse	326	single	4	10
VASA published, mouse	326	single	6	1
VASA published, mouse	326	single	13	2
VASA published, mouse	326	single	20	3
VASA published, mouse	328	multi	1	6462
VASA published, mouse	328	multi	2	6309
VASA published, mouse	328	multi	3	2854
VASA published, mouse	328	multi	4	2618
VASA published, mouse	328	multi	5	1029
VASA published, mouse	328	multi	6	1175
VASA published, mouse	328	multi	7	218
VASA published, mouse	328	multi	8	201
VASA published, mouse	328	multi	9	500
VASA published, mouse	328	multi	10	54
VASA published, mouse	328	multi	11	34
VASA published, mouse	328	multi	12	14
VASA published, mouse	328	multi	13	5
VASA published, mouse	328	multi	19	2
VASA published, mouse	328	multi	20	24
VASA published, mouse	328	single	1	135252
VASA published, mouse	328	single	2	4961
VASA published, mouse	328	single	3	181
VASA published, mouse	328	single	4	1
VASA published, mouse	328	single	9	1
VASA published, mouse	328	single	20	7
VASA published, mouse	330	multi	1	2966
VASA published, mouse	330	multi	2	3304
VASA published, mouse	330	multi	3	1630
VASA published, mouse	330	multi	4	1938
VASA published, mouse	330	multi	5	660
VASA published, mouse	330	multi	6	659
VASA published, mouse	330	multi	7	164
VASA published, mouse	330	multi	8	98
VASA published, mouse	330	multi	9	199
VASA published, mouse	330	multi	10	56
VASA published, mouse	330	multi	11	21
VASA published, mouse	330	multi	12	9
VASA published, mouse	330	multi	13	1
VASA published, mouse	330	multi	14	1
VASA published, mouse	330	multi	18	5
VASA published, mouse	330	multi	19	3
VASA published, mouse	330	multi	20	5
VASA published, mouse	330	single	1	85135
VASA published, mouse	330	single	2	3279
VASA published, mouse	330	single	3	169
VASA published, mouse	330	single	4	4
VASA published, mouse	330	single	15	1
VASA published, mouse	330	single	20	9
VASA published, mouse	332	multi	1	3418
VASA published, mouse	332	multi	2	5213
VASA published, mouse	332	multi	3	2477
VASA published, mouse	332	multi	4	1726
VASA published, mouse	332	multi	5	796
VASA published, mouse	332	multi	6	755
VASA published, mouse	332	multi	7	162
VASA published, mouse	332	multi	8	145
VASA published, mouse	332	multi	9	223
VASA published, mouse	332	multi	10	67
VASA published, mouse	332	multi	11	42
VASA published, mouse	332	multi	12	6
VASA published, mouse	332	multi	13	5
VASA published, mouse	332	multi	14	1
VASA published, mouse	332	multi	18	5
VASA published, mouse	332	multi	19	1
VASA published, mouse	332	multi	20	23
VASA published, mouse	332	single	1	90599
VASA published, mouse	332	single	2	3240
VASA published, mouse	332	single	3	165
VASA published, mouse	332	single	17	1
VASA published, mouse	332	single	18	11
VASA published, mouse	332	single	19	1
VASA published, mouse	332	single	20	14
VASA published, mouse	334	multi	1	7399
VASA published, mouse	334	multi	2	10049
VASA published, mouse	334	multi	3	4661
VASA published, mouse	334	multi	4	7636
VASA published, mouse	334	multi	5	1865
VASA published, mouse	334	multi	6	2114
VASA published, mouse	334	multi	7	447
VASA published, mouse	334	multi	8	355
VASA published, mouse	334	multi	9	917
VASA published, mouse	334	multi	10	113
VASA published, mouse	334	multi	11	50
VASA published, mouse	334	multi	12	14
VASA published, mouse	334	multi	13	18
VASA published, mouse	334	multi	14	3
VASA published, mouse	334	multi	15	4
VASA published, mouse	334	multi	18	2
VASA published, mouse	334	multi	20	36
VASA published, mouse	334	single	1	237169
VASA published, mouse	334	single	2	9613
VASA published, mouse	334	single	3	367
VASA published, mouse	334	single	4	18
VASA published, mouse	334	single	8	4
VASA published, mouse	334	single	10	10
VASA published, mouse	334	single	19	1
VASA published, mouse	334	single	20	64
VASA published, mouse	335	multi	1	11100
VASA published, mouse	335	multi	2	16545
VASA published, mouse	335	multi	3	7856
VASA published, mouse	335	multi	4	17368
VASA published, mouse	335	multi	5	3326
VASA published, mouse	335	multi	6	4405
VASA published, mouse	335	multi	7	731
VASA published, mouse	335	multi	8	564
VASA published, mouse	335	multi	9	1653
VASA published, mouse	335	multi	10	186
VASA published, mouse	335	multi	11	85
VASA published, mouse	335	multi	12	14
VASA published, mouse	335	multi	13	18
VASA published, mouse	335	multi	14	3
VASA published, mouse	335	multi	15	5
VASA published, mouse	335	multi	18	15
VASA published, mouse	335	multi	20	65
VASA published, mouse	335	single	1	389318
VASA published, mouse	335	single	2	17453
VASA published, mouse	335	single	3	682
VASA published, mouse	335	single	4	21
VASA published, mouse	335	single	6	3
VASA published, mouse	335	single	15	1
VASA published, mouse	335	single	16	1
VASA published, mouse	335	single	20	35
VASA published, mouse	338	multi	1	1983
VASA published, mouse	338	multi	2	2918
VASA published, mouse	338	multi	3	1394
VASA published, mouse	338	multi	4	2508
VASA published, mouse	338	multi	5	536
VASA published, mouse	338	multi	6	802
VASA published, mouse	338	multi	7	124
VASA published, mouse	338	multi	8	81
VASA published, mouse	338	multi	9	301
VASA published, mouse	338	multi	10	41
VASA published, mouse	338	multi	11	7
VASA published, mouse	338	multi	12	6
VASA published, mouse	338	multi	13	2
VASA published, mouse	338	multi	14	1
VASA published, mouse	338	multi	18	7
VASA published, mouse	338	multi	20	6
VASA published, mouse	338	single	1	64915
VASA published, mouse	338	single	2	2704
VASA published, mouse	338	single	3	127
VASA published, mouse	338	single	4	4
VASA published, mouse	338	single	19	2
VASA published, mouse	338	single	20	13
VASA published, mouse	340	multi	1	19786
VASA published, mouse	340	multi	2	26738
VASA published, mouse	340	multi	3	13445
VASA published, mouse	340	multi	4	16661
VASA published, mouse	340	multi	5	5421
VASA published, mouse	340	multi	6	6692
VASA published, mouse	340	multi	7	1315
VASA published, mouse	340	multi	8	915
VASA published, mouse	340	multi	9	2101
VASA published, mouse	340	multi	10	268
VASA published, mouse	340	multi	11	148
VASA published, mouse	340	multi	12	37
VASA published, mouse	340	multi	13	19
VASA published, mouse	340	multi	14	2
VASA published, mouse	340	multi	18	28
VASA published, mouse	340	multi	19	9
VASA published, mouse	340	multi	20	140
VASA published, mouse	340	single	1	710852
VASA published, mouse	340	single	2	26985
VASA published, mouse	340	single	3	1147
VASA published, mouse	340	single	4	35
VASA published, mouse	340	single	5	4
VASA published, mouse	340	single	6	8
VASA published, mouse	340	single	7	4
VASA published, mouse	340	single	8	7
VASA published, mouse	340	single	10	3
VASA published, mouse	340	single	11	8
VASA published, mouse	340	single	12	8
VASA published, mouse	340	single	13	1
VASA published, mouse	340	single	14	2
VASA published, mouse	340	single	15	21
VASA published, mouse	340	single	16	11
VASA published, mouse	340	single	17	7
VASA published, mouse	340	single	18	30
VASA published, mouse	340	single	19	3
VASA published, mouse	340	single	20	93
VASA published, mouse	342	multi	1	10354
VASA published, mouse	342	multi	2	14700
VASA published, mouse	342	multi	3	7117
VASA published, mouse	342	multi	4	6928
VASA published, mouse	342	multi	5	2504
VASA published, mouse	342	multi	6	2749
VASA published, mouse	342	multi	7	605
VASA published, mouse	342	multi	8	471
VASA published, mouse	342	multi	9	947
VASA published, mouse	342	multi	10	162
VASA published, mouse	342	multi	11	52
VASA published, mouse	342	multi	12	47
VASA published, mouse	342	multi	13	10
VASA published, mouse	342	multi	14	1
VASA published, mouse	342	multi	17	5
VASA published, mouse	342	multi	18	6
VASA published, mouse	342	multi	19	4
VASA published, mouse	342	multi	20	98
VASA published, mouse	342	single	1	334821
VASA published, mouse	342	single	2	11866
VASA published, mouse	342	single	3	465
VASA published, mouse	342	single	4	7
VASA published, mouse	342	single	13	2
VASA published, mouse	342	single	14	9
VASA published, mouse	342	single	15	1
VASA published, mouse	342	single	17	3
VASA published, mouse	342	single	19	2
VASA published, mouse	342	single	20	17
VASA published, mouse	344	multi	1	8568
VASA published, mouse	344	multi	2	11162
VASA published, mouse	344	multi	3	4636
VASA published, mouse	344	multi	4	3864
VASA published, mouse	344	multi	5	1614
VASA published, mouse	344	multi	6	1731
VASA published, mouse	344	multi	7	504
VASA published, mouse	344	multi	8	321
VASA published, mouse	344	multi	9	658
VASA published, mouse	344	multi	10	94
VASA published, mouse	344	multi	11	42
VASA published, mouse	344	multi	12	23
VASA published, mouse	344	multi	13	8
VASA published, mouse	344	multi	14	2
VASA published, mouse	344	multi	15	1
VASA published, mouse	344	multi	16	6
VASA published, mouse	344	multi	18	2
VASA published, mouse	344	multi	19	6
VASA published, mouse	344	multi	20	61
VASA published, mouse	344	single	1	269764
VASA published, mouse	344	single	2	9062
VASA published, mouse	344	single	3	488
VASA published, mouse	344	single	4	14
VASA published, mouse	344	single	9	3
VASA published, mouse	344	single	20	43
VASA published, mouse	346	multi	1	3461
VASA published, mouse	346	multi	2	4107
VASA published, mouse	346	multi	3	1918
VASA published, mouse	346	multi	4	1269
VASA published, mouse	346	multi	5	531
VASA published, mouse	346	multi	6	609
VASA published, mouse	346	multi	7	173
VASA published, mouse	346	multi	8	133
VASA published, mouse	346	multi	9	266
VASA published, mouse	346	multi	10	24
VASA published, mouse	346	multi	11	22
VASA published, mouse	346	multi	12	6
VASA published, mouse	346	multi	13	8
VASA published, mouse	346	multi	20	26
VASA published, mouse	346	single	1	90741
VASA published, mouse	346	single	2	3361
VASA published, mouse	346	single	3	109
VASA published, mouse	346	single	4	4
VASA published, mouse	346	single	7	7
VASA published, mouse	346	single	8	1
VASA published, mouse	346	single	9	7
VASA published, mouse	346	single	10	3
VASA published, mouse	346	single	11	2
VASA published, mouse	346	single	14	2
VASA published, mouse	346	single	20	6
VASA published, mouse	348	multi	1	15289
VASA published, mouse	348	multi	2	22143
VASA published, mouse	348	multi	3	10618
VASA published, mouse	348	multi	4	12451
VASA published, mouse	348	multi	5	4465
VASA published, mouse	348	multi	6	4596
VASA published, mouse	348	multi	7	1023
VASA published, mouse	348	multi	8	685
VASA published, mouse	348	multi	9	1852
VASA published, mouse	348	multi	10	223
VASA published, mouse	348	multi	11	134
VASA published, mouse	348	multi	12	31
VASA published, mouse	348	multi	13	16
VASA published, mouse	348	multi	14	5
VASA published, mouse	348	multi	15	2
VASA published, mouse	348	multi	16	2
VASA published, mouse	348	multi	17	6
VASA published, mouse	348	multi	18	3
VASA published, mouse	348	multi	19	3
VASA published, mouse	348	multi	20	74
VASA published, mouse	348	single	1	534868
VASA published, mouse	348	single	2	19812
VASA published, mouse	348	single	3	925
VASA published, mouse	348	single	4	31
VASA published, mouse	348	single	5	12
VASA published, mouse	348	single	6	10
VASA published, mouse	348	single	13	3
VASA published, mouse	348	single	14	18
VASA published, mouse	348	single	15	7
VASA published, mouse	348	single	16	21
VASA published, mouse	348	single	17	7
VASA published, mouse	348	single	18	2
VASA published, mouse	348	single	19	10
VASA published, mouse	348	single	20	71
VASA published, mouse	350	multi	1	8162
VASA published, mouse	350	multi	2	12085
VASA published, mouse	350	multi	3	5512
VASA published, mouse	350	multi	4	4790
VASA published, mouse	350	multi	5	1646
VASA published, mouse	350	multi	6	2171
VASA published, mouse	350	multi	7	531
VASA published, mouse	350	multi	8	284
VASA published, mouse	350	multi	9	754
VASA published, mouse	350	multi	10	83
VASA published, mouse	350	multi	11	38
VASA published, mouse	350	multi	12	23
VASA published, mouse	350	multi	13	4
VASA published, mouse	350	multi	14	1
VASA published, mouse	350	multi	18	5
VASA published, mouse	350	multi	19	4
VASA published, mouse	350	multi	20	42
VASA published, mouse	350	single	1	262857
VASA published, mouse	350	single	2	9293
VASA published, mouse	350	single	3	367
VASA published, mouse	350	single	4	8
VASA published, mouse	350	single	11	1
VASA published, mouse	350	single	20	6
VASA published, mouse	352	multi	1	16389
VASA published, mouse	352	multi	2	22153
VASA published, mouse	352	multi	3	9951
VASA published, mouse	352	multi	4	7664
VASA published, mouse	352	multi	5	3166
VASA published, mouse	352	multi	6	3331
VASA published, mouse	352	multi	7	850
VASA published, mouse	352	multi	8	666
VASA published, mouse	352	multi	9	1190
VASA published, mouse	352	multi	10	202
VASA published, mouse	352	multi	11	77
VASA published, mouse	352	multi	12	85
VASA published, mouse	352	multi	13	14
VASA published, mouse	352	multi	14	2
VASA published, mouse	352	multi	15	3
VASA published, mouse	352	multi	17	12
VASA published, mouse	352	multi	18	13
VASA published, mouse	352	multi	19	10
VASA published, mouse	352	multi	20	84
VASA published, mouse	352	single	1	520652
VASA published, mouse	352	single	2	18747
VASA published, mouse	352	single	3	829
VASA published, mouse	352	single	4	11
VASA published, mouse	352	single	5	3
VASA published, mouse	352	single	6	10
VASA published, mouse	352	single	7	8
VASA published, mouse	352	single	9	3
VASA published, mouse	352	single	10	2
VASA published, mouse	352	single	11	5
VASA published, mouse	352	single	13	5
VASA published, mouse	352	single	14	5
VASA published, mouse	352	single	20	84
VASA published, mouse	354	multi	1	8743
VASA published, mouse	354	multi	2	10636
VASA published, mouse	354	multi	3	5022
VASA published, mouse	354	multi	4	4597
VASA published, mouse	354	multi	5	1876
VASA published, mouse	354	multi	6	1533
VASA published, mouse	354	multi	7	456
VASA published, mouse	354	multi	8	322
VASA published, mouse	354	multi	9	678
VASA published, mouse	354	multi	10	110
VASA published, mouse	354	multi	11	94
VASA published, mouse	354	multi	12	15
VASA published, mouse	354	multi	13	5
VASA published, mouse	354	multi	14	2
VASA published, mouse	354	multi	15	1
VASA published, mouse	354	multi	19	13
VASA published, mouse	354	multi	20	51
VASA published, mouse	354	single	1	298658
VASA published, mouse	354	single	2	10805
VASA published, mouse	354	single	3	530
VASA published, mouse	354	single	4	10
VASA published, mouse	354	single	5	2
VASA published, mouse	354	single	7	5
VASA published, mouse	354	single	8	1
VASA published, mouse	354	single	14	1
VASA published, mouse	354	single	15	3
VASA published, mouse	354	single	20	6
VASA published, mouse	356	multi	1	18772
VASA published, mouse	356	multi	2	26531
VASA published, mouse	356	multi	3	12679
VASA published, mouse	356	multi	4	26747
VASA published, mouse	356	multi	5	5567
VASA published, mouse	356	multi	6	8453
VASA published, mouse	356	multi	7	1075
VASA published, mouse	356	multi	8	784
VASA published, mouse	356	multi	9	2766
VASA published, mouse	356	multi	10	323
VASA published, mouse	356	multi	11	124
VASA published, mouse	356	multi	12	72
VASA published, mouse	356	multi	13	61
VASA published, mouse	356	multi	14	4
VASA published, mouse	356	multi	15	3
VASA published, mouse	356	multi	16	3
VASA published, mouse	356	multi	17	2
VASA published, mouse	356	multi	18	3
VASA published, mouse	356	multi	19	2
VASA published, mouse	356	multi	20	108
VASA published, mouse	356	single	1	613701
VASA published, mouse	356	single	2	24207
VASA published, mouse	356	single	3	1251
VASA published, mouse	356	single	4	22
VASA published, mouse	356	single	6	2
VASA published, mouse	356	single	8	2
VASA published, mouse	356	single	12	1
VASA published, mouse	356	single	13	3
VASA published, mouse	356	single	14	3
VASA published, mouse	356	single	15	1
VASA published, mouse	356	single	17	6
VASA published, mouse	356	single	18	1
VASA published, mouse	356	single	19	10
VASA published, mouse	356	single	20	53
VASA published, mouse	358	multi	1	10839
VASA published, mouse	358	multi	2	14127
VASA published, mouse	358	multi	3	6724
VASA published, mouse	358	multi	4	9587
VASA published, mouse	358	multi	5	2742
VASA published, mouse	358	multi	6	3124
VASA published, mouse	358	multi	7	590
VASA published, mouse	358	multi	8	407
VASA published, mouse	358	multi	9	1133
VASA published, mouse	358	multi	10	96
VASA published, mouse	358	multi	11	55
VASA published, mouse	358	multi	12	18
VASA published, mouse	358	multi	13	29
VASA published, mouse	358	multi	18	4
VASA published, mouse	358	multi	19	8
VASA published, mouse	358	multi	20	46
VASA published, mouse	358	single	1	349756
VASA published, mouse	358	single	2	13440
VASA published, mouse	358	single	3	669
VASA published, mouse	358	single	4	21
VASA published, mouse	358	single	6	3
VASA published, mouse	358	single	7	1
VASA published, mouse	358	single	18	2
VASA published, mouse	358	single	20	59
VASA published, mouse	359	multi	1	10849
VASA published, mouse	359	multi	2	14900
VASA published, mouse	359	multi	3	7037
VASA published, mouse	359	multi	4	5895
VASA published, mouse	359	multi	5	2376
VASA published, mouse	359	multi	6	2433
VASA published, mouse	359	multi	7	603
VASA published, mouse	359	multi	8	492
VASA published, mouse	359	multi	9	1112
VASA published, mouse	359	multi	10	146
VASA published, mouse	359	multi	11	56
VASA published, mouse	359	multi	12	26
VASA published, mouse	359	multi	13	24
VASA published, mouse	359	multi	14	1
VASA published, mouse	359	multi	15	1
VASA published, mouse	359	multi	16	5
VASA published, mouse	359	multi	18	12
VASA published, mouse	359	multi	19	3
VASA published, mouse	359	multi	20	54
VASA published, mouse	359	single	1	359353
VASA published, mouse	359	single	2	13273
VASA published, mouse	359	single	3	655
VASA published, mouse	359	single	4	14
VASA published, mouse	359	single	5	3
VASA published, mouse	359	single	6	1
VASA published, mouse	359	single	9	2
VASA published, mouse	359	single	12	8
VASA published, mouse	359	single	15	20
VASA published, mouse	359	single	18	3
VASA published, mouse	359	single	19	4
VASA published, mouse	359	single	20	47
VASA published, mouse	362	multi	1	9956
VASA published, mouse	362	multi	2	14358
VASA published, mouse	362	multi	3	6983
VASA published, mouse	362	multi	4	7699
VASA published, mouse	362	multi	5	2648
VASA published, mouse	362	multi	6	2834
VASA published, mouse	362	multi	7	701
VASA published, mouse	362	multi	8	453
VASA published, mouse	362	multi	9	1202
VASA published, mouse	362	multi	10	147
VASA published, mouse	362	multi	11	80
VASA published, mouse	362	multi	12	38
VASA published, mouse	362	multi	13	14
VASA published, mouse	362	multi	14	2
VASA published, mouse	362	multi	16	2
VASA published, mouse	362	multi	17	2
VASA published, mouse	362	multi	18	1
VASA published, mouse	362	multi	19	3
VASA published, mouse	362	multi	20	67
VASA published, mouse	362	single	1	340617
VASA published, mouse	362	single	2	12466
VASA published, mouse	362	single	3	458
VASA published, mouse	362	single	4	8
VASA published, mouse	362	single	12	5
VASA published, mouse	362	single	14	2
VASA published, mouse	362	single	15	1
VASA published, mouse	362	single	16	5
VASA published, mouse	362	single	19	3
VASA published, mouse	362	single	20	69
VASA published, mouse	364	multi	1	4709
VASA published, mouse	364	multi	2	6883
VASA published, mouse	364	multi	3	2941
VASA published, mouse	364	multi	4	2394
VASA published, mouse	364	multi	5	1098
VASA published, mouse	364	multi	6	911
VASA published, mouse	364	multi	7	284
VASA published, mouse	364	multi	8	280
VASA published, mouse	364	multi	9	312
VASA published, mouse	364	multi	10	76
VASA published, mouse	364	multi	11	29
VASA published, mouse	364	multi	12	19
VASA published, mouse	364	multi	13	2
VASA published, mouse	364	multi	18	5
VASA published, mouse	364	multi	19	1
VASA published, mouse	364	multi	20	40
VASA published, mouse	364	single	1	128926
VASA published, mouse	364	single	2	4627
VASA published, mouse	364	single	3	181
VASA published, mouse	364	single	4	6
VASA published, mouse	364	single	18	3
VASA published, mouse	364	single	20	31
VASA published, mouse	366	multi	1	2175
VASA published, mouse	366	multi	2	3329
VASA published, mouse	366	multi	3	1339
VASA published, mouse	366	multi	4	1072
VASA published, mouse	366	multi	5	567
VASA published, mouse	366	multi	6	409
VASA published, mouse	366	multi	7	136
VASA published, mouse	366	multi	8	91
VASA published, mouse	366	multi	9	131
VASA published, mouse	366	multi	10	66
VASA published, mouse	366	multi	11	11
VASA published, mouse	366	multi	12	7
VASA published, mouse	366	multi	13	3
VASA published, mouse	366	multi	18	2
VASA published, mouse	366	multi	20	18
VASA published, mouse	366	single	1	60082
VASA published, mouse	366	single	2	2205
VASA published, mouse	366	single	3	72
VASA published, mouse	366	single	20	20
VASA published, mouse	368	multi	1	16632
VASA published, mouse	368	multi	2	24744
VASA published, mouse	368	multi	3	11666
VASA published, mouse	368	multi	4	25289
VASA published, mouse	368	multi	5	4971
VASA published, mouse	368	multi	6	8018
VASA published, mouse	368	multi	7	1228
VASA published, mouse	368	multi	8	717
VASA published, mouse	368	multi	9	2637
VASA published, mouse	368	multi	10	291
VASA published, mouse	368	multi	11	142
VASA published, mouse	368	multi	12	51
VASA published, mouse	368	multi	13	81
VASA published, mouse	368	multi	14	8
VASA published, mouse	368	multi	15	1
VASA published, mouse	368	multi	18	17
VASA published, mouse	368	multi	19	3
VASA published, mouse	368	multi	20	67
VASA published, mouse	368	single	1	559707
VASA published, mouse	368	single	2	24169
VASA published, mouse	368	single	3	1091
VASA published, mouse	368	single	4	34
VASA published, mouse	368	single	5	5
VASA published, mouse	368	single	6	5
VASA published, mouse	368	single	7	3
VASA published, mouse	368	single	8	4
VASA published, mouse	368	single	9	5
VASA published, mouse	368	single	10	14
VASA published, mouse	368	single	13	1
VASA published, mouse	368	single	16	5
VASA published, mouse	368	single	20	102
VASA published, mouse	370	multi	1	23745
VASA published, mouse	370	multi	2	32676
VASA published, mouse	370	multi	3	16068
VASA published, mouse	370	multi	4	41159
VASA published, mouse	370	multi	5	7691
VASA published, mouse	370	multi	6	10212
VASA published, mouse	370	multi	7	1543
VASA published, mouse	370	multi	8	1017
VASA published, mouse	370	multi	9	4740
VASA published, mouse	370	multi	10	442
VASA published, mouse	370	multi	11	178
VASA published, mouse	370	multi	12	50
VASA published, mouse	370	multi	13	163
VASA published, mouse	370	multi	14	14
VASA published, mouse	370	multi	15	2
VASA published, mouse	370	multi	16	5
VASA published, mouse	370	multi	18	8
VASA published, mouse	370	multi	19	3
VASA published, mouse	370	multi	20	129
VASA published, mouse	370	single	1	756007
VASA published, mouse	370	single	2	35878
VASA published, mouse	370	single	3	1403
VASA published, mouse	370	single	4	60
VASA published, mouse	370	single	9	4
VASA published, mouse	370	single	14	38
VASA published, mouse	370	single	15	1
VASA published, mouse	370	single	17	6
VASA published, mouse	370	single	18	4
VASA published, mouse	370	single	20	149
VASA published, mouse	372	multi	1	12109
VASA published, mouse	372	multi	2	17453
VASA published, mouse	372	multi	3	8523
VASA published, mouse	372	multi	4	15945
VASA published, mouse	372	multi	5	3696
VASA published, mouse	372	multi	6	5152
VASA published, mouse	372	multi	7	939
VASA published, mouse	372	multi	8	577
VASA published, mouse	372	multi	9	2109
VASA published, mouse	372	multi	10	241
VASA published, mouse	372	multi	11	80
VASA published, mouse	372	multi	12	41
VASA published, mouse	372	multi	13	32
VASA published, mouse	372	multi	14	3
VASA published, mouse	372	multi	15	1
VASA published, mouse	372	multi	18	6
VASA published, mouse	372	multi	19	18
VASA published, mouse	372	multi	20	67
VASA published, mouse	372	single	1	402742
VASA published, mouse	372	single	2	17810
VASA published, mouse	372	single	3	851
VASA published, mouse	372	single	4	29
VASA published, mouse	372	single	6	9
VASA published, mouse	372	single	7	3
VASA published, mouse	372	single	10	3
VASA published, mouse	372	single	14	6
VASA published, mouse	372	single	15	2
VASA published, mouse	372	single	17	2
VASA published, mouse	372	single	19	4
VASA published, mouse	372	single	20	13
VASA published, mouse	374	multi	1	18924
VASA published, mouse	374	multi	2	27661
VASA published, mouse	374	multi	3	11630
VASA published, mouse	374	multi	4	15327
VASA published, mouse	374	multi	5	4702
VASA published, mouse	374	multi	6	5805
VASA published, mouse	374	multi	7	1292
VASA published, mouse	374	multi	8	678
VASA published, mouse	374	multi	9	2668
VASA published, mouse	374	multi	10	290
VASA published, mouse	374	multi	11	123
VASA published, mouse	374	multi	12	49
VASA published, mouse	374	multi	13	45
VASA published, mouse	374	multi	14	4
VASA published, mouse	374	multi	15	2
VASA published, mouse	374	multi	17	2
VASA published, mouse	374	multi	18	8
VASA published, mouse	374	multi	19	17
VASA published, mouse	374	multi	20	93
VASA published, mouse	374	single	1	634231
VASA published, mouse	374	single	2	25168
VASA published, mouse	374	single	3	1207
VASA published, mouse	374	single	4	31
VASA published, mouse	374	single	7	6
VASA published, mouse	374	single	11	3
VASA published, mouse	374	single	13	2
VASA published, mouse	374	single	14	11
VASA published, mouse	374	single	15	1
VASA published, mouse	374	single	17	1
VASA published, mouse	374	single	18	12
VASA published, mouse	374	single	20	51
VASA published, mouse	376	multi	1	18748
VASA published, mouse	376	multi	2	28540
VASA published, mouse	376	multi	3	13909
VASA published, mouse	376	multi	4	25061
VASA published, mouse	376	multi	5	5924
VASA published, mouse	376	multi	6	9617
VASA published, mouse	376	multi	7	1298
VASA published, mouse	376	multi	8	1001
VASA published, mouse	376	multi	9	3298
VASA published, mouse	376	multi	10	372
VASA published, mouse	376	multi	11	208
VASA published, mouse	376	multi	12	73
VASA published, mouse	376	multi	13	84
VASA published, mouse	376	multi	14	4
VASA published, mouse	376	multi	15	4
VASA published, mouse	376	multi	16	4
VASA published, mouse	376	multi	18	8
VASA published, mouse	376	multi	19	7
VASA published, mouse	376	multi	20	194
VASA published, mouse	376	single	1	711835
VASA published, mouse	376	single	2	27372
VASA published, mouse	376	single	3	1223
VASA published, mouse	376	single	4	69
VASA published, mouse	376	single	5	1
VASA published, mouse	376	single	7	1
VASA published, mouse	376	single	11	10
VASA published, mouse	376	single	12	3
VASA published, mouse	376	single	14	16
VASA published, mouse	376	single	15	4
VASA published, mouse	376	single	16	22
VASA published, mouse	376	single	18	1
VASA published, mouse	376	single	19	2
VASA published, mouse	376	single	20	108
VASA published, mouse	378	multi	1	6492
VASA published, mouse	378	multi	2	9174
VASA published, mouse	378	multi	3	3869
VASA published, mouse	378	multi	4	5120
VASA published, mouse	378	multi	5	1400
VASA published, mouse	378	multi	6	2009
VASA published, mouse	378	multi	7	315
VASA published, mouse	378	multi	8	230
VASA published, mouse	378	multi	9	646
VASA published, mouse	378	multi	10	82
VASA published, mouse	378	multi	11	49
VASA published, mouse	378	multi	12	28
VASA published, mouse	378	multi	13	24
VASA published, mouse	378	multi	16	2
VASA published, mouse	378	multi	18	6
VASA published, mouse	378	multi	19	1
VASA published, mouse	378	multi	20	20
VASA published, mouse	378	single	1	199669
VASA published, mouse	378	single	2	8609
VASA published, mouse	378	single	3	371
VASA published, mouse	378	single	4	11
VASA published, mouse	378	single	5	2
VASA published, mouse	378	single	6	4
VASA published, mouse	378	single	7	3
VASA published, mouse	378	single	15	1
VASA published, mouse	378	single	16	2
VASA published, mouse	378	single	20	5
VASA published, mouse	380	multi	1	6923
VASA published, mouse	380	multi	2	10421
VASA published, mouse	380	multi	3	4627
VASA published, mouse	380	multi	4	4781
VASA published, mouse	380	multi	5	1554
VASA published, mouse	380	multi	6	2174
VASA published, mouse	380	multi	7	415
VASA published, mouse	380	multi	8	337
VASA published, mouse	380	multi	9	954
VASA published, mouse	380	multi	10	93
VASA published, mouse	380	multi	11	74
VASA published, mouse	380	multi	12	39
VASA published, mouse	380	multi	13	7
VASA published, mouse	380	multi	14	2
VASA published, mouse	380	multi	18	2
VASA published, mouse	380	multi	19	1
VASA published, mouse	380	multi	20	49
VASA published, mouse	380	single	1	236755
VASA published, mouse	380	single	2	8612
VASA published, mouse	380	single	3	362
VASA published, mouse	380	single	4	6
VASA published, mouse	380	single	6	3
VASA published, mouse	380	single	7	9
VASA published, mouse	380	single	8	1
VASA published, mouse	380	single	9	2
VASA published, mouse	380	single	10	1
VASA published, mouse	380	single	12	3
VASA published, mouse	380	single	14	6
VASA published, mouse	380	single	15	2
VASA published, mouse	380	single	19	1
VASA published, mouse	380	single	20	1
VASA published, mouse	382	multi	1	1220
VASA published, mouse	382	multi	2	1644
VASA published, mouse	382	multi	3	853
VASA published, mouse	382	multi	4	1661
VASA published, mouse	382	multi	5	495
VASA published, mouse	382	multi	6	707
VASA published, mouse	382	multi	7	79
VASA published, mouse	382	multi	8	83
VASA published, mouse	382	multi	9	656
VASA published, mouse	382	multi	10	12
VASA published, mouse	382	multi	11	19
VASA published, mouse	382	multi	12	4
VASA published, mouse	382	multi	18	1
VASA published, mouse	382	multi	20	5
VASA published, mouse	382	single	1	42546
VASA published, mouse	382	single	2	1615
VASA published, mouse	382	single	3	108
VASA published, mouse	382	single	4	4
VASA published, mouse	382	single	20	8
VASA published, mouse	383	multi	1	16402
VASA published, mouse	383	multi	2	23455
VASA published, mouse	383	multi	3	10429
VASA published, mouse	383	multi	4	21612
VASA published, mouse	383	multi	5	5845
VASA published, mouse	383	multi	6	5146
VASA published, mouse	383	multi	7	943
VASA published, mouse	383	multi	8	636
VASA published, mouse	383	multi	9	2301
VASA published, mouse	383	multi	10	175
VASA published, mouse	383	multi	11	106
VASA published, mouse	383	multi	12	34
VASA published, mouse	383	multi	13	33
VASA published, mouse	383	multi	14	2
VASA published, mouse	383	multi	15	3
VASA published, mouse	383	multi	16	4
VASA published, mouse	383	multi	18	4
VASA published, mouse	383	multi	20	111
VASA published, mouse	383	single	1	537336
VASA published, mouse	383	single	2	22782
VASA published, mouse	383	single	3	954
VASA published, mouse	383	single	4	50
VASA published, mouse	383	single	5	2
VASA published, mouse	383	single	6	3
VASA published, mouse	383	single	20	14
