dataset	cell	class	biotype	reads
FLASH-seq	ZHA8833A1	multi	ProteinCoding	2696714
FLASH-seq	ZHA8833A1	multi	lncRNA	1592028
FLASH-seq	ZHA8833A1	multi	ProcessedPseudogene	1263813
FLASH-seq	ZHA8833A1	multi	TranscribedProcessedPseudogene	564777
FLASH-seq	ZHA8833A1	multi	UnprocessedPseudogene	185964
FLASH-seq	ZHA8833A1	multi	miRNA	68499
FLASH-seq	ZHA8833A1	multi	MiscRna	64580
FLASH-seq	ZHA8833A1	multi	TranscribedUnprocessedPseudogene	42486
FLASH-seq	ZHA8833A1	multi	TEC	36434
FLASH-seq	ZHA8833A1	multi	TranscribedUnitaryPseudogene	13690
FLASH-seq	ZHA8833A1	multi	UnitaryPseudogene	6496
FLASH-seq	ZHA8833A1	multi	MtTrna	5528
FLASH-seq	ZHA8833A1	multi	snoRNA	539
FLASH-seq	ZHA8833A1	multi	tRNA	481
FLASH-seq	ZHA8833A1	multi	snRNA	177
FLASH-seq	ZHA8833A1	multi	pseudogene	40
FLASH-seq	ZHA8833A1	multi	rRNA	29
FLASH-seq	ZHA8833A1	multi	ribozyme	9
FLASH-seq	ZHA8833A1	multi	MtRrna	3
FLASH-seq	ZHA8833A1	multi	TrVGene	2
FLASH-seq	ZHA8833A1	multi	IgVGene	1
FLASH-seq	ZHA8833A1	multi	TrCGene	1
FLASH-seq	ZHA8833A1	single	ProteinCoding	23055887
FLASH-seq	ZHA8833A1	single	lncRNA	3244705
FLASH-seq	ZHA8833A1	single	TEC	126584
FLASH-seq	ZHA8833A1	single	miRNA	83446
FLASH-seq	ZHA8833A1	single	ProcessedPseudogene	74244
FLASH-seq	ZHA8833A1	single	TranscribedProcessedPseudogene	38951
FLASH-seq	ZHA8833A1	single	TranscribedUnprocessedPseudogene	15690
FLASH-seq	ZHA8833A1	single	snoRNA	6899
FLASH-seq	ZHA8833A1	single	TranscribedUnitaryPseudogene	3173
FLASH-seq	ZHA8833A1	single	MtTrna	2556
FLASH-seq	ZHA8833A1	single	MiscRna	2217
FLASH-seq	ZHA8833A1	single	UnprocessedPseudogene	2112
FLASH-seq	ZHA8833A1	single	UnitaryPseudogene	918
FLASH-seq	ZHA8833A1	single	snRNA	763
FLASH-seq	ZHA8833A1	single	tRNA	704
FLASH-seq	ZHA8833A1	single	ribozyme	268
FLASH-seq	ZHA8833A1	single	MtRrna	228
FLASH-seq	ZHA8833A1	single	rRNA	184
FLASH-seq	ZHA8833A1	single	scaRNA	150
FLASH-seq	ZHA8833A1	single	TrVGene	19
FLASH-seq	ZHA8833A1	single	IgVGene	13
FLASH-seq	ZHA8833A1	single	TranslatedUnprocessedPseudogene	7
FLASH-seq	ZHA8833A1	single	pseudogene	6
FLASH-seq	ZHA8833A1	single	IgCGene	5
FLASH-seq	ZHA8833A1	single	IgVPseudogene	3
FLASH-seq	ZHA8833A1	single	TrCGene	3
FLASH-seq	ZHA8833A10	multi	ProteinCoding	2513498
FLASH-seq	ZHA8833A10	multi	lncRNA	1478853
FLASH-seq	ZHA8833A10	multi	ProcessedPseudogene	1308866
FLASH-seq	ZHA8833A10	multi	TranscribedProcessedPseudogene	579336
FLASH-seq	ZHA8833A10	multi	UnprocessedPseudogene	123285
FLASH-seq	ZHA8833A10	multi	miRNA	49402
FLASH-seq	ZHA8833A10	multi	MiscRna	41375
FLASH-seq	ZHA8833A10	multi	TEC	37598
FLASH-seq	ZHA8833A10	multi	TranscribedUnprocessedPseudogene	35468
FLASH-seq	ZHA8833A10	multi	TranscribedUnitaryPseudogene	14666
FLASH-seq	ZHA8833A10	multi	UnitaryPseudogene	5897
FLASH-seq	ZHA8833A10	multi	MtTrna	3947
FLASH-seq	ZHA8833A10	multi	tRNA	664
FLASH-seq	ZHA8833A10	multi	snoRNA	533
FLASH-seq	ZHA8833A10	multi	rRNA	88
FLASH-seq	ZHA8833A10	multi	pseudogene	49
FLASH-seq	ZHA8833A10	multi	snRNA	46
FLASH-seq	ZHA8833A10	multi	ribozyme	6
FLASH-seq	ZHA8833A10	multi	scaRNA	3
FLASH-seq	ZHA8833A10	multi	TrCGene	1
FLASH-seq	ZHA8833A10	single	ProteinCoding	17438594
FLASH-seq	ZHA8833A10	single	lncRNA	2484483
FLASH-seq	ZHA8833A10	single	TEC	102911
FLASH-seq	ZHA8833A10	single	miRNA	74316
FLASH-seq	ZHA8833A10	single	ProcessedPseudogene	64764
FLASH-seq	ZHA8833A10	single	TranscribedProcessedPseudogene	32110
FLASH-seq	ZHA8833A10	single	TranscribedUnprocessedPseudogene	8788
FLASH-seq	ZHA8833A10	single	snoRNA	5729
FLASH-seq	ZHA8833A10	single	TranscribedUnitaryPseudogene	2694
FLASH-seq	ZHA8833A10	single	MiscRna	2051
FLASH-seq	ZHA8833A10	single	MtTrna	1689
FLASH-seq	ZHA8833A10	single	UnprocessedPseudogene	905
FLASH-seq	ZHA8833A10	single	ribozyme	612
FLASH-seq	ZHA8833A10	single	snRNA	472
FLASH-seq	ZHA8833A10	single	tRNA	353
FLASH-seq	ZHA8833A10	single	rRNA	322
FLASH-seq	ZHA8833A10	single	UnitaryPseudogene	212
FLASH-seq	ZHA8833A10	single	MtRrna	205
FLASH-seq	ZHA8833A10	single	scaRNA	14
FLASH-seq	ZHA8833A10	single	TrCGene	1
FLASH-seq	ZHA8833A10	single	pseudogene	1
FLASH-seq	ZHA8833A2	multi	ProteinCoding	2602760
FLASH-seq	ZHA8833A2	multi	lncRNA	1519510
FLASH-seq	ZHA8833A2	multi	ProcessedPseudogene	1187530
FLASH-seq	ZHA8833A2	multi	TranscribedProcessedPseudogene	533778
FLASH-seq	ZHA8833A2	multi	UnprocessedPseudogene	195703
FLASH-seq	ZHA8833A2	multi	miRNA	57698
FLASH-seq	ZHA8833A2	multi	MiscRna	52585
FLASH-seq	ZHA8833A2	multi	TranscribedUnprocessedPseudogene	39986
FLASH-seq	ZHA8833A2	multi	TEC	30841
FLASH-seq	ZHA8833A2	multi	TranscribedUnitaryPseudogene	15761
FLASH-seq	ZHA8833A2	multi	MtTrna	6265
FLASH-seq	ZHA8833A2	multi	UnitaryPseudogene	5890
FLASH-seq	ZHA8833A2	multi	tRNA	676
FLASH-seq	ZHA8833A2	multi	snoRNA	493
FLASH-seq	ZHA8833A2	multi	snRNA	140
FLASH-seq	ZHA8833A2	multi	pseudogene	47
FLASH-seq	ZHA8833A2	multi	rRNA	42
FLASH-seq	ZHA8833A2	multi	ribozyme	12
FLASH-seq	ZHA8833A2	multi	TrVGene	4
FLASH-seq	ZHA8833A2	multi	TrCGene	2
FLASH-seq	ZHA8833A2	multi	scaRNA	2
FLASH-seq	ZHA8833A2	multi	TranslatedUnprocessedPseudogene	1
FLASH-seq	ZHA8833A2	single	ProteinCoding	19214291
FLASH-seq	ZHA8833A2	single	lncRNA	2731324
FLASH-seq	ZHA8833A2	single	TEC	97233
FLASH-seq	ZHA8833A2	single	ProcessedPseudogene	70108
FLASH-seq	ZHA8833A2	single	miRNA	64413
FLASH-seq	ZHA8833A2	single	TranscribedProcessedPseudogene	35061
FLASH-seq	ZHA8833A2	single	TranscribedUnprocessedPseudogene	13514
FLASH-seq	ZHA8833A2	single	snoRNA	6262
FLASH-seq	ZHA8833A2	single	MtTrna	2727
FLASH-seq	ZHA8833A2	single	TranscribedUnitaryPseudogene	2563
FLASH-seq	ZHA8833A2	single	MiscRna	2208
FLASH-seq	ZHA8833A2	single	UnprocessedPseudogene	1807
FLASH-seq	ZHA8833A2	single	UnitaryPseudogene	877
FLASH-seq	ZHA8833A2	single	snRNA	750
FLASH-seq	ZHA8833A2	single	tRNA	712
FLASH-seq	ZHA8833A2	single	MtRrna	247
FLASH-seq	ZHA8833A2	single	rRNA	199
FLASH-seq	ZHA8833A2	single	ribozyme	194
FLASH-seq	ZHA8833A2	single	scaRNA	166
FLASH-seq	ZHA8833A2	single	IgVGene	19
FLASH-seq	ZHA8833A2	single	IgCGene	14
FLASH-seq	ZHA8833A2	single	TrCGene	10
FLASH-seq	ZHA8833A2	single	TrVGene	10
FLASH-seq	ZHA8833A2	single	IgVPseudogene	7
FLASH-seq	ZHA8833A2	single	pseudogene	6
FLASH-seq	ZHA8833A3	multi	ProteinCoding	2781338
FLASH-seq	ZHA8833A3	multi	lncRNA	1615122
FLASH-seq	ZHA8833A3	multi	ProcessedPseudogene	1265993
FLASH-seq	ZHA8833A3	multi	TranscribedProcessedPseudogene	568727
FLASH-seq	ZHA8833A3	multi	UnprocessedPseudogene	227243
FLASH-seq	ZHA8833A3	multi	miRNA	62010
FLASH-seq	ZHA8833A3	multi	MiscRna	55103
FLASH-seq	ZHA8833A3	multi	TranscribedUnprocessedPseudogene	41235
FLASH-seq	ZHA8833A3	multi	TEC	33991
FLASH-seq	ZHA8833A3	multi	TranscribedUnitaryPseudogene	16352
FLASH-seq	ZHA8833A3	multi	MtTrna	6878
FLASH-seq	ZHA8833A3	multi	UnitaryPseudogene	6476
FLASH-seq	ZHA8833A3	multi	tRNA	804
FLASH-seq	ZHA8833A3	multi	snoRNA	447
FLASH-seq	ZHA8833A3	multi	snRNA	123
FLASH-seq	ZHA8833A3	multi	rRNA	61
FLASH-seq	ZHA8833A3	multi	pseudogene	37
FLASH-seq	ZHA8833A3	multi	ribozyme	9
FLASH-seq	ZHA8833A3	multi	scaRNA	3
FLASH-seq	ZHA8833A3	multi	MtRrna	2
FLASH-seq	ZHA8833A3	multi	TrCGene	1
FLASH-seq	ZHA8833A3	multi	TranslatedUnprocessedPseudogene	1
FLASH-seq	ZHA8833A3	single	ProteinCoding	3958038
FLASH-seq	ZHA8833A3	single	lncRNA	560719
FLASH-seq	ZHA8833A3	single	miRNA	19282
FLASH-seq	ZHA8833A3	single	ProcessedPseudogene	10160
FLASH-seq	ZHA8833A3	single	TranscribedProcessedPseudogene	9759
FLASH-seq	ZHA8833A3	single	TEC	4267
FLASH-seq	ZHA8833A3	single	TranscribedUnprocessedPseudogene	3370
FLASH-seq	ZHA8833A3	single	snoRNA	1354
FLASH-seq	ZHA8833A3	single	UnitaryPseudogene	412
FLASH-seq	ZHA8833A3	single	UnprocessedPseudogene	363
FLASH-seq	ZHA8833A3	single	tRNA	340
FLASH-seq	ZHA8833A3	single	MiscRna	337
FLASH-seq	ZHA8833A3	single	snRNA	150
FLASH-seq	ZHA8833A3	single	scaRNA	88
FLASH-seq	ZHA8833A3	single	TranscribedUnitaryPseudogene	27
FLASH-seq	ZHA8833A3	single	rRNA	3
FLASH-seq	ZHA8833A4	multi	ProteinCoding	3407752
FLASH-seq	ZHA8833A4	multi	lncRNA	2004141
FLASH-seq	ZHA8833A4	multi	ProcessedPseudogene	1618906
FLASH-seq	ZHA8833A4	multi	TranscribedProcessedPseudogene	724869
FLASH-seq	ZHA8833A4	multi	UnprocessedPseudogene	239522
FLASH-seq	ZHA8833A4	multi	miRNA	79091
FLASH-seq	ZHA8833A4	multi	MiscRna	70321
FLASH-seq	ZHA8833A4	multi	TranscribedUnprocessedPseudogene	49585
FLASH-seq	ZHA8833A4	multi	TEC	44884
FLASH-seq	ZHA8833A4	multi	TranscribedUnitaryPseudogene	19938
FLASH-seq	ZHA8833A4	multi	UnitaryPseudogene	7729
FLASH-seq	ZHA8833A4	multi	MtTrna	7658
FLASH-seq	ZHA8833A4	multi	tRNA	865
FLASH-seq	ZHA8833A4	multi	snoRNA	491
FLASH-seq	ZHA8833A4	multi	snRNA	127
FLASH-seq	ZHA8833A4	multi	pseudogene	44
FLASH-seq	ZHA8833A4	multi	rRNA	42
FLASH-seq	ZHA8833A4	multi	ribozyme	9
FLASH-seq	ZHA8833A4	multi	TrVGene	8
FLASH-seq	ZHA8833A4	multi	TrVPseudogene	2
FLASH-seq	ZHA8833A4	multi	TranslatedUnprocessedPseudogene	2
FLASH-seq	ZHA8833A4	multi	IgVPseudogene	1
FLASH-seq	ZHA8833A4	multi	MtRrna	1
FLASH-seq	ZHA8833A4	multi	TrCGene	1
FLASH-seq	ZHA8833A4	multi	scaRNA	1
FLASH-seq	ZHA8833A4	single	ProteinCoding	23652418
FLASH-seq	ZHA8833A4	single	lncRNA	3373581
FLASH-seq	ZHA8833A4	single	TEC	122901
FLASH-seq	ZHA8833A4	single	miRNA	90424
FLASH-seq	ZHA8833A4	single	ProcessedPseudogene	87624
FLASH-seq	ZHA8833A4	single	TranscribedProcessedPseudogene	44666
FLASH-seq	ZHA8833A4	single	TranscribedUnprocessedPseudogene	16457
FLASH-seq	ZHA8833A4	single	snoRNA	6874
FLASH-seq	ZHA8833A4	single	MtTrna	3291
FLASH-seq	ZHA8833A4	single	TranscribedUnitaryPseudogene	2864
FLASH-seq	ZHA8833A4	single	MiscRna	2444
FLASH-seq	ZHA8833A4	single	UnprocessedPseudogene	2033
FLASH-seq	ZHA8833A4	single	UnitaryPseudogene	1046
FLASH-seq	ZHA8833A4	single	tRNA	905
FLASH-seq	ZHA8833A4	single	snRNA	724
FLASH-seq	ZHA8833A4	single	rRNA	321
FLASH-seq	ZHA8833A4	single	MtRrna	248
FLASH-seq	ZHA8833A4	single	ribozyme	195
FLASH-seq	ZHA8833A4	single	scaRNA	132
FLASH-seq	ZHA8833A4	single	TrVGene	17
FLASH-seq	ZHA8833A4	single	IgCGene	14
FLASH-seq	ZHA8833A4	single	pseudogene	13
FLASH-seq	ZHA8833A4	single	TranslatedUnprocessedPseudogene	12
FLASH-seq	ZHA8833A4	single	IgVGene	8
FLASH-seq	ZHA8833A4	single	TrCGene	4
FLASH-seq	ZHA8833A5	multi	ProteinCoding	3318245
FLASH-seq	ZHA8833A5	multi	lncRNA	1924011
FLASH-seq	ZHA8833A5	multi	ProcessedPseudogene	1553963
FLASH-seq	ZHA8833A5	multi	TranscribedProcessedPseudogene	693058
FLASH-seq	ZHA8833A5	multi	UnprocessedPseudogene	256148
FLASH-seq	ZHA8833A5	multi	miRNA	66940
FLASH-seq	ZHA8833A5	multi	MiscRna	57209
FLASH-seq	ZHA8833A5	multi	TranscribedUnprocessedPseudogene	49081
FLASH-seq	ZHA8833A5	multi	TEC	40382
FLASH-seq	ZHA8833A5	multi	TranscribedUnitaryPseudogene	19423
FLASH-seq	ZHA8833A5	multi	UnitaryPseudogene	8084
FLASH-seq	ZHA8833A5	multi	MtTrna	7713
FLASH-seq	ZHA8833A5	multi	tRNA	1016
FLASH-seq	ZHA8833A5	multi	snoRNA	487
FLASH-seq	ZHA8833A5	multi	snRNA	135
FLASH-seq	ZHA8833A5	multi	rRNA	86
FLASH-seq	ZHA8833A5	multi	pseudogene	67
FLASH-seq	ZHA8833A5	multi	TrVGene	8
FLASH-seq	ZHA8833A5	multi	ribozyme	8
FLASH-seq	ZHA8833A5	multi	IgVPseudogene	2
FLASH-seq	ZHA8833A5	multi	MtRrna	1
FLASH-seq	ZHA8833A6	multi	ProteinCoding	2716328
FLASH-seq	ZHA8833A6	multi	lncRNA	1557816
FLASH-seq	ZHA8833A6	multi	ProcessedPseudogene	1233064
FLASH-seq	ZHA8833A6	multi	TranscribedProcessedPseudogene	556445
FLASH-seq	ZHA8833A6	multi	UnprocessedPseudogene	231965
FLASH-seq	ZHA8833A6	multi	miRNA	48081
FLASH-seq	ZHA8833A6	multi	TranscribedUnprocessedPseudogene	40115
FLASH-seq	ZHA8833A6	multi	MiscRna	37463
FLASH-seq	ZHA8833A6	multi	TEC	31194
FLASH-seq	ZHA8833A6	multi	TranscribedUnitaryPseudogene	15608
FLASH-seq	ZHA8833A6	multi	MtTrna	7500
FLASH-seq	ZHA8833A6	multi	UnitaryPseudogene	6236
FLASH-seq	ZHA8833A6	multi	tRNA	727
FLASH-seq	ZHA8833A6	multi	snoRNA	465
FLASH-seq	ZHA8833A6	multi	snRNA	113
FLASH-seq	ZHA8833A6	multi	pseudogene	53
FLASH-seq	ZHA8833A6	multi	rRNA	42
FLASH-seq	ZHA8833A6	multi	TrVGene	9
FLASH-seq	ZHA8833A6	multi	MtRrna	6
FLASH-seq	ZHA8833A6	multi	TrVPseudogene	4
FLASH-seq	ZHA8833A6	multi	ribozyme	3
FLASH-seq	ZHA8833A6	multi	TranslatedUnprocessedPseudogene	1
FLASH-seq	ZHA8833A6	multi	scaRNA	1
FLASH-seq	ZHA8833A6	single	ProteinCoding	18126149
FLASH-seq	ZHA8833A6	single	lncRNA	2573526
FLASH-seq	ZHA8833A6	single	TEC	89238
FLASH-seq	ZHA8833A6	single	ProcessedPseudogene	72077
FLASH-seq	ZHA8833A6	single	miRNA	62835
FLASH-seq	ZHA8833A6	single	TranscribedProcessedPseudogene	36573
FLASH-seq	ZHA8833A6	single	TranscribedUnprocessedPseudogene	12567
FLASH-seq	ZHA8833A6	single	snoRNA	5962
FLASH-seq	ZHA8833A6	single	MtTrna	3344
FLASH-seq	ZHA8833A6	single	TranscribedUnitaryPseudogene	2524
FLASH-seq	ZHA8833A6	single	UnprocessedPseudogene	1909
FLASH-seq	ZHA8833A6	single	MiscRna	1764
FLASH-seq	ZHA8833A6	single	UnitaryPseudogene	830
FLASH-seq	ZHA8833A6	single	snRNA	636
FLASH-seq	ZHA8833A6	single	tRNA	533
FLASH-seq	ZHA8833A6	single	MtRrna	337
FLASH-seq	ZHA8833A6	single	rRNA	218
FLASH-seq	ZHA8833A6	single	scaRNA	141
FLASH-seq	ZHA8833A6	single	ribozyme	129
FLASH-seq	ZHA8833A6	single	IgVGene	4
FLASH-seq	ZHA8833A6	single	TrCGene	3
FLASH-seq	ZHA8833A6	single	TranslatedUnprocessedPseudogene	1
FLASH-seq	ZHA8833A7	multi	ProteinCoding	2589648
FLASH-seq	ZHA8833A7	multi	lncRNA	1476804
FLASH-seq	ZHA8833A7	multi	ProcessedPseudogene	1160967
FLASH-seq	ZHA8833A7	multi	TranscribedProcessedPseudogene	524208
FLASH-seq	ZHA8833A7	multi	UnprocessedPseudogene	236913
FLASH-seq	ZHA8833A7	multi	miRNA	43542
FLASH-seq	ZHA8833A7	multi	TranscribedUnprocessedPseudogene	38488
FLASH-seq	ZHA8833A7	multi	MiscRna	33236
FLASH-seq	ZHA8833A7	multi	TEC	29837
FLASH-seq	ZHA8833A7	multi	TranscribedUnitaryPseudogene	13391
FLASH-seq	ZHA8833A7	multi	MtTrna	8700
FLASH-seq	ZHA8833A7	multi	UnitaryPseudogene	5552
FLASH-seq	ZHA8833A7	multi	tRNA	624
FLASH-seq	ZHA8833A7	multi	snoRNA	479
FLASH-seq	ZHA8833A7	multi	snRNA	74
FLASH-seq	ZHA8833A7	multi	rRNA	50
FLASH-seq	ZHA8833A7	multi	pseudogene	29
FLASH-seq	ZHA8833A7	multi	MtRrna	6
FLASH-seq	ZHA8833A7	multi	ribozyme	5
FLASH-seq	ZHA8833A7	multi	TrCGene	1
FLASH-seq	ZHA8833A7	multi	TrVGene	1
FLASH-seq	ZHA8833A7	multi	scaRNA	1
FLASH-seq	ZHA8833A7	single	ProteinCoding	17747242
FLASH-seq	ZHA8833A7	single	lncRNA	2506872
FLASH-seq	ZHA8833A7	single	TEC	89125
FLASH-seq	ZHA8833A7	single	ProcessedPseudogene	73072
FLASH-seq	ZHA8833A7	single	miRNA	63739
FLASH-seq	ZHA8833A7	single	TranscribedProcessedPseudogene	36606
FLASH-seq	ZHA8833A7	single	TranscribedUnprocessedPseudogene	10546
FLASH-seq	ZHA8833A7	single	snoRNA	5574
FLASH-seq	ZHA8833A7	single	MtTrna	3320
FLASH-seq	ZHA8833A7	single	TranscribedUnitaryPseudogene	3137
FLASH-seq	ZHA8833A7	single	MiscRna	1690
FLASH-seq	ZHA8833A7	single	UnprocessedPseudogene	1375
FLASH-seq	ZHA8833A7	single	UnitaryPseudogene	1019
FLASH-seq	ZHA8833A7	single	tRNA	620
FLASH-seq	ZHA8833A7	single	snRNA	537
FLASH-seq	ZHA8833A7	single	MtRrna	291
FLASH-seq	ZHA8833A7	single	ribozyme	184
FLASH-seq	ZHA8833A7	single	rRNA	180
FLASH-seq	ZHA8833A7	single	scaRNA	161
FLASH-seq	ZHA8833A7	single	IgCGene	2
FLASH-seq	ZHA8833A8	multi	ProteinCoding	3728024
FLASH-seq	ZHA8833A8	multi	lncRNA	2222220
FLASH-seq	ZHA8833A8	multi	ProcessedPseudogene	1802046
FLASH-seq	ZHA8833A8	multi	TranscribedProcessedPseudogene	882091
FLASH-seq	ZHA8833A8	multi	UnprocessedPseudogene	372557
FLASH-seq	ZHA8833A8	multi	miRNA	111594
FLASH-seq	ZHA8833A8	multi	MiscRna	109762
FLASH-seq	ZHA8833A8	multi	TranscribedUnprocessedPseudogene	48225
FLASH-seq	ZHA8833A8	multi	TEC	42283
FLASH-seq	ZHA8833A8	multi	TranscribedUnitaryPseudogene	23382
FLASH-seq	ZHA8833A8	multi	MtTrna	12526
FLASH-seq	ZHA8833A8	multi	UnitaryPseudogene	7450
FLASH-seq	ZHA8833A8	multi	tRNA	832
FLASH-seq	ZHA8833A8	multi	snoRNA	296
FLASH-seq	ZHA8833A8	multi	snRNA	162
FLASH-seq	ZHA8833A8	multi	rRNA	78
FLASH-seq	ZHA8833A8	multi	pseudogene	40
FLASH-seq	ZHA8833A8	multi	IgCGene	4
FLASH-seq	ZHA8833A8	multi	MtRrna	1
FLASH-seq	ZHA8833A8	multi	ribozyme	1
FLASH-seq	ZHA8833A8	multi	scaRNA	1
FLASH-seq	ZHA8833A8	single	ProteinCoding	18943924
FLASH-seq	ZHA8833A8	single	lncRNA	2760530
FLASH-seq	ZHA8833A8	single	TEC	114720
FLASH-seq	ZHA8833A8	single	ProcessedPseudogene	109076
FLASH-seq	ZHA8833A8	single	miRNA	102682
FLASH-seq	ZHA8833A8	single	TranscribedProcessedPseudogene	59868
FLASH-seq	ZHA8833A8	single	TranscribedUnprocessedPseudogene	7573
FLASH-seq	ZHA8833A8	single	snoRNA	6091
FLASH-seq	ZHA8833A8	single	MtTrna	3609
FLASH-seq	ZHA8833A8	single	TranscribedUnitaryPseudogene	2815
FLASH-seq	ZHA8833A8	single	UnprocessedPseudogene	2161
FLASH-seq	ZHA8833A8	single	MiscRna	1255
FLASH-seq	ZHA8833A8	single	UnitaryPseudogene	1048
FLASH-seq	ZHA8833A8	single	tRNA	904
FLASH-seq	ZHA8833A8	single	rRNA	469
FLASH-seq	ZHA8833A8	single	snRNA	346
FLASH-seq	ZHA8833A8	single	MtRrna	225
FLASH-seq	ZHA8833A8	single	ribozyme	166
FLASH-seq	ZHA8833A8	single	scaRNA	165
FLASH-seq	ZHA8833A8	single	sRNA	34
FLASH-seq	ZHA8833A8	single	IgCGene	22
FLASH-seq	ZHA8833A8	single	pseudogene	3
FLASH-seq	ZHA8833A9	multi	ProteinCoding	3512554
FLASH-seq	ZHA8833A9	multi	lncRNA	2138589
FLASH-seq	ZHA8833A9	multi	ProcessedPseudogene	1836037
FLASH-seq	ZHA8833A9	multi	TranscribedProcessedPseudogene	855087
FLASH-seq	ZHA8833A9	multi	UnprocessedPseudogene	180087
FLASH-seq	ZHA8833A9	multi	miRNA	89612
FLASH-seq	ZHA8833A9	multi	MiscRna	80796
FLASH-seq	ZHA8833A9	multi	TranscribedUnprocessedPseudogene	52787
FLASH-seq	ZHA8833A9	multi	TEC	50931
FLASH-seq	ZHA8833A9	multi	TranscribedUnitaryPseudogene	20101
FLASH-seq	ZHA8833A9	multi	UnitaryPseudogene	7393
FLASH-seq	ZHA8833A9	multi	MtTrna	5518
FLASH-seq	ZHA8833A9	multi	rRNA	1804
FLASH-seq	ZHA8833A9	multi	tRNA	909
FLASH-seq	ZHA8833A9	multi	snoRNA	732
FLASH-seq	ZHA8833A9	multi	snRNA	96
FLASH-seq	ZHA8833A9	multi	pseudogene	75
FLASH-seq	ZHA8833A9	multi	scaRNA	17
FLASH-seq	ZHA8833A9	multi	ribozyme	11
FLASH-seq	ZHA8833A9	multi	IgVGene	5
FLASH-seq	ZHA8833A9	multi	MtRrna	4
FLASH-seq	ZHA8833A9	multi	TrVGene	3
FLASH-seq	ZHA8833A9	multi	IgCGene	1
FLASH-seq	ZHA8833A9	multi	TrCGene	1
FLASH-seq	ZHA8833A9	multi	TrJGene	1
FLASH-seq	ZHA8833A9	multi	TranslatedUnprocessedPseudogene	1
FLASH-seq	ZHA8833A9	single	ProteinCoding	23725162
FLASH-seq	ZHA8833A9	single	lncRNA	3433045
FLASH-seq	ZHA8833A9	single	TEC	130810
FLASH-seq	ZHA8833A9	single	miRNA	99543
FLASH-seq	ZHA8833A9	single	ProcessedPseudogene	91012
FLASH-seq	ZHA8833A9	single	TranscribedProcessedPseudogene	44737
FLASH-seq	ZHA8833A9	single	TranscribedUnprocessedPseudogene	16008
FLASH-seq	ZHA8833A9	single	snoRNA	8176
FLASH-seq	ZHA8833A9	single	rRNA	3802
FLASH-seq	ZHA8833A9	single	UnitaryPseudogene	2399
FLASH-seq	ZHA8833A9	single	MtTrna	2044
FLASH-seq	ZHA8833A9	single	MiscRna	1798
FLASH-seq	ZHA8833A9	single	UnprocessedPseudogene	1361
FLASH-seq	ZHA8833A9	single	TranscribedUnitaryPseudogene	1076
FLASH-seq	ZHA8833A9	single	tRNA	697
FLASH-seq	ZHA8833A9	single	snRNA	576
FLASH-seq	ZHA8833A9	single	ribozyme	413
FLASH-seq	ZHA8833A9	single	scaRNA	202
FLASH-seq	ZHA8833A9	single	IgVGene	193
FLASH-seq	ZHA8833A9	single	MtRrna	128
FLASH-seq	ZHA8833A9	single	pseudogene	2
FLASH-seq	ZHA8833A9	single	TrCGene	1
FLASH-seq	ZHA8833A9	single	TrVGene	1
VASA own, 130 nt	001	multi	ProteinCoding	32867
VASA own, 130 nt	001	multi	lncRNA	24339
VASA own, 130 nt	001	multi	MiscRna	3361
VASA own, 130 nt	001	multi	snRNA	2046
VASA own, 130 nt	001	multi	miRNA	1862
VASA own, 130 nt	001	multi	ProcessedPseudogene	1572
VASA own, 130 nt	001	multi	rRNA	778
VASA own, 130 nt	001	multi	TranscribedProcessedPseudogene	627
VASA own, 130 nt	001	multi	snoRNA	524
VASA own, 130 nt	001	multi	UnprocessedPseudogene	433
VASA own, 130 nt	001	multi	TEC	396
VASA own, 130 nt	001	multi	TranscribedUnprocessedPseudogene	282
VASA own, 130 nt	001	multi	UnitaryPseudogene	86
VASA own, 130 nt	001	multi	TranscribedUnitaryPseudogene	74
VASA own, 130 nt	001	multi	tRNA	36
VASA own, 130 nt	001	multi	ribozyme	4
VASA own, 130 nt	001	multi	IgCGene	3
VASA own, 130 nt	001	multi	MtRrna	2
VASA own, 130 nt	001	multi	IgLvGene	1
VASA own, 130 nt	001	multi	IgVPseudogene	1
VASA own, 130 nt	001	multi	MtTrna	1
VASA own, 130 nt	001	multi	scaRNA	1
VASA own, 130 nt	001	single	ProteinCoding	34626
VASA own, 130 nt	001	single	lncRNA	5039
VASA own, 130 nt	001	single	snoRNA	695
VASA own, 130 nt	001	single	MiscRna	580
VASA own, 130 nt	001	single	ribozyme	558
VASA own, 130 nt	001	single	snRNA	301
VASA own, 130 nt	001	single	rRNA	120
VASA own, 130 nt	001	single	TEC	113
VASA own, 130 nt	001	single	miRNA	109
VASA own, 130 nt	001	single	ProcessedPseudogene	102
VASA own, 130 nt	001	single	TranscribedUnprocessedPseudogene	42
VASA own, 130 nt	001	single	scaRNA	33
VASA own, 130 nt	001	single	TranscribedProcessedPseudogene	27
VASA own, 130 nt	001	single	UnitaryPseudogene	20
VASA own, 130 nt	001	single	MtRrna	17
VASA own, 130 nt	001	single	TranscribedUnitaryPseudogene	11
VASA own, 130 nt	001	single	tRNA	8
VASA own, 130 nt	001	single	UnprocessedPseudogene	4
VASA own, 130 nt	001	single	MtTrna	2
VASA own, 130 nt	002	multi	lncRNA	473179
VASA own, 130 nt	002	multi	ProteinCoding	453754
VASA own, 130 nt	002	multi	MiscRna	101875
VASA own, 130 nt	002	multi	miRNA	59382
VASA own, 130 nt	002	multi	snRNA	57448
VASA own, 130 nt	002	multi	ProcessedPseudogene	34094
VASA own, 130 nt	002	multi	snoRNA	15724
VASA own, 130 nt	002	multi	TranscribedProcessedPseudogene	15127
VASA own, 130 nt	002	multi	UnprocessedPseudogene	5418
VASA own, 130 nt	002	multi	rRNA	4383
VASA own, 130 nt	002	multi	TranscribedUnprocessedPseudogene	2249
VASA own, 130 nt	002	multi	TEC	1060
VASA own, 130 nt	002	multi	TranscribedUnitaryPseudogene	961
VASA own, 130 nt	002	multi	tRNA	480
VASA own, 130 nt	002	multi	UnitaryPseudogene	364
VASA own, 130 nt	002	multi	MtTrna	78
VASA own, 130 nt	002	multi	ribozyme	57
VASA own, 130 nt	002	multi	MtRrna	13
VASA own, 130 nt	002	multi	IgVGene	7
VASA own, 130 nt	002	multi	IgVPseudogene	7
VASA own, 130 nt	002	multi	scaRNA	2
VASA own, 130 nt	002	multi	TrCGene	1
VASA own, 130 nt	002	multi	TrVGene	1
VASA own, 130 nt	002	single	ProteinCoding	773781
VASA own, 130 nt	002	single	lncRNA	94099
VASA own, 130 nt	002	single	ribozyme	21079
VASA own, 130 nt	002	single	MiscRna	16908
VASA own, 130 nt	002	single	snoRNA	16803
VASA own, 130 nt	002	single	snRNA	8030
VASA own, 130 nt	002	single	miRNA	3638
VASA own, 130 nt	002	single	ProcessedPseudogene	2343
VASA own, 130 nt	002	single	rRNA	1976
VASA own, 130 nt	002	single	TEC	1620
VASA own, 130 nt	002	single	TranscribedProcessedPseudogene	906
VASA own, 130 nt	002	single	scaRNA	841
VASA own, 130 nt	002	single	TranscribedUnprocessedPseudogene	703
VASA own, 130 nt	002	single	UnprocessedPseudogene	268
VASA own, 130 nt	002	single	tRNA	227
VASA own, 130 nt	002	single	MtRrna	164
VASA own, 130 nt	002	single	TranscribedUnitaryPseudogene	160
VASA own, 130 nt	002	single	UnitaryPseudogene	62
VASA own, 130 nt	002	single	MtTrna	44
VASA own, 130 nt	002	single	TranslatedUnprocessedPseudogene	8
VASA own, 130 nt	002	single	pseudogene	2
VASA own, 130 nt	003	multi	lncRNA	693333
VASA own, 130 nt	003	multi	ProteinCoding	585509
VASA own, 130 nt	003	multi	MiscRna	324920
VASA own, 130 nt	003	multi	miRNA	184453
VASA own, 130 nt	003	multi	snRNA	128890
VASA own, 130 nt	003	multi	ProcessedPseudogene	69884
VASA own, 130 nt	003	multi	snoRNA	50956
VASA own, 130 nt	003	multi	TranscribedProcessedPseudogene	30926
VASA own, 130 nt	003	multi	rRNA	10394
VASA own, 130 nt	003	multi	UnprocessedPseudogene	9230
VASA own, 130 nt	003	multi	TranscribedUnprocessedPseudogene	4211
VASA own, 130 nt	003	multi	TranscribedUnitaryPseudogene	2374
VASA own, 130 nt	003	multi	TEC	1755
VASA own, 130 nt	003	multi	tRNA	912
VASA own, 130 nt	003	multi	UnitaryPseudogene	621
VASA own, 130 nt	003	multi	ribozyme	289
VASA own, 130 nt	003	multi	MtTrna	92
VASA own, 130 nt	003	multi	MtRrna	48
VASA own, 130 nt	003	multi	scaRNA	14
VASA own, 130 nt	003	multi	IgVPseudogene	7
VASA own, 130 nt	003	multi	IgCGene	4
VASA own, 130 nt	003	multi	IgVGene	4
VASA own, 130 nt	003	multi	TrCGene	2
VASA own, 130 nt	003	multi	TrVGene	1
VASA own, 130 nt	003	single	ProteinCoding	1531181
VASA own, 130 nt	003	single	lncRNA	179085
VASA own, 130 nt	003	single	ribozyme	63461
VASA own, 130 nt	003	single	snoRNA	54427
VASA own, 130 nt	003	single	MiscRna	54305
VASA own, 130 nt	003	single	snRNA	21262
VASA own, 130 nt	003	single	miRNA	8332
VASA own, 130 nt	003	single	ProcessedPseudogene	3882
VASA own, 130 nt	003	single	rRNA	2736
VASA own, 130 nt	003	single	TEC	2733
VASA own, 130 nt	003	single	scaRNA	2616
VASA own, 130 nt	003	single	TranscribedProcessedPseudogene	1957
VASA own, 130 nt	003	single	TranscribedUnprocessedPseudogene	1182
VASA own, 130 nt	003	single	MtRrna	624
VASA own, 130 nt	003	single	tRNA	338
VASA own, 130 nt	003	single	TranscribedUnitaryPseudogene	316
VASA own, 130 nt	003	single	MtTrna	191
VASA own, 130 nt	003	single	UnprocessedPseudogene	157
VASA own, 130 nt	003	single	UnitaryPseudogene	63
VASA own, 130 nt	003	single	IgCGene	1
VASA own, 130 nt	003	single	IgVGene	1
VASA own, 130 nt	004	multi	lncRNA	534256
VASA own, 130 nt	004	multi	ProteinCoding	504773
VASA own, 130 nt	004	multi	MiscRna	153854
VASA own, 130 nt	004	multi	snRNA	110178
VASA own, 130 nt	004	multi	miRNA	92165
VASA own, 130 nt	004	multi	ProcessedPseudogene	49423
VASA own, 130 nt	004	multi	TranscribedProcessedPseudogene	21739
VASA own, 130 nt	004	multi	snoRNA	20800
VASA own, 130 nt	004	multi	rRNA	7392
VASA own, 130 nt	004	multi	UnprocessedPseudogene	6822
VASA own, 130 nt	004	multi	TranscribedUnprocessedPseudogene	3029
VASA own, 130 nt	004	multi	TEC	1970
VASA own, 130 nt	004	multi	TranscribedUnitaryPseudogene	1388
VASA own, 130 nt	004	multi	tRNA	835
VASA own, 130 nt	004	multi	UnitaryPseudogene	614
VASA own, 130 nt	004	multi	ribozyme	113
VASA own, 130 nt	004	multi	MtTrna	80
VASA own, 130 nt	004	multi	MtRrna	36
VASA own, 130 nt	004	multi	scaRNA	10
VASA own, 130 nt	004	multi	TrVPseudogene	3
VASA own, 130 nt	004	multi	IgVGene	2
VASA own, 130 nt	004	multi	IgVPseudogene	2
VASA own, 130 nt	004	multi	TrCGene	2
VASA own, 130 nt	004	multi	TrVGene	2
VASA own, 130 nt	004	multi	TranslatedUnprocessedPseudogene	1
VASA own, 130 nt	004	single	ProteinCoding	1061966
VASA own, 130 nt	004	single	lncRNA	118027
VASA own, 130 nt	004	single	MiscRna	32013
VASA own, 130 nt	004	single	ribozyme	26292
VASA own, 130 nt	004	single	snoRNA	23466
VASA own, 130 nt	004	single	snRNA	13943
VASA own, 130 nt	004	single	miRNA	4855
VASA own, 130 nt	004	single	ProcessedPseudogene	2989
VASA own, 130 nt	004	single	rRNA	2838
VASA own, 130 nt	004	single	TEC	2180
VASA own, 130 nt	004	single	TranscribedProcessedPseudogene	1243
VASA own, 130 nt	004	single	scaRNA	1171
VASA own, 130 nt	004	single	MtRrna	855
VASA own, 130 nt	004	single	TranscribedUnprocessedPseudogene	796
VASA own, 130 nt	004	single	tRNA	260
VASA own, 130 nt	004	single	TranscribedUnitaryPseudogene	244
VASA own, 130 nt	004	single	UnitaryPseudogene	136
VASA own, 130 nt	004	single	UnprocessedPseudogene	121
VASA own, 130 nt	004	single	MtTrna	94
VASA own, 130 nt	004	single	TranslatedUnprocessedPseudogene	5
VASA own, 130 nt	005	multi	lncRNA	530987
VASA own, 130 nt	005	multi	ProteinCoding	492514
VASA own, 130 nt	005	multi	MiscRna	139635
VASA own, 130 nt	005	multi	miRNA	83280
VASA own, 130 nt	005	multi	snRNA	81265
VASA own, 130 nt	005	multi	ProcessedPseudogene	43857
VASA own, 130 nt	005	multi	TranscribedProcessedPseudogene	19566
VASA own, 130 nt	005	multi	snoRNA	18004
VASA own, 130 nt	005	multi	UnprocessedPseudogene	6493
VASA own, 130 nt	005	multi	rRNA	6014
VASA own, 130 nt	005	multi	TranscribedUnprocessedPseudogene	2507
VASA own, 130 nt	005	multi	TranscribedUnitaryPseudogene	1329
VASA own, 130 nt	005	multi	TEC	1074
VASA own, 130 nt	005	multi	UnitaryPseudogene	607
VASA own, 130 nt	005	multi	tRNA	602
VASA own, 130 nt	005	multi	ribozyme	85
VASA own, 130 nt	005	multi	MtTrna	82
VASA own, 130 nt	005	multi	MtRrna	29
VASA own, 130 nt	005	multi	TranslatedUnprocessedPseudogene	5
VASA own, 130 nt	005	multi	scaRNA	3
VASA own, 130 nt	005	multi	IgVGene	2
VASA own, 130 nt	005	multi	TrVGene	2
VASA own, 130 nt	005	multi	TrCGene	1
VASA own, 130 nt	005	multi	TrVPseudogene	1
VASA own, 130 nt	005	multi	pseudogene	1
VASA own, 130 nt	005	single	ProteinCoding	940351
VASA own, 130 nt	005	single	lncRNA	103916
VASA own, 130 nt	005	single	ribozyme	26826
VASA own, 130 nt	005	single	MiscRna	22057
VASA own, 130 nt	005	single	snoRNA	20731
VASA own, 130 nt	005	single	snRNA	10895
VASA own, 130 nt	005	single	miRNA	4202
VASA own, 130 nt	005	single	ProcessedPseudogene	2693
VASA own, 130 nt	005	single	TEC	2017
VASA own, 130 nt	005	single	rRNA	1732
VASA own, 130 nt	005	single	TranscribedProcessedPseudogene	1198
VASA own, 130 nt	005	single	scaRNA	1121
VASA own, 130 nt	005	single	TranscribedUnprocessedPseudogene	640
VASA own, 130 nt	005	single	MtRrna	281
VASA own, 130 nt	005	single	TranscribedUnitaryPseudogene	261
VASA own, 130 nt	005	single	tRNA	232
VASA own, 130 nt	005	single	UnprocessedPseudogene	86
VASA own, 130 nt	005	single	MtTrna	79
VASA own, 130 nt	005	single	UnitaryPseudogene	49
VASA own, 130 nt	005	single	TranslatedUnprocessedPseudogene	4
VASA own, 130 nt	005	single	TrJGene	2
VASA own, 130 nt	005	single	IgVPseudogene	1
VASA own, 130 nt	006	multi	lncRNA	698968
VASA own, 130 nt	006	multi	ProteinCoding	666931
VASA own, 130 nt	006	multi	MiscRna	172427
VASA own, 130 nt	006	multi	miRNA	106232
VASA own, 130 nt	006	multi	snRNA	90452
VASA own, 130 nt	006	multi	ProcessedPseudogene	67123
VASA own, 130 nt	006	multi	TranscribedProcessedPseudogene	29898
VASA own, 130 nt	006	multi	snoRNA	18108
VASA own, 130 nt	006	multi	UnprocessedPseudogene	9341
VASA own, 130 nt	006	multi	rRNA	7340
VASA own, 130 nt	006	multi	TranscribedUnprocessedPseudogene	4125
VASA own, 130 nt	006	multi	TranscribedUnitaryPseudogene	2272
VASA own, 130 nt	006	multi	tRNA	2165
VASA own, 130 nt	006	multi	TEC	2033
VASA own, 130 nt	006	multi	UnitaryPseudogene	1142
VASA own, 130 nt	006	multi	MtTrna	159
VASA own, 130 nt	006	multi	ribozyme	98
VASA own, 130 nt	006	multi	MtRrna	42
VASA own, 130 nt	006	multi	scaRNA	15
VASA own, 130 nt	006	multi	IgVPseudogene	7
VASA own, 130 nt	006	multi	TrVGene	7
VASA own, 130 nt	006	multi	IgVGene	5
VASA own, 130 nt	006	multi	TranslatedUnprocessedPseudogene	3
VASA own, 130 nt	006	multi	TrVPseudogene	2
VASA own, 130 nt	006	multi	IgCGene	1
VASA own, 130 nt	006	multi	TrCGene	1
VASA own, 130 nt	006	single	ProteinCoding	1469739
VASA own, 130 nt	006	single	lncRNA	158068
VASA own, 130 nt	006	single	MiscRna	30010
VASA own, 130 nt	006	single	ribozyme	29720
VASA own, 130 nt	006	single	snoRNA	20200
VASA own, 130 nt	006	single	snRNA	13398
VASA own, 130 nt	006	single	miRNA	7039
VASA own, 130 nt	006	single	ProcessedPseudogene	4510
VASA own, 130 nt	006	single	TEC	3069
VASA own, 130 nt	006	single	rRNA	1878
VASA own, 130 nt	006	single	TranscribedProcessedPseudogene	1451
VASA own, 130 nt	006	single	scaRNA	886
VASA own, 130 nt	006	single	TranscribedUnprocessedPseudogene	852
VASA own, 130 nt	006	single	MtRrna	415
VASA own, 130 nt	006	single	tRNA	354
VASA own, 130 nt	006	single	TranscribedUnitaryPseudogene	353
VASA own, 130 nt	006	single	UnprocessedPseudogene	313
VASA own, 130 nt	006	single	MtTrna	211
VASA own, 130 nt	006	single	UnitaryPseudogene	93
VASA own, 130 nt	006	single	sRNA	4
VASA own, 130 nt	006	single	TranslatedUnprocessedPseudogene	1
VASA own, 130 nt	007	multi	lncRNA	1314467
VASA own, 130 nt	007	multi	ProteinCoding	1171553
VASA own, 130 nt	007	multi	MiscRna	476996
VASA own, 130 nt	007	multi	miRNA	279373
VASA own, 130 nt	007	multi	snRNA	274214
VASA own, 130 nt	007	multi	ProcessedPseudogene	146759
VASA own, 130 nt	007	multi	TranscribedProcessedPseudogene	65390
VASA own, 130 nt	007	multi	snoRNA	59189
VASA own, 130 nt	007	multi	UnprocessedPseudogene	22903
VASA own, 130 nt	007	multi	rRNA	18376
VASA own, 130 nt	007	multi	TranscribedUnprocessedPseudogene	9071
VASA own, 130 nt	007	multi	TranscribedUnitaryPseudogene	5138
VASA own, 130 nt	007	multi	TEC	3710
VASA own, 130 nt	007	multi	UnitaryPseudogene	2451
VASA own, 130 nt	007	multi	tRNA	1514
VASA own, 130 nt	007	multi	ribozyme	271
VASA own, 130 nt	007	multi	MtTrna	251
VASA own, 130 nt	007	multi	MtRrna	78
VASA own, 130 nt	007	multi	scaRNA	18
VASA own, 130 nt	007	multi	IgVGene	10
VASA own, 130 nt	007	multi	TrVGene	10
VASA own, 130 nt	007	multi	IgCGene	6
VASA own, 130 nt	007	multi	IgVPseudogene	2
VASA own, 130 nt	007	multi	TrCGene	2
VASA own, 130 nt	007	multi	TranslatedUnprocessedPseudogene	2
VASA own, 130 nt	007	multi	pseudogene	1
VASA own, 130 nt	007	single	ProteinCoding	3375669
VASA own, 130 nt	007	single	lncRNA	325709
VASA own, 130 nt	007	single	ribozyme	75986
VASA own, 130 nt	007	single	MiscRna	65513
VASA own, 130 nt	007	single	snoRNA	62675
VASA own, 130 nt	007	single	snRNA	35931
VASA own, 130 nt	007	single	miRNA	13868
VASA own, 130 nt	007	single	ProcessedPseudogene	8691
VASA own, 130 nt	007	single	TEC	7631
VASA own, 130 nt	007	single	TranscribedProcessedPseudogene	3370
VASA own, 130 nt	007	single	rRNA	3219
VASA own, 130 nt	007	single	scaRNA	2645
VASA own, 130 nt	007	single	TranscribedUnprocessedPseudogene	2603
VASA own, 130 nt	007	single	tRNA	1008
VASA own, 130 nt	007	single	MtRrna	801
VASA own, 130 nt	007	single	TranscribedUnitaryPseudogene	671
VASA own, 130 nt	007	single	MtTrna	465
VASA own, 130 nt	007	single	UnprocessedPseudogene	397
VASA own, 130 nt	007	single	UnitaryPseudogene	237
VASA own, 130 nt	007	single	TranslatedUnprocessedPseudogene	13
VASA own, 130 nt	007	single	TrVPseudogene	4
VASA own, 130 nt	007	single	IgCGene	1
VASA own, 130 nt	007	single	TrCGene	1
VASA own, 130 nt	007	single	TrJGene	1
VASA own, 130 nt	008	multi	lncRNA	898612
VASA own, 130 nt	008	multi	ProteinCoding	873064
VASA own, 130 nt	008	multi	MiscRna	191721
VASA own, 130 nt	008	multi	snRNA	171389
VASA own, 130 nt	008	multi	miRNA	112939
VASA own, 130 nt	008	multi	ProcessedPseudogene	80435
VASA own, 130 nt	008	multi	TranscribedProcessedPseudogene	35467
VASA own, 130 nt	008	multi	snoRNA	29849
VASA own, 130 nt	008	multi	rRNA	13913
VASA own, 130 nt	008	multi	UnprocessedPseudogene	13070
VASA own, 130 nt	008	multi	TranscribedUnprocessedPseudogene	4393
VASA own, 130 nt	008	multi	TranscribedUnitaryPseudogene	2720
VASA own, 130 nt	008	multi	TEC	2435
VASA own, 130 nt	008	multi	tRNA	1876
VASA own, 130 nt	008	multi	UnitaryPseudogene	1872
VASA own, 130 nt	008	multi	MtTrna	300
VASA own, 130 nt	008	multi	ribozyme	140
VASA own, 130 nt	008	multi	MtRrna	44
VASA own, 130 nt	008	multi	scaRNA	17
VASA own, 130 nt	008	multi	IgVGene	10
VASA own, 130 nt	008	multi	IgVPseudogene	9
VASA own, 130 nt	008	multi	TrVGene	5
VASA own, 130 nt	008	multi	TrVPseudogene	2
VASA own, 130 nt	008	multi	IgCGene	1
VASA own, 130 nt	008	multi	TranslatedUnprocessedPseudogene	1
VASA own, 130 nt	008	single	ProteinCoding	1834620
VASA own, 130 nt	008	single	lncRNA	200901
VASA own, 130 nt	008	single	MiscRna	32793
VASA own, 130 nt	008	single	ribozyme	32707
VASA own, 130 nt	008	single	snoRNA	30060
VASA own, 130 nt	008	single	snRNA	24412
VASA own, 130 nt	008	single	miRNA	8154
VASA own, 130 nt	008	single	ProcessedPseudogene	4955
VASA own, 130 nt	008	single	TEC	4380
VASA own, 130 nt	008	single	rRNA	3868
VASA own, 130 nt	008	single	TranscribedProcessedPseudogene	1932
VASA own, 130 nt	008	single	scaRNA	1439
VASA own, 130 nt	008	single	TranscribedUnprocessedPseudogene	1205
VASA own, 130 nt	008	single	MtRrna	755
VASA own, 130 nt	008	single	tRNA	754
VASA own, 130 nt	008	single	TranscribedUnitaryPseudogene	476
VASA own, 130 nt	008	single	MtTrna	346
VASA own, 130 nt	008	single	UnitaryPseudogene	287
VASA own, 130 nt	008	single	UnprocessedPseudogene	284
VASA own, 130 nt	008	single	IgVPseudogene	2
VASA own, 130 nt	008	single	TrVGene	1
VASA own, 130 nt	009	multi	lncRNA	991819
VASA own, 130 nt	009	multi	ProteinCoding	913438
VASA own, 130 nt	009	multi	MiscRna	338598
VASA own, 130 nt	009	multi	miRNA	191500
VASA own, 130 nt	009	multi	snRNA	151163
VASA own, 130 nt	009	multi	ProcessedPseudogene	120669
VASA own, 130 nt	009	multi	TranscribedProcessedPseudogene	53749
VASA own, 130 nt	009	multi	snoRNA	30911
VASA own, 130 nt	009	multi	UnprocessedPseudogene	17542
VASA own, 130 nt	009	multi	rRNA	16345
VASA own, 130 nt	009	multi	TranscribedUnprocessedPseudogene	6500
VASA own, 130 nt	009	multi	TranscribedUnitaryPseudogene	3729
VASA own, 130 nt	009	multi	TEC	2767
VASA own, 130 nt	009	multi	UnitaryPseudogene	2132
VASA own, 130 nt	009	multi	tRNA	1955
VASA own, 130 nt	009	multi	MtTrna	239
VASA own, 130 nt	009	multi	ribozyme	185
VASA own, 130 nt	009	multi	MtRrna	62
VASA own, 130 nt	009	multi	scaRNA	23
VASA own, 130 nt	009	multi	TrVGene	7
VASA own, 130 nt	009	multi	IgCGene	6
VASA own, 130 nt	009	multi	IgVPseudogene	6
VASA own, 130 nt	009	multi	IgVGene	5
VASA own, 130 nt	009	multi	TrCGene	2
VASA own, 130 nt	009	multi	TrVPseudogene	2
VASA own, 130 nt	009	multi	TranslatedUnprocessedPseudogene	1
VASA own, 130 nt	009	single	ProteinCoding	2640957
VASA own, 130 nt	009	single	lncRNA	237397
VASA own, 130 nt	009	single	ribozyme	50870
VASA own, 130 nt	009	single	MiscRna	44658
VASA own, 130 nt	009	single	snoRNA	37608
VASA own, 130 nt	009	single	snRNA	22241
VASA own, 130 nt	009	single	miRNA	10560
VASA own, 130 nt	009	single	ProcessedPseudogene	7155
VASA own, 130 nt	009	single	TEC	5723
VASA own, 130 nt	009	single	rRNA	4681
VASA own, 130 nt	009	single	TranscribedProcessedPseudogene	2532
VASA own, 130 nt	009	single	scaRNA	1970
VASA own, 130 nt	009	single	TranscribedUnprocessedPseudogene	1783
VASA own, 130 nt	009	single	MtRrna	912
VASA own, 130 nt	009	single	tRNA	605
VASA own, 130 nt	009	single	TranscribedUnitaryPseudogene	570
VASA own, 130 nt	009	single	MtTrna	365
VASA own, 130 nt	009	single	UnprocessedPseudogene	331
VASA own, 130 nt	009	single	UnitaryPseudogene	168
VASA own, 130 nt	009	single	TranslatedUnprocessedPseudogene	9
VASA own, 130 nt	009	single	TrVPseudogene	7
VASA own, 130 nt	009	single	TrVGene	5
VASA own, 130 nt	009	single	sRNA	2
VASA own, 130 nt	009	single	IgVGene	1
VASA own, 130 nt	009	single	IgVPseudogene	1
VASA own, 130 nt	009	single	TrCGene	1
VASA own, 130 nt	010	multi	lncRNA	2121039
VASA own, 130 nt	010	multi	ProteinCoding	1885881
VASA own, 130 nt	010	multi	MiscRna	714625
VASA own, 130 nt	010	multi	snRNA	655624
VASA own, 130 nt	010	multi	miRNA	372810
VASA own, 130 nt	010	multi	ProcessedPseudogene	219825
VASA own, 130 nt	010	multi	snoRNA	120690
VASA own, 130 nt	010	multi	TranscribedProcessedPseudogene	97696
VASA own, 130 nt	010	multi	UnprocessedPseudogene	34118
VASA own, 130 nt	010	multi	rRNA	23505
VASA own, 130 nt	010	multi	TranscribedUnprocessedPseudogene	11886
VASA own, 130 nt	010	multi	TranscribedUnitaryPseudogene	6724
VASA own, 130 nt	010	multi	TEC	4630
VASA own, 130 nt	010	multi	UnitaryPseudogene	2101
VASA own, 130 nt	010	multi	tRNA	1740
VASA own, 130 nt	010	multi	ribozyme	466
VASA own, 130 nt	010	multi	MtTrna	188
VASA own, 130 nt	010	multi	MtRrna	105
VASA own, 130 nt	010	multi	scaRNA	32
VASA own, 130 nt	010	multi	IgCGene	6
VASA own, 130 nt	010	multi	IgVGene	6
VASA own, 130 nt	010	multi	TrVGene	6
VASA own, 130 nt	010	multi	TrCGene	5
VASA own, 130 nt	010	multi	TranslatedUnprocessedPseudogene	4
VASA own, 130 nt	010	multi	IgVPseudogene	2
VASA own, 130 nt	010	multi	pseudogene	2
VASA own, 130 nt	010	single	ProteinCoding	5060109
VASA own, 130 nt	010	single	lncRNA	462799
VASA own, 130 nt	010	single	MiscRna	128390
VASA own, 130 nt	010	single	snoRNA	119868
VASA own, 130 nt	010	single	ribozyme	110267
VASA own, 130 nt	010	single	snRNA	67400
VASA own, 130 nt	010	single	miRNA	21964
VASA own, 130 nt	010	single	ProcessedPseudogene	13785
VASA own, 130 nt	010	single	TEC	10852
VASA own, 130 nt	010	single	TranscribedProcessedPseudogene	6486
VASA own, 130 nt	010	single	scaRNA	6108
VASA own, 130 nt	010	single	rRNA	4922
VASA own, 130 nt	010	single	TranscribedUnprocessedPseudogene	3407
VASA own, 130 nt	010	single	tRNA	1341
VASA own, 130 nt	010	single	MtRrna	1261
VASA own, 130 nt	010	single	TranscribedUnitaryPseudogene	1242
VASA own, 130 nt	010	single	MtTrna	483
VASA own, 130 nt	010	single	UnprocessedPseudogene	414
VASA own, 130 nt	010	single	UnitaryPseudogene	250
VASA own, 130 nt	010	single	IgVGene	1
VASA own, 130 nt	010	single	TrCGene	1
VASA own, 130 nt	011	multi	lncRNA	2127408
VASA own, 130 nt	011	multi	ProteinCoding	1905446
VASA own, 130 nt	011	multi	MiscRna	752346
VASA own, 130 nt	011	multi	snRNA	720508
VASA own, 130 nt	011	multi	miRNA	384161
VASA own, 130 nt	011	multi	ProcessedPseudogene	218724
VASA own, 130 nt	011	multi	snoRNA	172573
VASA own, 130 nt	011	multi	TranscribedProcessedPseudogene	97575
VASA own, 130 nt	011	multi	UnprocessedPseudogene	30516
VASA own, 130 nt	011	multi	rRNA	24965
VASA own, 130 nt	011	multi	TranscribedUnprocessedPseudogene	11858
VASA own, 130 nt	011	multi	TranscribedUnitaryPseudogene	6954
VASA own, 130 nt	011	multi	TEC	5296
VASA own, 130 nt	011	multi	UnitaryPseudogene	2547
VASA own, 130 nt	011	multi	tRNA	1725
VASA own, 130 nt	011	multi	ribozyme	531
VASA own, 130 nt	011	multi	MtTrna	194
VASA own, 130 nt	011	multi	MtRrna	107
VASA own, 130 nt	011	multi	scaRNA	37
VASA own, 130 nt	011	multi	TrVGene	14
VASA own, 130 nt	011	multi	IgVGene	13
VASA own, 130 nt	011	multi	IgVPseudogene	8
VASA own, 130 nt	011	multi	IgCGene	5
VASA own, 130 nt	011	multi	TranslatedUnprocessedPseudogene	3
VASA own, 130 nt	011	multi	pseudogene	3
VASA own, 130 nt	011	multi	TrCGene	2
VASA own, 130 nt	011	multi	IgJGene	1
VASA own, 130 nt	011	multi	TrJGene	1
VASA own, 130 nt	011	single	ProteinCoding	5088451
VASA own, 130 nt	011	single	lncRNA	488508
VASA own, 130 nt	011	single	snoRNA	145595
VASA own, 130 nt	011	single	ribozyme	124307
VASA own, 130 nt	011	single	MiscRna	101177
VASA own, 130 nt	011	single	snRNA	71604
VASA own, 130 nt	011	single	miRNA	24783
VASA own, 130 nt	011	single	ProcessedPseudogene	13164
VASA own, 130 nt	011	single	TEC	10678
VASA own, 130 nt	011	single	scaRNA	6790
VASA own, 130 nt	011	single	TranscribedProcessedPseudogene	6381
VASA own, 130 nt	011	single	rRNA	5052
VASA own, 130 nt	011	single	TranscribedUnprocessedPseudogene	3502
VASA own, 130 nt	011	single	tRNA	1568
VASA own, 130 nt	011	single	TranscribedUnitaryPseudogene	1144
VASA own, 130 nt	011	single	MtRrna	1094
VASA own, 130 nt	011	single	UnitaryPseudogene	546
VASA own, 130 nt	011	single	MtTrna	404
VASA own, 130 nt	011	single	UnprocessedPseudogene	392
VASA own, 130 nt	011	single	TranslatedUnprocessedPseudogene	3
VASA own, 130 nt	011	single	pseudogene	3
VASA own, 130 nt	011	single	IgVGene	2
VASA own, 130 nt	011	single	IgCGene	1
VASA own, 130 nt	011	single	IgVPseudogene	1
VASA own, 130 nt	011	single	TrVGene	1
VASA own, 130 nt	011	single	TrVPseudogene	1
VASA own, 130 nt	012	multi	lncRNA	1721082
VASA own, 130 nt	012	multi	ProteinCoding	1494726
VASA own, 130 nt	012	multi	MiscRna	630188
VASA own, 130 nt	012	multi	snRNA	520190
VASA own, 130 nt	012	multi	miRNA	345712
VASA own, 130 nt	012	multi	ProcessedPseudogene	185973
VASA own, 130 nt	012	multi	snoRNA	96857
VASA own, 130 nt	012	multi	TranscribedProcessedPseudogene	83972
VASA own, 130 nt	012	multi	UnprocessedPseudogene	26391
VASA own, 130 nt	012	multi	rRNA	23284
VASA own, 130 nt	012	multi	TranscribedUnprocessedPseudogene	9866
VASA own, 130 nt	012	multi	TranscribedUnitaryPseudogene	5560
VASA own, 130 nt	012	multi	TEC	4864
VASA own, 130 nt	012	multi	UnitaryPseudogene	1844
VASA own, 130 nt	012	multi	tRNA	1770
VASA own, 130 nt	012	multi	ribozyme	413
VASA own, 130 nt	012	multi	MtTrna	161
VASA own, 130 nt	012	multi	MtRrna	121
VASA own, 130 nt	012	multi	scaRNA	28
VASA own, 130 nt	012	multi	TranslatedUnprocessedPseudogene	15
VASA own, 130 nt	012	multi	IgCGene	12
VASA own, 130 nt	012	multi	TrVGene	12
VASA own, 130 nt	012	multi	IgVPseudogene	7
VASA own, 130 nt	012	multi	IgVGene	4
VASA own, 130 nt	012	multi	IgCPseudogene	1
VASA own, 130 nt	012	multi	TrCGene	1
VASA own, 130 nt	012	multi	TrVPseudogene	1
VASA own, 130 nt	012	multi	pseudogene	1
VASA own, 130 nt	012	single	ProteinCoding	4178589
VASA own, 130 nt	012	single	lncRNA	388400
VASA own, 130 nt	012	single	ribozyme	102567
VASA own, 130 nt	012	single	snoRNA	101303
VASA own, 130 nt	012	single	MiscRna	86983
VASA own, 130 nt	012	single	snRNA	54998
VASA own, 130 nt	012	single	miRNA	18021
VASA own, 130 nt	012	single	ProcessedPseudogene	10841
VASA own, 130 nt	012	single	TEC	8772
VASA own, 130 nt	012	single	rRNA	5448
VASA own, 130 nt	012	single	scaRNA	5081
VASA own, 130 nt	012	single	TranscribedProcessedPseudogene	4988
VASA own, 130 nt	012	single	TranscribedUnprocessedPseudogene	2869
VASA own, 130 nt	012	single	TranscribedUnitaryPseudogene	973
VASA own, 130 nt	012	single	tRNA	896
VASA own, 130 nt	012	single	MtRrna	893
VASA own, 130 nt	012	single	MtTrna	449
VASA own, 130 nt	012	single	UnprocessedPseudogene	371
VASA own, 130 nt	012	single	UnitaryPseudogene	243
VASA own, 130 nt	012	single	TranslatedUnprocessedPseudogene	8
VASA own, 130 nt	012	single	TrVGene	3
VASA own, 130 nt	012	single	IgVGene	2
VASA own, 130 nt	012	single	TrCGene	1
VASA own, 130 nt	013	multi	lncRNA	1846771
VASA own, 130 nt	013	multi	ProteinCoding	1657079
VASA own, 130 nt	013	multi	snRNA	579069
VASA own, 130 nt	013	multi	MiscRna	557217
VASA own, 130 nt	013	multi	miRNA	301881
VASA own, 130 nt	013	multi	ProcessedPseudogene	151535
VASA own, 130 nt	013	multi	snoRNA	135530
VASA own, 130 nt	013	multi	TranscribedProcessedPseudogene	68227
VASA own, 130 nt	013	multi	UnprocessedPseudogene	21498
VASA own, 130 nt	013	multi	rRNA	18765
VASA own, 130 nt	013	multi	TranscribedUnprocessedPseudogene	8305
VASA own, 130 nt	013	multi	TranscribedUnitaryPseudogene	4826
VASA own, 130 nt	013	multi	TEC	3783
VASA own, 130 nt	013	multi	UnitaryPseudogene	1535
VASA own, 130 nt	013	multi	tRNA	1511
VASA own, 130 nt	013	multi	ribozyme	350
VASA own, 130 nt	013	multi	MtTrna	182
VASA own, 130 nt	013	multi	MtRrna	100
VASA own, 130 nt	013	multi	scaRNA	25
VASA own, 130 nt	013	multi	TrVGene	18
VASA own, 130 nt	013	multi	TranslatedUnprocessedPseudogene	17
VASA own, 130 nt	013	multi	IgVGene	12
VASA own, 130 nt	013	multi	IgCGene	7
VASA own, 130 nt	013	multi	IgVPseudogene	7
VASA own, 130 nt	013	multi	TrVPseudogene	6
VASA own, 130 nt	013	multi	TrCGene	3
VASA own, 130 nt	013	single	ProteinCoding	3498694
VASA own, 130 nt	013	single	lncRNA	357214
VASA own, 130 nt	013	single	snoRNA	98764
VASA own, 130 nt	013	single	MiscRna	82108
VASA own, 130 nt	013	single	ribozyme	80384
VASA own, 130 nt	013	single	snRNA	56961
VASA own, 130 nt	013	single	miRNA	16346
VASA own, 130 nt	013	single	ProcessedPseudogene	9621
VASA own, 130 nt	013	single	TEC	7234
VASA own, 130 nt	013	single	scaRNA	4976
VASA own, 130 nt	013	single	TranscribedProcessedPseudogene	4233
VASA own, 130 nt	013	single	rRNA	3814
VASA own, 130 nt	013	single	TranscribedUnprocessedPseudogene	2466
VASA own, 130 nt	013	single	tRNA	1159
VASA own, 130 nt	013	single	MtRrna	858
VASA own, 130 nt	013	single	TranscribedUnitaryPseudogene	788
VASA own, 130 nt	013	single	MtTrna	322
VASA own, 130 nt	013	single	UnprocessedPseudogene	276
VASA own, 130 nt	013	single	UnitaryPseudogene	251
VASA own, 130 nt	013	single	TranslatedUnprocessedPseudogene	4
VASA own, 130 nt	013	single	TrCGene	2
VASA own, 130 nt	013	single	IgVGene	1
VASA own, 130 nt	013	single	TrVGene	1
VASA own, 130 nt	014	multi	ProteinCoding	40567
VASA own, 130 nt	014	multi	lncRNA	28931
VASA own, 130 nt	014	multi	MiscRna	1744
VASA own, 130 nt	014	multi	snRNA	1082
VASA own, 130 nt	014	multi	ProcessedPseudogene	1029
VASA own, 130 nt	014	multi	miRNA	856
VASA own, 130 nt	014	multi	rRNA	553
VASA own, 130 nt	014	multi	TranscribedUnprocessedPseudogene	525
VASA own, 130 nt	014	multi	UnprocessedPseudogene	333
VASA own, 130 nt	014	multi	TEC	316
VASA own, 130 nt	014	multi	TranscribedProcessedPseudogene	304
VASA own, 130 nt	014	multi	snoRNA	222
VASA own, 130 nt	014	multi	TranscribedUnitaryPseudogene	78
VASA own, 130 nt	014	multi	UnitaryPseudogene	66
VASA own, 130 nt	014	multi	tRNA	8
VASA own, 130 nt	014	multi	IgVGene	2
VASA own, 130 nt	014	multi	MtRrna	2
VASA own, 130 nt	014	multi	IgVPseudogene	1
VASA own, 130 nt	014	multi	MtTrna	1
VASA own, 130 nt	014	multi	ribozyme	1
VASA own, 130 nt	014	single	ProteinCoding	24736
VASA own, 130 nt	014	single	lncRNA	5256
VASA own, 130 nt	014	single	snoRNA	289
VASA own, 130 nt	014	single	ribozyme	252
VASA own, 130 nt	014	single	MiscRna	195
VASA own, 130 nt	014	single	snRNA	138
VASA own, 130 nt	014	single	rRNA	109
VASA own, 130 nt	014	single	ProcessedPseudogene	83
VASA own, 130 nt	014	single	TEC	81
VASA own, 130 nt	014	single	TranscribedUnprocessedPseudogene	72
VASA own, 130 nt	014	single	miRNA	72
VASA own, 130 nt	014	single	MtRrna	42
VASA own, 130 nt	014	single	TranscribedProcessedPseudogene	19
VASA own, 130 nt	014	single	TranscribedUnitaryPseudogene	17
VASA own, 130 nt	014	single	scaRNA	16
VASA own, 130 nt	014	single	UnprocessedPseudogene	7
VASA own, 130 nt	014	single	UnitaryPseudogene	6
VASA own, 130 nt	014	single	MtTrna	4
VASA own, 130 nt	014	single	tRNA	2
VASA own, 130 nt	015	multi	ProteinCoding	48075
VASA own, 130 nt	015	multi	lncRNA	36793
VASA own, 130 nt	015	multi	MiscRna	4448
VASA own, 130 nt	015	multi	miRNA	2324
VASA own, 130 nt	015	multi	snRNA	2277
VASA own, 130 nt	015	multi	ProcessedPseudogene	1712
VASA own, 130 nt	015	multi	UnprocessedPseudogene	1124
VASA own, 130 nt	015	multi	TranscribedProcessedPseudogene	729
VASA own, 130 nt	015	multi	rRNA	633
VASA own, 130 nt	015	multi	snoRNA	555
VASA own, 130 nt	015	multi	TEC	551
VASA own, 130 nt	015	multi	TranscribedUnprocessedPseudogene	190
VASA own, 130 nt	015	multi	UnitaryPseudogene	93
VASA own, 130 nt	015	multi	TranscribedUnitaryPseudogene	49
VASA own, 130 nt	015	multi	tRNA	23
VASA own, 130 nt	015	multi	IgVGene	5
VASA own, 130 nt	015	multi	MtTrna	3
VASA own, 130 nt	015	multi	MtRrna	2
VASA own, 130 nt	015	multi	TrVGene	1
VASA own, 130 nt	015	multi	ribozyme	1
VASA own, 130 nt	015	multi	scaRNA	1
VASA own, 130 nt	015	single	ProteinCoding	42568
VASA own, 130 nt	015	single	lncRNA	7414
VASA own, 130 nt	015	single	snoRNA	671
VASA own, 130 nt	015	single	ribozyme	625
VASA own, 130 nt	015	single	MiscRna	604
VASA own, 130 nt	015	single	snRNA	260
VASA own, 130 nt	015	single	TEC	172
VASA own, 130 nt	015	single	rRNA	164
VASA own, 130 nt	015	single	miRNA	121
VASA own, 130 nt	015	single	MtRrna	117
VASA own, 130 nt	015	single	ProcessedPseudogene	99
VASA own, 130 nt	015	single	scaRNA	34
VASA own, 130 nt	015	single	TranscribedProcessedPseudogene	32
VASA own, 130 nt	015	single	TranscribedUnprocessedPseudogene	28
VASA own, 130 nt	015	single	TranscribedUnitaryPseudogene	23
VASA own, 130 nt	015	single	UnprocessedPseudogene	22
VASA own, 130 nt	015	single	UnitaryPseudogene	12
VASA own, 130 nt	015	single	MtTrna	7
VASA own, 130 nt	015	single	tRNA	6
VASA own, 130 nt	016	multi	ProteinCoding	23796
VASA own, 130 nt	016	multi	lncRNA	15806
VASA own, 130 nt	016	multi	MiscRna	943
VASA own, 130 nt	016	multi	snRNA	540
VASA own, 130 nt	016	multi	ProcessedPseudogene	471
VASA own, 130 nt	016	multi	miRNA	463
VASA own, 130 nt	016	multi	TEC	222
VASA own, 130 nt	016	multi	rRNA	203
VASA own, 130 nt	016	multi	UnprocessedPseudogene	187
VASA own, 130 nt	016	multi	TranscribedUnprocessedPseudogene	183
VASA own, 130 nt	016	multi	TranscribedProcessedPseudogene	151
VASA own, 130 nt	016	multi	snoRNA	144
VASA own, 130 nt	016	multi	TranscribedUnitaryPseudogene	28
VASA own, 130 nt	016	multi	UnitaryPseudogene	28
VASA own, 130 nt	016	multi	tRNA	7
VASA own, 130 nt	016	multi	TrCGene	2
VASA own, 130 nt	016	multi	TrVGene	1
VASA own, 130 nt	016	multi	ribozyme	1
VASA own, 130 nt	016	single	ProteinCoding	14306
VASA own, 130 nt	016	single	lncRNA	3907
VASA own, 130 nt	016	single	snoRNA	182
VASA own, 130 nt	016	single	ribozyme	118
VASA own, 130 nt	016	single	MiscRna	111
VASA own, 130 nt	016	single	snRNA	60
VASA own, 130 nt	016	single	TranscribedUnprocessedPseudogene	52
VASA own, 130 nt	016	single	ProcessedPseudogene	51
VASA own, 130 nt	016	single	miRNA	49
VASA own, 130 nt	016	single	rRNA	44
VASA own, 130 nt	016	single	TEC	37
VASA own, 130 nt	016	single	MtRrna	29
VASA own, 130 nt	016	single	scaRNA	9
VASA own, 130 nt	016	single	TranscribedUnitaryPseudogene	8
VASA own, 130 nt	016	single	TranscribedProcessedPseudogene	6
VASA own, 130 nt	016	single	UnprocessedPseudogene	5
VASA own, 130 nt	016	single	UnitaryPseudogene	3
VASA own, 130 nt	016	single	MtTrna	1
VASA own, 130 nt	016	single	tRNA	1
VASA own, 75 nt	001	multi	ProteinCoding	40109
VASA own, 75 nt	001	multi	lncRNA	28150
VASA own, 75 nt	001	multi	MiscRna	3581
VASA own, 75 nt	001	multi	ProcessedPseudogene	2445
VASA own, 75 nt	001	multi	snRNA	2076
VASA own, 75 nt	001	multi	miRNA	1694
VASA own, 75 nt	001	multi	TranscribedProcessedPseudogene	1083
VASA own, 75 nt	001	multi	rRNA	781
VASA own, 75 nt	001	multi	snoRNA	513
VASA own, 75 nt	001	multi	UnprocessedPseudogene	485
VASA own, 75 nt	001	multi	TEC	464
VASA own, 75 nt	001	multi	TranscribedUnprocessedPseudogene	354
VASA own, 75 nt	001	multi	TranscribedUnitaryPseudogene	103
VASA own, 75 nt	001	multi	UnitaryPseudogene	101
VASA own, 75 nt	001	multi	tRNA	38
VASA own, 75 nt	001	multi	ribozyme	9
VASA own, 75 nt	001	multi	IgCGene	3
VASA own, 75 nt	001	multi	IgVGene	3
VASA own, 75 nt	001	multi	MtTrna	3
VASA own, 75 nt	001	multi	IgVPseudogene	2
VASA own, 75 nt	001	multi	MtRrna	2
VASA own, 75 nt	001	multi	IgLvGene	1
VASA own, 75 nt	001	multi	TrVPseudogene	1
VASA own, 75 nt	001	multi	scaRNA	1
VASA own, 75 nt	001	single	ProteinCoding	34165
VASA own, 75 nt	001	single	lncRNA	5478
VASA own, 75 nt	001	single	snoRNA	669
VASA own, 75 nt	001	single	ribozyme	553
VASA own, 75 nt	001	single	MiscRna	381
VASA own, 75 nt	001	single	snRNA	277
VASA own, 75 nt	001	single	TEC	139
VASA own, 75 nt	001	single	rRNA	122
VASA own, 75 nt	001	single	ProcessedPseudogene	93
VASA own, 75 nt	001	single	miRNA	79
VASA own, 75 nt	001	single	TranscribedUnprocessedPseudogene	44
VASA own, 75 nt	001	single	scaRNA	32
VASA own, 75 nt	001	single	TranscribedProcessedPseudogene	23
VASA own, 75 nt	001	single	UnitaryPseudogene	23
VASA own, 75 nt	001	single	MtRrna	21
VASA own, 75 nt	001	single	TranscribedUnitaryPseudogene	12
VASA own, 75 nt	001	single	UnprocessedPseudogene	9
VASA own, 75 nt	001	single	tRNA	8
VASA own, 75 nt	001	single	MtTrna	2
VASA own, 75 nt	002	multi	ProteinCoding	561377
VASA own, 75 nt	002	multi	lncRNA	523381
VASA own, 75 nt	002	multi	MiscRna	108289
VASA own, 75 nt	002	multi	ProcessedPseudogene	58791
VASA own, 75 nt	002	multi	snRNA	57912
VASA own, 75 nt	002	multi	miRNA	51605
VASA own, 75 nt	002	multi	TranscribedProcessedPseudogene	26341
VASA own, 75 nt	002	multi	snoRNA	15432
VASA own, 75 nt	002	multi	UnprocessedPseudogene	6071
VASA own, 75 nt	002	multi	rRNA	4482
VASA own, 75 nt	002	multi	TranscribedUnprocessedPseudogene	3559
VASA own, 75 nt	002	multi	TranscribedUnitaryPseudogene	1903
VASA own, 75 nt	002	multi	TEC	1384
VASA own, 75 nt	002	multi	tRNA	507
VASA own, 75 nt	002	multi	UnitaryPseudogene	379
VASA own, 75 nt	002	multi	ribozyme	295
VASA own, 75 nt	002	multi	MtTrna	98
VASA own, 75 nt	002	multi	MtRrna	18
VASA own, 75 nt	002	multi	IgVPseudogene	8
VASA own, 75 nt	002	multi	IgVGene	6
VASA own, 75 nt	002	multi	IgCGene	4
VASA own, 75 nt	002	multi	TrVGene	2
VASA own, 75 nt	002	multi	scaRNA	2
VASA own, 75 nt	002	multi	TrVPseudogene	1
VASA own, 75 nt	002	single	ProteinCoding	730845
VASA own, 75 nt	002	single	lncRNA	89717
VASA own, 75 nt	002	single	ribozyme	20689
VASA own, 75 nt	002	single	snoRNA	15597
VASA own, 75 nt	002	single	MiscRna	9961
VASA own, 75 nt	002	single	snRNA	6832
VASA own, 75 nt	002	single	rRNA	2877
VASA own, 75 nt	002	single	miRNA	2538
VASA own, 75 nt	002	single	ProcessedPseudogene	1976
VASA own, 75 nt	002	single	TEC	1525
VASA own, 75 nt	002	single	TranscribedProcessedPseudogene	913
VASA own, 75 nt	002	single	scaRNA	795
VASA own, 75 nt	002	single	TranscribedUnprocessedPseudogene	623
VASA own, 75 nt	002	single	UnprocessedPseudogene	311
VASA own, 75 nt	002	single	tRNA	220
VASA own, 75 nt	002	single	MtRrna	197
VASA own, 75 nt	002	single	TranscribedUnitaryPseudogene	164
VASA own, 75 nt	002	single	UnitaryPseudogene	68
VASA own, 75 nt	002	single	MtTrna	46
VASA own, 75 nt	002	single	TranslatedUnprocessedPseudogene	8
VASA own, 75 nt	002	single	IgVPseudogene	2
VASA own, 75 nt	002	single	pseudogene	2
VASA own, 75 nt	002	single	TrVGene	1
VASA own, 75 nt	003	multi	ProteinCoding	841202
VASA own, 75 nt	003	multi	lncRNA	776279
VASA own, 75 nt	003	multi	MiscRna	345091
VASA own, 75 nt	003	multi	miRNA	157137
VASA own, 75 nt	003	multi	snRNA	130290
VASA own, 75 nt	003	multi	ProcessedPseudogene	118707
VASA own, 75 nt	003	multi	TranscribedProcessedPseudogene	52652
VASA own, 75 nt	003	multi	snoRNA	50904
VASA own, 75 nt	003	multi	rRNA	10575
VASA own, 75 nt	003	multi	UnprocessedPseudogene	10207
VASA own, 75 nt	003	multi	TranscribedUnprocessedPseudogene	7017
VASA own, 75 nt	003	multi	TranscribedUnitaryPseudogene	4470
VASA own, 75 nt	003	multi	TEC	2087
VASA own, 75 nt	003	multi	ribozyme	1212
VASA own, 75 nt	003	multi	tRNA	943
VASA own, 75 nt	003	multi	UnitaryPseudogene	662
VASA own, 75 nt	003	multi	MtTrna	69
VASA own, 75 nt	003	multi	MtRrna	55
VASA own, 75 nt	003	multi	scaRNA	17
VASA own, 75 nt	003	multi	IgVPseudogene	7
VASA own, 75 nt	003	multi	IgCGene	4
VASA own, 75 nt	003	multi	IgVGene	4
VASA own, 75 nt	003	multi	TrCGene	2
VASA own, 75 nt	003	multi	TrVGene	2
VASA own, 75 nt	003	single	ProteinCoding	1447007
VASA own, 75 nt	003	single	lncRNA	172537
VASA own, 75 nt	003	single	ribozyme	62349
VASA own, 75 nt	003	single	snoRNA	52798
VASA own, 75 nt	003	single	MiscRna	33506
VASA own, 75 nt	003	single	snRNA	18971
VASA own, 75 nt	003	single	miRNA	5490
VASA own, 75 nt	003	single	ProcessedPseudogene	3505
VASA own, 75 nt	003	single	rRNA	3027
VASA own, 75 nt	003	single	scaRNA	2587
VASA own, 75 nt	003	single	TEC	2534
VASA own, 75 nt	003	single	TranscribedProcessedPseudogene	1627
VASA own, 75 nt	003	single	TranscribedUnprocessedPseudogene	1063
VASA own, 75 nt	003	single	MtRrna	718
VASA own, 75 nt	003	single	tRNA	326
VASA own, 75 nt	003	single	TranscribedUnitaryPseudogene	320
VASA own, 75 nt	003	single	UnprocessedPseudogene	163
VASA own, 75 nt	003	single	MtTrna	133
VASA own, 75 nt	003	single	UnitaryPseudogene	75
VASA own, 75 nt	003	single	IgCGene	1
VASA own, 75 nt	003	single	IgVGene	1
VASA own, 75 nt	004	multi	ProteinCoding	653745
VASA own, 75 nt	004	multi	lncRNA	601561
VASA own, 75 nt	004	multi	MiscRna	165595
VASA own, 75 nt	004	multi	snRNA	111190
VASA own, 75 nt	004	multi	miRNA	82590
VASA own, 75 nt	004	multi	ProcessedPseudogene	82279
VASA own, 75 nt	004	multi	TranscribedProcessedPseudogene	36393
VASA own, 75 nt	004	multi	snoRNA	20585
VASA own, 75 nt	004	multi	UnprocessedPseudogene	7772
VASA own, 75 nt	004	multi	rRNA	7468
VASA own, 75 nt	004	multi	TranscribedUnprocessedPseudogene	5143
VASA own, 75 nt	004	multi	TranscribedUnitaryPseudogene	2801
VASA own, 75 nt	004	multi	TEC	2499
VASA own, 75 nt	004	multi	tRNA	856
VASA own, 75 nt	004	multi	UnitaryPseudogene	744
VASA own, 75 nt	004	multi	ribozyme	409
VASA own, 75 nt	004	multi	MtRrna	108
VASA own, 75 nt	004	multi	MtTrna	62
VASA own, 75 nt	004	multi	scaRNA	11
VASA own, 75 nt	004	multi	IgCGene	4
VASA own, 75 nt	004	multi	TrCGene	4
VASA own, 75 nt	004	multi	TrVPseudogene	4
VASA own, 75 nt	004	multi	IgVGene	2
VASA own, 75 nt	004	multi	IgVPseudogene	2
VASA own, 75 nt	004	multi	TrVGene	2
VASA own, 75 nt	004	multi	TrDGene	1
VASA own, 75 nt	004	multi	TranslatedUnprocessedPseudogene	1
VASA own, 75 nt	004	single	ProteinCoding	1006684
VASA own, 75 nt	004	single	lncRNA	114202
VASA own, 75 nt	004	single	ribozyme	25820
VASA own, 75 nt	004	single	snoRNA	22014
VASA own, 75 nt	004	single	MiscRna	19782
VASA own, 75 nt	004	single	snRNA	12009
VASA own, 75 nt	004	single	miRNA	3503
VASA own, 75 nt	004	single	rRNA	3310
VASA own, 75 nt	004	single	ProcessedPseudogene	2631
VASA own, 75 nt	004	single	TEC	2073
VASA own, 75 nt	004	single	TranscribedProcessedPseudogene	1205
VASA own, 75 nt	004	single	scaRNA	1147
VASA own, 75 nt	004	single	MtRrna	849
VASA own, 75 nt	004	single	TranscribedUnprocessedPseudogene	659
VASA own, 75 nt	004	single	tRNA	264
VASA own, 75 nt	004	single	TranscribedUnitaryPseudogene	231
VASA own, 75 nt	004	single	UnitaryPseudogene	120
VASA own, 75 nt	004	single	UnprocessedPseudogene	120
VASA own, 75 nt	004	single	MtTrna	81
VASA own, 75 nt	004	single	TranslatedUnprocessedPseudogene	5
VASA own, 75 nt	005	multi	ProteinCoding	621793
VASA own, 75 nt	005	multi	lncRNA	587455
VASA own, 75 nt	005	multi	MiscRna	147602
VASA own, 75 nt	005	multi	snRNA	81974
VASA own, 75 nt	005	multi	miRNA	73541
VASA own, 75 nt	005	multi	ProcessedPseudogene	72876
VASA own, 75 nt	005	multi	TranscribedProcessedPseudogene	32786
VASA own, 75 nt	005	multi	snoRNA	17760
VASA own, 75 nt	005	multi	UnprocessedPseudogene	7222
VASA own, 75 nt	005	multi	rRNA	6149
VASA own, 75 nt	005	multi	TranscribedUnprocessedPseudogene	4468
VASA own, 75 nt	005	multi	TranscribedUnitaryPseudogene	2756
VASA own, 75 nt	005	multi	TEC	1440
VASA own, 75 nt	005	multi	UnitaryPseudogene	652
VASA own, 75 nt	005	multi	tRNA	632
VASA own, 75 nt	005	multi	ribozyme	361
VASA own, 75 nt	005	multi	MtTrna	77
VASA own, 75 nt	005	multi	MtRrna	48
VASA own, 75 nt	005	multi	scaRNA	6
VASA own, 75 nt	005	multi	TranslatedUnprocessedPseudogene	4
VASA own, 75 nt	005	multi	TrCGene	3
VASA own, 75 nt	005	multi	TrVGene	3
VASA own, 75 nt	005	multi	IgVGene	2
VASA own, 75 nt	005	multi	IgVPseudogene	2
VASA own, 75 nt	005	multi	TrVPseudogene	1
VASA own, 75 nt	005	multi	pseudogene	1
VASA own, 75 nt	005	single	ProteinCoding	888680
VASA own, 75 nt	005	single	lncRNA	100046
VASA own, 75 nt	005	single	ribozyme	26398
VASA own, 75 nt	005	single	snoRNA	19496
VASA own, 75 nt	005	single	MiscRna	13531
VASA own, 75 nt	005	single	snRNA	9364
VASA own, 75 nt	005	single	miRNA	3086
VASA own, 75 nt	005	single	ProcessedPseudogene	2485
VASA own, 75 nt	005	single	rRNA	2170
VASA own, 75 nt	005	single	TEC	1873
VASA own, 75 nt	005	single	TranscribedProcessedPseudogene	1160
VASA own, 75 nt	005	single	scaRNA	1094
VASA own, 75 nt	005	single	TranscribedUnprocessedPseudogene	539
VASA own, 75 nt	005	single	MtRrna	321
VASA own, 75 nt	005	single	TranscribedUnitaryPseudogene	244
VASA own, 75 nt	005	single	tRNA	233
VASA own, 75 nt	005	single	UnprocessedPseudogene	75
VASA own, 75 nt	005	single	MtTrna	66
VASA own, 75 nt	005	single	UnitaryPseudogene	58
VASA own, 75 nt	005	single	TranslatedUnprocessedPseudogene	4
VASA own, 75 nt	005	single	TrJGene	3
VASA own, 75 nt	006	multi	ProteinCoding	850241
VASA own, 75 nt	006	multi	lncRNA	779342
VASA own, 75 nt	006	multi	MiscRna	185109
VASA own, 75 nt	006	multi	ProcessedPseudogene	114284
VASA own, 75 nt	006	multi	miRNA	94917
VASA own, 75 nt	006	multi	snRNA	90879
VASA own, 75 nt	006	multi	TranscribedProcessedPseudogene	49856
VASA own, 75 nt	006	multi	snoRNA	17711
VASA own, 75 nt	006	multi	UnprocessedPseudogene	10633
VASA own, 75 nt	006	multi	rRNA	7504
VASA own, 75 nt	006	multi	TranscribedUnprocessedPseudogene	7003
VASA own, 75 nt	006	multi	TranscribedUnitaryPseudogene	4463
VASA own, 75 nt	006	multi	TEC	2641
VASA own, 75 nt	006	multi	tRNA	2266
VASA own, 75 nt	006	multi	UnitaryPseudogene	1034
VASA own, 75 nt	006	multi	ribozyme	389
VASA own, 75 nt	006	multi	MtTrna	155
VASA own, 75 nt	006	multi	MtRrna	50
VASA own, 75 nt	006	multi	scaRNA	13
VASA own, 75 nt	006	multi	TrVGene	10
VASA own, 75 nt	006	multi	IgVPseudogene	7
VASA own, 75 nt	006	multi	IgVGene	6
VASA own, 75 nt	006	multi	TranslatedUnprocessedPseudogene	5
VASA own, 75 nt	006	multi	TrCGene	3
VASA own, 75 nt	006	multi	IgCGene	1
VASA own, 75 nt	006	multi	TrVPseudogene	1
VASA own, 75 nt	006	single	ProteinCoding	1393415
VASA own, 75 nt	006	single	lncRNA	151695
VASA own, 75 nt	006	single	ribozyme	29158
VASA own, 75 nt	006	single	snoRNA	18452
VASA own, 75 nt	006	single	MiscRna	16678
VASA own, 75 nt	006	single	snRNA	12118
VASA own, 75 nt	006	single	miRNA	4848
VASA own, 75 nt	006	single	ProcessedPseudogene	3735
VASA own, 75 nt	006	single	TEC	2889
VASA own, 75 nt	006	single	rRNA	2655
VASA own, 75 nt	006	single	TranscribedProcessedPseudogene	1297
VASA own, 75 nt	006	single	scaRNA	850
VASA own, 75 nt	006	single	TranscribedUnprocessedPseudogene	755
VASA own, 75 nt	006	single	MtRrna	484
VASA own, 75 nt	006	single	TranscribedUnitaryPseudogene	367
VASA own, 75 nt	006	single	UnprocessedPseudogene	353
VASA own, 75 nt	006	single	tRNA	336
VASA own, 75 nt	006	single	MtTrna	192
VASA own, 75 nt	006	single	UnitaryPseudogene	107
VASA own, 75 nt	006	single	sRNA	4
VASA own, 75 nt	006	single	TranslatedUnprocessedPseudogene	2
VASA own, 75 nt	007	multi	ProteinCoding	1610291
VASA own, 75 nt	007	multi	lncRNA	1495856
VASA own, 75 nt	007	multi	MiscRna	503997
VASA own, 75 nt	007	multi	snRNA	275824
VASA own, 75 nt	007	multi	ProcessedPseudogene	250119
VASA own, 75 nt	007	multi	miRNA	244342
VASA own, 75 nt	007	multi	TranscribedProcessedPseudogene	111492
VASA own, 75 nt	007	multi	snoRNA	58842
VASA own, 75 nt	007	multi	UnprocessedPseudogene	25540
VASA own, 75 nt	007	multi	rRNA	18531
VASA own, 75 nt	007	multi	TranscribedUnprocessedPseudogene	14705
VASA own, 75 nt	007	multi	TranscribedUnitaryPseudogene	9752
VASA own, 75 nt	007	multi	TEC	4353
VASA own, 75 nt	007	multi	UnitaryPseudogene	1959
VASA own, 75 nt	007	multi	tRNA	1704
VASA own, 75 nt	007	multi	ribozyme	1231
VASA own, 75 nt	007	multi	MtTrna	235
VASA own, 75 nt	007	multi	MtRrna	89
VASA own, 75 nt	007	multi	scaRNA	20
VASA own, 75 nt	007	multi	TrVGene	13
VASA own, 75 nt	007	multi	IgVGene	12
VASA own, 75 nt	007	multi	IgCGene	7
VASA own, 75 nt	007	multi	TrCGene	5
VASA own, 75 nt	007	multi	IgVPseudogene	4
VASA own, 75 nt	007	multi	TranslatedUnprocessedPseudogene	2
VASA own, 75 nt	007	multi	IgCPseudogene	1
VASA own, 75 nt	007	multi	TrVPseudogene	1
VASA own, 75 nt	007	single	ProteinCoding	3187979
VASA own, 75 nt	007	single	lncRNA	308958
VASA own, 75 nt	007	single	ribozyme	74725
VASA own, 75 nt	007	single	snoRNA	59738
VASA own, 75 nt	007	single	MiscRna	37349
VASA own, 75 nt	007	single	snRNA	32574
VASA own, 75 nt	007	single	miRNA	9915
VASA own, 75 nt	007	single	ProcessedPseudogene	7387
VASA own, 75 nt	007	single	TEC	7105
VASA own, 75 nt	007	single	rRNA	3903
VASA own, 75 nt	007	single	TranscribedProcessedPseudogene	3120
VASA own, 75 nt	007	single	scaRNA	2581
VASA own, 75 nt	007	single	TranscribedUnprocessedPseudogene	2441
VASA own, 75 nt	007	single	MtRrna	968
VASA own, 75 nt	007	single	tRNA	920
VASA own, 75 nt	007	single	TranscribedUnitaryPseudogene	661
VASA own, 75 nt	007	single	MtTrna	387
VASA own, 75 nt	007	single	UnprocessedPseudogene	374
VASA own, 75 nt	007	single	UnitaryPseudogene	254
VASA own, 75 nt	007	single	TranslatedUnprocessedPseudogene	12
VASA own, 75 nt	007	single	TrCGene	2
VASA own, 75 nt	007	single	IgCGene	1
VASA own, 75 nt	007	single	TrJGene	1
VASA own, 75 nt	007	single	TrVGene	1
VASA own, 75 nt	007	single	TrVPseudogene	1
VASA own, 75 nt	008	multi	ProteinCoding	1086184
VASA own, 75 nt	008	multi	lncRNA	998425
VASA own, 75 nt	008	multi	MiscRna	205224
VASA own, 75 nt	008	multi	snRNA	171879
VASA own, 75 nt	008	multi	ProcessedPseudogene	133326
VASA own, 75 nt	008	multi	miRNA	99708
VASA own, 75 nt	008	multi	TranscribedProcessedPseudogene	58913
VASA own, 75 nt	008	multi	snoRNA	29443
VASA own, 75 nt	008	multi	UnprocessedPseudogene	14857
VASA own, 75 nt	008	multi	rRNA	14122
VASA own, 75 nt	008	multi	TranscribedUnprocessedPseudogene	6987
VASA own, 75 nt	008	multi	TranscribedUnitaryPseudogene	4656
VASA own, 75 nt	008	multi	TEC	2929
VASA own, 75 nt	008	multi	tRNA	1977
VASA own, 75 nt	008	multi	UnitaryPseudogene	1605
VASA own, 75 nt	008	multi	ribozyme	544
VASA own, 75 nt	008	multi	MtTrna	279
VASA own, 75 nt	008	multi	MtRrna	55
VASA own, 75 nt	008	multi	scaRNA	15
VASA own, 75 nt	008	multi	IgVGene	10
VASA own, 75 nt	008	multi	IgVPseudogene	9
VASA own, 75 nt	008	multi	TrCGene	5
VASA own, 75 nt	008	multi	TrVGene	5
VASA own, 75 nt	008	multi	IgCGene	2
VASA own, 75 nt	008	multi	TrVPseudogene	2
VASA own, 75 nt	008	multi	TrJGene	1
VASA own, 75 nt	008	multi	TranslatedUnprocessedPseudogene	1
VASA own, 75 nt	008	single	ProteinCoding	1735997
VASA own, 75 nt	008	single	lncRNA	189571
VASA own, 75 nt	008	single	ribozyme	32128
VASA own, 75 nt	008	single	snoRNA	28165
VASA own, 75 nt	008	single	snRNA	22498
VASA own, 75 nt	008	single	MiscRna	18575
VASA own, 75 nt	008	single	miRNA	5849
VASA own, 75 nt	008	single	rRNA	4715
VASA own, 75 nt	008	single	ProcessedPseudogene	4396
VASA own, 75 nt	008	single	TEC	4024
VASA own, 75 nt	008	single	TranscribedProcessedPseudogene	1882
VASA own, 75 nt	008	single	scaRNA	1409
VASA own, 75 nt	008	single	TranscribedUnprocessedPseudogene	1014
VASA own, 75 nt	008	single	MtRrna	866
VASA own, 75 nt	008	single	tRNA	708
VASA own, 75 nt	008	single	TranscribedUnitaryPseudogene	458
VASA own, 75 nt	008	single	UnitaryPseudogene	321
VASA own, 75 nt	008	single	UnprocessedPseudogene	313
VASA own, 75 nt	008	single	MtTrna	303
VASA own, 75 nt	008	single	IgVPseudogene	2
VASA own, 75 nt	008	single	IgVGene	1
VASA own, 75 nt	008	single	TrVGene	1
VASA own, 75 nt	009	multi	ProteinCoding	1227764
VASA own, 75 nt	009	multi	lncRNA	1105782
VASA own, 75 nt	009	multi	MiscRna	358241
VASA own, 75 nt	009	multi	ProcessedPseudogene	205324
VASA own, 75 nt	009	multi	miRNA	168717
VASA own, 75 nt	009	multi	snRNA	151885
VASA own, 75 nt	009	multi	TranscribedProcessedPseudogene	92882
VASA own, 75 nt	009	multi	snoRNA	30429
VASA own, 75 nt	009	multi	UnprocessedPseudogene	19995
VASA own, 75 nt	009	multi	rRNA	16528
VASA own, 75 nt	009	multi	TranscribedUnprocessedPseudogene	11690
VASA own, 75 nt	009	multi	TranscribedUnitaryPseudogene	7604
VASA own, 75 nt	009	multi	TEC	3317
VASA own, 75 nt	009	multi	tRNA	2044
VASA own, 75 nt	009	multi	UnitaryPseudogene	1735
VASA own, 75 nt	009	multi	ribozyme	725
VASA own, 75 nt	009	multi	MtTrna	220
VASA own, 75 nt	009	multi	MtRrna	79
VASA own, 75 nt	009	multi	scaRNA	23
VASA own, 75 nt	009	multi	TrVGene	9
VASA own, 75 nt	009	multi	IgVGene	6
VASA own, 75 nt	009	multi	IgCGene	5
VASA own, 75 nt	009	multi	IgVPseudogene	5
VASA own, 75 nt	009	multi	TrCGene	3
VASA own, 75 nt	009	multi	TrVPseudogene	3
VASA own, 75 nt	009	multi	TranslatedUnprocessedPseudogene	2
VASA own, 75 nt	009	single	ProteinCoding	2488468
VASA own, 75 nt	009	single	lncRNA	226488
VASA own, 75 nt	009	single	ribozyme	50070
VASA own, 75 nt	009	single	snoRNA	34887
VASA own, 75 nt	009	single	MiscRna	23733
VASA own, 75 nt	009	single	snRNA	20296
VASA own, 75 nt	009	single	miRNA	7581
VASA own, 75 nt	009	single	ProcessedPseudogene	6327
VASA own, 75 nt	009	single	rRNA	5511
VASA own, 75 nt	009	single	TEC	5335
VASA own, 75 nt	009	single	TranscribedProcessedPseudogene	2432
VASA own, 75 nt	009	single	scaRNA	1900
VASA own, 75 nt	009	single	TranscribedUnprocessedPseudogene	1536
VASA own, 75 nt	009	single	MtRrna	1077
VASA own, 75 nt	009	single	tRNA	575
VASA own, 75 nt	009	single	TranscribedUnitaryPseudogene	567
VASA own, 75 nt	009	single	MtTrna	338
VASA own, 75 nt	009	single	UnprocessedPseudogene	335
VASA own, 75 nt	009	single	UnitaryPseudogene	171
VASA own, 75 nt	009	single	TranslatedUnprocessedPseudogene	9
VASA own, 75 nt	009	single	TrVPseudogene	6
VASA own, 75 nt	009	single	TrVGene	2
VASA own, 75 nt	009	single	sRNA	2
VASA own, 75 nt	009	single	IgVGene	1
VASA own, 75 nt	009	single	IgVPseudogene	1
VASA own, 75 nt	010	multi	ProteinCoding	2551044
VASA own, 75 nt	010	multi	lncRNA	2368229
VASA own, 75 nt	010	multi	MiscRna	772451
VASA own, 75 nt	010	multi	snRNA	657893
VASA own, 75 nt	010	multi	ProcessedPseudogene	380553
VASA own, 75 nt	010	multi	miRNA	317590
VASA own, 75 nt	010	multi	TranscribedProcessedPseudogene	168805
VASA own, 75 nt	010	multi	snoRNA	119847
VASA own, 75 nt	010	multi	UnprocessedPseudogene	37741
VASA own, 75 nt	010	multi	rRNA	23927
VASA own, 75 nt	010	multi	TranscribedUnprocessedPseudogene	20461
VASA own, 75 nt	010	multi	TranscribedUnitaryPseudogene	12947
VASA own, 75 nt	010	multi	TEC	5473
VASA own, 75 nt	010	multi	ribozyme	2352
VASA own, 75 nt	010	multi	tRNA	1956
VASA own, 75 nt	010	multi	UnitaryPseudogene	1935
VASA own, 75 nt	010	multi	MtTrna	148
VASA own, 75 nt	010	multi	MtRrna	122
VASA own, 75 nt	010	multi	scaRNA	34
VASA own, 75 nt	010	multi	IgVGene	7
VASA own, 75 nt	010	multi	TrVGene	7
VASA own, 75 nt	010	multi	IgCGene	6
VASA own, 75 nt	010	multi	TrCGene	6
VASA own, 75 nt	010	multi	TranslatedUnprocessedPseudogene	5
VASA own, 75 nt	010	multi	IgVPseudogene	4
VASA own, 75 nt	010	multi	pseudogene	2
VASA own, 75 nt	010	multi	IgJGene	1
VASA own, 75 nt	010	single	ProteinCoding	4773280
VASA own, 75 nt	010	single	lncRNA	442021
VASA own, 75 nt	010	single	snoRNA	114654
VASA own, 75 nt	010	single	ribozyme	107911
VASA own, 75 nt	010	single	MiscRna	68201
VASA own, 75 nt	010	single	snRNA	61565
VASA own, 75 nt	010	single	miRNA	14458
VASA own, 75 nt	010	single	ProcessedPseudogene	12128
VASA own, 75 nt	010	single	TEC	10223
VASA own, 75 nt	010	single	rRNA	6239
VASA own, 75 nt	010	single	scaRNA	5950
VASA own, 75 nt	010	single	TranscribedProcessedPseudogene	5566
VASA own, 75 nt	010	single	TranscribedUnprocessedPseudogene	2991
VASA own, 75 nt	010	single	MtRrna	1460
VASA own, 75 nt	010	single	tRNA	1296
VASA own, 75 nt	010	single	TranscribedUnitaryPseudogene	1233
VASA own, 75 nt	010	single	MtTrna	429
VASA own, 75 nt	010	single	UnprocessedPseudogene	386
VASA own, 75 nt	010	single	UnitaryPseudogene	278
VASA own, 75 nt	010	single	IgVGene	1
VASA own, 75 nt	011	multi	ProteinCoding	2606227
VASA own, 75 nt	011	multi	lncRNA	2399384
VASA own, 75 nt	011	multi	MiscRna	798767
VASA own, 75 nt	011	multi	snRNA	722637
VASA own, 75 nt	011	multi	ProcessedPseudogene	377748
VASA own, 75 nt	011	multi	miRNA	312170
VASA own, 75 nt	011	multi	snoRNA	172239
VASA own, 75 nt	011	multi	TranscribedProcessedPseudogene	171666
VASA own, 75 nt	011	multi	UnprocessedPseudogene	34057
VASA own, 75 nt	011	multi	rRNA	25185
VASA own, 75 nt	011	multi	TranscribedUnprocessedPseudogene	20056
VASA own, 75 nt	011	multi	TranscribedUnitaryPseudogene	12925
VASA own, 75 nt	011	multi	TEC	6236
VASA own, 75 nt	011	multi	ribozyme	2765
VASA own, 75 nt	011	multi	UnitaryPseudogene	2619
VASA own, 75 nt	011	multi	tRNA	1984
VASA own, 75 nt	011	multi	MtTrna	172
VASA own, 75 nt	011	multi	MtRrna	123
VASA own, 75 nt	011	multi	scaRNA	42
VASA own, 75 nt	011	multi	IgVGene	15
VASA own, 75 nt	011	multi	TrVGene	13
VASA own, 75 nt	011	multi	IgVPseudogene	7
VASA own, 75 nt	011	multi	IgCGene	5
VASA own, 75 nt	011	multi	TrCGene	4
VASA own, 75 nt	011	multi	TranslatedUnprocessedPseudogene	4
VASA own, 75 nt	011	multi	pseudogene	3
VASA own, 75 nt	011	multi	TrJGene	1
VASA own, 75 nt	011	multi	TrVPseudogene	1
VASA own, 75 nt	011	single	ProteinCoding	4810212
VASA own, 75 nt	011	single	lncRNA	469513
VASA own, 75 nt	011	single	snoRNA	141395
VASA own, 75 nt	011	single	ribozyme	121798
VASA own, 75 nt	011	single	snRNA	66096
VASA own, 75 nt	011	single	MiscRna	53325
VASA own, 75 nt	011	single	miRNA	15929
VASA own, 75 nt	011	single	ProcessedPseudogene	11911
VASA own, 75 nt	011	single	TEC	10116
VASA own, 75 nt	011	single	scaRNA	6698
VASA own, 75 nt	011	single	rRNA	6071
VASA own, 75 nt	011	single	TranscribedProcessedPseudogene	5170
VASA own, 75 nt	011	single	TranscribedUnprocessedPseudogene	3052
VASA own, 75 nt	011	single	tRNA	1464
VASA own, 75 nt	011	single	MtRrna	1324
VASA own, 75 nt	011	single	TranscribedUnitaryPseudogene	1136
VASA own, 75 nt	011	single	UnitaryPseudogene	619
VASA own, 75 nt	011	single	UnprocessedPseudogene	362
VASA own, 75 nt	011	single	MtTrna	345
VASA own, 75 nt	011	single	TranslatedUnprocessedPseudogene	3
VASA own, 75 nt	011	single	pseudogene	3
VASA own, 75 nt	011	single	IgVGene	2
VASA own, 75 nt	011	single	IgVPseudogene	1
VASA own, 75 nt	011	single	TrVPseudogene	1
VASA own, 75 nt	012	multi	ProteinCoding	2036718
VASA own, 75 nt	012	multi	lncRNA	1916662
VASA own, 75 nt	012	multi	MiscRna	667276
VASA own, 75 nt	012	multi	snRNA	522120
VASA own, 75 nt	012	multi	ProcessedPseudogene	314616
VASA own, 75 nt	012	multi	miRNA	296904
VASA own, 75 nt	012	multi	TranscribedProcessedPseudogene	141794
VASA own, 75 nt	012	multi	snoRNA	96167
VASA own, 75 nt	012	multi	UnprocessedPseudogene	29515
VASA own, 75 nt	012	multi	rRNA	23584
VASA own, 75 nt	012	multi	TranscribedUnprocessedPseudogene	16808
VASA own, 75 nt	012	multi	TranscribedUnitaryPseudogene	10669
VASA own, 75 nt	012	multi	TEC	5876
VASA own, 75 nt	012	multi	tRNA	1924
VASA own, 75 nt	012	multi	ribozyme	1745
VASA own, 75 nt	012	multi	UnitaryPseudogene	1676
VASA own, 75 nt	012	multi	MtTrna	139
VASA own, 75 nt	012	multi	MtRrna	137
VASA own, 75 nt	012	multi	scaRNA	25
VASA own, 75 nt	012	multi	TranslatedUnprocessedPseudogene	19
VASA own, 75 nt	012	multi	TrVGene	14
VASA own, 75 nt	012	multi	IgCGene	13
VASA own, 75 nt	012	multi	IgVPseudogene	8
VASA own, 75 nt	012	multi	IgVGene	5
VASA own, 75 nt	012	multi	TrCGene	5
VASA own, 75 nt	012	multi	TrVPseudogene	2
VASA own, 75 nt	012	multi	TrJGene	1
VASA own, 75 nt	012	multi	pseudogene	1
VASA own, 75 nt	012	single	ProteinCoding	3945218
VASA own, 75 nt	012	single	lncRNA	372714
VASA own, 75 nt	012	single	ribozyme	100761
VASA own, 75 nt	012	single	snoRNA	96742
VASA own, 75 nt	012	single	snRNA	49745
VASA own, 75 nt	012	single	MiscRna	48464
VASA own, 75 nt	012	single	miRNA	12488
VASA own, 75 nt	012	single	ProcessedPseudogene	9857
VASA own, 75 nt	012	single	TEC	8217
VASA own, 75 nt	012	single	rRNA	6333
VASA own, 75 nt	012	single	scaRNA	4993
VASA own, 75 nt	012	single	TranscribedProcessedPseudogene	4538
VASA own, 75 nt	012	single	TranscribedUnprocessedPseudogene	2561
VASA own, 75 nt	012	single	MtRrna	1087
VASA own, 75 nt	012	single	TranscribedUnitaryPseudogene	977
VASA own, 75 nt	012	single	tRNA	848
VASA own, 75 nt	012	single	UnprocessedPseudogene	411
VASA own, 75 nt	012	single	MtTrna	374
VASA own, 75 nt	012	single	UnitaryPseudogene	273
VASA own, 75 nt	012	single	TranslatedUnprocessedPseudogene	8
VASA own, 75 nt	012	single	IgVGene	4
VASA own, 75 nt	012	single	TrVGene	2
VASA own, 75 nt	012	single	IgCGene	1
VASA own, 75 nt	012	single	IgVPseudogene	1
VASA own, 75 nt	012	single	TrCGene	1
VASA own, 75 nt	013	multi	ProteinCoding	2183699
VASA own, 75 nt	013	multi	lncRNA	2074879
VASA own, 75 nt	013	multi	MiscRna	594337
VASA own, 75 nt	013	multi	snRNA	580790
VASA own, 75 nt	013	multi	ProcessedPseudogene	261300
VASA own, 75 nt	013	multi	miRNA	251713
VASA own, 75 nt	013	multi	snoRNA	134848
VASA own, 75 nt	013	multi	TranscribedProcessedPseudogene	117611
VASA own, 75 nt	013	multi	UnprocessedPseudogene	24090
VASA own, 75 nt	013	multi	rRNA	19021
VASA own, 75 nt	013	multi	TranscribedUnprocessedPseudogene	14204
VASA own, 75 nt	013	multi	TranscribedUnitaryPseudogene	9099
VASA own, 75 nt	013	multi	TEC	4592
VASA own, 75 nt	013	multi	ribozyme	1943
VASA own, 75 nt	013	multi	tRNA	1722
VASA own, 75 nt	013	multi	UnitaryPseudogene	1483
VASA own, 75 nt	013	multi	MtTrna	165
VASA own, 75 nt	013	multi	MtRrna	124
VASA own, 75 nt	013	multi	scaRNA	25
VASA own, 75 nt	013	multi	TranslatedUnprocessedPseudogene	17
VASA own, 75 nt	013	multi	TrVGene	16
VASA own, 75 nt	013	multi	IgVGene	12
VASA own, 75 nt	013	multi	IgCGene	7
VASA own, 75 nt	013	multi	IgVPseudogene	7
VASA own, 75 nt	013	multi	TrCGene	7
VASA own, 75 nt	013	multi	TrVPseudogene	4
VASA own, 75 nt	013	single	ProteinCoding	3304865
VASA own, 75 nt	013	single	lncRNA	341258
VASA own, 75 nt	013	single	snoRNA	95309
VASA own, 75 nt	013	single	ribozyme	78570
VASA own, 75 nt	013	single	snRNA	52140
VASA own, 75 nt	013	single	MiscRna	43318
VASA own, 75 nt	013	single	miRNA	11219
VASA own, 75 nt	013	single	ProcessedPseudogene	8356
VASA own, 75 nt	013	single	TEC	6765
VASA own, 75 nt	013	single	scaRNA	4887
VASA own, 75 nt	013	single	rRNA	4879
VASA own, 75 nt	013	single	TranscribedProcessedPseudogene	3433
VASA own, 75 nt	013	single	TranscribedUnprocessedPseudogene	2119
VASA own, 75 nt	013	single	tRNA	1055
VASA own, 75 nt	013	single	MtRrna	961
VASA own, 75 nt	013	single	TranscribedUnitaryPseudogene	773
VASA own, 75 nt	013	single	UnprocessedPseudogene	304
VASA own, 75 nt	013	single	UnitaryPseudogene	283
VASA own, 75 nt	013	single	MtTrna	251
VASA own, 75 nt	013	single	TranslatedUnprocessedPseudogene	4
VASA own, 75 nt	013	single	TrCGene	2
VASA own, 75 nt	013	single	TrVGene	1
VASA own, 75 nt	014	multi	ProteinCoding	52508
VASA own, 75 nt	014	multi	lncRNA	36342
VASA own, 75 nt	014	multi	MiscRna	1869
VASA own, 75 nt	014	multi	ProcessedPseudogene	1537
VASA own, 75 nt	014	multi	snRNA	1111
VASA own, 75 nt	014	multi	miRNA	731
VASA own, 75 nt	014	multi	TranscribedUnprocessedPseudogene	647
VASA own, 75 nt	014	multi	rRNA	558
VASA own, 75 nt	014	multi	TranscribedProcessedPseudogene	509
VASA own, 75 nt	014	multi	TEC	424
VASA own, 75 nt	014	multi	UnprocessedPseudogene	398
VASA own, 75 nt	014	multi	snoRNA	225
VASA own, 75 nt	014	multi	TranscribedUnitaryPseudogene	109
VASA own, 75 nt	014	multi	UnitaryPseudogene	86
VASA own, 75 nt	014	multi	tRNA	8
VASA own, 75 nt	014	multi	ribozyme	4
VASA own, 75 nt	014	multi	MtRrna	3
VASA own, 75 nt	014	multi	MtTrna	2
VASA own, 75 nt	014	multi	IgVGene	1
VASA own, 75 nt	014	multi	IgVPseudogene	1
VASA own, 75 nt	014	multi	TrJPseudogene	1
VASA own, 75 nt	014	single	ProteinCoding	26491
VASA own, 75 nt	014	single	lncRNA	6324
VASA own, 75 nt	014	single	snoRNA	280
VASA own, 75 nt	014	single	ribozyme	252
VASA own, 75 nt	014	single	MiscRna	139
VASA own, 75 nt	014	single	rRNA	119
VASA own, 75 nt	014	single	snRNA	116
VASA own, 75 nt	014	single	TEC	89
VASA own, 75 nt	014	single	ProcessedPseudogene	87
VASA own, 75 nt	014	single	TranscribedUnprocessedPseudogene	87
VASA own, 75 nt	014	single	miRNA	56
VASA own, 75 nt	014	single	MtRrna	44
VASA own, 75 nt	014	single	TranscribedProcessedPseudogene	18
VASA own, 75 nt	014	single	TranscribedUnitaryPseudogene	17
VASA own, 75 nt	014	single	UnprocessedPseudogene	17
VASA own, 75 nt	014	single	scaRNA	17
VASA own, 75 nt	014	single	UnitaryPseudogene	10
VASA own, 75 nt	014	single	MtTrna	4
VASA own, 75 nt	014	single	tRNA	3
VASA own, 75 nt	015	multi	ProteinCoding	62047
VASA own, 75 nt	015	multi	lncRNA	44580
VASA own, 75 nt	015	multi	MiscRna	4763
VASA own, 75 nt	015	multi	ProcessedPseudogene	2644
VASA own, 75 nt	015	multi	snRNA	2304
VASA own, 75 nt	015	multi	miRNA	1918
VASA own, 75 nt	015	multi	UnprocessedPseudogene	1446
VASA own, 75 nt	015	multi	TranscribedProcessedPseudogene	1108
VASA own, 75 nt	015	multi	TEC	688
VASA own, 75 nt	015	multi	rRNA	655
VASA own, 75 nt	015	multi	snoRNA	562
VASA own, 75 nt	015	multi	TranscribedUnprocessedPseudogene	273
VASA own, 75 nt	015	multi	UnitaryPseudogene	101
VASA own, 75 nt	015	multi	TranscribedUnitaryPseudogene	90
VASA own, 75 nt	015	multi	tRNA	25
VASA own, 75 nt	015	multi	MtRrna	7
VASA own, 75 nt	015	multi	IgVGene	5
VASA own, 75 nt	015	multi	ribozyme	5
VASA own, 75 nt	015	multi	MtTrna	2
VASA own, 75 nt	015	multi	TrVGene	2
VASA own, 75 nt	015	multi	IgCGene	1
VASA own, 75 nt	015	multi	IgCPseudogene	1
VASA own, 75 nt	015	multi	TrCGene	1
VASA own, 75 nt	015	multi	TrVPseudogene	1
VASA own, 75 nt	015	multi	scaRNA	1
VASA own, 75 nt	015	single	ProteinCoding	44376
VASA own, 75 nt	015	single	lncRNA	8882
VASA own, 75 nt	015	single	snoRNA	628
VASA own, 75 nt	015	single	ribozyme	615
VASA own, 75 nt	015	single	MiscRna	315
VASA own, 75 nt	015	single	snRNA	236
VASA own, 75 nt	015	single	rRNA	184
VASA own, 75 nt	015	single	TEC	179
VASA own, 75 nt	015	single	MtRrna	119
VASA own, 75 nt	015	single	ProcessedPseudogene	112
VASA own, 75 nt	015	single	miRNA	83
VASA own, 75 nt	015	single	UnprocessedPseudogene	62
VASA own, 75 nt	015	single	scaRNA	34
VASA own, 75 nt	015	single	TranscribedProcessedPseudogene	30
VASA own, 75 nt	015	single	TranscribedUnprocessedPseudogene	23
VASA own, 75 nt	015	single	TranscribedUnitaryPseudogene	20
VASA own, 75 nt	015	single	UnitaryPseudogene	11
VASA own, 75 nt	015	single	tRNA	6
VASA own, 75 nt	015	single	MtTrna	2
VASA own, 75 nt	016	multi	ProteinCoding	28114
VASA own, 75 nt	016	multi	lncRNA	18124
VASA own, 75 nt	016	multi	MiscRna	1011
VASA own, 75 nt	016	multi	ProcessedPseudogene	674
VASA own, 75 nt	016	multi	snRNA	546
VASA own, 75 nt	016	multi	miRNA	420
VASA own, 75 nt	016	multi	TranscribedProcessedPseudogene	265
VASA own, 75 nt	016	multi	TEC	257
VASA own, 75 nt	016	multi	TranscribedUnprocessedPseudogene	223
VASA own, 75 nt	016	multi	UnprocessedPseudogene	218
VASA own, 75 nt	016	multi	rRNA	205
VASA own, 75 nt	016	multi	snoRNA	139
VASA own, 75 nt	016	multi	TranscribedUnitaryPseudogene	50
VASA own, 75 nt	016	multi	UnitaryPseudogene	37
VASA own, 75 nt	016	multi	tRNA	7
VASA own, 75 nt	016	multi	ribozyme	3
VASA own, 75 nt	016	multi	MtTrna	1
VASA own, 75 nt	016	multi	TrCGene	1
VASA own, 75 nt	016	multi	TrVGene	1
VASA own, 75 nt	016	single	ProteinCoding	14660
VASA own, 75 nt	016	single	lncRNA	4136
VASA own, 75 nt	016	single	snoRNA	175
VASA own, 75 nt	016	single	ribozyme	115
VASA own, 75 nt	016	single	MiscRna	69
VASA own, 75 nt	016	single	snRNA	64
VASA own, 75 nt	016	single	TranscribedUnprocessedPseudogene	57
VASA own, 75 nt	016	single	rRNA	51
VASA own, 75 nt	016	single	TEC	40
VASA own, 75 nt	016	single	ProcessedPseudogene	36
VASA own, 75 nt	016	single	MtRrna	32
VASA own, 75 nt	016	single	miRNA	32
VASA own, 75 nt	016	single	UnprocessedPseudogene	9
VASA own, 75 nt	016	single	scaRNA	7
VASA own, 75 nt	016	single	TranscribedProcessedPseudogene	5
VASA own, 75 nt	016	single	TranscribedUnitaryPseudogene	4
VASA own, 75 nt	016	single	UnitaryPseudogene	3
VASA own, 75 nt	016	single	tRNA	1
VASA published, mouse	002	multi	ProteinCoding	4360
VASA published, mouse	002	multi	ProcessedPseudogene	1920
VASA published, mouse	002	multi	MiscRna	824
VASA published, mouse	002	multi	lncRNA	450
VASA published, mouse	002	multi	miRNA	323
VASA published, mouse	002	multi	snoRNA	284
VASA published, mouse	002	multi	TranscribedProcessedPseudogene	245
VASA published, mouse	002	multi	UnprocessedPseudogene	137
VASA published, mouse	002	multi	snRNA	73
VASA published, mouse	002	multi	TranscribedUnprocessedPseudogene	66
VASA published, mouse	002	multi	ribozyme	19
VASA published, mouse	002	multi	TEC	9
VASA published, mouse	002	multi	TranscribedUnitaryPseudogene	5
VASA published, mouse	002	multi	pseudogene	5
VASA published, mouse	002	single	ProteinCoding	31663
VASA published, mouse	002	single	lncRNA	963
VASA published, mouse	002	single	ribozyme	153
VASA published, mouse	002	single	snoRNA	144
VASA published, mouse	002	single	ProcessedPseudogene	56
VASA published, mouse	002	single	TEC	52
VASA published, mouse	002	single	miRNA	51
VASA published, mouse	002	single	snRNA	30
VASA published, mouse	002	single	MiscRna	19
VASA published, mouse	002	single	TranscribedProcessedPseudogene	17
VASA published, mouse	002	single	TranscribedUnprocessedPseudogene	12
VASA published, mouse	002	single	UnprocessedPseudogene	11
VASA published, mouse	002	single	scaRNA	5
VASA published, mouse	002	single	TranscribedUnitaryPseudogene	3
VASA published, mouse	002	single	tRNA	3
VASA published, mouse	002	single	MtRrna	2
VASA published, mouse	002	single	PolymorphicPseudogene	1
VASA published, mouse	002	single	rRNA	1
VASA published, mouse	004	multi	ProteinCoding	43051
VASA published, mouse	004	multi	ProcessedPseudogene	20158
VASA published, mouse	004	multi	MiscRna	6080
VASA published, mouse	004	multi	lncRNA	3538
VASA published, mouse	004	multi	TranscribedProcessedPseudogene	2746
VASA published, mouse	004	multi	snoRNA	1938
VASA published, mouse	004	multi	miRNA	1928
VASA published, mouse	004	multi	UnprocessedPseudogene	1617
VASA published, mouse	004	multi	TranscribedUnprocessedPseudogene	767
VASA published, mouse	004	multi	snRNA	351
VASA published, mouse	004	multi	ribozyme	140
VASA published, mouse	004	multi	TEC	97
VASA published, mouse	004	multi	TranscribedUnitaryPseudogene	65
VASA published, mouse	004	multi	pseudogene	37
VASA published, mouse	004	multi	tRNA	33
VASA published, mouse	004	multi	MtTrna	13
VASA published, mouse	004	multi	UnitaryPseudogene	11
VASA published, mouse	004	multi	PolymorphicPseudogene	3
VASA published, mouse	004	multi	MtRrna	2
VASA published, mouse	004	multi	TrVPseudogene	1
VASA published, mouse	004	single	ProteinCoding	362778
VASA published, mouse	004	single	lncRNA	12092
VASA published, mouse	004	single	ribozyme	1440
VASA published, mouse	004	single	ProcessedPseudogene	1052
VASA published, mouse	004	single	TEC	984
VASA published, mouse	004	single	snoRNA	915
VASA published, mouse	004	single	miRNA	473
VASA published, mouse	004	single	TranscribedUnprocessedPseudogene	299
VASA published, mouse	004	single	TranscribedProcessedPseudogene	222
VASA published, mouse	004	single	MiscRna	140
VASA published, mouse	004	single	scaRNA	134
VASA published, mouse	004	single	UnprocessedPseudogene	105
VASA published, mouse	004	single	TranscribedUnitaryPseudogene	89
VASA published, mouse	004	single	snRNA	57
VASA published, mouse	004	single	PolymorphicPseudogene	56
VASA published, mouse	004	single	tRNA	43
VASA published, mouse	004	single	UnitaryPseudogene	24
VASA published, mouse	004	single	MtRrna	13
VASA published, mouse	004	single	rRNA	12
VASA published, mouse	004	single	MtTrna	3
VASA published, mouse	004	single	pseudogene	1
VASA published, mouse	006	multi	ProteinCoding	39563
VASA published, mouse	006	multi	ProcessedPseudogene	16504
VASA published, mouse	006	multi	MiscRna	8080
VASA published, mouse	006	multi	lncRNA	3756
VASA published, mouse	006	multi	TranscribedProcessedPseudogene	2189
VASA published, mouse	006	multi	miRNA	2064
VASA published, mouse	006	multi	UnprocessedPseudogene	1945
VASA published, mouse	006	multi	snoRNA	1418
VASA published, mouse	006	multi	TranscribedUnprocessedPseudogene	1036
VASA published, mouse	006	multi	snRNA	568
VASA published, mouse	006	multi	TEC	106
VASA published, mouse	006	multi	ribozyme	70
VASA published, mouse	006	multi	pseudogene	52
VASA published, mouse	006	multi	TranscribedUnitaryPseudogene	34
VASA published, mouse	006	multi	tRNA	16
VASA published, mouse	006	multi	PolymorphicPseudogene	4
VASA published, mouse	006	multi	MtRrna	3
VASA published, mouse	006	multi	UnitaryPseudogene	3
VASA published, mouse	006	multi	MtTrna	1
VASA published, mouse	006	single	ProteinCoding	338998
VASA published, mouse	006	single	lncRNA	8698
VASA published, mouse	006	single	ribozyme	1466
VASA published, mouse	006	single	snoRNA	1296
VASA published, mouse	006	single	TEC	1118
VASA published, mouse	006	single	ProcessedPseudogene	814
VASA published, mouse	006	single	miRNA	409
VASA published, mouse	006	single	TranscribedProcessedPseudogene	227
VASA published, mouse	006	single	snRNA	190
VASA published, mouse	006	single	TranscribedUnprocessedPseudogene	179
VASA published, mouse	006	single	MiscRna	132
VASA published, mouse	006	single	UnprocessedPseudogene	131
VASA published, mouse	006	single	PolymorphicPseudogene	92
VASA published, mouse	006	single	TranscribedUnitaryPseudogene	87
VASA published, mouse	006	single	scaRNA	62
VASA published, mouse	006	single	UnitaryPseudogene	54
VASA published, mouse	006	single	tRNA	31
VASA published, mouse	006	single	MtTrna	16
VASA published, mouse	006	single	MtRrna	8
VASA published, mouse	008	multi	ProteinCoding	27675
VASA published, mouse	008	multi	MiscRna	14342
VASA published, mouse	008	multi	ProcessedPseudogene	7434
VASA published, mouse	008	multi	miRNA	2207
VASA published, mouse	008	multi	lncRNA	1881
VASA published, mouse	008	multi	snRNA	1724
VASA published, mouse	008	multi	snoRNA	1480
VASA published, mouse	008	multi	UnprocessedPseudogene	1144
VASA published, mouse	008	multi	TranscribedProcessedPseudogene	1026
VASA published, mouse	008	multi	TranscribedUnprocessedPseudogene	513
VASA published, mouse	008	multi	ribozyme	102
VASA published, mouse	008	multi	TEC	36
VASA published, mouse	008	multi	TranscribedUnitaryPseudogene	27
VASA published, mouse	008	multi	pseudogene	14
VASA published, mouse	008	multi	tRNA	7
VASA published, mouse	008	multi	IgVGene	2
VASA published, mouse	008	multi	PolymorphicPseudogene	2
VASA published, mouse	008	multi	UnitaryPseudogene	2
VASA published, mouse	008	multi	IgCGene	1
VASA published, mouse	008	multi	MtTrna	1
VASA published, mouse	008	single	ProteinCoding	142834
VASA published, mouse	008	single	lncRNA	5137
VASA published, mouse	008	single	ribozyme	1735
VASA published, mouse	008	single	snoRNA	1426
VASA published, mouse	008	single	snRNA	493
VASA published, mouse	008	single	TEC	370
VASA published, mouse	008	single	ProcessedPseudogene	350
VASA published, mouse	008	single	miRNA	260
VASA published, mouse	008	single	MiscRna	147
VASA published, mouse	008	single	TranscribedUnprocessedPseudogene	129
VASA published, mouse	008	single	TranscribedProcessedPseudogene	78
VASA published, mouse	008	single	UnprocessedPseudogene	67
VASA published, mouse	008	single	PolymorphicPseudogene	59
VASA published, mouse	008	single	scaRNA	48
VASA published, mouse	008	single	TranscribedUnitaryPseudogene	47
VASA published, mouse	008	single	MtRrna	9
VASA published, mouse	008	single	UnitaryPseudogene	8
VASA published, mouse	008	single	tRNA	8
VASA published, mouse	008	single	MtTrna	6
VASA published, mouse	008	single	rRNA	2
VASA published, mouse	010	multi	ProteinCoding	44539
VASA published, mouse	010	multi	MiscRna	18083
VASA published, mouse	010	multi	ProcessedPseudogene	14513
VASA published, mouse	010	multi	lncRNA	2655
VASA published, mouse	010	multi	UnprocessedPseudogene	2155
VASA published, mouse	010	multi	miRNA	2077
VASA published, mouse	010	multi	TranscribedProcessedPseudogene	1999
VASA published, mouse	010	multi	snRNA	1367
VASA published, mouse	010	multi	snoRNA	1310
VASA published, mouse	010	multi	TranscribedUnprocessedPseudogene	509
VASA published, mouse	010	multi	ribozyme	131
VASA published, mouse	010	multi	TEC	107
VASA published, mouse	010	multi	TranscribedUnitaryPseudogene	71
VASA published, mouse	010	multi	pseudogene	35
VASA published, mouse	010	multi	tRNA	12
VASA published, mouse	010	multi	PolymorphicPseudogene	5
VASA published, mouse	010	multi	MtTrna	4
VASA published, mouse	010	multi	TrVGene	1
VASA published, mouse	010	single	ProteinCoding	222435
VASA published, mouse	010	single	lncRNA	8842
VASA published, mouse	010	single	ribozyme	2256
VASA published, mouse	010	single	snoRNA	1669
VASA published, mouse	010	single	ProcessedPseudogene	822
VASA published, mouse	010	single	TEC	589
VASA published, mouse	010	single	miRNA	580
VASA published, mouse	010	single	snRNA	327
VASA published, mouse	010	single	TranscribedProcessedPseudogene	198
VASA published, mouse	010	single	TranscribedUnprocessedPseudogene	178
VASA published, mouse	010	single	MiscRna	171
VASA published, mouse	010	single	TranscribedUnitaryPseudogene	162
VASA published, mouse	010	single	scaRNA	127
VASA published, mouse	010	single	UnprocessedPseudogene	77
VASA published, mouse	010	single	PolymorphicPseudogene	72
VASA published, mouse	010	single	tRNA	52
VASA published, mouse	010	single	MtTrna	8
VASA published, mouse	010	single	rRNA	6
VASA published, mouse	010	single	MtRrna	4
VASA published, mouse	012	multi	ProteinCoding	100744
VASA published, mouse	012	multi	MiscRna	45082
VASA published, mouse	012	multi	ProcessedPseudogene	29783
VASA published, mouse	012	multi	lncRNA	6763
VASA published, mouse	012	multi	miRNA	6704
VASA published, mouse	012	multi	UnprocessedPseudogene	5976
VASA published, mouse	012	multi	snRNA	4350
VASA published, mouse	012	multi	TranscribedProcessedPseudogene	4234
VASA published, mouse	012	multi	TranscribedUnprocessedPseudogene	2549
VASA published, mouse	012	multi	snoRNA	2475
VASA published, mouse	012	multi	TEC	496
VASA published, mouse	012	multi	ribozyme	277
VASA published, mouse	012	multi	TranscribedUnitaryPseudogene	58
VASA published, mouse	012	multi	tRNA	54
VASA published, mouse	012	multi	pseudogene	52
VASA published, mouse	012	multi	PolymorphicPseudogene	22
VASA published, mouse	012	multi	MtRrna	7
VASA published, mouse	012	multi	UnitaryPseudogene	4
VASA published, mouse	012	multi	rRNA	4
VASA published, mouse	012	multi	IgCPseudogene	2
VASA published, mouse	012	multi	TrCGene	2
VASA published, mouse	012	multi	IgVPseudogene	1
VASA published, mouse	012	multi	MtTrna	1
VASA published, mouse	012	multi	scaRNA	1
VASA published, mouse	012	single	ProteinCoding	617405
VASA published, mouse	012	single	lncRNA	19833
VASA published, mouse	012	single	ribozyme	5010
VASA published, mouse	012	single	snoRNA	3919
VASA published, mouse	012	single	TEC	1693
VASA published, mouse	012	single	ProcessedPseudogene	1603
VASA published, mouse	012	single	snRNA	1066
VASA published, mouse	012	single	miRNA	707
VASA published, mouse	012	single	TranscribedUnprocessedPseudogene	466
VASA published, mouse	012	single	MiscRna	445
VASA published, mouse	012	single	TranscribedProcessedPseudogene	435
VASA published, mouse	012	single	scaRNA	247
VASA published, mouse	012	single	PolymorphicPseudogene	227
VASA published, mouse	012	single	UnprocessedPseudogene	222
VASA published, mouse	012	single	TranscribedUnitaryPseudogene	205
VASA published, mouse	012	single	tRNA	109
VASA published, mouse	012	single	UnitaryPseudogene	27
VASA published, mouse	012	single	MtRrna	26
VASA published, mouse	012	single	MtTrna	14
VASA published, mouse	012	single	pseudogene	10
VASA published, mouse	012	single	rRNA	9
VASA published, mouse	014	multi	ProteinCoding	8337
VASA published, mouse	014	multi	ProcessedPseudogene	3076
VASA published, mouse	014	multi	MiscRna	2792
VASA published, mouse	014	multi	UnprocessedPseudogene	673
VASA published, mouse	014	multi	lncRNA	557
VASA published, mouse	014	multi	snRNA	413
VASA published, mouse	014	multi	miRNA	385
VASA published, mouse	014	multi	TranscribedProcessedPseudogene	374
VASA published, mouse	014	multi	snoRNA	217
VASA published, mouse	014	multi	TranscribedUnprocessedPseudogene	124
VASA published, mouse	014	multi	ribozyme	17
VASA published, mouse	014	multi	TEC	7
VASA published, mouse	014	multi	TranscribedUnitaryPseudogene	5
VASA published, mouse	014	multi	MtTrna	2
VASA published, mouse	014	multi	MtRrna	1
VASA published, mouse	014	multi	pseudogene	1
VASA published, mouse	014	multi	tRNA	1
VASA published, mouse	014	single	ProteinCoding	30731
VASA published, mouse	014	single	lncRNA	1140
VASA published, mouse	014	single	ribozyme	290
VASA published, mouse	014	single	snoRNA	201
VASA published, mouse	014	single	ProcessedPseudogene	147
VASA published, mouse	014	single	snRNA	125
VASA published, mouse	014	single	miRNA	95
VASA published, mouse	014	single	TEC	74
VASA published, mouse	014	single	TranscribedProcessedPseudogene	56
VASA published, mouse	014	single	TranscribedUnprocessedPseudogene	34
VASA published, mouse	014	single	scaRNA	29
VASA published, mouse	014	single	MiscRna	27
VASA published, mouse	014	single	PolymorphicPseudogene	17
VASA published, mouse	014	single	TranscribedUnitaryPseudogene	15
VASA published, mouse	014	single	UnprocessedPseudogene	13
VASA published, mouse	014	single	MtTrna	12
VASA published, mouse	014	single	tRNA	11
VASA published, mouse	014	single	MtRrna	1
VASA published, mouse	014	single	rRNA	1
VASA published, mouse	016	multi	ProteinCoding	23570
VASA published, mouse	016	multi	ProcessedPseudogene	9192
VASA published, mouse	016	multi	MiscRna	4504
VASA published, mouse	016	multi	lncRNA	2485
VASA published, mouse	016	multi	UnprocessedPseudogene	1537
VASA published, mouse	016	multi	TranscribedProcessedPseudogene	1418
VASA published, mouse	016	multi	miRNA	1168
VASA published, mouse	016	multi	snoRNA	936
VASA published, mouse	016	multi	TranscribedUnprocessedPseudogene	847
VASA published, mouse	016	multi	snRNA	327
VASA published, mouse	016	multi	ribozyme	81
VASA published, mouse	016	multi	TEC	68
VASA published, mouse	016	multi	pseudogene	27
VASA published, mouse	016	multi	PolymorphicPseudogene	5
VASA published, mouse	016	multi	TranscribedUnitaryPseudogene	4
VASA published, mouse	016	multi	tRNA	3
VASA published, mouse	016	multi	MtRrna	2
VASA published, mouse	016	multi	scaRNA	1
VASA published, mouse	016	single	ProteinCoding	214855
VASA published, mouse	016	single	lncRNA	7660
VASA published, mouse	016	single	ribozyme	938
VASA published, mouse	016	single	snoRNA	879
VASA published, mouse	016	single	TEC	683
VASA published, mouse	016	single	ProcessedPseudogene	514
VASA published, mouse	016	single	miRNA	282
VASA published, mouse	016	single	TranscribedUnprocessedPseudogene	192
VASA published, mouse	016	single	TranscribedProcessedPseudogene	168
VASA published, mouse	016	single	snRNA	95
VASA published, mouse	016	single	MiscRna	80
VASA published, mouse	016	single	UnprocessedPseudogene	78
VASA published, mouse	016	single	TranscribedUnitaryPseudogene	41
VASA published, mouse	016	single	scaRNA	41
VASA published, mouse	016	single	PolymorphicPseudogene	22
VASA published, mouse	016	single	tRNA	5
VASA published, mouse	016	single	MtRrna	2
VASA published, mouse	016	single	UnitaryPseudogene	2
VASA published, mouse	016	single	rRNA	2
VASA published, mouse	018	multi	ProteinCoding	37642
VASA published, mouse	018	multi	MiscRna	21718
VASA published, mouse	018	multi	ProcessedPseudogene	9213
VASA published, mouse	018	multi	snRNA	4629
VASA published, mouse	018	multi	miRNA	4169
VASA published, mouse	018	multi	snoRNA	2797
VASA published, mouse	018	multi	lncRNA	2038
VASA published, mouse	018	multi	TranscribedProcessedPseudogene	1401
VASA published, mouse	018	multi	UnprocessedPseudogene	1150
VASA published, mouse	018	multi	TranscribedUnprocessedPseudogene	530
VASA published, mouse	018	multi	ribozyme	182
VASA published, mouse	018	multi	TEC	42
VASA published, mouse	018	multi	pseudogene	30
VASA published, mouse	018	multi	TranscribedUnitaryPseudogene	20
VASA published, mouse	018	multi	tRNA	20
VASA published, mouse	018	multi	PolymorphicPseudogene	4
VASA published, mouse	018	multi	MtRrna	2
VASA published, mouse	018	multi	TrVGene	2
VASA published, mouse	018	multi	UnitaryPseudogene	1
VASA published, mouse	018	single	ProteinCoding	181417
VASA published, mouse	018	single	lncRNA	7551
VASA published, mouse	018	single	snoRNA	2885
VASA published, mouse	018	single	ribozyme	1835
VASA published, mouse	018	single	snRNA	1082
VASA published, mouse	018	single	ProcessedPseudogene	515
VASA published, mouse	018	single	TEC	496
VASA published, mouse	018	single	miRNA	384
VASA published, mouse	018	single	MiscRna	315
VASA published, mouse	018	single	TranscribedUnprocessedPseudogene	146
VASA published, mouse	018	single	scaRNA	144
VASA published, mouse	018	single	TranscribedProcessedPseudogene	79
VASA published, mouse	018	single	UnprocessedPseudogene	50
VASA published, mouse	018	single	PolymorphicPseudogene	36
VASA published, mouse	018	single	tRNA	28
VASA published, mouse	018	single	TranscribedUnitaryPseudogene	25
VASA published, mouse	018	single	UnitaryPseudogene	16
VASA published, mouse	018	single	MtRrna	5
VASA published, mouse	018	single	MtTrna	2
VASA published, mouse	018	single	rRNA	2
VASA published, mouse	020	multi	ProteinCoding	89357
VASA published, mouse	020	multi	MiscRna	45840
VASA published, mouse	020	multi	ProcessedPseudogene	20833
VASA published, mouse	020	multi	snRNA	9296
VASA published, mouse	020	multi	miRNA	6741
VASA published, mouse	020	multi	lncRNA	5527
VASA published, mouse	020	multi	snoRNA	5479
VASA published, mouse	020	multi	UnprocessedPseudogene	3959
VASA published, mouse	020	multi	TranscribedProcessedPseudogene	3022
VASA published, mouse	020	multi	TranscribedUnprocessedPseudogene	1826
VASA published, mouse	020	multi	TEC	322
VASA published, mouse	020	multi	ribozyme	241
VASA published, mouse	020	multi	pseudogene	87
VASA published, mouse	020	multi	tRNA	50
VASA published, mouse	020	multi	TranscribedUnitaryPseudogene	35
VASA published, mouse	020	multi	PolymorphicPseudogene	19
VASA published, mouse	020	multi	MtRrna	12
VASA published, mouse	020	multi	UnitaryPseudogene	7
VASA published, mouse	020	multi	MtTrna	6
VASA published, mouse	020	multi	rRNA	2
VASA published, mouse	020	single	ProteinCoding	487597
VASA published, mouse	020	single	lncRNA	16581
VASA published, mouse	020	single	snoRNA	5028
VASA published, mouse	020	single	ribozyme	4724
VASA published, mouse	020	single	snRNA	1918
VASA published, mouse	020	single	TEC	1410
VASA published, mouse	020	single	ProcessedPseudogene	1196
VASA published, mouse	020	single	miRNA	766
VASA published, mouse	020	single	MiscRna	525
VASA published, mouse	020	single	TranscribedUnprocessedPseudogene	347
VASA published, mouse	020	single	TranscribedProcessedPseudogene	260
VASA published, mouse	020	single	scaRNA	189
VASA published, mouse	020	single	UnprocessedPseudogene	179
VASA published, mouse	020	single	TranscribedUnitaryPseudogene	167
VASA published, mouse	020	single	PolymorphicPseudogene	52
VASA published, mouse	020	single	tRNA	52
VASA published, mouse	020	single	MtRrna	28
VASA published, mouse	020	single	UnitaryPseudogene	18
VASA published, mouse	020	single	MtTrna	15
VASA published, mouse	020	single	pseudogene	14
VASA published, mouse	020	single	rRNA	6
VASA published, mouse	022	multi	ProteinCoding	30590
VASA published, mouse	022	multi	ProcessedPseudogene	10738
VASA published, mouse	022	multi	MiscRna	6220
VASA published, mouse	022	multi	UnprocessedPseudogene	3190
VASA published, mouse	022	multi	lncRNA	3109
VASA published, mouse	022	multi	miRNA	1842
VASA published, mouse	022	multi	TranscribedProcessedPseudogene	1673
VASA published, mouse	022	multi	TranscribedUnprocessedPseudogene	1608
VASA published, mouse	022	multi	snoRNA	692
VASA published, mouse	022	multi	snRNA	357
VASA published, mouse	022	multi	TEC	145
VASA published, mouse	022	multi	ribozyme	79
VASA published, mouse	022	multi	pseudogene	22
VASA published, mouse	022	multi	TranscribedUnitaryPseudogene	16
VASA published, mouse	022	multi	UnitaryPseudogene	5
VASA published, mouse	022	multi	MtRrna	4
VASA published, mouse	022	multi	PolymorphicPseudogene	4
VASA published, mouse	022	multi	tRNA	3
VASA published, mouse	022	multi	IgCGene	2
VASA published, mouse	022	single	ProteinCoding	320387
VASA published, mouse	022	single	lncRNA	13412
VASA published, mouse	022	single	ribozyme	1326
VASA published, mouse	022	single	TEC	1152
VASA published, mouse	022	single	snoRNA	1072
VASA published, mouse	022	single	ProcessedPseudogene	649
VASA published, mouse	022	single	TranscribedUnprocessedPseudogene	468
VASA published, mouse	022	single	miRNA	368
VASA published, mouse	022	single	TranscribedProcessedPseudogene	187
VASA published, mouse	022	single	TranscribedUnitaryPseudogene	161
VASA published, mouse	022	single	UnprocessedPseudogene	161
VASA published, mouse	022	single	MiscRna	117
VASA published, mouse	022	single	snRNA	108
VASA published, mouse	022	single	scaRNA	93
VASA published, mouse	022	single	PolymorphicPseudogene	80
VASA published, mouse	022	single	UnitaryPseudogene	43
VASA published, mouse	022	single	MtTrna	13
VASA published, mouse	022	single	tRNA	13
VASA published, mouse	022	single	pseudogene	6
VASA published, mouse	022	single	MtRrna	2
VASA published, mouse	022	single	rRNA	2
VASA published, mouse	026	multi	ProteinCoding	14766
VASA published, mouse	026	multi	ProcessedPseudogene	6056
VASA published, mouse	026	multi	MiscRna	1413
VASA published, mouse	026	multi	lncRNA	1412
VASA published, mouse	026	multi	UnprocessedPseudogene	1266
VASA published, mouse	026	multi	TranscribedProcessedPseudogene	856
VASA published, mouse	026	multi	miRNA	514
VASA published, mouse	026	multi	snoRNA	327
VASA published, mouse	026	multi	TranscribedUnprocessedPseudogene	292
VASA published, mouse	026	multi	snRNA	106
VASA published, mouse	026	multi	TEC	24
VASA published, mouse	026	multi	ribozyme	22
VASA published, mouse	026	multi	TranscribedUnitaryPseudogene	16
VASA published, mouse	026	multi	pseudogene	11
VASA published, mouse	026	multi	tRNA	7
VASA published, mouse	026	multi	MtTrna	2
VASA published, mouse	026	multi	MtRrna	1
VASA published, mouse	026	multi	TrVGene	1
VASA published, mouse	026	single	ProteinCoding	120895
VASA published, mouse	026	single	lncRNA	3090
VASA published, mouse	026	single	snoRNA	382
VASA published, mouse	026	single	TEC	376
VASA published, mouse	026	single	ribozyme	331
VASA published, mouse	026	single	ProcessedPseudogene	285
VASA published, mouse	026	single	miRNA	181
VASA published, mouse	026	single	TranscribedUnprocessedPseudogene	94
VASA published, mouse	026	single	TranscribedProcessedPseudogene	86
VASA published, mouse	026	single	TranscribedUnitaryPseudogene	63
VASA published, mouse	026	single	UnprocessedPseudogene	59
VASA published, mouse	026	single	MiscRna	36
VASA published, mouse	026	single	snRNA	36
VASA published, mouse	026	single	scaRNA	35
VASA published, mouse	026	single	tRNA	33
VASA published, mouse	026	single	PolymorphicPseudogene	13
VASA published, mouse	026	single	MtRrna	11
VASA published, mouse	026	single	MtTrna	9
VASA published, mouse	032	multi	ProteinCoding	12175
VASA published, mouse	032	multi	ProcessedPseudogene	5558
VASA published, mouse	032	multi	lncRNA	1304
VASA published, mouse	032	multi	UnprocessedPseudogene	1109
VASA published, mouse	032	multi	MiscRna	943
VASA published, mouse	032	multi	TranscribedProcessedPseudogene	746
VASA published, mouse	032	multi	TranscribedUnprocessedPseudogene	387
VASA published, mouse	032	multi	miRNA	376
VASA published, mouse	032	multi	snoRNA	225
VASA published, mouse	032	multi	TEC	55
VASA published, mouse	032	multi	snRNA	27
VASA published, mouse	032	multi	TranscribedUnitaryPseudogene	17
VASA published, mouse	032	multi	pseudogene	14
VASA published, mouse	032	multi	ribozyme	10
VASA published, mouse	032	multi	MtTrna	6
VASA published, mouse	032	multi	UnitaryPseudogene	5
VASA published, mouse	032	multi	tRNA	1
VASA published, mouse	032	single	ProteinCoding	110500
VASA published, mouse	032	single	lncRNA	3098
VASA published, mouse	032	single	TEC	331
VASA published, mouse	032	single	ProcessedPseudogene	286
VASA published, mouse	032	single	ribozyme	250
VASA published, mouse	032	single	snoRNA	187
VASA published, mouse	032	single	miRNA	118
VASA published, mouse	032	single	TranscribedProcessedPseudogene	115
VASA published, mouse	032	single	TranscribedUnprocessedPseudogene	75
VASA published, mouse	032	single	TranscribedUnitaryPseudogene	46
VASA published, mouse	032	single	UnprocessedPseudogene	39
VASA published, mouse	032	single	MiscRna	28
VASA published, mouse	032	single	scaRNA	15
VASA published, mouse	032	single	MtRrna	10
VASA published, mouse	032	single	PolymorphicPseudogene	10
VASA published, mouse	032	single	pseudogene	9
VASA published, mouse	032	single	tRNA	8
VASA published, mouse	032	single	snRNA	5
VASA published, mouse	032	single	MtTrna	4
VASA published, mouse	034	multi	ProteinCoding	14629
VASA published, mouse	034	multi	ProcessedPseudogene	7341
VASA published, mouse	034	multi	lncRNA	1572
VASA published, mouse	034	multi	UnprocessedPseudogene	1397
VASA published, mouse	034	multi	TranscribedProcessedPseudogene	1076
VASA published, mouse	034	multi	MiscRna	572
VASA published, mouse	034	multi	TranscribedUnprocessedPseudogene	357
VASA published, mouse	034	multi	miRNA	254
VASA published, mouse	034	multi	snoRNA	136
VASA published, mouse	034	multi	pseudogene	45
VASA published, mouse	034	multi	TEC	42
VASA published, mouse	034	multi	snRNA	41
VASA published, mouse	034	multi	TranscribedUnitaryPseudogene	27
VASA published, mouse	034	multi	ribozyme	17
VASA published, mouse	034	multi	rRNA	2
VASA published, mouse	034	multi	PolymorphicPseudogene	1
VASA published, mouse	034	single	ProteinCoding	119223
VASA published, mouse	034	single	lncRNA	4008
VASA published, mouse	034	single	TEC	398
VASA published, mouse	034	single	ProcessedPseudogene	340
VASA published, mouse	034	single	snoRNA	254
VASA published, mouse	034	single	ribozyme	235
VASA published, mouse	034	single	miRNA	164
VASA published, mouse	034	single	TranscribedUnprocessedPseudogene	78
VASA published, mouse	034	single	TranscribedProcessedPseudogene	44
VASA published, mouse	034	single	PolymorphicPseudogene	33
VASA published, mouse	034	single	MiscRna	28
VASA published, mouse	034	single	UnprocessedPseudogene	23
VASA published, mouse	034	single	scaRNA	19
VASA published, mouse	034	single	MtRrna	11
VASA published, mouse	034	single	TranscribedUnitaryPseudogene	11
VASA published, mouse	034	single	snRNA	11
VASA published, mouse	034	single	MtTrna	5
VASA published, mouse	034	single	tRNA	4
VASA published, mouse	034	single	UnitaryPseudogene	3
VASA published, mouse	036	multi	ProteinCoding	25199
VASA published, mouse	036	multi	ProcessedPseudogene	11289
VASA published, mouse	036	multi	lncRNA	2627
VASA published, mouse	036	multi	UnprocessedPseudogene	2498
VASA published, mouse	036	multi	MiscRna	1747
VASA published, mouse	036	multi	TranscribedProcessedPseudogene	1417
VASA published, mouse	036	multi	TranscribedUnprocessedPseudogene	730
VASA published, mouse	036	multi	miRNA	720
VASA published, mouse	036	multi	snoRNA	418
VASA published, mouse	036	multi	snRNA	155
VASA published, mouse	036	multi	ribozyme	58
VASA published, mouse	036	multi	TEC	57
VASA published, mouse	036	multi	pseudogene	28
VASA published, mouse	036	multi	TranscribedUnitaryPseudogene	20
VASA published, mouse	036	multi	tRNA	3
VASA published, mouse	036	multi	MtTrna	2
VASA published, mouse	036	multi	PolymorphicPseudogene	2
VASA published, mouse	036	multi	MtRrna	1
VASA published, mouse	036	single	ProteinCoding	214328
VASA published, mouse	036	single	lncRNA	6735
VASA published, mouse	036	single	TEC	593
VASA published, mouse	036	single	ProcessedPseudogene	533
VASA published, mouse	036	single	snoRNA	456
VASA published, mouse	036	single	ribozyme	447
VASA published, mouse	036	single	miRNA	287
VASA published, mouse	036	single	TranscribedUnprocessedPseudogene	193
VASA published, mouse	036	single	TranscribedProcessedPseudogene	177
VASA published, mouse	036	single	TranscribedUnitaryPseudogene	106
VASA published, mouse	036	single	PolymorphicPseudogene	73
VASA published, mouse	036	single	UnprocessedPseudogene	69
VASA published, mouse	036	single	MiscRna	52
VASA published, mouse	036	single	scaRNA	43
VASA published, mouse	036	single	snRNA	34
VASA published, mouse	036	single	UnitaryPseudogene	16
VASA published, mouse	036	single	tRNA	10
VASA published, mouse	036	single	MtTrna	7
VASA published, mouse	036	single	MtRrna	4
VASA published, mouse	038	multi	ProteinCoding	6625
VASA published, mouse	038	multi	ProcessedPseudogene	2748
VASA published, mouse	038	multi	lncRNA	821
VASA published, mouse	038	multi	MiscRna	496
VASA published, mouse	038	multi	UnprocessedPseudogene	413
VASA published, mouse	038	multi	TranscribedProcessedPseudogene	392
VASA published, mouse	038	multi	TranscribedUnprocessedPseudogene	352
VASA published, mouse	038	multi	miRNA	207
VASA published, mouse	038	multi	snoRNA	134
VASA published, mouse	038	multi	snRNA	26
VASA published, mouse	038	multi	TEC	23
VASA published, mouse	038	multi	ribozyme	14
VASA published, mouse	038	multi	pseudogene	9
VASA published, mouse	038	multi	TranscribedUnitaryPseudogene	7
VASA published, mouse	038	multi	PolymorphicPseudogene	4
VASA published, mouse	038	multi	MtTrna	1
VASA published, mouse	038	multi	rRNA	1
VASA published, mouse	038	multi	scaRNA	1
VASA published, mouse	038	single	ProteinCoding	70182
VASA published, mouse	038	single	lncRNA	2892
VASA published, mouse	038	single	ProcessedPseudogene	258
VASA published, mouse	038	single	TEC	199
VASA published, mouse	038	single	ribozyme	169
VASA published, mouse	038	single	snoRNA	146
VASA published, mouse	038	single	TranscribedUnprocessedPseudogene	107
VASA published, mouse	038	single	miRNA	60
VASA published, mouse	038	single	TranscribedProcessedPseudogene	55
VASA published, mouse	038	single	MiscRna	38
VASA published, mouse	038	single	TranscribedUnitaryPseudogene	36
VASA published, mouse	038	single	UnprocessedPseudogene	29
VASA published, mouse	038	single	PolymorphicPseudogene	17
VASA published, mouse	038	single	scaRNA	14
VASA published, mouse	038	single	snRNA	7
VASA published, mouse	038	single	UnitaryPseudogene	6
VASA published, mouse	038	single	MtRrna	1
VASA published, mouse	040	multi	ProteinCoding	3409
VASA published, mouse	040	multi	ProcessedPseudogene	1671
VASA published, mouse	040	multi	lncRNA	353
VASA published, mouse	040	multi	UnprocessedPseudogene	316
VASA published, mouse	040	multi	MiscRna	267
VASA published, mouse	040	multi	TranscribedProcessedPseudogene	252
VASA published, mouse	040	multi	TranscribedUnprocessedPseudogene	187
VASA published, mouse	040	multi	miRNA	112
VASA published, mouse	040	multi	snoRNA	50
VASA published, mouse	040	multi	TEC	11
VASA published, mouse	040	multi	TranscribedUnitaryPseudogene	7
VASA published, mouse	040	multi	pseudogene	7
VASA published, mouse	040	multi	snRNA	3
VASA published, mouse	040	multi	ribozyme	2
VASA published, mouse	040	multi	tRNA	1
VASA published, mouse	040	single	ProteinCoding	28400
VASA published, mouse	040	single	lncRNA	973
VASA published, mouse	040	single	TEC	96
VASA published, mouse	040	single	ProcessedPseudogene	86
VASA published, mouse	040	single	ribozyme	81
VASA published, mouse	040	single	snoRNA	35
VASA published, mouse	040	single	UnprocessedPseudogene	34
VASA published, mouse	040	single	miRNA	30
VASA published, mouse	040	single	TranscribedUnprocessedPseudogene	23
VASA published, mouse	040	single	TranscribedProcessedPseudogene	12
VASA published, mouse	040	single	TranscribedUnitaryPseudogene	10
VASA published, mouse	040	single	MiscRna	6
VASA published, mouse	040	single	PolymorphicPseudogene	6
VASA published, mouse	040	single	scaRNA	6
VASA published, mouse	040	single	MtRrna	1
VASA published, mouse	040	single	snRNA	1
VASA published, mouse	042	multi	ProteinCoding	9868
VASA published, mouse	042	multi	ProcessedPseudogene	4211
VASA published, mouse	042	multi	MiscRna	2064
VASA published, mouse	042	multi	lncRNA	1092
VASA published, mouse	042	multi	miRNA	595
VASA published, mouse	042	multi	TranscribedProcessedPseudogene	581
VASA published, mouse	042	multi	UnprocessedPseudogene	580
VASA published, mouse	042	multi	TranscribedUnprocessedPseudogene	323
VASA published, mouse	042	multi	snoRNA	224
VASA published, mouse	042	multi	snRNA	75
VASA published, mouse	042	multi	TEC	49
VASA published, mouse	042	multi	ribozyme	49
VASA published, mouse	042	multi	pseudogene	5
VASA published, mouse	042	multi	PolymorphicPseudogene	4
VASA published, mouse	042	multi	TranscribedUnitaryPseudogene	4
VASA published, mouse	042	multi	UnitaryPseudogene	1
VASA published, mouse	042	multi	scaRNA	1
VASA published, mouse	042	single	ProteinCoding	83016
VASA published, mouse	042	single	lncRNA	2770
VASA published, mouse	042	single	ribozyme	368
VASA published, mouse	042	single	ProcessedPseudogene	243
VASA published, mouse	042	single	TEC	240
VASA published, mouse	042	single	snoRNA	236
VASA published, mouse	042	single	miRNA	94
VASA published, mouse	042	single	TranscribedUnprocessedPseudogene	67
VASA published, mouse	042	single	TranscribedProcessedPseudogene	47
VASA published, mouse	042	single	UnprocessedPseudogene	33
VASA published, mouse	042	single	MiscRna	29
VASA published, mouse	042	single	PolymorphicPseudogene	27
VASA published, mouse	042	single	TranscribedUnitaryPseudogene	27
VASA published, mouse	042	single	snRNA	22
VASA published, mouse	042	single	scaRNA	11
VASA published, mouse	042	single	tRNA	10
VASA published, mouse	042	single	pseudogene	3
VASA published, mouse	042	single	rRNA	1
VASA published, mouse	044	multi	ProteinCoding	13438
VASA published, mouse	044	multi	ProcessedPseudogene	6249
VASA published, mouse	044	multi	UnprocessedPseudogene	1726
VASA published, mouse	044	multi	lncRNA	1289
VASA published, mouse	044	multi	TranscribedProcessedPseudogene	1004
VASA published, mouse	044	multi	MiscRna	936
VASA published, mouse	044	multi	TranscribedUnprocessedPseudogene	305
VASA published, mouse	044	multi	miRNA	304
VASA published, mouse	044	multi	snoRNA	186
VASA published, mouse	044	multi	ribozyme	26
VASA published, mouse	044	multi	TEC	23
VASA published, mouse	044	multi	TranscribedUnitaryPseudogene	21
VASA published, mouse	044	multi	snRNA	17
VASA published, mouse	044	multi	pseudogene	3
VASA published, mouse	044	multi	tRNA	2
VASA published, mouse	044	multi	MtRrna	1
VASA published, mouse	044	multi	MtTrna	1
VASA published, mouse	044	single	ProteinCoding	104783
VASA published, mouse	044	single	lncRNA	2630
VASA published, mouse	044	single	TEC	296
VASA published, mouse	044	single	ProcessedPseudogene	265
VASA published, mouse	044	single	ribozyme	248
VASA published, mouse	044	single	snoRNA	225
VASA published, mouse	044	single	miRNA	123
VASA published, mouse	044	single	TranscribedProcessedPseudogene	84
VASA published, mouse	044	single	TranscribedUnprocessedPseudogene	84
VASA published, mouse	044	single	TranscribedUnitaryPseudogene	55
VASA published, mouse	044	single	UnprocessedPseudogene	42
VASA published, mouse	044	single	PolymorphicPseudogene	23
VASA published, mouse	044	single	snRNA	16
VASA published, mouse	044	single	scaRNA	13
VASA published, mouse	044	single	MiscRna	10
VASA published, mouse	044	single	rRNA	4
VASA published, mouse	044	single	UnitaryPseudogene	3
VASA published, mouse	044	single	tRNA	3
VASA published, mouse	044	single	MtTrna	2
VASA published, mouse	046	multi	ProteinCoding	10545
VASA published, mouse	046	multi	ProcessedPseudogene	6252
VASA published, mouse	046	multi	UnprocessedPseudogene	1143
VASA published, mouse	046	multi	TranscribedProcessedPseudogene	882
VASA published, mouse	046	multi	lncRNA	873
VASA published, mouse	046	multi	miRNA	111
VASA published, mouse	046	multi	TranscribedUnprocessedPseudogene	93
VASA published, mouse	046	multi	TranscribedUnitaryPseudogene	28
VASA published, mouse	046	multi	MiscRna	24
VASA published, mouse	046	multi	PolymorphicPseudogene	13
VASA published, mouse	046	multi	TEC	5
VASA published, mouse	046	multi	ribozyme	4
VASA published, mouse	046	multi	snRNA	3
VASA published, mouse	046	multi	MtTrna	1
VASA published, mouse	046	multi	pseudogene	1
VASA published, mouse	046	single	ProteinCoding	30447
VASA published, mouse	046	single	lncRNA	925
VASA published, mouse	046	single	ProcessedPseudogene	252
VASA published, mouse	046	single	miRNA	171
VASA published, mouse	046	single	TranscribedProcessedPseudogene	44
VASA published, mouse	046	single	TEC	25
VASA published, mouse	046	single	UnprocessedPseudogene	21
VASA published, mouse	046	single	TranscribedUnprocessedPseudogene	14
VASA published, mouse	046	single	snoRNA	14
VASA published, mouse	046	single	TranscribedUnitaryPseudogene	12
VASA published, mouse	046	single	MtTrna	10
VASA published, mouse	046	single	tRNA	5
VASA published, mouse	046	single	scaRNA	4
VASA published, mouse	046	single	MiscRna	2
VASA published, mouse	046	single	ribozyme	1
VASA published, mouse	046	single	snRNA	1
VASA published, mouse	050	multi	ProteinCoding	10912
VASA published, mouse	050	multi	ProcessedPseudogene	5949
VASA published, mouse	050	multi	lncRNA	1137
VASA published, mouse	050	multi	UnprocessedPseudogene	990
VASA published, mouse	050	multi	TranscribedProcessedPseudogene	838
VASA published, mouse	050	multi	MiscRna	352
VASA published, mouse	050	multi	miRNA	202
VASA published, mouse	050	multi	TranscribedUnprocessedPseudogene	132
VASA published, mouse	050	multi	snoRNA	60
VASA published, mouse	050	multi	TranscribedUnitaryPseudogene	18
VASA published, mouse	050	multi	TEC	14
VASA published, mouse	050	multi	pseudogene	13
VASA published, mouse	050	multi	snRNA	11
VASA published, mouse	050	multi	ribozyme	4
VASA published, mouse	050	multi	MtTrna	2
VASA published, mouse	050	multi	rRNA	1
VASA published, mouse	050	single	ProteinCoding	62712
VASA published, mouse	050	single	lncRNA	1928
VASA published, mouse	050	single	ProcessedPseudogene	338
VASA published, mouse	050	single	TEC	161
VASA published, mouse	050	single	miRNA	157
VASA published, mouse	050	single	ribozyme	114
VASA published, mouse	050	single	snoRNA	93
VASA published, mouse	050	single	TranscribedUnitaryPseudogene	85
VASA published, mouse	050	single	TranscribedProcessedPseudogene	65
VASA published, mouse	050	single	TranscribedUnprocessedPseudogene	46
VASA published, mouse	050	single	scaRNA	16
VASA published, mouse	050	single	UnprocessedPseudogene	15
VASA published, mouse	050	single	MtTrna	9
VASA published, mouse	050	single	snRNA	8
VASA published, mouse	050	single	MtRrna	6
VASA published, mouse	050	single	PolymorphicPseudogene	5
VASA published, mouse	050	single	MiscRna	4
VASA published, mouse	050	single	rRNA	1
VASA published, mouse	050	single	tRNA	1
VASA published, mouse	054	multi	ProteinCoding	5481
VASA published, mouse	054	multi	ProcessedPseudogene	2061
VASA published, mouse	054	multi	UnprocessedPseudogene	764
VASA published, mouse	054	multi	lncRNA	599
VASA published, mouse	054	multi	MiscRna	558
VASA published, mouse	054	multi	TranscribedProcessedPseudogene	238
VASA published, mouse	054	multi	miRNA	186
VASA published, mouse	054	multi	TranscribedUnprocessedPseudogene	161
VASA published, mouse	054	multi	snoRNA	74
VASA published, mouse	054	multi	ribozyme	24
VASA published, mouse	054	multi	snRNA	20
VASA published, mouse	054	multi	TEC	10
VASA published, mouse	054	multi	TranscribedUnitaryPseudogene	9
VASA published, mouse	054	multi	pseudogene	3
VASA published, mouse	054	multi	UnitaryPseudogene	1
VASA published, mouse	054	multi	tRNA	1
VASA published, mouse	054	single	ProteinCoding	47241
VASA published, mouse	054	single	lncRNA	1771
VASA published, mouse	054	single	TEC	192
VASA published, mouse	054	single	ribozyme	167
VASA published, mouse	054	single	snoRNA	130
VASA published, mouse	054	single	ProcessedPseudogene	97
VASA published, mouse	054	single	TranscribedUnprocessedPseudogene	49
VASA published, mouse	054	single	miRNA	48
VASA published, mouse	054	single	TranscribedProcessedPseudogene	29
VASA published, mouse	054	single	TranscribedUnitaryPseudogene	20
VASA published, mouse	054	single	PolymorphicPseudogene	18
VASA published, mouse	054	single	scaRNA	13
VASA published, mouse	054	single	MiscRna	10
VASA published, mouse	054	single	snRNA	6
VASA published, mouse	054	single	UnprocessedPseudogene	4
VASA published, mouse	054	single	tRNA	3
VASA published, mouse	054	single	MtRrna	2
VASA published, mouse	054	single	MtTrna	2
VASA published, mouse	056	multi	ProteinCoding	75238
VASA published, mouse	056	multi	ProcessedPseudogene	27866
VASA published, mouse	056	multi	MiscRna	23937
VASA published, mouse	056	multi	lncRNA	6745
VASA published, mouse	056	multi	UnprocessedPseudogene	4745
VASA published, mouse	056	multi	miRNA	4529
VASA published, mouse	056	multi	TranscribedProcessedPseudogene	3439
VASA published, mouse	056	multi	snoRNA	2348
VASA published, mouse	056	multi	TranscribedUnprocessedPseudogene	2119
VASA published, mouse	056	multi	snRNA	1811
VASA published, mouse	056	multi	ribozyme	207
VASA published, mouse	056	multi	TEC	139
VASA published, mouse	056	multi	pseudogene	114
VASA published, mouse	056	multi	TranscribedUnitaryPseudogene	79
VASA published, mouse	056	multi	tRNA	24
VASA published, mouse	056	multi	PolymorphicPseudogene	13
VASA published, mouse	056	multi	UnitaryPseudogene	5
VASA published, mouse	056	multi	MtRrna	4
VASA published, mouse	056	multi	MtTrna	2
VASA published, mouse	056	single	ProteinCoding	526219
VASA published, mouse	056	single	lncRNA	18438
VASA published, mouse	056	single	ribozyme	3594
VASA published, mouse	056	single	snoRNA	3280
VASA published, mouse	056	single	ProcessedPseudogene	1538
VASA published, mouse	056	single	TEC	1152
VASA published, mouse	056	single	miRNA	673
VASA published, mouse	056	single	TranscribedUnitaryPseudogene	627
VASA published, mouse	056	single	snRNA	595
VASA published, mouse	056	single	TranscribedUnprocessedPseudogene	445
VASA published, mouse	056	single	TranscribedProcessedPseudogene	351
VASA published, mouse	056	single	MiscRna	342
VASA published, mouse	056	single	UnprocessedPseudogene	307
VASA published, mouse	056	single	scaRNA	267
VASA published, mouse	056	single	tRNA	65
VASA published, mouse	056	single	PolymorphicPseudogene	51
VASA published, mouse	056	single	UnitaryPseudogene	26
VASA published, mouse	056	single	MtRrna	19
VASA published, mouse	056	single	MtTrna	13
VASA published, mouse	056	single	rRNA	12
VASA published, mouse	056	single	pseudogene	2
VASA published, mouse	058	multi	ProteinCoding	10128
VASA published, mouse	058	multi	ProcessedPseudogene	5357
VASA published, mouse	058	multi	lncRNA	1050
VASA published, mouse	058	multi	UnprocessedPseudogene	950
VASA published, mouse	058	multi	TranscribedProcessedPseudogene	734
VASA published, mouse	058	multi	MiscRna	276
VASA published, mouse	058	multi	TranscribedUnprocessedPseudogene	191
VASA published, mouse	058	multi	miRNA	146
VASA published, mouse	058	multi	snoRNA	50
VASA published, mouse	058	multi	TEC	19
VASA published, mouse	058	multi	snRNA	16
VASA published, mouse	058	multi	TranscribedUnitaryPseudogene	9
VASA published, mouse	058	multi	pseudogene	6
VASA published, mouse	058	multi	ribozyme	5
VASA published, mouse	058	multi	MtTrna	4
VASA published, mouse	058	multi	tRNA	3
VASA published, mouse	058	single	ProteinCoding	74469
VASA published, mouse	058	single	lncRNA	2209
VASA published, mouse	058	single	ProcessedPseudogene	281
VASA published, mouse	058	single	TEC	197
VASA published, mouse	058	single	miRNA	102
VASA published, mouse	058	single	ribozyme	94
VASA published, mouse	058	single	TranscribedProcessedPseudogene	88
VASA published, mouse	058	single	snoRNA	87
VASA published, mouse	058	single	TranscribedUnitaryPseudogene	39
VASA published, mouse	058	single	scaRNA	36
VASA published, mouse	058	single	TranscribedUnprocessedPseudogene	34
VASA published, mouse	058	single	UnprocessedPseudogene	19
VASA published, mouse	058	single	MiscRna	16
VASA published, mouse	058	single	PolymorphicPseudogene	4
VASA published, mouse	058	single	snRNA	3
VASA published, mouse	058	single	TrVGene	2
VASA published, mouse	058	single	tRNA	2
VASA published, mouse	058	single	MtTrna	1
VASA published, mouse	058	single	UnitaryPseudogene	1
VASA published, mouse	058	single	pseudogene	1
VASA published, mouse	058	single	rRNA	1
VASA published, mouse	060	multi	ProteinCoding	18663
VASA published, mouse	060	multi	ProcessedPseudogene	8023
VASA published, mouse	060	multi	MiscRna	2149
VASA published, mouse	060	multi	lncRNA	1930
VASA published, mouse	060	multi	TranscribedProcessedPseudogene	1254
VASA published, mouse	060	multi	UnprocessedPseudogene	1253
VASA published, mouse	060	multi	TranscribedUnprocessedPseudogene	679
VASA published, mouse	060	multi	miRNA	578
VASA published, mouse	060	multi	snoRNA	422
VASA published, mouse	060	multi	snRNA	112
VASA published, mouse	060	multi	TEC	70
VASA published, mouse	060	multi	ribozyme	48
VASA published, mouse	060	multi	TranscribedUnitaryPseudogene	21
VASA published, mouse	060	multi	pseudogene	12
VASA published, mouse	060	multi	UnitaryPseudogene	3
VASA published, mouse	060	multi	IgVPseudogene	1
VASA published, mouse	060	multi	MtRrna	1
VASA published, mouse	060	multi	MtTrna	1
VASA published, mouse	060	single	ProteinCoding	177588
VASA published, mouse	060	single	lncRNA	5560
VASA published, mouse	060	single	ribozyme	750
VASA published, mouse	060	single	TEC	547
VASA published, mouse	060	single	snoRNA	384
VASA published, mouse	060	single	ProcessedPseudogene	347
VASA published, mouse	060	single	miRNA	208
VASA published, mouse	060	single	TranscribedUnprocessedPseudogene	147
VASA published, mouse	060	single	TranscribedProcessedPseudogene	95
VASA published, mouse	060	single	UnprocessedPseudogene	78
VASA published, mouse	060	single	PolymorphicPseudogene	75
VASA published, mouse	060	single	MiscRna	72
VASA published, mouse	060	single	scaRNA	59
VASA published, mouse	060	single	TranscribedUnitaryPseudogene	35
VASA published, mouse	060	single	snRNA	26
VASA published, mouse	060	single	tRNA	6
VASA published, mouse	060	single	MtRrna	3
VASA published, mouse	060	single	MtTrna	2
VASA published, mouse	060	single	rRNA	2
VASA published, mouse	060	single	pseudogene	1
VASA published, mouse	062	multi	ProteinCoding	18071
VASA published, mouse	062	multi	ProcessedPseudogene	7890
VASA published, mouse	062	multi	UnprocessedPseudogene	2252
VASA published, mouse	062	multi	lncRNA	1781
VASA published, mouse	062	multi	MiscRna	1643
VASA published, mouse	062	multi	TranscribedProcessedPseudogene	1090
VASA published, mouse	062	multi	TranscribedUnprocessedPseudogene	567
VASA published, mouse	062	multi	miRNA	554
VASA published, mouse	062	multi	snoRNA	278
VASA published, mouse	062	multi	snRNA	53
VASA published, mouse	062	multi	TranscribedUnitaryPseudogene	51
VASA published, mouse	062	multi	ribozyme	34
VASA published, mouse	062	multi	TEC	23
VASA published, mouse	062	multi	MtRrna	6
VASA published, mouse	062	multi	UnitaryPseudogene	5
VASA published, mouse	062	multi	pseudogene	4
VASA published, mouse	062	multi	tRNA	1
VASA published, mouse	062	single	ProteinCoding	163917
VASA published, mouse	062	single	lncRNA	5383
VASA published, mouse	062	single	TEC	654
VASA published, mouse	062	single	ribozyme	516
VASA published, mouse	062	single	ProcessedPseudogene	394
VASA published, mouse	062	single	snoRNA	394
VASA published, mouse	062	single	miRNA	283
VASA published, mouse	062	single	TranscribedUnprocessedPseudogene	141
VASA published, mouse	062	single	TranscribedProcessedPseudogene	122
VASA published, mouse	062	single	MiscRna	66
VASA published, mouse	062	single	TranscribedUnitaryPseudogene	49
VASA published, mouse	062	single	UnprocessedPseudogene	47
VASA published, mouse	062	single	UnitaryPseudogene	27
VASA published, mouse	062	single	scaRNA	27
VASA published, mouse	062	single	snRNA	24
VASA published, mouse	062	single	PolymorphicPseudogene	13
VASA published, mouse	062	single	MtRrna	7
VASA published, mouse	062	single	MtTrna	5
VASA published, mouse	062	single	tRNA	2
VASA published, mouse	062	single	rRNA	1
VASA published, mouse	064	multi	ProteinCoding	18178
VASA published, mouse	064	multi	ProcessedPseudogene	7555
VASA published, mouse	064	multi	lncRNA	1925
VASA published, mouse	064	multi	UnprocessedPseudogene	1914
VASA published, mouse	064	multi	MiscRna	1187
VASA published, mouse	064	multi	TranscribedProcessedPseudogene	1046
VASA published, mouse	064	multi	TranscribedUnprocessedPseudogene	569
VASA published, mouse	064	multi	miRNA	438
VASA published, mouse	064	multi	snoRNA	170
VASA published, mouse	064	multi	TEC	148
VASA published, mouse	064	multi	pseudogene	33
VASA published, mouse	064	multi	snRNA	19
VASA published, mouse	064	multi	TranscribedUnitaryPseudogene	18
VASA published, mouse	064	multi	ribozyme	16
VASA published, mouse	064	multi	MtRrna	9
VASA published, mouse	064	multi	tRNA	7
VASA published, mouse	064	multi	PolymorphicPseudogene	3
VASA published, mouse	064	multi	rRNA	2
VASA published, mouse	064	multi	UnitaryPseudogene	1
VASA published, mouse	064	single	ProteinCoding	131231
VASA published, mouse	064	single	lncRNA	4228
VASA published, mouse	064	single	ProcessedPseudogene	384
VASA published, mouse	064	single	ribozyme	347
VASA published, mouse	064	single	TEC	339
VASA published, mouse	064	single	snoRNA	264
VASA published, mouse	064	single	miRNA	181
VASA published, mouse	064	single	TranscribedUnitaryPseudogene	134
VASA published, mouse	064	single	TranscribedUnprocessedPseudogene	127
VASA published, mouse	064	single	UnprocessedPseudogene	84
VASA published, mouse	064	single	TranscribedProcessedPseudogene	78
VASA published, mouse	064	single	MiscRna	42
VASA published, mouse	064	single	snRNA	18
VASA published, mouse	064	single	PolymorphicPseudogene	15
VASA published, mouse	064	single	scaRNA	8
VASA published, mouse	064	single	MtRrna	5
VASA published, mouse	064	single	MtTrna	5
VASA published, mouse	064	single	tRNA	4
VASA published, mouse	064	single	pseudogene	2
VASA published, mouse	064	single	rRNA	2
VASA published, mouse	066	multi	ProteinCoding	30919
VASA published, mouse	066	multi	ProcessedPseudogene	13574
VASA published, mouse	066	multi	lncRNA	3249
VASA published, mouse	066	multi	UnprocessedPseudogene	3105
VASA published, mouse	066	multi	MiscRna	2755
VASA published, mouse	066	multi	TranscribedProcessedPseudogene	2041
VASA published, mouse	066	multi	TranscribedUnprocessedPseudogene	1036
VASA published, mouse	066	multi	miRNA	878
VASA published, mouse	066	multi	snoRNA	373
VASA published, mouse	066	multi	TEC	134
VASA published, mouse	066	multi	snRNA	80
VASA published, mouse	066	multi	ribozyme	54
VASA published, mouse	066	multi	pseudogene	44
VASA published, mouse	066	multi	TranscribedUnitaryPseudogene	13
VASA published, mouse	066	multi	tRNA	10
VASA published, mouse	066	multi	MtTrna	6
VASA published, mouse	066	multi	UnitaryPseudogene	4
VASA published, mouse	066	multi	MtRrna	2
VASA published, mouse	066	single	ProteinCoding	245465
VASA published, mouse	066	single	lncRNA	7231
VASA published, mouse	066	single	ribozyme	654
VASA published, mouse	066	single	TEC	586
VASA published, mouse	066	single	ProcessedPseudogene	578
VASA published, mouse	066	single	snoRNA	435
VASA published, mouse	066	single	miRNA	324
VASA published, mouse	066	single	TranscribedUnprocessedPseudogene	248
VASA published, mouse	066	single	TranscribedProcessedPseudogene	210
VASA published, mouse	066	single	TranscribedUnitaryPseudogene	200
VASA published, mouse	066	single	UnprocessedPseudogene	89
VASA published, mouse	066	single	PolymorphicPseudogene	44
VASA published, mouse	066	single	snRNA	43
VASA published, mouse	066	single	scaRNA	35
VASA published, mouse	066	single	tRNA	26
VASA published, mouse	066	single	MiscRna	25
VASA published, mouse	066	single	MtRrna	12
VASA published, mouse	066	single	MtTrna	9
VASA published, mouse	066	single	pseudogene	4
VASA published, mouse	066	single	UnitaryPseudogene	3
VASA published, mouse	066	single	rRNA	1
VASA published, mouse	068	multi	ProteinCoding	14511
VASA published, mouse	068	multi	ProcessedPseudogene	6816
VASA published, mouse	068	multi	UnprocessedPseudogene	1778
VASA published, mouse	068	multi	lncRNA	1336
VASA published, mouse	068	multi	MiscRna	1278
VASA published, mouse	068	multi	TranscribedProcessedPseudogene	988
VASA published, mouse	068	multi	miRNA	556
VASA published, mouse	068	multi	TranscribedUnprocessedPseudogene	400
VASA published, mouse	068	multi	snoRNA	193
VASA published, mouse	068	multi	snRNA	42
VASA published, mouse	068	multi	TEC	24
VASA published, mouse	068	multi	TranscribedUnitaryPseudogene	16
VASA published, mouse	068	multi	ribozyme	15
VASA published, mouse	068	multi	MtTrna	11
VASA published, mouse	068	multi	pseudogene	10
VASA published, mouse	068	multi	UnitaryPseudogene	1
VASA published, mouse	068	single	ProteinCoding	107010
VASA published, mouse	068	single	lncRNA	3900
VASA published, mouse	068	single	ProcessedPseudogene	436
VASA published, mouse	068	single	ribozyme	342
VASA published, mouse	068	single	TEC	193
VASA published, mouse	068	single	miRNA	191
VASA published, mouse	068	single	snoRNA	178
VASA published, mouse	068	single	TranscribedUnprocessedPseudogene	82
VASA published, mouse	068	single	TranscribedProcessedPseudogene	79
VASA published, mouse	068	single	UnprocessedPseudogene	63
VASA published, mouse	068	single	TranscribedUnitaryPseudogene	53
VASA published, mouse	068	single	MiscRna	31
VASA published, mouse	068	single	scaRNA	26
VASA published, mouse	068	single	MtTrna	23
VASA published, mouse	068	single	PolymorphicPseudogene	21
VASA published, mouse	068	single	snRNA	12
VASA published, mouse	068	single	UnitaryPseudogene	5
VASA published, mouse	068	single	rRNA	2
VASA published, mouse	068	single	MtRrna	1
VASA published, mouse	070	multi	ProteinCoding	12295
VASA published, mouse	070	multi	ProcessedPseudogene	4278
VASA published, mouse	070	multi	MiscRna	2058
VASA published, mouse	070	multi	UnprocessedPseudogene	1298
VASA published, mouse	070	multi	lncRNA	1237
VASA published, mouse	070	multi	TranscribedProcessedPseudogene	613
VASA published, mouse	070	multi	miRNA	488
VASA published, mouse	070	multi	TranscribedUnprocessedPseudogene	377
VASA published, mouse	070	multi	snoRNA	200
VASA published, mouse	070	multi	snRNA	156
VASA published, mouse	070	multi	TEC	148
VASA published, mouse	070	multi	ribozyme	26
VASA published, mouse	070	multi	pseudogene	19
VASA published, mouse	070	multi	UnitaryPseudogene	12
VASA published, mouse	070	multi	TranscribedUnitaryPseudogene	8
VASA published, mouse	070	multi	tRNA	6
VASA published, mouse	070	multi	MtRrna	4
VASA published, mouse	070	multi	MtTrna	3
VASA published, mouse	070	multi	PolymorphicPseudogene	1
VASA published, mouse	070	multi	rRNA	1
VASA published, mouse	070	single	ProteinCoding	102026
VASA published, mouse	070	single	lncRNA	2761
VASA published, mouse	070	single	TEC	374
VASA published, mouse	070	single	ribozyme	301
VASA published, mouse	070	single	snoRNA	266
VASA published, mouse	070	single	ProcessedPseudogene	235
VASA published, mouse	070	single	miRNA	142
VASA published, mouse	070	single	TranscribedProcessedPseudogene	61
VASA published, mouse	070	single	MiscRna	50
VASA published, mouse	070	single	snRNA	44
VASA published, mouse	070	single	TranscribedUnprocessedPseudogene	43
VASA published, mouse	070	single	UnprocessedPseudogene	43
VASA published, mouse	070	single	TranscribedUnitaryPseudogene	40
VASA published, mouse	070	single	scaRNA	13
VASA published, mouse	070	single	MtTrna	10
VASA published, mouse	070	single	MtRrna	9
VASA published, mouse	070	single	PolymorphicPseudogene	5
VASA published, mouse	070	single	rRNA	3
VASA published, mouse	070	single	tRNA	2
VASA published, mouse	070	single	UnitaryPseudogene	1
VASA published, mouse	076	multi	ProteinCoding	28834
VASA published, mouse	076	multi	ProcessedPseudogene	11294
VASA published, mouse	076	multi	UnprocessedPseudogene	3409
VASA published, mouse	076	multi	lncRNA	3027
VASA published, mouse	076	multi	MiscRna	2975
VASA published, mouse	076	multi	TranscribedProcessedPseudogene	1555
VASA published, mouse	076	multi	miRNA	973
VASA published, mouse	076	multi	TranscribedUnprocessedPseudogene	611
VASA published, mouse	076	multi	snoRNA	320
VASA published, mouse	076	multi	TEC	138
VASA published, mouse	076	multi	snRNA	118
VASA published, mouse	076	multi	ribozyme	35
VASA published, mouse	076	multi	tRNA	24
VASA published, mouse	076	multi	TranscribedUnitaryPseudogene	19
VASA published, mouse	076	multi	pseudogene	14
VASA published, mouse	076	multi	PolymorphicPseudogene	9
VASA published, mouse	076	multi	UnitaryPseudogene	4
VASA published, mouse	076	multi	MtRrna	3
VASA published, mouse	076	multi	MtTrna	2
VASA published, mouse	076	multi	rRNA	1
VASA published, mouse	076	single	ProteinCoding	243241
VASA published, mouse	076	single	lncRNA	7589
VASA published, mouse	076	single	ribozyme	831
VASA published, mouse	076	single	snoRNA	707
VASA published, mouse	076	single	TEC	700
VASA published, mouse	076	single	ProcessedPseudogene	620
VASA published, mouse	076	single	miRNA	336
VASA published, mouse	076	single	TranscribedProcessedPseudogene	211
VASA published, mouse	076	single	TranscribedUnprocessedPseudogene	147
VASA published, mouse	076	single	TranscribedUnitaryPseudogene	103
VASA published, mouse	076	single	UnprocessedPseudogene	70
VASA published, mouse	076	single	PolymorphicPseudogene	69
VASA published, mouse	076	single	snRNA	66
VASA published, mouse	076	single	scaRNA	63
VASA published, mouse	076	single	MiscRna	48
VASA published, mouse	076	single	tRNA	39
VASA published, mouse	076	single	MtRrna	18
VASA published, mouse	076	single	UnitaryPseudogene	13
VASA published, mouse	076	single	rRNA	6
VASA published, mouse	076	single	MtTrna	4
VASA published, mouse	076	single	pseudogene	3
VASA published, mouse	078	multi	ProteinCoding	27120
VASA published, mouse	078	multi	ProcessedPseudogene	11454
VASA published, mouse	078	multi	MiscRna	3167
VASA published, mouse	078	multi	lncRNA	3016
VASA published, mouse	078	multi	UnprocessedPseudogene	2267
VASA published, mouse	078	multi	TranscribedProcessedPseudogene	1649
VASA published, mouse	078	multi	miRNA	933
VASA published, mouse	078	multi	TranscribedUnprocessedPseudogene	580
VASA published, mouse	078	multi	snoRNA	518
VASA published, mouse	078	multi	snRNA	200
VASA published, mouse	078	multi	TEC	122
VASA published, mouse	078	multi	ribozyme	44
VASA published, mouse	078	multi	TranscribedUnitaryPseudogene	30
VASA published, mouse	078	multi	pseudogene	13
VASA published, mouse	078	multi	PolymorphicPseudogene	10
VASA published, mouse	078	multi	tRNA	7
VASA published, mouse	078	multi	MtTrna	5
VASA published, mouse	078	multi	MtRrna	1
VASA published, mouse	078	multi	scaRNA	1
VASA published, mouse	078	single	ProteinCoding	216487
VASA published, mouse	078	single	lncRNA	6262
VASA published, mouse	078	single	ribozyme	919
VASA published, mouse	078	single	ProcessedPseudogene	615
VASA published, mouse	078	single	TEC	592
VASA published, mouse	078	single	snoRNA	448
VASA published, mouse	078	single	miRNA	252
VASA published, mouse	078	single	TranscribedUnitaryPseudogene	184
VASA published, mouse	078	single	TranscribedUnprocessedPseudogene	167
VASA published, mouse	078	single	TranscribedProcessedPseudogene	150
VASA published, mouse	078	single	snRNA	81
VASA published, mouse	078	single	UnprocessedPseudogene	66
VASA published, mouse	078	single	MiscRna	44
VASA published, mouse	078	single	PolymorphicPseudogene	41
VASA published, mouse	078	single	scaRNA	19
VASA published, mouse	078	single	tRNA	10
VASA published, mouse	078	single	MtTrna	7
VASA published, mouse	078	single	MtRrna	4
VASA published, mouse	078	single	rRNA	4
VASA published, mouse	078	single	TrVGene	1
VASA published, mouse	078	single	UnitaryPseudogene	1
VASA published, mouse	080	multi	ProteinCoding	23609
VASA published, mouse	080	multi	ProcessedPseudogene	9958
VASA published, mouse	080	multi	MiscRna	3959
VASA published, mouse	080	multi	UnprocessedPseudogene	2406
VASA published, mouse	080	multi	lncRNA	2210
VASA published, mouse	080	multi	TranscribedProcessedPseudogene	1415
VASA published, mouse	080	multi	miRNA	959
VASA published, mouse	080	multi	TranscribedUnprocessedPseudogene	474
VASA published, mouse	080	multi	snoRNA	386
VASA published, mouse	080	multi	snRNA	70
VASA published, mouse	080	multi	ribozyme	41
VASA published, mouse	080	multi	TranscribedUnitaryPseudogene	40
VASA published, mouse	080	multi	TEC	36
VASA published, mouse	080	multi	pseudogene	26
VASA published, mouse	080	multi	UnitaryPseudogene	9
VASA published, mouse	080	multi	MtTrna	2
VASA published, mouse	080	multi	IgVPseudogene	1
VASA published, mouse	080	multi	MtRrna	1
VASA published, mouse	080	multi	tRNA	1
VASA published, mouse	080	single	ProteinCoding	189356
VASA published, mouse	080	single	lncRNA	4961
VASA published, mouse	080	single	ribozyme	894
VASA published, mouse	080	single	ProcessedPseudogene	532
VASA published, mouse	080	single	snoRNA	483
VASA published, mouse	080	single	TEC	398
VASA published, mouse	080	single	miRNA	240
VASA published, mouse	080	single	TranscribedUnitaryPseudogene	147
VASA published, mouse	080	single	TranscribedProcessedPseudogene	135
VASA published, mouse	080	single	TranscribedUnprocessedPseudogene	111
VASA published, mouse	080	single	scaRNA	60
VASA published, mouse	080	single	UnprocessedPseudogene	58
VASA published, mouse	080	single	MiscRna	57
VASA published, mouse	080	single	snRNA	34
VASA published, mouse	080	single	PolymorphicPseudogene	16
VASA published, mouse	080	single	MtTrna	10
VASA published, mouse	080	single	tRNA	8
VASA published, mouse	080	single	MtRrna	7
VASA published, mouse	080	single	UnitaryPseudogene	4
VASA published, mouse	080	single	rRNA	4
VASA published, mouse	082	multi	ProteinCoding	13390
VASA published, mouse	082	multi	ProcessedPseudogene	6878
VASA published, mouse	082	multi	lncRNA	1387
VASA published, mouse	082	multi	UnprocessedPseudogene	1286
VASA published, mouse	082	multi	TranscribedProcessedPseudogene	907
VASA published, mouse	082	multi	MiscRna	329
VASA published, mouse	082	multi	miRNA	252
VASA published, mouse	082	multi	TranscribedUnprocessedPseudogene	245
VASA published, mouse	082	multi	snoRNA	68
VASA published, mouse	082	multi	TranscribedUnitaryPseudogene	36
VASA published, mouse	082	multi	snRNA	29
VASA published, mouse	082	multi	TEC	21
VASA published, mouse	082	multi	ribozyme	6
VASA published, mouse	082	multi	PolymorphicPseudogene	5
VASA published, mouse	082	multi	UnitaryPseudogene	4
VASA published, mouse	082	multi	pseudogene	4
VASA published, mouse	082	multi	MtRrna	3
VASA published, mouse	082	multi	IgVPseudogene	1
VASA published, mouse	082	multi	MtTrna	1
VASA published, mouse	082	multi	tRNA	1
VASA published, mouse	082	single	ProteinCoding	80738
VASA published, mouse	082	single	lncRNA	2516
VASA published, mouse	082	single	ProcessedPseudogene	335
VASA published, mouse	082	single	TEC	187
VASA published, mouse	082	single	miRNA	151
VASA published, mouse	082	single	snoRNA	146
VASA published, mouse	082	single	ribozyme	133
VASA published, mouse	082	single	TranscribedUnprocessedPseudogene	100
VASA published, mouse	082	single	TranscribedUnitaryPseudogene	67
VASA published, mouse	082	single	TranscribedProcessedPseudogene	55
VASA published, mouse	082	single	MiscRna	19
VASA published, mouse	082	single	snRNA	18
VASA published, mouse	082	single	tRNA	15
VASA published, mouse	082	single	UnprocessedPseudogene	14
VASA published, mouse	082	single	scaRNA	14
VASA published, mouse	082	single	PolymorphicPseudogene	10
VASA published, mouse	082	single	UnitaryPseudogene	10
VASA published, mouse	082	single	MtRrna	5
VASA published, mouse	082	single	MtTrna	5
VASA published, mouse	082	single	pseudogene	3
VASA published, mouse	082	single	rRNA	1
VASA published, mouse	084	multi	ProteinCoding	10587
VASA published, mouse	084	multi	ProcessedPseudogene	5582
VASA published, mouse	084	multi	UnprocessedPseudogene	1163
VASA published, mouse	084	multi	lncRNA	1103
VASA published, mouse	084	multi	TranscribedProcessedPseudogene	785
VASA published, mouse	084	multi	MiscRna	270
VASA published, mouse	084	multi	miRNA	203
VASA published, mouse	084	multi	TranscribedUnprocessedPseudogene	180
VASA published, mouse	084	multi	snoRNA	55
VASA published, mouse	084	multi	TEC	47
VASA published, mouse	084	multi	snRNA	15
VASA published, mouse	084	multi	TranscribedUnitaryPseudogene	9
VASA published, mouse	084	multi	pseudogene	9
VASA published, mouse	084	multi	UnitaryPseudogene	3
VASA published, mouse	084	multi	ribozyme	3
VASA published, mouse	084	multi	MtRrna	2
VASA published, mouse	084	multi	tRNA	2
VASA published, mouse	084	multi	MtTrna	1
VASA published, mouse	084	multi	PolymorphicPseudogene	1
VASA published, mouse	084	single	ProteinCoding	69303
VASA published, mouse	084	single	lncRNA	2217
VASA published, mouse	084	single	ProcessedPseudogene	345
VASA published, mouse	084	single	TEC	178
VASA published, mouse	084	single	miRNA	131
VASA published, mouse	084	single	ribozyme	99
VASA published, mouse	084	single	snoRNA	75
VASA published, mouse	084	single	TranscribedProcessedPseudogene	48
VASA published, mouse	084	single	TranscribedUnprocessedPseudogene	41
VASA published, mouse	084	single	PolymorphicPseudogene	27
VASA published, mouse	084	single	TranscribedUnitaryPseudogene	25
VASA published, mouse	084	single	UnprocessedPseudogene	22
VASA published, mouse	084	single	MiscRna	12
VASA published, mouse	084	single	scaRNA	9
VASA published, mouse	084	single	MtRrna	6
VASA published, mouse	084	single	UnitaryPseudogene	6
VASA published, mouse	084	single	snRNA	5
VASA published, mouse	084	single	MtTrna	4
VASA published, mouse	084	single	tRNA	3
VASA published, mouse	086	multi	ProteinCoding	13716
VASA published, mouse	086	multi	ProcessedPseudogene	7072
VASA published, mouse	086	multi	UnprocessedPseudogene	1396
VASA published, mouse	086	multi	lncRNA	1238
VASA published, mouse	086	multi	TranscribedProcessedPseudogene	946
VASA published, mouse	086	multi	MiscRna	404
VASA published, mouse	086	multi	TranscribedUnprocessedPseudogene	278
VASA published, mouse	086	multi	miRNA	220
VASA published, mouse	086	multi	snoRNA	60
VASA published, mouse	086	multi	TranscribedUnitaryPseudogene	35
VASA published, mouse	086	multi	TEC	25
VASA published, mouse	086	multi	snRNA	6
VASA published, mouse	086	multi	pseudogene	4
VASA published, mouse	086	multi	PolymorphicPseudogene	2
VASA published, mouse	086	multi	ribozyme	2
VASA published, mouse	086	multi	TrJGene	1
VASA published, mouse	086	multi	rRNA	1
VASA published, mouse	086	single	ProteinCoding	104863
VASA published, mouse	086	single	lncRNA	3027
VASA published, mouse	086	single	ProcessedPseudogene	364
VASA published, mouse	086	single	TEC	331
VASA published, mouse	086	single	ribozyme	169
VASA published, mouse	086	single	miRNA	160
VASA published, mouse	086	single	snoRNA	146
VASA published, mouse	086	single	TranscribedProcessedPseudogene	122
VASA published, mouse	086	single	TranscribedUnprocessedPseudogene	68
VASA published, mouse	086	single	PolymorphicPseudogene	45
VASA published, mouse	086	single	TranscribedUnitaryPseudogene	44
VASA published, mouse	086	single	MiscRna	35
VASA published, mouse	086	single	UnprocessedPseudogene	25
VASA published, mouse	086	single	scaRNA	15
VASA published, mouse	086	single	snRNA	7
VASA published, mouse	086	single	tRNA	7
VASA published, mouse	086	single	MtRrna	4
VASA published, mouse	086	single	MtTrna	3
VASA published, mouse	088	multi	ProteinCoding	38701
VASA published, mouse	088	multi	ProcessedPseudogene	17563
VASA published, mouse	088	multi	UnprocessedPseudogene	5094
VASA published, mouse	088	multi	lncRNA	3523
VASA published, mouse	088	multi	MiscRna	2480
VASA published, mouse	088	multi	TranscribedProcessedPseudogene	2240
VASA published, mouse	088	multi	miRNA	1106
VASA published, mouse	088	multi	TranscribedUnprocessedPseudogene	702
VASA published, mouse	088	multi	snoRNA	266
VASA published, mouse	088	multi	TEC	66
VASA published, mouse	088	multi	snRNA	63
VASA published, mouse	088	multi	ribozyme	55
VASA published, mouse	088	multi	TranscribedUnitaryPseudogene	47
VASA published, mouse	088	multi	PolymorphicPseudogene	28
VASA published, mouse	088	multi	pseudogene	16
VASA published, mouse	088	multi	tRNA	16
VASA published, mouse	088	multi	UnitaryPseudogene	15
VASA published, mouse	088	multi	MtRrna	7
VASA published, mouse	088	multi	MtTrna	4
VASA published, mouse	088	multi	rRNA	2
VASA published, mouse	088	single	ProteinCoding	263648
VASA published, mouse	088	single	lncRNA	7394
VASA published, mouse	088	single	ProcessedPseudogene	882
VASA published, mouse	088	single	TEC	807
VASA published, mouse	088	single	ribozyme	681
VASA published, mouse	088	single	snoRNA	448
VASA published, mouse	088	single	miRNA	396
VASA published, mouse	088	single	TranscribedUnprocessedPseudogene	158
VASA published, mouse	088	single	TranscribedProcessedPseudogene	147
VASA published, mouse	088	single	TranscribedUnitaryPseudogene	111
VASA published, mouse	088	single	PolymorphicPseudogene	93
VASA published, mouse	088	single	UnprocessedPseudogene	88
VASA published, mouse	088	single	MiscRna	74
VASA published, mouse	088	single	tRNA	57
VASA published, mouse	088	single	scaRNA	52
VASA published, mouse	088	single	MtTrna	18
VASA published, mouse	088	single	MtRrna	17
VASA published, mouse	088	single	snRNA	17
VASA published, mouse	088	single	pseudogene	4
VASA published, mouse	088	single	rRNA	3
VASA published, mouse	088	single	IgVGene	1
VASA published, mouse	088	single	UnitaryPseudogene	1
VASA published, mouse	090	multi	ProteinCoding	50978
VASA published, mouse	090	multi	ProcessedPseudogene	19521
VASA published, mouse	090	multi	MiscRna	9610
VASA published, mouse	090	multi	UnprocessedPseudogene	5172
VASA published, mouse	090	multi	lncRNA	4862
VASA published, mouse	090	multi	TranscribedProcessedPseudogene	3181
VASA published, mouse	090	multi	miRNA	2180
VASA published, mouse	090	multi	TranscribedUnprocessedPseudogene	1488
VASA published, mouse	090	multi	snoRNA	913
VASA published, mouse	090	multi	snRNA	491
VASA published, mouse	090	multi	TEC	201
VASA published, mouse	090	multi	ribozyme	80
VASA published, mouse	090	multi	pseudogene	40
VASA published, mouse	090	multi	TranscribedUnitaryPseudogene	37
VASA published, mouse	090	multi	tRNA	17
VASA published, mouse	090	multi	PolymorphicPseudogene	16
VASA published, mouse	090	multi	MtRrna	7
VASA published, mouse	090	multi	UnitaryPseudogene	4
VASA published, mouse	090	multi	MtTrna	3
VASA published, mouse	090	multi	rRNA	1
VASA published, mouse	090	multi	scaRNA	1
VASA published, mouse	090	single	ProteinCoding	394047
VASA published, mouse	090	single	lncRNA	11180
VASA published, mouse	090	single	ribozyme	1285
VASA published, mouse	090	single	snoRNA	1212
VASA published, mouse	090	single	TEC	1063
VASA published, mouse	090	single	ProcessedPseudogene	954
VASA published, mouse	090	single	miRNA	495
VASA published, mouse	090	single	TranscribedProcessedPseudogene	384
VASA published, mouse	090	single	TranscribedUnprocessedPseudogene	325
VASA published, mouse	090	single	snRNA	188
VASA published, mouse	090	single	MiscRna	169
VASA published, mouse	090	single	UnprocessedPseudogene	151
VASA published, mouse	090	single	scaRNA	91
VASA published, mouse	090	single	PolymorphicPseudogene	90
VASA published, mouse	090	single	TranscribedUnitaryPseudogene	46
VASA published, mouse	090	single	UnitaryPseudogene	38
VASA published, mouse	090	single	MtTrna	34
VASA published, mouse	090	single	tRNA	24
VASA published, mouse	090	single	MtRrna	19
VASA published, mouse	090	single	rRNA	13
VASA published, mouse	090	single	pseudogene	12
VASA published, mouse	092	multi	ProteinCoding	29603
VASA published, mouse	092	multi	ProcessedPseudogene	13951
VASA published, mouse	092	multi	UnprocessedPseudogene	3530
VASA published, mouse	092	multi	lncRNA	2689
VASA published, mouse	092	multi	TranscribedProcessedPseudogene	2222
VASA published, mouse	092	multi	MiscRna	1345
VASA published, mouse	092	multi	miRNA	665
VASA published, mouse	092	multi	TranscribedUnprocessedPseudogene	608
VASA published, mouse	092	multi	snoRNA	172
VASA published, mouse	092	multi	TranscribedUnitaryPseudogene	80
VASA published, mouse	092	multi	TEC	63
VASA published, mouse	092	multi	ribozyme	40
VASA published, mouse	092	multi	snRNA	33
VASA published, mouse	092	multi	pseudogene	16
VASA published, mouse	092	multi	UnitaryPseudogene	10
VASA published, mouse	092	multi	TrVGene	6
VASA published, mouse	092	multi	tRNA	5
VASA published, mouse	092	multi	MtRrna	3
VASA published, mouse	092	multi	MtTrna	2
VASA published, mouse	092	multi	rRNA	1
VASA published, mouse	092	single	ProteinCoding	214704
VASA published, mouse	092	single	lncRNA	5698
VASA published, mouse	092	single	ProcessedPseudogene	619
VASA published, mouse	092	single	TEC	561
VASA published, mouse	092	single	miRNA	426
VASA published, mouse	092	single	ribozyme	375
VASA published, mouse	092	single	snoRNA	362
VASA published, mouse	092	single	TranscribedProcessedPseudogene	207
VASA published, mouse	092	single	TranscribedUnprocessedPseudogene	114
VASA published, mouse	092	single	PolymorphicPseudogene	56
VASA published, mouse	092	single	UnprocessedPseudogene	53
VASA published, mouse	092	single	TranscribedUnitaryPseudogene	43
VASA published, mouse	092	single	MiscRna	38
VASA published, mouse	092	single	UnitaryPseudogene	29
VASA published, mouse	092	single	snRNA	28
VASA published, mouse	092	single	scaRNA	23
VASA published, mouse	092	single	MtRrna	20
VASA published, mouse	092	single	MtTrna	7
VASA published, mouse	092	single	tRNA	7
VASA published, mouse	092	single	rRNA	2
VASA published, mouse	094	multi	ProteinCoding	24582
VASA published, mouse	094	multi	ProcessedPseudogene	12057
VASA published, mouse	094	multi	lncRNA	2352
VASA published, mouse	094	multi	UnprocessedPseudogene	1989
VASA published, mouse	094	multi	TranscribedProcessedPseudogene	1740
VASA published, mouse	094	multi	MiscRna	1365
VASA published, mouse	094	multi	miRNA	672
VASA published, mouse	094	multi	TranscribedUnprocessedPseudogene	490
VASA published, mouse	094	multi	snoRNA	220
VASA published, mouse	094	multi	TEC	58
VASA published, mouse	094	multi	snRNA	34
VASA published, mouse	094	multi	ribozyme	30
VASA published, mouse	094	multi	pseudogene	22
VASA published, mouse	094	multi	TranscribedUnitaryPseudogene	12
VASA published, mouse	094	multi	tRNA	12
VASA published, mouse	094	multi	UnitaryPseudogene	10
VASA published, mouse	094	multi	MtTrna	8
VASA published, mouse	094	multi	PolymorphicPseudogene	3
VASA published, mouse	094	multi	IgVPseudogene	1
VASA published, mouse	094	multi	MtRrna	1
VASA published, mouse	094	single	ProteinCoding	200645
VASA published, mouse	094	single	lncRNA	6234
VASA published, mouse	094	single	ProcessedPseudogene	639
VASA published, mouse	094	single	TEC	576
VASA published, mouse	094	single	ribozyme	497
VASA published, mouse	094	single	snoRNA	260
VASA published, mouse	094	single	miRNA	248
VASA published, mouse	094	single	TranscribedUnprocessedPseudogene	133
VASA published, mouse	094	single	TranscribedProcessedPseudogene	118
VASA published, mouse	094	single	TranscribedUnitaryPseudogene	112
VASA published, mouse	094	single	UnprocessedPseudogene	84
VASA published, mouse	094	single	MiscRna	59
VASA published, mouse	094	single	scaRNA	43
VASA published, mouse	094	single	PolymorphicPseudogene	23
VASA published, mouse	094	single	snRNA	23
VASA published, mouse	094	single	UnitaryPseudogene	15
VASA published, mouse	094	single	MtTrna	14
VASA published, mouse	094	single	tRNA	11
VASA published, mouse	094	single	MtRrna	6
VASA published, mouse	094	single	rRNA	6
VASA published, mouse	094	single	pseudogene	4
VASA published, mouse	094	single	TrVGene	1
VASA published, mouse	098	multi	ProteinCoding	15379
VASA published, mouse	098	multi	ProcessedPseudogene	9109
VASA published, mouse	098	multi	lncRNA	1528
VASA published, mouse	098	multi	TranscribedProcessedPseudogene	1208
VASA published, mouse	098	multi	UnprocessedPseudogene	669
VASA published, mouse	098	multi	MiscRna	332
VASA published, mouse	098	multi	miRNA	217
VASA published, mouse	098	multi	TranscribedUnprocessedPseudogene	155
VASA published, mouse	098	multi	snoRNA	38
VASA published, mouse	098	multi	TEC	30
VASA published, mouse	098	multi	TranscribedUnitaryPseudogene	30
VASA published, mouse	098	multi	pseudogene	14
VASA published, mouse	098	multi	snRNA	14
VASA published, mouse	098	multi	ribozyme	7
VASA published, mouse	098	multi	PolymorphicPseudogene	3
VASA published, mouse	098	multi	UnitaryPseudogene	2
VASA published, mouse	098	multi	MtRrna	1
VASA published, mouse	098	single	ProteinCoding	71605
VASA published, mouse	098	single	lncRNA	2870
VASA published, mouse	098	single	ProcessedPseudogene	390
VASA published, mouse	098	single	miRNA	204
VASA published, mouse	098	single	TEC	129
VASA published, mouse	098	single	TranscribedProcessedPseudogene	114
VASA published, mouse	098	single	snoRNA	101
VASA published, mouse	098	single	TranscribedUnprocessedPseudogene	66
VASA published, mouse	098	single	ribozyme	58
VASA published, mouse	098	single	TranscribedUnitaryPseudogene	43
VASA published, mouse	098	single	UnprocessedPseudogene	40
VASA published, mouse	098	single	MiscRna	11
VASA published, mouse	098	single	tRNA	11
VASA published, mouse	098	single	PolymorphicPseudogene	9
VASA published, mouse	098	single	scaRNA	8
VASA published, mouse	098	single	snRNA	8
VASA published, mouse	098	single	UnitaryPseudogene	1
VASA published, mouse	100	multi	ProteinCoding	35534
VASA published, mouse	100	multi	ProcessedPseudogene	16637
VASA published, mouse	100	multi	MiscRna	4166
VASA published, mouse	100	multi	lncRNA	3382
VASA published, mouse	100	multi	UnprocessedPseudogene	2868
VASA published, mouse	100	multi	TranscribedProcessedPseudogene	2543
VASA published, mouse	100	multi	miRNA	1231
VASA published, mouse	100	multi	TranscribedUnprocessedPseudogene	835
VASA published, mouse	100	multi	snoRNA	450
VASA published, mouse	100	multi	snRNA	146
VASA published, mouse	100	multi	ribozyme	70
VASA published, mouse	100	multi	TEC	52
VASA published, mouse	100	multi	pseudogene	33
VASA published, mouse	100	multi	TranscribedUnitaryPseudogene	22
VASA published, mouse	100	multi	UnitaryPseudogene	9
VASA published, mouse	100	multi	MtRrna	7
VASA published, mouse	100	multi	PolymorphicPseudogene	2
VASA published, mouse	100	multi	tRNA	1
VASA published, mouse	100	single	ProteinCoding	270233
VASA published, mouse	100	single	lncRNA	7435
VASA published, mouse	100	single	ribozyme	1005
VASA published, mouse	100	single	ProcessedPseudogene	809
VASA published, mouse	100	single	snoRNA	631
VASA published, mouse	100	single	TEC	574
VASA published, mouse	100	single	miRNA	323
VASA published, mouse	100	single	TranscribedUnprocessedPseudogene	231
VASA published, mouse	100	single	TranscribedUnitaryPseudogene	154
VASA published, mouse	100	single	TranscribedProcessedPseudogene	144
VASA published, mouse	100	single	scaRNA	102
VASA published, mouse	100	single	UnprocessedPseudogene	97
VASA published, mouse	100	single	snRNA	96
VASA published, mouse	100	single	MiscRna	57
VASA published, mouse	100	single	tRNA	36
VASA published, mouse	100	single	MtTrna	26
VASA published, mouse	100	single	PolymorphicPseudogene	18
VASA published, mouse	100	single	MtRrna	11
VASA published, mouse	100	single	rRNA	5
VASA published, mouse	100	single	pseudogene	4
VASA published, mouse	100	single	UnitaryPseudogene	2
VASA published, mouse	104	multi	ProteinCoding	11324
VASA published, mouse	104	multi	ProcessedPseudogene	4817
VASA published, mouse	104	multi	lncRNA	1147
VASA published, mouse	104	multi	UnprocessedPseudogene	1040
VASA published, mouse	104	multi	MiscRna	934
VASA published, mouse	104	multi	TranscribedProcessedPseudogene	785
VASA published, mouse	104	multi	miRNA	383
VASA published, mouse	104	multi	TranscribedUnprocessedPseudogene	259
VASA published, mouse	104	multi	snoRNA	157
VASA published, mouse	104	multi	snRNA	37
VASA published, mouse	104	multi	TEC	24
VASA published, mouse	104	multi	ribozyme	13
VASA published, mouse	104	multi	pseudogene	9
VASA published, mouse	104	multi	TranscribedUnitaryPseudogene	7
VASA published, mouse	104	multi	PolymorphicPseudogene	4
VASA published, mouse	104	multi	MtRrna	2
VASA published, mouse	104	multi	rRNA	2
VASA published, mouse	104	multi	tRNA	2
VASA published, mouse	104	multi	UnitaryPseudogene	1
VASA published, mouse	104	single	ProteinCoding	87714
VASA published, mouse	104	single	lncRNA	2551
VASA published, mouse	104	single	TEC	306
VASA published, mouse	104	single	ProcessedPseudogene	241
VASA published, mouse	104	single	ribozyme	227
VASA published, mouse	104	single	snoRNA	142
VASA published, mouse	104	single	miRNA	110
VASA published, mouse	104	single	TranscribedUnprocessedPseudogene	97
VASA published, mouse	104	single	TranscribedProcessedPseudogene	80
VASA published, mouse	104	single	TranscribedUnitaryPseudogene	52
VASA published, mouse	104	single	UnprocessedPseudogene	29
VASA published, mouse	104	single	MiscRna	27
VASA published, mouse	104	single	scaRNA	22
VASA published, mouse	104	single	PolymorphicPseudogene	21
VASA published, mouse	104	single	snRNA	20
VASA published, mouse	104	single	MtTrna	11
VASA published, mouse	104	single	UnitaryPseudogene	5
VASA published, mouse	104	single	MtRrna	2
VASA published, mouse	104	single	tRNA	2
VASA published, mouse	106	multi	ProteinCoding	19280
VASA published, mouse	106	multi	ProcessedPseudogene	9386
VASA published, mouse	106	multi	UnprocessedPseudogene	2226
VASA published, mouse	106	multi	lncRNA	1782
VASA published, mouse	106	multi	TranscribedProcessedPseudogene	1361
VASA published, mouse	106	multi	MiscRna	793
VASA published, mouse	106	multi	TranscribedUnprocessedPseudogene	417
VASA published, mouse	106	multi	miRNA	369
VASA published, mouse	106	multi	snoRNA	127
VASA published, mouse	106	multi	TEC	82
VASA published, mouse	106	multi	pseudogene	30
VASA published, mouse	106	multi	snRNA	30
VASA published, mouse	106	multi	TranscribedUnitaryPseudogene	25
VASA published, mouse	106	multi	ribozyme	22
VASA published, mouse	106	multi	PolymorphicPseudogene	9
VASA published, mouse	106	multi	TrVGene	5
VASA published, mouse	106	multi	UnitaryPseudogene	4
VASA published, mouse	106	multi	MtRrna	3
VASA published, mouse	106	multi	MtTrna	2
VASA published, mouse	106	multi	tRNA	1
VASA published, mouse	106	single	ProteinCoding	129680
VASA published, mouse	106	single	lncRNA	3636
VASA published, mouse	106	single	ProcessedPseudogene	495
VASA published, mouse	106	single	TEC	278
VASA published, mouse	106	single	snoRNA	212
VASA published, mouse	106	single	miRNA	183
VASA published, mouse	106	single	ribozyme	160
VASA published, mouse	106	single	TranscribedProcessedPseudogene	129
VASA published, mouse	106	single	TranscribedUnprocessedPseudogene	111
VASA published, mouse	106	single	TranscribedUnitaryPseudogene	53
VASA published, mouse	106	single	UnprocessedPseudogene	51
VASA published, mouse	106	single	PolymorphicPseudogene	48
VASA published, mouse	106	single	scaRNA	38
VASA published, mouse	106	single	snRNA	24
VASA published, mouse	106	single	MtRrna	13
VASA published, mouse	106	single	MiscRna	8
VASA published, mouse	106	single	MtTrna	4
VASA published, mouse	106	single	UnitaryPseudogene	2
VASA published, mouse	106	single	tRNA	2
VASA published, mouse	108	multi	ProteinCoding	25964
VASA published, mouse	108	multi	ProcessedPseudogene	10961
VASA published, mouse	108	multi	UnprocessedPseudogene	3041
VASA published, mouse	108	multi	lncRNA	2954
VASA published, mouse	108	multi	MiscRna	2510
VASA published, mouse	108	multi	TranscribedProcessedPseudogene	1416
VASA published, mouse	108	multi	TranscribedUnprocessedPseudogene	855
VASA published, mouse	108	multi	miRNA	826
VASA published, mouse	108	multi	snoRNA	313
VASA published, mouse	108	multi	snRNA	166
VASA published, mouse	108	multi	TEC	54
VASA published, mouse	108	multi	TranscribedUnitaryPseudogene	41
VASA published, mouse	108	multi	ribozyme	41
VASA published, mouse	108	multi	pseudogene	30
VASA published, mouse	108	multi	PolymorphicPseudogene	4
VASA published, mouse	108	multi	UnitaryPseudogene	4
VASA published, mouse	108	multi	tRNA	4
VASA published, mouse	108	multi	MtRrna	3
VASA published, mouse	108	multi	MtTrna	3
VASA published, mouse	108	multi	rRNA	2
VASA published, mouse	108	single	ProteinCoding	226594
VASA published, mouse	108	single	lncRNA	7682
VASA published, mouse	108	single	ribozyme	789
VASA published, mouse	108	single	TEC	622
VASA published, mouse	108	single	ProcessedPseudogene	559
VASA published, mouse	108	single	snoRNA	455
VASA published, mouse	108	single	TranscribedUnprocessedPseudogene	231
VASA published, mouse	108	single	miRNA	208
VASA published, mouse	108	single	TranscribedUnitaryPseudogene	108
VASA published, mouse	108	single	MiscRna	93
VASA published, mouse	108	single	UnprocessedPseudogene	86
VASA published, mouse	108	single	TranscribedProcessedPseudogene	75
VASA published, mouse	108	single	scaRNA	65
VASA published, mouse	108	single	PolymorphicPseudogene	56
VASA published, mouse	108	single	snRNA	54
VASA published, mouse	108	single	UnitaryPseudogene	27
VASA published, mouse	108	single	MtRrna	13
VASA published, mouse	108	single	tRNA	9
VASA published, mouse	108	single	MtTrna	7
VASA published, mouse	108	single	rRNA	6
VASA published, mouse	108	single	pseudogene	2
VASA published, mouse	112	multi	ProteinCoding	35317
VASA published, mouse	112	multi	ProcessedPseudogene	14583
VASA published, mouse	112	multi	UnprocessedPseudogene	3730
VASA published, mouse	112	multi	lncRNA	3685
VASA published, mouse	112	multi	MiscRna	3399
VASA published, mouse	112	multi	TranscribedProcessedPseudogene	2053
VASA published, mouse	112	multi	TranscribedUnprocessedPseudogene	1181
VASA published, mouse	112	multi	miRNA	1146
VASA published, mouse	112	multi	snoRNA	499
VASA published, mouse	112	multi	TEC	151
VASA published, mouse	112	multi	snRNA	149
VASA published, mouse	112	multi	ribozyme	76
VASA published, mouse	112	multi	TranscribedUnitaryPseudogene	51
VASA published, mouse	112	multi	pseudogene	42
VASA published, mouse	112	multi	tRNA	19
VASA published, mouse	112	multi	UnitaryPseudogene	5
VASA published, mouse	112	multi	MtTrna	3
VASA published, mouse	112	multi	PolymorphicPseudogene	3
VASA published, mouse	112	multi	MtRrna	2
VASA published, mouse	112	single	ProteinCoding	327170
VASA published, mouse	112	single	lncRNA	10402
VASA published, mouse	112	single	ribozyme	1077
VASA published, mouse	112	single	TEC	824
VASA published, mouse	112	single	ProcessedPseudogene	768
VASA published, mouse	112	single	snoRNA	594
VASA published, mouse	112	single	TranscribedUnitaryPseudogene	371
VASA published, mouse	112	single	miRNA	336
VASA published, mouse	112	single	TranscribedUnprocessedPseudogene	176
VASA published, mouse	112	single	UnprocessedPseudogene	172
VASA published, mouse	112	single	TranscribedProcessedPseudogene	161
VASA published, mouse	112	single	PolymorphicPseudogene	117
VASA published, mouse	112	single	MiscRna	102
VASA published, mouse	112	single	scaRNA	51
VASA published, mouse	112	single	snRNA	49
VASA published, mouse	112	single	tRNA	23
VASA published, mouse	112	single	UnitaryPseudogene	21
VASA published, mouse	112	single	MtRrna	13
VASA published, mouse	112	single	MtTrna	9
VASA published, mouse	112	single	rRNA	4
VASA published, mouse	112	single	pseudogene	2
VASA published, mouse	114	multi	ProteinCoding	25855
VASA published, mouse	114	multi	ProcessedPseudogene	9809
VASA published, mouse	114	multi	MiscRna	8135
VASA published, mouse	114	multi	lncRNA	1624
VASA published, mouse	114	multi	TranscribedProcessedPseudogene	1458
VASA published, mouse	114	multi	UnprocessedPseudogene	1455
VASA published, mouse	114	multi	miRNA	734
VASA published, mouse	114	multi	snoRNA	519
VASA published, mouse	114	multi	snRNA	372
VASA published, mouse	114	multi	TranscribedUnprocessedPseudogene	358
VASA published, mouse	114	multi	ribozyme	45
VASA published, mouse	114	multi	TEC	38
VASA published, mouse	114	multi	TranscribedUnitaryPseudogene	25
VASA published, mouse	114	multi	pseudogene	18
VASA published, mouse	114	multi	tRNA	17
VASA published, mouse	114	multi	MtTrna	8
VASA published, mouse	114	multi	UnitaryPseudogene	5
VASA published, mouse	114	multi	rRNA	2
VASA published, mouse	114	single	ProteinCoding	95799
VASA published, mouse	114	single	lncRNA	3429
VASA published, mouse	114	single	ribozyme	556
VASA published, mouse	114	single	snoRNA	401
VASA published, mouse	114	single	ProcessedPseudogene	397
VASA published, mouse	114	single	miRNA	202
VASA published, mouse	114	single	TEC	200
VASA published, mouse	114	single	TranscribedProcessedPseudogene	176
VASA published, mouse	114	single	TranscribedUnprocessedPseudogene	69
VASA published, mouse	114	single	snRNA	69
VASA published, mouse	114	single	UnprocessedPseudogene	59
VASA published, mouse	114	single	TranscribedUnitaryPseudogene	51
VASA published, mouse	114	single	scaRNA	38
VASA published, mouse	114	single	MiscRna	37
VASA published, mouse	114	single	tRNA	23
VASA published, mouse	114	single	PolymorphicPseudogene	10
VASA published, mouse	114	single	MtRrna	7
VASA published, mouse	114	single	MtTrna	7
VASA published, mouse	114	single	UnitaryPseudogene	1
VASA published, mouse	114	single	pseudogene	1
VASA published, mouse	116	multi	ProteinCoding	42129
VASA published, mouse	116	multi	ProcessedPseudogene	17853
VASA published, mouse	116	multi	UnprocessedPseudogene	4347
VASA published, mouse	116	multi	lncRNA	4138
VASA published, mouse	116	multi	MiscRna	3825
VASA published, mouse	116	multi	TranscribedProcessedPseudogene	2787
VASA published, mouse	116	multi	miRNA	1257
VASA published, mouse	116	multi	TranscribedUnprocessedPseudogene	1009
VASA published, mouse	116	multi	snoRNA	602
VASA published, mouse	116	multi	TEC	144
VASA published, mouse	116	multi	snRNA	127
VASA published, mouse	116	multi	TranscribedUnitaryPseudogene	80
VASA published, mouse	116	multi	ribozyme	79
VASA published, mouse	116	multi	pseudogene	26
VASA published, mouse	116	multi	PolymorphicPseudogene	14
VASA published, mouse	116	multi	IgVGene	8
VASA published, mouse	116	multi	IgVPseudogene	8
VASA published, mouse	116	multi	UnitaryPseudogene	8
VASA published, mouse	116	multi	tRNA	8
VASA published, mouse	116	multi	MtTrna	3
VASA published, mouse	116	multi	MtRrna	2
VASA published, mouse	116	multi	rRNA	2
VASA published, mouse	116	single	ProteinCoding	343959
VASA published, mouse	116	single	lncRNA	10512
VASA published, mouse	116	single	TEC	930
VASA published, mouse	116	single	ribozyme	922
VASA published, mouse	116	single	ProcessedPseudogene	890
VASA published, mouse	116	single	snoRNA	702
VASA published, mouse	116	single	miRNA	415
VASA published, mouse	116	single	TranscribedUnprocessedPseudogene	305
VASA published, mouse	116	single	TranscribedUnitaryPseudogene	182
VASA published, mouse	116	single	TranscribedProcessedPseudogene	162
VASA published, mouse	116	single	UnprocessedPseudogene	161
VASA published, mouse	116	single	MiscRna	123
VASA published, mouse	116	single	snRNA	86
VASA published, mouse	116	single	PolymorphicPseudogene	60
VASA published, mouse	116	single	scaRNA	48
VASA published, mouse	116	single	UnitaryPseudogene	38
VASA published, mouse	116	single	tRNA	28
VASA published, mouse	116	single	MtTrna	18
VASA published, mouse	116	single	MtRrna	13
VASA published, mouse	116	single	rRNA	8
VASA published, mouse	116	single	TrCGene	1
VASA published, mouse	118	multi	ProteinCoding	5105
VASA published, mouse	118	multi	ProcessedPseudogene	2053
VASA published, mouse	118	multi	UnprocessedPseudogene	621
VASA published, mouse	118	multi	lncRNA	492
VASA published, mouse	118	multi	MiscRna	488
VASA published, mouse	118	multi	TranscribedProcessedPseudogene	206
VASA published, mouse	118	multi	miRNA	188
VASA published, mouse	118	multi	TranscribedUnprocessedPseudogene	110
VASA published, mouse	118	multi	snoRNA	78
VASA published, mouse	118	multi	snRNA	41
VASA published, mouse	118	multi	TEC	24
VASA published, mouse	118	multi	ribozyme	11
VASA published, mouse	118	multi	TranscribedUnitaryPseudogene	8
VASA published, mouse	118	multi	MtRrna	4
VASA published, mouse	118	multi	tRNA	3
VASA published, mouse	118	multi	pseudogene	2
VASA published, mouse	118	multi	rRNA	2
VASA published, mouse	118	single	ProteinCoding	41302
VASA published, mouse	118	single	lncRNA	1512
VASA published, mouse	118	single	ribozyme	188
VASA published, mouse	118	single	TEC	114
VASA published, mouse	118	single	ProcessedPseudogene	105
VASA published, mouse	118	single	snoRNA	70
VASA published, mouse	118	single	miRNA	51
VASA published, mouse	118	single	MiscRna	47
VASA published, mouse	118	single	TranscribedUnprocessedPseudogene	35
VASA published, mouse	118	single	TranscribedProcessedPseudogene	34
VASA published, mouse	118	single	TranscribedUnitaryPseudogene	19
VASA published, mouse	118	single	scaRNA	14
VASA published, mouse	118	single	UnprocessedPseudogene	10
VASA published, mouse	118	single	snRNA	8
VASA published, mouse	118	single	tRNA	5
VASA published, mouse	118	single	MtTrna	4
VASA published, mouse	118	single	PolymorphicPseudogene	4
VASA published, mouse	118	single	MtRrna	2
VASA published, mouse	118	single	pseudogene	1
VASA published, mouse	118	single	rRNA	1
VASA published, mouse	122	multi	ProteinCoding	16865
VASA published, mouse	122	multi	ProcessedPseudogene	8060
VASA published, mouse	122	multi	UnprocessedPseudogene	1922
VASA published, mouse	122	multi	lncRNA	1654
VASA published, mouse	122	multi	TranscribedProcessedPseudogene	1149
VASA published, mouse	122	multi	MiscRna	708
VASA published, mouse	122	multi	TranscribedUnprocessedPseudogene	407
VASA published, mouse	122	multi	miRNA	378
VASA published, mouse	122	multi	snoRNA	106
VASA published, mouse	122	multi	TEC	56
VASA published, mouse	122	multi	TranscribedUnitaryPseudogene	40
VASA published, mouse	122	multi	snRNA	33
VASA published, mouse	122	multi	pseudogene	19
VASA published, mouse	122	multi	ribozyme	18
VASA published, mouse	122	multi	UnitaryPseudogene	5
VASA published, mouse	122	multi	MtTrna	2
VASA published, mouse	122	multi	PolymorphicPseudogene	2
VASA published, mouse	122	multi	rRNA	2
VASA published, mouse	122	multi	tRNA	2
VASA published, mouse	122	single	ProteinCoding	115611
VASA published, mouse	122	single	lncRNA	3620
VASA published, mouse	122	single	ProcessedPseudogene	398
VASA published, mouse	122	single	TEC	284
VASA published, mouse	122	single	miRNA	219
VASA published, mouse	122	single	ribozyme	212
VASA published, mouse	122	single	snoRNA	185
VASA published, mouse	122	single	TranscribedProcessedPseudogene	151
VASA published, mouse	122	single	TranscribedUnitaryPseudogene	113
VASA published, mouse	122	single	TranscribedUnprocessedPseudogene	67
VASA published, mouse	122	single	UnprocessedPseudogene	64
VASA published, mouse	122	single	snRNA	31
VASA published, mouse	122	single	scaRNA	29
VASA published, mouse	122	single	PolymorphicPseudogene	22
VASA published, mouse	122	single	MiscRna	16
VASA published, mouse	122	single	MtRrna	5
VASA published, mouse	122	single	MtTrna	5
VASA published, mouse	122	single	UnitaryPseudogene	5
VASA published, mouse	122	single	rRNA	1
VASA published, mouse	122	single	tRNA	1
VASA published, mouse	124	multi	ProteinCoding	29637
VASA published, mouse	124	multi	ProcessedPseudogene	13958
VASA published, mouse	124	multi	MiscRna	3384
VASA published, mouse	124	multi	lncRNA	2962
VASA published, mouse	124	multi	UnprocessedPseudogene	2468
VASA published, mouse	124	multi	TranscribedProcessedPseudogene	1979
VASA published, mouse	124	multi	miRNA	1071
VASA published, mouse	124	multi	TranscribedUnprocessedPseudogene	503
VASA published, mouse	124	multi	snoRNA	496
VASA published, mouse	124	multi	snRNA	94
VASA published, mouse	124	multi	TEC	79
VASA published, mouse	124	multi	TranscribedUnitaryPseudogene	55
VASA published, mouse	124	multi	ribozyme	49
VASA published, mouse	124	multi	pseudogene	27
VASA published, mouse	124	multi	UnitaryPseudogene	13
VASA published, mouse	124	multi	tRNA	4
VASA published, mouse	124	multi	MtRrna	3
VASA published, mouse	124	multi	PolymorphicPseudogene	2
VASA published, mouse	124	multi	MtTrna	1
VASA published, mouse	124	single	ProteinCoding	240706
VASA published, mouse	124	single	lncRNA	7484
VASA published, mouse	124	single	ribozyme	915
VASA published, mouse	124	single	TEC	669
VASA published, mouse	124	single	ProcessedPseudogene	636
VASA published, mouse	124	single	snoRNA	455
VASA published, mouse	124	single	miRNA	337
VASA published, mouse	124	single	TranscribedProcessedPseudogene	167
VASA published, mouse	124	single	TranscribedUnprocessedPseudogene	154
VASA published, mouse	124	single	MiscRna	119
VASA published, mouse	124	single	UnprocessedPseudogene	89
VASA published, mouse	124	single	scaRNA	67
VASA published, mouse	124	single	PolymorphicPseudogene	55
VASA published, mouse	124	single	snRNA	32
VASA published, mouse	124	single	TranscribedUnitaryPseudogene	30
VASA published, mouse	124	single	tRNA	21
VASA published, mouse	124	single	UnitaryPseudogene	20
VASA published, mouse	124	single	MtRrna	14
VASA published, mouse	124	single	MtTrna	9
VASA published, mouse	124	single	pseudogene	7
VASA published, mouse	124	single	rRNA	6
VASA published, mouse	126	multi	ProteinCoding	2830
VASA published, mouse	126	multi	ProcessedPseudogene	1328
VASA published, mouse	126	multi	lncRNA	282
VASA published, mouse	126	multi	TranscribedProcessedPseudogene	215
VASA published, mouse	126	multi	UnprocessedPseudogene	210
VASA published, mouse	126	multi	MiscRna	138
VASA published, mouse	126	multi	miRNA	56
VASA published, mouse	126	multi	TranscribedUnprocessedPseudogene	55
VASA published, mouse	126	multi	snoRNA	29
VASA published, mouse	126	multi	TranscribedUnitaryPseudogene	12
VASA published, mouse	126	multi	TEC	11
VASA published, mouse	126	multi	snRNA	7
VASA published, mouse	126	multi	ribozyme	6
VASA published, mouse	126	multi	pseudogene	5
VASA published, mouse	126	single	ProteinCoding	19460
VASA published, mouse	126	single	lncRNA	610
VASA published, mouse	126	single	ProcessedPseudogene	64
VASA published, mouse	126	single	miRNA	42
VASA published, mouse	126	single	TEC	40
VASA published, mouse	126	single	snoRNA	24
VASA published, mouse	126	single	TranscribedProcessedPseudogene	21
VASA published, mouse	126	single	ribozyme	20
VASA published, mouse	126	single	TranscribedUnprocessedPseudogene	16
VASA published, mouse	126	single	TranscribedUnitaryPseudogene	8
VASA published, mouse	126	single	scaRNA	6
VASA published, mouse	126	single	MiscRna	5
VASA published, mouse	126	single	snRNA	4
VASA published, mouse	126	single	PolymorphicPseudogene	3
VASA published, mouse	126	single	tRNA	3
VASA published, mouse	126	single	MtRrna	2
VASA published, mouse	126	single	MtTrna	1
VASA published, mouse	126	single	UnitaryPseudogene	1
VASA published, mouse	126	single	UnprocessedPseudogene	1
VASA published, mouse	128	multi	ProteinCoding	33510
VASA published, mouse	128	multi	ProcessedPseudogene	13889
VASA published, mouse	128	multi	lncRNA	3633
VASA published, mouse	128	multi	UnprocessedPseudogene	3604
VASA published, mouse	128	multi	MiscRna	3396
VASA published, mouse	128	multi	TranscribedProcessedPseudogene	2159
VASA published, mouse	128	multi	miRNA	1203
VASA published, mouse	128	multi	TranscribedUnprocessedPseudogene	1023
VASA published, mouse	128	multi	snoRNA	443
VASA published, mouse	128	multi	TEC	241
VASA published, mouse	128	multi	snRNA	213
VASA published, mouse	128	multi	ribozyme	72
VASA published, mouse	128	multi	TranscribedUnitaryPseudogene	35
VASA published, mouse	128	multi	pseudogene	31
VASA published, mouse	128	multi	MtTrna	19
VASA published, mouse	128	multi	tRNA	6
VASA published, mouse	128	multi	TrVGene	5
VASA published, mouse	128	multi	UnitaryPseudogene	5
VASA published, mouse	128	multi	PolymorphicPseudogene	4
VASA published, mouse	128	multi	MtRrna	3
VASA published, mouse	128	single	ProteinCoding	267724
VASA published, mouse	128	single	lncRNA	8053
VASA published, mouse	128	single	ribozyme	878
VASA published, mouse	128	single	ProcessedPseudogene	721
VASA published, mouse	128	single	TEC	688
VASA published, mouse	128	single	snoRNA	577
VASA published, mouse	128	single	miRNA	300
VASA published, mouse	128	single	TranscribedUnprocessedPseudogene	207
VASA published, mouse	128	single	TranscribedProcessedPseudogene	179
VASA published, mouse	128	single	TranscribedUnitaryPseudogene	177
VASA published, mouse	128	single	UnprocessedPseudogene	105
VASA published, mouse	128	single	PolymorphicPseudogene	99
VASA published, mouse	128	single	snRNA	98
VASA published, mouse	128	single	MiscRna	62
VASA published, mouse	128	single	scaRNA	57
VASA published, mouse	128	single	UnitaryPseudogene	28
VASA published, mouse	128	single	tRNA	21
VASA published, mouse	128	single	MtRrna	10
VASA published, mouse	128	single	rRNA	5
VASA published, mouse	128	single	IgVPseudogene	3
VASA published, mouse	128	single	MtTrna	2
VASA published, mouse	128	single	TrVGene	1
VASA published, mouse	130	multi	ProteinCoding	11404
VASA published, mouse	130	multi	ProcessedPseudogene	4284
VASA published, mouse	130	multi	MiscRna	4161
VASA published, mouse	130	multi	lncRNA	758
VASA published, mouse	130	multi	UnprocessedPseudogene	743
VASA published, mouse	130	multi	TranscribedProcessedPseudogene	567
VASA published, mouse	130	multi	miRNA	377
VASA published, mouse	130	multi	snRNA	242
VASA published, mouse	130	multi	snoRNA	223
VASA published, mouse	130	multi	TranscribedUnprocessedPseudogene	118
VASA published, mouse	130	multi	TranscribedUnitaryPseudogene	24
VASA published, mouse	130	multi	ribozyme	18
VASA published, mouse	130	multi	TEC	10
VASA published, mouse	130	multi	tRNA	8
VASA published, mouse	130	multi	pseudogene	3
VASA published, mouse	130	single	ProteinCoding	27590
VASA published, mouse	130	single	lncRNA	904
VASA published, mouse	130	single	snoRNA	293
VASA published, mouse	130	single	ribozyme	212
VASA published, mouse	130	single	ProcessedPseudogene	179
VASA published, mouse	130	single	miRNA	155
VASA published, mouse	130	single	TranscribedProcessedPseudogene	54
VASA published, mouse	130	single	snRNA	46
VASA published, mouse	130	single	tRNA	35
VASA published, mouse	130	single	MiscRna	34
VASA published, mouse	130	single	TEC	28
VASA published, mouse	130	single	scaRNA	25
VASA published, mouse	130	single	UnprocessedPseudogene	16
VASA published, mouse	130	single	TranscribedUnprocessedPseudogene	11
VASA published, mouse	130	single	MtTrna	8
VASA published, mouse	130	single	UnitaryPseudogene	5
VASA published, mouse	130	single	PolymorphicPseudogene	3
VASA published, mouse	130	single	TranscribedUnitaryPseudogene	2
VASA published, mouse	132	multi	ProteinCoding	24489
VASA published, mouse	132	multi	ProcessedPseudogene	12350
VASA published, mouse	132	multi	UnprocessedPseudogene	2834
VASA published, mouse	132	multi	lncRNA	2195
VASA published, mouse	132	multi	TranscribedProcessedPseudogene	1693
VASA published, mouse	132	multi	MiscRna	686
VASA published, mouse	132	multi	TranscribedUnprocessedPseudogene	425
VASA published, mouse	132	multi	miRNA	393
VASA published, mouse	132	multi	snoRNA	162
VASA published, mouse	132	multi	TranscribedUnitaryPseudogene	57
VASA published, mouse	132	multi	snRNA	39
VASA published, mouse	132	multi	TEC	36
VASA published, mouse	132	multi	pseudogene	25
VASA published, mouse	132	multi	PolymorphicPseudogene	17
VASA published, mouse	132	multi	tRNA	7
VASA published, mouse	132	multi	MtTrna	5
VASA published, mouse	132	multi	ribozyme	5
VASA published, mouse	132	multi	MtRrna	1
VASA published, mouse	132	multi	TrCGene	1
VASA published, mouse	132	single	ProteinCoding	143453
VASA published, mouse	132	single	lncRNA	3796
VASA published, mouse	132	single	ProcessedPseudogene	534
VASA published, mouse	132	single	TEC	411
VASA published, mouse	132	single	miRNA	359
VASA published, mouse	132	single	ribozyme	213
VASA published, mouse	132	single	snoRNA	189
VASA published, mouse	132	single	TranscribedUnprocessedPseudogene	121
VASA published, mouse	132	single	TranscribedProcessedPseudogene	105
VASA published, mouse	132	single	TranscribedUnitaryPseudogene	95
VASA published, mouse	132	single	UnprocessedPseudogene	53
VASA published, mouse	132	single	MiscRna	25
VASA published, mouse	132	single	snRNA	24
VASA published, mouse	132	single	PolymorphicPseudogene	23
VASA published, mouse	132	single	scaRNA	22
VASA published, mouse	132	single	MtRrna	17
VASA published, mouse	132	single	tRNA	14
VASA published, mouse	132	single	MtTrna	9
VASA published, mouse	132	single	pseudogene	5
VASA published, mouse	132	single	rRNA	3
VASA published, mouse	134	multi	ProteinCoding	7591
VASA published, mouse	134	multi	ProcessedPseudogene	2200
VASA published, mouse	134	multi	lncRNA	879
VASA published, mouse	134	multi	UnprocessedPseudogene	514
VASA published, mouse	134	multi	TranscribedProcessedPseudogene	287
VASA published, mouse	134	multi	MiscRna	220
VASA published, mouse	134	multi	TranscribedUnprocessedPseudogene	140
VASA published, mouse	134	multi	miRNA	108
VASA published, mouse	134	multi	snoRNA	42
VASA published, mouse	134	multi	TranscribedUnitaryPseudogene	16
VASA published, mouse	134	multi	snRNA	13
VASA published, mouse	134	multi	TEC	10
VASA published, mouse	134	multi	ribozyme	9
VASA published, mouse	134	multi	UnitaryPseudogene	2
VASA published, mouse	134	multi	rRNA	1
VASA published, mouse	134	single	ProteinCoding	35285
VASA published, mouse	134	single	lncRNA	2148
VASA published, mouse	134	single	ProcessedPseudogene	171
VASA published, mouse	134	single	TEC	134
VASA published, mouse	134	single	ribozyme	67
VASA published, mouse	134	single	TranscribedProcessedPseudogene	59
VASA published, mouse	134	single	miRNA	59
VASA published, mouse	134	single	UnprocessedPseudogene	51
VASA published, mouse	134	single	snoRNA	41
VASA published, mouse	134	single	TranscribedUnprocessedPseudogene	31
VASA published, mouse	134	single	PolymorphicPseudogene	24
VASA published, mouse	134	single	TranscribedUnitaryPseudogene	15
VASA published, mouse	134	single	MiscRna	11
VASA published, mouse	134	single	MtRrna	3
VASA published, mouse	134	single	tRNA	3
VASA published, mouse	134	single	UnitaryPseudogene	2
VASA published, mouse	134	single	MtTrna	1
VASA published, mouse	134	single	pseudogene	1
VASA published, mouse	134	single	scaRNA	1
VASA published, mouse	136	multi	ProteinCoding	14056
VASA published, mouse	136	multi	ProcessedPseudogene	6594
VASA published, mouse	136	multi	UnprocessedPseudogene	1470
VASA published, mouse	136	multi	lncRNA	1326
VASA published, mouse	136	multi	MiscRna	964
VASA published, mouse	136	multi	TranscribedProcessedPseudogene	894
VASA published, mouse	136	multi	miRNA	429
VASA published, mouse	136	multi	TranscribedUnprocessedPseudogene	261
VASA published, mouse	136	multi	snoRNA	144
VASA published, mouse	136	multi	TranscribedUnitaryPseudogene	34
VASA published, mouse	136	multi	snRNA	33
VASA published, mouse	136	multi	TEC	32
VASA published, mouse	136	multi	pseudogene	25
VASA published, mouse	136	multi	ribozyme	11
VASA published, mouse	136	multi	tRNA	3
VASA published, mouse	136	single	ProteinCoding	111316
VASA published, mouse	136	single	lncRNA	3210
VASA published, mouse	136	single	ProcessedPseudogene	339
VASA published, mouse	136	single	TEC	289
VASA published, mouse	136	single	ribozyme	215
VASA published, mouse	136	single	snoRNA	153
VASA published, mouse	136	single	miRNA	135
VASA published, mouse	136	single	TranscribedUnprocessedPseudogene	95
VASA published, mouse	136	single	TranscribedProcessedPseudogene	70
VASA published, mouse	136	single	TranscribedUnitaryPseudogene	40
VASA published, mouse	136	single	UnprocessedPseudogene	39
VASA published, mouse	136	single	snRNA	22
VASA published, mouse	136	single	MiscRna	19
VASA published, mouse	136	single	PolymorphicPseudogene	18
VASA published, mouse	136	single	scaRNA	17
VASA published, mouse	136	single	MtRrna	11
VASA published, mouse	136	single	MtTrna	7
VASA published, mouse	136	single	tRNA	5
VASA published, mouse	136	single	pseudogene	3
VASA published, mouse	136	single	rRNA	2
VASA published, mouse	136	single	UnitaryPseudogene	1
VASA published, mouse	138	multi	ProteinCoding	12086
VASA published, mouse	138	multi	ProcessedPseudogene	5879
VASA published, mouse	138	multi	UnprocessedPseudogene	1795
VASA published, mouse	138	multi	MiscRna	1127
VASA published, mouse	138	multi	lncRNA	1080
VASA published, mouse	138	multi	TranscribedProcessedPseudogene	723
VASA published, mouse	138	multi	miRNA	411
VASA published, mouse	138	multi	TranscribedUnprocessedPseudogene	222
VASA published, mouse	138	multi	snoRNA	176
VASA published, mouse	138	multi	TEC	31
VASA published, mouse	138	multi	snRNA	23
VASA published, mouse	138	multi	TranscribedUnitaryPseudogene	20
VASA published, mouse	138	multi	pseudogene	6
VASA published, mouse	138	multi	ribozyme	6
VASA published, mouse	138	multi	UnitaryPseudogene	4
VASA published, mouse	138	multi	MtTrna	3
VASA published, mouse	138	multi	MtRrna	2
VASA published, mouse	138	multi	tRNA	2
VASA published, mouse	138	multi	PolymorphicPseudogene	1
VASA published, mouse	138	single	ProteinCoding	81607
VASA published, mouse	138	single	lncRNA	2917
VASA published, mouse	138	single	ribozyme	362
VASA published, mouse	138	single	snoRNA	273
VASA published, mouse	138	single	ProcessedPseudogene	254
VASA published, mouse	138	single	TEC	229
VASA published, mouse	138	single	miRNA	155
VASA published, mouse	138	single	TranscribedUnitaryPseudogene	91
VASA published, mouse	138	single	PolymorphicPseudogene	71
VASA published, mouse	138	single	TranscribedProcessedPseudogene	71
VASA published, mouse	138	single	UnprocessedPseudogene	63
VASA published, mouse	138	single	TranscribedUnprocessedPseudogene	37
VASA published, mouse	138	single	scaRNA	32
VASA published, mouse	138	single	MiscRna	27
VASA published, mouse	138	single	snRNA	7
VASA published, mouse	138	single	MtRrna	6
VASA published, mouse	138	single	MtTrna	6
VASA published, mouse	138	single	UnitaryPseudogene	6
VASA published, mouse	138	single	rRNA	5
VASA published, mouse	138	single	pseudogene	2
VASA published, mouse	140	multi	ProteinCoding	22267
VASA published, mouse	140	multi	ProcessedPseudogene	10518
VASA published, mouse	140	multi	UnprocessedPseudogene	2535
VASA published, mouse	140	multi	lncRNA	2227
VASA published, mouse	140	multi	TranscribedProcessedPseudogene	1520
VASA published, mouse	140	multi	MiscRna	1371
VASA published, mouse	140	multi	TranscribedUnprocessedPseudogene	777
VASA published, mouse	140	multi	miRNA	460
VASA published, mouse	140	multi	snoRNA	194
VASA published, mouse	140	multi	TEC	189
VASA published, mouse	140	multi	TranscribedUnitaryPseudogene	53
VASA published, mouse	140	multi	snRNA	40
VASA published, mouse	140	multi	ribozyme	32
VASA published, mouse	140	multi	pseudogene	13
VASA published, mouse	140	multi	UnitaryPseudogene	8
VASA published, mouse	140	multi	tRNA	2
VASA published, mouse	140	multi	PolymorphicPseudogene	1
VASA published, mouse	140	single	ProteinCoding	174312
VASA published, mouse	140	single	lncRNA	4896
VASA published, mouse	140	single	TEC	554
VASA published, mouse	140	single	ProcessedPseudogene	529
VASA published, mouse	140	single	ribozyme	405
VASA published, mouse	140	single	snoRNA	294
VASA published, mouse	140	single	miRNA	242
VASA published, mouse	140	single	TranscribedProcessedPseudogene	230
VASA published, mouse	140	single	TranscribedUnprocessedPseudogene	137
VASA published, mouse	140	single	UnprocessedPseudogene	97
VASA published, mouse	140	single	TranscribedUnitaryPseudogene	88
VASA published, mouse	140	single	PolymorphicPseudogene	43
VASA published, mouse	140	single	scaRNA	41
VASA published, mouse	140	single	MiscRna	28
VASA published, mouse	140	single	MtTrna	15
VASA published, mouse	140	single	snRNA	15
VASA published, mouse	140	single	UnitaryPseudogene	12
VASA published, mouse	140	single	tRNA	7
VASA published, mouse	140	single	MtRrna	4
VASA published, mouse	140	single	pseudogene	2
VASA published, mouse	140	single	rRNA	2
VASA published, mouse	142	multi	ProteinCoding	29482
VASA published, mouse	142	multi	ProcessedPseudogene	12293
VASA published, mouse	142	multi	UnprocessedPseudogene	3213
VASA published, mouse	142	multi	MiscRna	2974
VASA published, mouse	142	multi	lncRNA	2865
VASA published, mouse	142	multi	TranscribedProcessedPseudogene	1833
VASA published, mouse	142	multi	miRNA	937
VASA published, mouse	142	multi	TranscribedUnprocessedPseudogene	689
VASA published, mouse	142	multi	snoRNA	365
VASA published, mouse	142	multi	snRNA	76
VASA published, mouse	142	multi	TEC	69
VASA published, mouse	142	multi	ribozyme	65
VASA published, mouse	142	multi	TranscribedUnitaryPseudogene	34
VASA published, mouse	142	multi	pseudogene	32
VASA published, mouse	142	multi	UnitaryPseudogene	7
VASA published, mouse	142	multi	TrVPseudogene	6
VASA published, mouse	142	multi	tRNA	3
VASA published, mouse	142	multi	MtTrna	2
VASA published, mouse	142	multi	MtRrna	1
VASA published, mouse	142	multi	PolymorphicPseudogene	1
VASA published, mouse	142	multi	TrVGene	1
VASA published, mouse	142	single	ProteinCoding	230007
VASA published, mouse	142	single	lncRNA	7074
VASA published, mouse	142	single	ribozyme	702
VASA published, mouse	142	single	ProcessedPseudogene	638
VASA published, mouse	142	single	TEC	629
VASA published, mouse	142	single	snoRNA	532
VASA published, mouse	142	single	miRNA	280
VASA published, mouse	142	single	TranscribedProcessedPseudogene	175
VASA published, mouse	142	single	TranscribedUnprocessedPseudogene	170
VASA published, mouse	142	single	UnprocessedPseudogene	167
VASA published, mouse	142	single	TranscribedUnitaryPseudogene	120
VASA published, mouse	142	single	MiscRna	63
VASA published, mouse	142	single	snRNA	39
VASA published, mouse	142	single	scaRNA	37
VASA published, mouse	142	single	PolymorphicPseudogene	25
VASA published, mouse	142	single	MtRrna	19
VASA published, mouse	142	single	MtTrna	11
VASA published, mouse	142	single	rRNA	11
VASA published, mouse	142	single	pseudogene	9
VASA published, mouse	142	single	tRNA	6
VASA published, mouse	142	single	UnitaryPseudogene	1
VASA published, mouse	146	multi	ProteinCoding	7817
VASA published, mouse	146	multi	ProcessedPseudogene	4469
VASA published, mouse	146	multi	lncRNA	769
VASA published, mouse	146	multi	TranscribedProcessedPseudogene	594
VASA published, mouse	146	multi	UnprocessedPseudogene	398
VASA published, mouse	146	multi	MiscRna	197
VASA published, mouse	146	multi	miRNA	164
VASA published, mouse	146	multi	TranscribedUnprocessedPseudogene	110
VASA published, mouse	146	multi	snoRNA	29
VASA published, mouse	146	multi	TEC	16
VASA published, mouse	146	multi	pseudogene	14
VASA published, mouse	146	multi	ribozyme	14
VASA published, mouse	146	multi	snRNA	9
VASA published, mouse	146	multi	TranscribedUnitaryPseudogene	5
VASA published, mouse	146	multi	rRNA	2
VASA published, mouse	146	multi	MtTrna	1
VASA published, mouse	146	multi	tRNA	1
VASA published, mouse	146	single	ProteinCoding	49654
VASA published, mouse	146	single	lncRNA	1940
VASA published, mouse	146	single	ProcessedPseudogene	200
VASA published, mouse	146	single	miRNA	123
VASA published, mouse	146	single	TEC	85
VASA published, mouse	146	single	snoRNA	74
VASA published, mouse	146	single	ribozyme	48
VASA published, mouse	146	single	TranscribedProcessedPseudogene	45
VASA published, mouse	146	single	TranscribedUnprocessedPseudogene	28
VASA published, mouse	146	single	MiscRna	25
VASA published, mouse	146	single	UnprocessedPseudogene	22
VASA published, mouse	146	single	TranscribedUnitaryPseudogene	13
VASA published, mouse	146	single	scaRNA	9
VASA published, mouse	146	single	snRNA	7
VASA published, mouse	146	single	PolymorphicPseudogene	5
VASA published, mouse	146	single	UnitaryPseudogene	5
VASA published, mouse	146	single	tRNA	3
VASA published, mouse	146	single	MtRrna	2
VASA published, mouse	146	single	rRNA	2
VASA published, mouse	146	single	MtTrna	1
VASA published, mouse	146	single	pseudogene	1
VASA published, mouse	148	multi	ProteinCoding	21427
VASA published, mouse	148	multi	ProcessedPseudogene	10436
VASA published, mouse	148	multi	lncRNA	2237
VASA published, mouse	148	multi	UnprocessedPseudogene	1595
VASA published, mouse	148	multi	TranscribedProcessedPseudogene	1398
VASA published, mouse	148	multi	MiscRna	1315
VASA published, mouse	148	multi	TranscribedUnprocessedPseudogene	582
VASA published, mouse	148	multi	miRNA	518
VASA published, mouse	148	multi	snoRNA	177
VASA published, mouse	148	multi	TEC	115
VASA published, mouse	148	multi	snRNA	57
VASA published, mouse	148	multi	TranscribedUnitaryPseudogene	56
VASA published, mouse	148	multi	ribozyme	17
VASA published, mouse	148	multi	pseudogene	7
VASA published, mouse	148	multi	MtRrna	2
VASA published, mouse	148	multi	TrCGene	2
VASA published, mouse	148	multi	UnitaryPseudogene	2
VASA published, mouse	148	multi	rRNA	2
VASA published, mouse	148	multi	PolymorphicPseudogene	1
VASA published, mouse	148	multi	tRNA	1
VASA published, mouse	148	single	ProteinCoding	165829
VASA published, mouse	148	single	lncRNA	5123
VASA published, mouse	148	single	ProcessedPseudogene	471
VASA published, mouse	148	single	TEC	415
VASA published, mouse	148	single	ribozyme	329
VASA published, mouse	148	single	snoRNA	293
VASA published, mouse	148	single	miRNA	279
VASA published, mouse	148	single	TranscribedUnprocessedPseudogene	145
VASA published, mouse	148	single	TranscribedUnitaryPseudogene	94
VASA published, mouse	148	single	TranscribedProcessedPseudogene	80
VASA published, mouse	148	single	UnprocessedPseudogene	45
VASA published, mouse	148	single	scaRNA	35
VASA published, mouse	148	single	PolymorphicPseudogene	28
VASA published, mouse	148	single	MiscRna	20
VASA published, mouse	148	single	MtTrna	11
VASA published, mouse	148	single	tRNA	11
VASA published, mouse	148	single	snRNA	10
VASA published, mouse	148	single	MtRrna	6
VASA published, mouse	148	single	rRNA	5
VASA published, mouse	148	single	pseudogene	1
VASA published, mouse	150	multi	ProteinCoding	12357
VASA published, mouse	150	multi	ProcessedPseudogene	4754
VASA published, mouse	150	multi	MiscRna	2365
VASA published, mouse	150	multi	lncRNA	1082
VASA published, mouse	150	multi	UnprocessedPseudogene	1014
VASA published, mouse	150	multi	TranscribedProcessedPseudogene	625
VASA published, mouse	150	multi	miRNA	461
VASA published, mouse	150	multi	TranscribedUnprocessedPseudogene	420
VASA published, mouse	150	multi	snoRNA	333
VASA published, mouse	150	multi	snRNA	72
VASA published, mouse	150	multi	ribozyme	59
VASA published, mouse	150	multi	TEC	24
VASA published, mouse	150	multi	pseudogene	15
VASA published, mouse	150	multi	PolymorphicPseudogene	13
VASA published, mouse	150	multi	TranscribedUnitaryPseudogene	8
VASA published, mouse	150	multi	UnitaryPseudogene	4
VASA published, mouse	150	multi	MtTrna	2
VASA published, mouse	150	single	ProteinCoding	118105
VASA published, mouse	150	single	lncRNA	4971
VASA published, mouse	150	single	ribozyme	955
VASA published, mouse	150	single	snoRNA	480
VASA published, mouse	150	single	TEC	294
VASA published, mouse	150	single	ProcessedPseudogene	232
VASA published, mouse	150	single	miRNA	202
VASA published, mouse	150	single	TranscribedUnprocessedPseudogene	102
VASA published, mouse	150	single	TranscribedProcessedPseudogene	63
VASA published, mouse	150	single	scaRNA	63
VASA published, mouse	150	single	TranscribedUnitaryPseudogene	56
VASA published, mouse	150	single	MiscRna	55
VASA published, mouse	150	single	PolymorphicPseudogene	39
VASA published, mouse	150	single	UnprocessedPseudogene	32
VASA published, mouse	150	single	snRNA	24
VASA published, mouse	150	single	UnitaryPseudogene	8
VASA published, mouse	150	single	MtRrna	2
VASA published, mouse	150	single	MtTrna	2
VASA published, mouse	150	single	pseudogene	1
VASA published, mouse	150	single	tRNA	1
VASA published, mouse	154	multi	ProteinCoding	33380
VASA published, mouse	154	multi	ProcessedPseudogene	15356
VASA published, mouse	154	multi	UnprocessedPseudogene	3509
VASA published, mouse	154	multi	lncRNA	3393
VASA published, mouse	154	multi	MiscRna	3053
VASA published, mouse	154	multi	TranscribedProcessedPseudogene	2100
VASA published, mouse	154	multi	TranscribedUnprocessedPseudogene	1352
VASA published, mouse	154	multi	miRNA	984
VASA published, mouse	154	multi	snoRNA	470
VASA published, mouse	154	multi	snRNA	170
VASA published, mouse	154	multi	TEC	110
VASA published, mouse	154	multi	ribozyme	82
VASA published, mouse	154	multi	TranscribedUnitaryPseudogene	39
VASA published, mouse	154	multi	pseudogene	28
VASA published, mouse	154	multi	MtTrna	8
VASA published, mouse	154	multi	UnitaryPseudogene	3
VASA published, mouse	154	multi	tRNA	3
VASA published, mouse	154	multi	PolymorphicPseudogene	2
VASA published, mouse	154	multi	IgCGene	1
VASA published, mouse	154	single	ProteinCoding	276572
VASA published, mouse	154	single	lncRNA	8041
VASA published, mouse	154	single	TEC	838
VASA published, mouse	154	single	ProcessedPseudogene	798
VASA published, mouse	154	single	ribozyme	677
VASA published, mouse	154	single	snoRNA	572
VASA published, mouse	154	single	miRNA	374
VASA published, mouse	154	single	TranscribedUnprocessedPseudogene	258
VASA published, mouse	154	single	TranscribedProcessedPseudogene	161
VASA published, mouse	154	single	UnprocessedPseudogene	103
VASA published, mouse	154	single	TranscribedUnitaryPseudogene	100
VASA published, mouse	154	single	MiscRna	63
VASA published, mouse	154	single	snRNA	42
VASA published, mouse	154	single	scaRNA	39
VASA published, mouse	154	single	UnitaryPseudogene	30
VASA published, mouse	154	single	PolymorphicPseudogene	15
VASA published, mouse	154	single	tRNA	15
VASA published, mouse	154	single	MtTrna	14
VASA published, mouse	154	single	MtRrna	6
VASA published, mouse	154	single	rRNA	5
VASA published, mouse	156	multi	ProteinCoding	19766
VASA published, mouse	156	multi	ProcessedPseudogene	8662
VASA published, mouse	156	multi	UnprocessedPseudogene	2412
VASA published, mouse	156	multi	lncRNA	1973
VASA published, mouse	156	multi	MiscRna	1591
VASA published, mouse	156	multi	TranscribedProcessedPseudogene	1215
VASA published, mouse	156	multi	TranscribedUnprocessedPseudogene	643
VASA published, mouse	156	multi	miRNA	559
VASA published, mouse	156	multi	snoRNA	280
VASA published, mouse	156	multi	TEC	157
VASA published, mouse	156	multi	snRNA	76
VASA published, mouse	156	multi	TranscribedUnitaryPseudogene	27
VASA published, mouse	156	multi	ribozyme	25
VASA published, mouse	156	multi	pseudogene	6
VASA published, mouse	156	multi	UnitaryPseudogene	5
VASA published, mouse	156	multi	MtRrna	4
VASA published, mouse	156	multi	tRNA	4
VASA published, mouse	156	multi	IgCGene	2
VASA published, mouse	156	multi	MtTrna	1
VASA published, mouse	156	multi	PolymorphicPseudogene	1
VASA published, mouse	156	multi	rRNA	1
VASA published, mouse	156	single	ProteinCoding	136688
VASA published, mouse	156	single	lncRNA	4485
VASA published, mouse	156	single	ribozyme	469
VASA published, mouse	156	single	ProcessedPseudogene	420
VASA published, mouse	156	single	TEC	391
VASA published, mouse	156	single	snoRNA	257
VASA published, mouse	156	single	miRNA	221
VASA published, mouse	156	single	TranscribedUnprocessedPseudogene	170
VASA published, mouse	156	single	TranscribedUnitaryPseudogene	109
VASA published, mouse	156	single	TranscribedProcessedPseudogene	97
VASA published, mouse	156	single	UnprocessedPseudogene	51
VASA published, mouse	156	single	PolymorphicPseudogene	37
VASA published, mouse	156	single	snRNA	24
VASA published, mouse	156	single	scaRNA	20
VASA published, mouse	156	single	MiscRna	16
VASA published, mouse	156	single	MtRrna	15
VASA published, mouse	156	single	tRNA	12
VASA published, mouse	156	single	MtTrna	10
VASA published, mouse	156	single	rRNA	7
VASA published, mouse	156	single	UnitaryPseudogene	3
VASA published, mouse	158	multi	ProteinCoding	19769
VASA published, mouse	158	multi	ProcessedPseudogene	8887
VASA published, mouse	158	multi	lncRNA	2202
VASA published, mouse	158	multi	UnprocessedPseudogene	1780
VASA published, mouse	158	multi	MiscRna	1734
VASA published, mouse	158	multi	TranscribedProcessedPseudogene	1205
VASA published, mouse	158	multi	TranscribedUnprocessedPseudogene	782
VASA published, mouse	158	multi	miRNA	650
VASA published, mouse	158	multi	snoRNA	261
VASA published, mouse	158	multi	TEC	62
VASA published, mouse	158	multi	snRNA	47
VASA published, mouse	158	multi	TranscribedUnitaryPseudogene	43
VASA published, mouse	158	multi	ribozyme	39
VASA published, mouse	158	multi	tRNA	17
VASA published, mouse	158	multi	pseudogene	16
VASA published, mouse	158	multi	UnitaryPseudogene	2
VASA published, mouse	158	multi	MtRrna	1
VASA published, mouse	158	single	ProteinCoding	166432
VASA published, mouse	158	single	lncRNA	5831
VASA published, mouse	158	single	ribozyme	599
VASA published, mouse	158	single	TEC	504
VASA published, mouse	158	single	ProcessedPseudogene	451
VASA published, mouse	158	single	snoRNA	260
VASA published, mouse	158	single	miRNA	240
VASA published, mouse	158	single	TranscribedUnitaryPseudogene	145
VASA published, mouse	158	single	UnprocessedPseudogene	141
VASA published, mouse	158	single	TranscribedProcessedPseudogene	124
VASA published, mouse	158	single	TranscribedUnprocessedPseudogene	112
VASA published, mouse	158	single	scaRNA	54
VASA published, mouse	158	single	MiscRna	46
VASA published, mouse	158	single	snRNA	36
VASA published, mouse	158	single	UnitaryPseudogene	22
VASA published, mouse	158	single	tRNA	17
VASA published, mouse	158	single	MtRrna	10
VASA published, mouse	158	single	PolymorphicPseudogene	8
VASA published, mouse	158	single	pseudogene	4
VASA published, mouse	158	single	rRNA	4
VASA published, mouse	158	single	MtTrna	1
VASA published, mouse	160	multi	ProteinCoding	21070
VASA published, mouse	160	multi	MiscRna	8862
VASA published, mouse	160	multi	ProcessedPseudogene	6903
VASA published, mouse	160	multi	miRNA	2636
VASA published, mouse	160	multi	snoRNA	1979
VASA published, mouse	160	multi	lncRNA	1366
VASA published, mouse	160	multi	TranscribedProcessedPseudogene	969
VASA published, mouse	160	multi	UnprocessedPseudogene	486
VASA published, mouse	160	multi	snRNA	402
VASA published, mouse	160	multi	TranscribedUnprocessedPseudogene	224
VASA published, mouse	160	multi	ribozyme	111
VASA published, mouse	160	multi	TEC	57
VASA published, mouse	160	multi	pseudogene	9
VASA published, mouse	160	multi	TranscribedUnitaryPseudogene	5
VASA published, mouse	160	multi	MtRrna	3
VASA published, mouse	160	multi	MtTrna	2
VASA published, mouse	160	multi	IgVPseudogene	1
VASA published, mouse	160	multi	tRNA	1
VASA published, mouse	160	single	ProteinCoding	114138
VASA published, mouse	160	single	lncRNA	3166
VASA published, mouse	160	single	snoRNA	891
VASA published, mouse	160	single	ribozyme	833
VASA published, mouse	160	single	ProcessedPseudogene	340
VASA published, mouse	160	single	TEC	251
VASA published, mouse	160	single	miRNA	195
VASA published, mouse	160	single	snRNA	102
VASA published, mouse	160	single	TranscribedProcessedPseudogene	79
VASA published, mouse	160	single	TranscribedUnprocessedPseudogene	74
VASA published, mouse	160	single	scaRNA	68
VASA published, mouse	160	single	MiscRna	59
VASA published, mouse	160	single	TranscribedUnitaryPseudogene	39
VASA published, mouse	160	single	PolymorphicPseudogene	26
VASA published, mouse	160	single	UnprocessedPseudogene	20
VASA published, mouse	160	single	MtRrna	10
VASA published, mouse	160	single	tRNA	8
VASA published, mouse	160	single	rRNA	5
VASA published, mouse	160	single	pseudogene	2
VASA published, mouse	162	multi	ProteinCoding	17223
VASA published, mouse	162	multi	ProcessedPseudogene	7338
VASA published, mouse	162	multi	UnprocessedPseudogene	2767
VASA published, mouse	162	multi	lncRNA	1638
VASA published, mouse	162	multi	MiscRna	1225
VASA published, mouse	162	multi	TranscribedProcessedPseudogene	1030
VASA published, mouse	162	multi	TranscribedUnprocessedPseudogene	504
VASA published, mouse	162	multi	miRNA	444
VASA published, mouse	162	multi	snoRNA	258
VASA published, mouse	162	multi	TEC	59
VASA published, mouse	162	multi	snRNA	50
VASA published, mouse	162	multi	TranscribedUnitaryPseudogene	35
VASA published, mouse	162	multi	ribozyme	24
VASA published, mouse	162	multi	pseudogene	8
VASA published, mouse	162	multi	MtTrna	5
VASA published, mouse	162	multi	PolymorphicPseudogene	5
VASA published, mouse	162	multi	UnitaryPseudogene	1
VASA published, mouse	162	multi	scaRNA	1
VASA published, mouse	162	single	ProteinCoding	113962
VASA published, mouse	162	single	lncRNA	4284
VASA published, mouse	162	single	ProcessedPseudogene	448
VASA published, mouse	162	single	ribozyme	424
VASA published, mouse	162	single	snoRNA	368
VASA published, mouse	162	single	TEC	279
VASA published, mouse	162	single	miRNA	196
VASA published, mouse	162	single	UnprocessedPseudogene	114
VASA published, mouse	162	single	TranscribedProcessedPseudogene	112
VASA published, mouse	162	single	TranscribedUnitaryPseudogene	105
VASA published, mouse	162	single	TranscribedUnprocessedPseudogene	91
VASA published, mouse	162	single	PolymorphicPseudogene	35
VASA published, mouse	162	single	MiscRna	32
VASA published, mouse	162	single	scaRNA	27
VASA published, mouse	162	single	MtRrna	15
VASA published, mouse	162	single	snRNA	14
VASA published, mouse	162	single	tRNA	5
VASA published, mouse	162	single	MtTrna	4
VASA published, mouse	162	single	UnitaryPseudogene	4
VASA published, mouse	162	single	rRNA	4
VASA published, mouse	162	single	pseudogene	1
VASA published, mouse	164	multi	ProteinCoding	11927
VASA published, mouse	164	multi	ProcessedPseudogene	5762
VASA published, mouse	164	multi	UnprocessedPseudogene	1566
VASA published, mouse	164	multi	lncRNA	1091
VASA published, mouse	164	multi	TranscribedProcessedPseudogene	702
VASA published, mouse	164	multi	MiscRna	497
VASA published, mouse	164	multi	TranscribedUnprocessedPseudogene	210
VASA published, mouse	164	multi	miRNA	203
VASA published, mouse	164	multi	snoRNA	91
VASA published, mouse	164	multi	TEC	68
VASA published, mouse	164	multi	snRNA	29
VASA published, mouse	164	multi	TranscribedUnitaryPseudogene	23
VASA published, mouse	164	multi	ribozyme	8
VASA published, mouse	164	multi	pseudogene	5
VASA published, mouse	164	multi	MtTrna	1
VASA published, mouse	164	multi	UnitaryPseudogene	1
VASA published, mouse	164	single	ProteinCoding	79626
VASA published, mouse	164	single	lncRNA	2632
VASA published, mouse	164	single	TEC	302
VASA published, mouse	164	single	ProcessedPseudogene	268
VASA published, mouse	164	single	snoRNA	139
VASA published, mouse	164	single	miRNA	133
VASA published, mouse	164	single	ribozyme	131
VASA published, mouse	164	single	TranscribedProcessedPseudogene	113
VASA published, mouse	164	single	TranscribedUnprocessedPseudogene	37
VASA published, mouse	164	single	UnprocessedPseudogene	36
VASA published, mouse	164	single	PolymorphicPseudogene	22
VASA published, mouse	164	single	TranscribedUnitaryPseudogene	18
VASA published, mouse	164	single	snRNA	18
VASA published, mouse	164	single	scaRNA	10
VASA published, mouse	164	single	MiscRna	9
VASA published, mouse	164	single	MtRrna	6
VASA published, mouse	164	single	MtTrna	3
VASA published, mouse	164	single	rRNA	2
VASA published, mouse	166	multi	ProteinCoding	9265
VASA published, mouse	166	multi	ProcessedPseudogene	5014
VASA published, mouse	166	multi	UnprocessedPseudogene	1032
VASA published, mouse	166	multi	lncRNA	868
VASA published, mouse	166	multi	TranscribedProcessedPseudogene	568
VASA published, mouse	166	multi	MiscRna	210
VASA published, mouse	166	multi	miRNA	172
VASA published, mouse	166	multi	TranscribedUnprocessedPseudogene	103
VASA published, mouse	166	multi	snoRNA	37
VASA published, mouse	166	multi	TEC	26
VASA published, mouse	166	multi	pseudogene	12
VASA published, mouse	166	multi	TranscribedUnitaryPseudogene	11
VASA published, mouse	166	multi	ribozyme	8
VASA published, mouse	166	multi	snRNA	3
VASA published, mouse	166	multi	MtRrna	2
VASA published, mouse	166	multi	MtTrna	1
VASA published, mouse	166	multi	UnitaryPseudogene	1
VASA published, mouse	166	single	ProteinCoding	49345
VASA published, mouse	166	single	lncRNA	1497
VASA published, mouse	166	single	ProcessedPseudogene	221
VASA published, mouse	166	single	TEC	154
VASA published, mouse	166	single	miRNA	83
VASA published, mouse	166	single	TranscribedProcessedPseudogene	68
VASA published, mouse	166	single	snoRNA	67
VASA published, mouse	166	single	ribozyme	61
VASA published, mouse	166	single	TranscribedUnprocessedPseudogene	44
VASA published, mouse	166	single	TranscribedUnitaryPseudogene	19
VASA published, mouse	166	single	UnprocessedPseudogene	14
VASA published, mouse	166	single	MiscRna	13
VASA published, mouse	166	single	PolymorphicPseudogene	10
VASA published, mouse	166	single	snRNA	8
VASA published, mouse	166	single	MtRrna	7
VASA published, mouse	166	single	scaRNA	7
VASA published, mouse	166	single	pseudogene	2
VASA published, mouse	166	single	MtTrna	1
VASA published, mouse	166	single	tRNA	1
VASA published, mouse	170	multi	ProteinCoding	7973
VASA published, mouse	170	multi	ProcessedPseudogene	3197
VASA published, mouse	170	multi	UnprocessedPseudogene	948
VASA published, mouse	170	multi	MiscRna	920
VASA published, mouse	170	multi	lncRNA	811
VASA published, mouse	170	multi	TranscribedProcessedPseudogene	479
VASA published, mouse	170	multi	miRNA	310
VASA published, mouse	170	multi	TranscribedUnprocessedPseudogene	190
VASA published, mouse	170	multi	snoRNA	133
VASA published, mouse	170	multi	snRNA	27
VASA published, mouse	170	multi	TEC	21
VASA published, mouse	170	multi	ribozyme	16
VASA published, mouse	170	multi	MtTrna	10
VASA published, mouse	170	multi	TranscribedUnitaryPseudogene	8
VASA published, mouse	170	multi	PolymorphicPseudogene	4
VASA published, mouse	170	multi	UnitaryPseudogene	1
VASA published, mouse	170	single	ProteinCoding	63637
VASA published, mouse	170	single	lncRNA	1932
VASA published, mouse	170	single	ProcessedPseudogene	185
VASA published, mouse	170	single	ribozyme	184
VASA published, mouse	170	single	TEC	168
VASA published, mouse	170	single	miRNA	138
VASA published, mouse	170	single	snoRNA	119
VASA published, mouse	170	single	TranscribedUnprocessedPseudogene	52
VASA published, mouse	170	single	TranscribedProcessedPseudogene	48
VASA published, mouse	170	single	MiscRna	37
VASA published, mouse	170	single	UnprocessedPseudogene	26
VASA published, mouse	170	single	PolymorphicPseudogene	22
VASA published, mouse	170	single	TranscribedUnitaryPseudogene	13
VASA published, mouse	170	single	snRNA	9
VASA published, mouse	170	single	tRNA	9
VASA published, mouse	170	single	scaRNA	3
VASA published, mouse	170	single	MtTrna	2
VASA published, mouse	170	single	MtRrna	1
VASA published, mouse	172	multi	ProteinCoding	15645
VASA published, mouse	172	multi	ProcessedPseudogene	7480
VASA published, mouse	172	multi	UnprocessedPseudogene	1981
VASA published, mouse	172	multi	lncRNA	1656
VASA published, mouse	172	multi	TranscribedProcessedPseudogene	1096
VASA published, mouse	172	multi	MiscRna	585
VASA published, mouse	172	multi	miRNA	283
VASA published, mouse	172	multi	TranscribedUnprocessedPseudogene	223
VASA published, mouse	172	multi	snoRNA	89
VASA published, mouse	172	multi	TEC	30
VASA published, mouse	172	multi	snRNA	21
VASA published, mouse	172	multi	TranscribedUnitaryPseudogene	20
VASA published, mouse	172	multi	pseudogene	15
VASA published, mouse	172	multi	ribozyme	13
VASA published, mouse	172	multi	PolymorphicPseudogene	2
VASA published, mouse	172	multi	MtTrna	1
VASA published, mouse	172	multi	tRNA	1
VASA published, mouse	172	single	ProteinCoding	107946
VASA published, mouse	172	single	lncRNA	4422
VASA published, mouse	172	single	ProcessedPseudogene	426
VASA published, mouse	172	single	TEC	293
VASA published, mouse	172	single	ribozyme	212
VASA published, mouse	172	single	TranscribedProcessedPseudogene	159
VASA published, mouse	172	single	snoRNA	159
VASA published, mouse	172	single	miRNA	148
VASA published, mouse	172	single	TranscribedUnitaryPseudogene	128
VASA published, mouse	172	single	TranscribedUnprocessedPseudogene	102
VASA published, mouse	172	single	PolymorphicPseudogene	62
VASA published, mouse	172	single	UnprocessedPseudogene	61
VASA published, mouse	172	single	MiscRna	22
VASA published, mouse	172	single	MtTrna	14
VASA published, mouse	172	single	scaRNA	14
VASA published, mouse	172	single	snRNA	12
VASA published, mouse	172	single	MtRrna	7
VASA published, mouse	172	single	pseudogene	2
VASA published, mouse	172	single	tRNA	2
VASA published, mouse	172	single	UnitaryPseudogene	1
VASA published, mouse	174	multi	ProteinCoding	8042
VASA published, mouse	174	multi	ProcessedPseudogene	2883
VASA published, mouse	174	multi	UnprocessedPseudogene	1360
VASA published, mouse	174	multi	lncRNA	809
VASA published, mouse	174	multi	MiscRna	522
VASA published, mouse	174	multi	TranscribedProcessedPseudogene	377
VASA published, mouse	174	multi	miRNA	219
VASA published, mouse	174	multi	TranscribedUnprocessedPseudogene	199
VASA published, mouse	174	multi	snoRNA	150
VASA published, mouse	174	multi	snRNA	27
VASA published, mouse	174	multi	TEC	23
VASA published, mouse	174	multi	ribozyme	20
VASA published, mouse	174	multi	TranscribedUnitaryPseudogene	11
VASA published, mouse	174	multi	PolymorphicPseudogene	7
VASA published, mouse	174	multi	pseudogene	3
VASA published, mouse	174	multi	UnitaryPseudogene	1
VASA published, mouse	174	multi	tRNA	1
VASA published, mouse	174	single	ProteinCoding	78447
VASA published, mouse	174	single	lncRNA	2849
VASA published, mouse	174	single	ribozyme	248
VASA published, mouse	174	single	TEC	221
VASA published, mouse	174	single	ProcessedPseudogene	154
VASA published, mouse	174	single	snoRNA	149
VASA published, mouse	174	single	TranscribedProcessedPseudogene	76
VASA published, mouse	174	single	miRNA	60
VASA published, mouse	174	single	TranscribedUnitaryPseudogene	44
VASA published, mouse	174	single	TranscribedUnprocessedPseudogene	44
VASA published, mouse	174	single	PolymorphicPseudogene	41
VASA published, mouse	174	single	UnprocessedPseudogene	31
VASA published, mouse	174	single	MiscRna	20
VASA published, mouse	174	single	scaRNA	17
VASA published, mouse	174	single	MtRrna	14
VASA published, mouse	174	single	snRNA	14
VASA published, mouse	174	single	UnitaryPseudogene	7
VASA published, mouse	174	single	MtTrna	3
VASA published, mouse	174	single	rRNA	2
VASA published, mouse	174	single	tRNA	1
VASA published, mouse	176	multi	ProteinCoding	17527
VASA published, mouse	176	multi	ProcessedPseudogene	9826
VASA published, mouse	176	multi	lncRNA	1914
VASA published, mouse	176	multi	TranscribedProcessedPseudogene	1495
VASA published, mouse	176	multi	UnprocessedPseudogene	1086
VASA published, mouse	176	multi	MiscRna	553
VASA published, mouse	176	multi	miRNA	294
VASA published, mouse	176	multi	TranscribedUnprocessedPseudogene	221
VASA published, mouse	176	multi	snoRNA	102
VASA published, mouse	176	multi	TranscribedUnitaryPseudogene	45
VASA published, mouse	176	multi	TEC	25
VASA published, mouse	176	multi	snRNA	23
VASA published, mouse	176	multi	pseudogene	13
VASA published, mouse	176	multi	PolymorphicPseudogene	8
VASA published, mouse	176	multi	ribozyme	7
VASA published, mouse	176	multi	tRNA	2
VASA published, mouse	176	multi	UnitaryPseudogene	1
VASA published, mouse	176	single	ProteinCoding	95590
VASA published, mouse	176	single	lncRNA	3293
VASA published, mouse	176	single	ProcessedPseudogene	449
VASA published, mouse	176	single	miRNA	275
VASA published, mouse	176	single	TEC	250
VASA published, mouse	176	single	snoRNA	181
VASA published, mouse	176	single	ribozyme	164
VASA published, mouse	176	single	TranscribedProcessedPseudogene	68
VASA published, mouse	176	single	TranscribedUnprocessedPseudogene	67
VASA published, mouse	176	single	UnprocessedPseudogene	37
VASA published, mouse	176	single	TranscribedUnitaryPseudogene	29
VASA published, mouse	176	single	PolymorphicPseudogene	22
VASA published, mouse	176	single	scaRNA	22
VASA published, mouse	176	single	snRNA	11
VASA published, mouse	176	single	MiscRna	10
VASA published, mouse	176	single	MtTrna	3
VASA published, mouse	176	single	tRNA	3
VASA published, mouse	176	single	rRNA	2
VASA published, mouse	176	single	MtRrna	1
VASA published, mouse	178	multi	ProteinCoding	16882
VASA published, mouse	178	multi	ProcessedPseudogene	8525
VASA published, mouse	178	multi	lncRNA	1828
VASA published, mouse	178	multi	UnprocessedPseudogene	1339
VASA published, mouse	178	multi	TranscribedProcessedPseudogene	1124
VASA published, mouse	178	multi	MiscRna	710
VASA published, mouse	178	multi	TranscribedUnprocessedPseudogene	463
VASA published, mouse	178	multi	miRNA	362
VASA published, mouse	178	multi	snoRNA	91
VASA published, mouse	178	multi	TEC	64
VASA published, mouse	178	multi	TranscribedUnitaryPseudogene	26
VASA published, mouse	178	multi	pseudogene	26
VASA published, mouse	178	multi	ribozyme	23
VASA published, mouse	178	multi	snRNA	15
VASA published, mouse	178	multi	MtTrna	2
VASA published, mouse	178	multi	tRNA	2
VASA published, mouse	178	multi	MtRrna	1
VASA published, mouse	178	single	ProteinCoding	123772
VASA published, mouse	178	single	lncRNA	3694
VASA published, mouse	178	single	TEC	400
VASA published, mouse	178	single	ProcessedPseudogene	397
VASA published, mouse	178	single	miRNA	219
VASA published, mouse	178	single	snoRNA	198
VASA published, mouse	178	single	ribozyme	177
VASA published, mouse	178	single	TranscribedProcessedPseudogene	151
VASA published, mouse	178	single	TranscribedUnprocessedPseudogene	75
VASA published, mouse	178	single	TranscribedUnitaryPseudogene	62
VASA published, mouse	178	single	UnprocessedPseudogene	54
VASA published, mouse	178	single	scaRNA	37
VASA published, mouse	178	single	snRNA	17
VASA published, mouse	178	single	PolymorphicPseudogene	15
VASA published, mouse	178	single	MtTrna	9
VASA published, mouse	178	single	tRNA	8
VASA published, mouse	178	single	MiscRna	5
VASA published, mouse	178	single	UnitaryPseudogene	2
VASA published, mouse	178	single	MtRrna	1
VASA published, mouse	178	single	pseudogene	1
VASA published, mouse	178	single	rRNA	1
VASA published, mouse	180	multi	ProteinCoding	29249
VASA published, mouse	180	multi	ProcessedPseudogene	12895
VASA published, mouse	180	multi	UnprocessedPseudogene	3543
VASA published, mouse	180	multi	lncRNA	2462
VASA published, mouse	180	multi	MiscRna	1797
VASA published, mouse	180	multi	TranscribedProcessedPseudogene	1774
VASA published, mouse	180	multi	TranscribedUnprocessedPseudogene	1014
VASA published, mouse	180	multi	miRNA	745
VASA published, mouse	180	multi	snoRNA	284
VASA published, mouse	180	multi	snRNA	95
VASA published, mouse	180	multi	TEC	88
VASA published, mouse	180	multi	TranscribedUnitaryPseudogene	47
VASA published, mouse	180	multi	ribozyme	45
VASA published, mouse	180	multi	pseudogene	18
VASA published, mouse	180	multi	tRNA	11
VASA published, mouse	180	multi	MtTrna	7
VASA published, mouse	180	multi	UnitaryPseudogene	6
VASA published, mouse	180	multi	PolymorphicPseudogene	1
VASA published, mouse	180	single	ProteinCoding	218901
VASA published, mouse	180	single	lncRNA	7613
VASA published, mouse	180	single	ProcessedPseudogene	718
VASA published, mouse	180	single	ribozyme	689
VASA published, mouse	180	single	TEC	614
VASA published, mouse	180	single	snoRNA	412
VASA published, mouse	180	single	miRNA	343
VASA published, mouse	180	single	TranscribedUnitaryPseudogene	262
VASA published, mouse	180	single	TranscribedProcessedPseudogene	153
VASA published, mouse	180	single	TranscribedUnprocessedPseudogene	150
VASA published, mouse	180	single	MiscRna	96
VASA published, mouse	180	single	UnprocessedPseudogene	87
VASA published, mouse	180	single	PolymorphicPseudogene	80
VASA published, mouse	180	single	scaRNA	38
VASA published, mouse	180	single	tRNA	20
VASA published, mouse	180	single	snRNA	19
VASA published, mouse	180	single	MtRrna	10
VASA published, mouse	180	single	rRNA	5
VASA published, mouse	180	single	MtTrna	3
VASA published, mouse	180	single	pseudogene	2
VASA published, mouse	182	multi	ProteinCoding	14633
VASA published, mouse	182	multi	ProcessedPseudogene	7266
VASA published, mouse	182	multi	lncRNA	1493
VASA published, mouse	182	multi	UnprocessedPseudogene	1105
VASA published, mouse	182	multi	TranscribedProcessedPseudogene	967
VASA published, mouse	182	multi	MiscRna	710
VASA published, mouse	182	multi	miRNA	265
VASA published, mouse	182	multi	TranscribedUnprocessedPseudogene	249
VASA published, mouse	182	multi	snoRNA	120
VASA published, mouse	182	multi	TEC	76
VASA published, mouse	182	multi	ribozyme	31
VASA published, mouse	182	multi	TranscribedUnitaryPseudogene	26
VASA published, mouse	182	multi	pseudogene	12
VASA published, mouse	182	multi	snRNA	6
VASA published, mouse	182	multi	PolymorphicPseudogene	4
VASA published, mouse	182	multi	tRNA	2
VASA published, mouse	182	multi	MtRrna	1
VASA published, mouse	182	multi	MtTrna	1
VASA published, mouse	182	multi	UnitaryPseudogene	1
VASA published, mouse	182	multi	rRNA	1
VASA published, mouse	182	single	ProteinCoding	103391
VASA published, mouse	182	single	lncRNA	3067
VASA published, mouse	182	single	ProcessedPseudogene	372
VASA published, mouse	182	single	TEC	324
VASA published, mouse	182	single	ribozyme	234
VASA published, mouse	182	single	snoRNA	195
VASA published, mouse	182	single	miRNA	159
VASA published, mouse	182	single	TranscribedProcessedPseudogene	98
VASA published, mouse	182	single	TranscribedUnprocessedPseudogene	61
VASA published, mouse	182	single	TranscribedUnitaryPseudogene	46
VASA published, mouse	182	single	UnprocessedPseudogene	29
VASA published, mouse	182	single	scaRNA	28
VASA published, mouse	182	single	tRNA	26
VASA published, mouse	182	single	PolymorphicPseudogene	9
VASA published, mouse	182	single	MiscRna	8
VASA published, mouse	182	single	MtRrna	5
VASA published, mouse	182	single	MtTrna	5
VASA published, mouse	182	single	UnitaryPseudogene	5
VASA published, mouse	182	single	snRNA	3
VASA published, mouse	184	multi	ProteinCoding	24566
VASA published, mouse	184	multi	ProcessedPseudogene	10831
VASA published, mouse	184	multi	UnprocessedPseudogene	2557
VASA published, mouse	184	multi	MiscRna	2491
VASA published, mouse	184	multi	lncRNA	2170
VASA published, mouse	184	multi	TranscribedProcessedPseudogene	1592
VASA published, mouse	184	multi	miRNA	866
VASA published, mouse	184	multi	TranscribedUnprocessedPseudogene	553
VASA published, mouse	184	multi	snoRNA	280
VASA published, mouse	184	multi	snRNA	54
VASA published, mouse	184	multi	TEC	42
VASA published, mouse	184	multi	pseudogene	33
VASA published, mouse	184	multi	ribozyme	27
VASA published, mouse	184	multi	TranscribedUnitaryPseudogene	22
VASA published, mouse	184	multi	MtTrna	4
VASA published, mouse	184	multi	rRNA	4
VASA published, mouse	184	multi	PolymorphicPseudogene	2
VASA published, mouse	184	multi	IgVPseudogene	1
VASA published, mouse	184	multi	tRNA	1
VASA published, mouse	184	single	ProteinCoding	199549
VASA published, mouse	184	single	lncRNA	4972
VASA published, mouse	184	single	ribozyme	609
VASA published, mouse	184	single	ProcessedPseudogene	552
VASA published, mouse	184	single	TEC	454
VASA published, mouse	184	single	snoRNA	330
VASA published, mouse	184	single	miRNA	288
VASA published, mouse	184	single	TranscribedUnprocessedPseudogene	153
VASA published, mouse	184	single	TranscribedProcessedPseudogene	78
VASA published, mouse	184	single	UnprocessedPseudogene	75
VASA published, mouse	184	single	TranscribedUnitaryPseudogene	39
VASA published, mouse	184	single	PolymorphicPseudogene	30
VASA published, mouse	184	single	scaRNA	27
VASA published, mouse	184	single	MiscRna	26
VASA published, mouse	184	single	MtTrna	20
VASA published, mouse	184	single	rRNA	16
VASA published, mouse	184	single	snRNA	16
VASA published, mouse	184	single	UnitaryPseudogene	6
VASA published, mouse	184	single	tRNA	4
VASA published, mouse	184	single	MtRrna	2
VASA published, mouse	184	single	pseudogene	2
VASA published, mouse	186	multi	ProteinCoding	47326
VASA published, mouse	186	multi	ProcessedPseudogene	17907
VASA published, mouse	186	multi	MiscRna	4901
VASA published, mouse	186	multi	UnprocessedPseudogene	4838
VASA published, mouse	186	multi	lncRNA	4680
VASA published, mouse	186	multi	TranscribedProcessedPseudogene	2784
VASA published, mouse	186	multi	miRNA	1491
VASA published, mouse	186	multi	TranscribedUnprocessedPseudogene	1429
VASA published, mouse	186	multi	snoRNA	527
VASA published, mouse	186	multi	snRNA	245
VASA published, mouse	186	multi	TEC	185
VASA published, mouse	186	multi	pseudogene	79
VASA published, mouse	186	multi	ribozyme	76
VASA published, mouse	186	multi	TranscribedUnitaryPseudogene	27
VASA published, mouse	186	multi	MtRrna	9
VASA published, mouse	186	multi	PolymorphicPseudogene	8
VASA published, mouse	186	multi	tRNA	8
VASA published, mouse	186	multi	MtTrna	4
VASA published, mouse	186	multi	UnitaryPseudogene	2
VASA published, mouse	186	multi	TrVPseudogene	1
VASA published, mouse	186	single	ProteinCoding	359547
VASA published, mouse	186	single	lncRNA	10223
VASA published, mouse	186	single	ribozyme	1552
VASA published, mouse	186	single	TEC	1247
VASA published, mouse	186	single	ProcessedPseudogene	935
VASA published, mouse	186	single	snoRNA	732
VASA published, mouse	186	single	miRNA	395
VASA published, mouse	186	single	TranscribedUnprocessedPseudogene	310
VASA published, mouse	186	single	TranscribedProcessedPseudogene	183
VASA published, mouse	186	single	TranscribedUnitaryPseudogene	173
VASA published, mouse	186	single	UnprocessedPseudogene	124
VASA published, mouse	186	single	snRNA	99
VASA published, mouse	186	single	MiscRna	87
VASA published, mouse	186	single	PolymorphicPseudogene	87
VASA published, mouse	186	single	scaRNA	76
VASA published, mouse	186	single	UnitaryPseudogene	25
VASA published, mouse	186	single	MtRrna	22
VASA published, mouse	186	single	MtTrna	21
VASA published, mouse	186	single	tRNA	10
VASA published, mouse	186	single	rRNA	5
VASA published, mouse	186	single	pseudogene	2
VASA published, mouse	188	multi	ProteinCoding	19857
VASA published, mouse	188	multi	ProcessedPseudogene	7942
VASA published, mouse	188	multi	UnprocessedPseudogene	3002
VASA published, mouse	188	multi	MiscRna	1990
VASA published, mouse	188	multi	lncRNA	1796
VASA published, mouse	188	multi	TranscribedProcessedPseudogene	1106
VASA published, mouse	188	multi	TranscribedUnprocessedPseudogene	572
VASA published, mouse	188	multi	miRNA	467
VASA published, mouse	188	multi	snoRNA	234
VASA published, mouse	188	multi	snRNA	50
VASA published, mouse	188	multi	TEC	43
VASA published, mouse	188	multi	ribozyme	19
VASA published, mouse	188	multi	TranscribedUnitaryPseudogene	15
VASA published, mouse	188	multi	pseudogene	6
VASA published, mouse	188	multi	MtRrna	4
VASA published, mouse	188	multi	PolymorphicPseudogene	4
VASA published, mouse	188	multi	tRNA	4
VASA published, mouse	188	multi	MtTrna	3
VASA published, mouse	188	multi	UnitaryPseudogene	1
VASA published, mouse	188	multi	rRNA	1
VASA published, mouse	188	single	ProteinCoding	142317
VASA published, mouse	188	single	lncRNA	4626
VASA published, mouse	188	single	ribozyme	630
VASA published, mouse	188	single	ProcessedPseudogene	456
VASA published, mouse	188	single	TEC	420
VASA published, mouse	188	single	snoRNA	208
VASA published, mouse	188	single	miRNA	153
VASA published, mouse	188	single	TranscribedProcessedPseudogene	116
VASA published, mouse	188	single	TranscribedUnitaryPseudogene	113
VASA published, mouse	188	single	MiscRna	100
VASA published, mouse	188	single	TranscribedUnprocessedPseudogene	100
VASA published, mouse	188	single	UnprocessedPseudogene	79
VASA published, mouse	188	single	scaRNA	47
VASA published, mouse	188	single	snRNA	20
VASA published, mouse	188	single	PolymorphicPseudogene	17
VASA published, mouse	188	single	MtRrna	11
VASA published, mouse	188	single	MtTrna	11
VASA published, mouse	188	single	tRNA	8
VASA published, mouse	188	single	rRNA	6
VASA published, mouse	188	single	UnitaryPseudogene	5
VASA published, mouse	190	multi	ProteinCoding	22764
VASA published, mouse	190	multi	ProcessedPseudogene	9672
VASA published, mouse	190	multi	UnprocessedPseudogene	2389
VASA published, mouse	190	multi	lncRNA	2354
VASA published, mouse	190	multi	MiscRna	1692
VASA published, mouse	190	multi	TranscribedProcessedPseudogene	1406
VASA published, mouse	190	multi	miRNA	689
VASA published, mouse	190	multi	TranscribedUnprocessedPseudogene	530
VASA published, mouse	190	multi	snoRNA	293
VASA published, mouse	190	multi	TEC	83
VASA published, mouse	190	multi	snRNA	80
VASA published, mouse	190	multi	TranscribedUnitaryPseudogene	36
VASA published, mouse	190	multi	ribozyme	26
VASA published, mouse	190	multi	pseudogene	12
VASA published, mouse	190	multi	tRNA	3
VASA published, mouse	190	multi	MtRrna	2
VASA published, mouse	190	multi	PolymorphicPseudogene	2
VASA published, mouse	190	multi	UnitaryPseudogene	1
VASA published, mouse	190	single	ProteinCoding	179585
VASA published, mouse	190	single	lncRNA	4690
VASA published, mouse	190	single	TEC	657
VASA published, mouse	190	single	ProcessedPseudogene	549
VASA published, mouse	190	single	ribozyme	477
VASA published, mouse	190	single	snoRNA	205
VASA published, mouse	190	single	miRNA	196
VASA published, mouse	190	single	TranscribedUnprocessedPseudogene	160
VASA published, mouse	190	single	TranscribedProcessedPseudogene	142
VASA published, mouse	190	single	TranscribedUnitaryPseudogene	101
VASA published, mouse	190	single	MiscRna	71
VASA published, mouse	190	single	PolymorphicPseudogene	62
VASA published, mouse	190	single	UnprocessedPseudogene	59
VASA published, mouse	190	single	scaRNA	33
VASA published, mouse	190	single	UnitaryPseudogene	15
VASA published, mouse	190	single	MtRrna	12
VASA published, mouse	190	single	snRNA	12
VASA published, mouse	190	single	MtTrna	7
VASA published, mouse	190	single	tRNA	5
VASA published, mouse	190	single	rRNA	4
VASA published, mouse	194	multi	ProteinCoding	4851
VASA published, mouse	194	multi	ProcessedPseudogene	2343
VASA published, mouse	194	multi	UnprocessedPseudogene	490
VASA published, mouse	194	multi	MiscRna	400
VASA published, mouse	194	multi	lncRNA	397
VASA published, mouse	194	multi	TranscribedProcessedPseudogene	274
VASA published, mouse	194	multi	miRNA	104
VASA published, mouse	194	multi	snoRNA	96
VASA published, mouse	194	multi	TranscribedUnprocessedPseudogene	74
VASA published, mouse	194	multi	snRNA	50
VASA published, mouse	194	multi	MtTrna	15
VASA published, mouse	194	multi	tRNA	9
VASA published, mouse	194	multi	TranscribedUnitaryPseudogene	7
VASA published, mouse	194	multi	TEC	4
VASA published, mouse	194	multi	ribozyme	4
VASA published, mouse	194	multi	pseudogene	1
VASA published, mouse	194	single	ProteinCoding	25035
VASA published, mouse	194	single	lncRNA	1696
VASA published, mouse	194	single	ribozyme	765
VASA published, mouse	194	single	snoRNA	166
VASA published, mouse	194	single	ProcessedPseudogene	108
VASA published, mouse	194	single	miRNA	102
VASA published, mouse	194	single	TEC	63
VASA published, mouse	194	single	TranscribedProcessedPseudogene	48
VASA published, mouse	194	single	UnprocessedPseudogene	25
VASA published, mouse	194	single	snRNA	23
VASA published, mouse	194	single	scaRNA	21
VASA published, mouse	194	single	tRNA	14
VASA published, mouse	194	single	PolymorphicPseudogene	13
VASA published, mouse	194	single	TranscribedUnitaryPseudogene	13
VASA published, mouse	194	single	TranscribedUnprocessedPseudogene	13
VASA published, mouse	194	single	MiscRna	5
VASA published, mouse	194	single	MtRrna	2
VASA published, mouse	194	single	MtTrna	2
VASA published, mouse	194	single	pseudogene	1
VASA published, mouse	196	multi	ProteinCoding	10543
VASA published, mouse	196	multi	ProcessedPseudogene	4899
VASA published, mouse	196	multi	MiscRna	1858
VASA published, mouse	196	multi	lncRNA	836
VASA published, mouse	196	multi	TranscribedProcessedPseudogene	640
VASA published, mouse	196	multi	UnprocessedPseudogene	535
VASA published, mouse	196	multi	miRNA	409
VASA published, mouse	196	multi	snRNA	183
VASA published, mouse	196	multi	TranscribedUnprocessedPseudogene	166
VASA published, mouse	196	multi	snoRNA	165
VASA published, mouse	196	multi	ribozyme	52
VASA published, mouse	196	multi	TEC	31
VASA published, mouse	196	multi	pseudogene	7
VASA published, mouse	196	multi	tRNA	7
VASA published, mouse	196	multi	TranscribedUnitaryPseudogene	6
VASA published, mouse	196	multi	MtTrna	2
VASA published, mouse	196	multi	UnitaryPseudogene	1
VASA published, mouse	196	single	ProteinCoding	67944
VASA published, mouse	196	single	lncRNA	2606
VASA published, mouse	196	single	ribozyme	790
VASA published, mouse	196	single	ProcessedPseudogene	265
VASA published, mouse	196	single	snoRNA	238
VASA published, mouse	196	single	TEC	184
VASA published, mouse	196	single	miRNA	145
VASA published, mouse	196	single	snRNA	56
VASA published, mouse	196	single	TranscribedProcessedPseudogene	54
VASA published, mouse	196	single	TranscribedUnitaryPseudogene	41
VASA published, mouse	196	single	TranscribedUnprocessedPseudogene	30
VASA published, mouse	196	single	MiscRna	26
VASA published, mouse	196	single	UnprocessedPseudogene	23
VASA published, mouse	196	single	scaRNA	14
VASA published, mouse	196	single	PolymorphicPseudogene	13
VASA published, mouse	196	single	tRNA	12
VASA published, mouse	196	single	MtTrna	5
VASA published, mouse	196	single	MtRrna	3
VASA published, mouse	196	single	pseudogene	2
VASA published, mouse	196	single	rRNA	2
VASA published, mouse	196	single	UnitaryPseudogene	1
VASA published, mouse	198	multi	ProteinCoding	16854
VASA published, mouse	198	multi	ProcessedPseudogene	8226
VASA published, mouse	198	multi	lncRNA	1554
VASA published, mouse	198	multi	UnprocessedPseudogene	1489
VASA published, mouse	198	multi	TranscribedProcessedPseudogene	1165
VASA published, mouse	198	multi	MiscRna	827
VASA published, mouse	198	multi	miRNA	407
VASA published, mouse	198	multi	TranscribedUnprocessedPseudogene	322
VASA published, mouse	198	multi	snoRNA	84
VASA published, mouse	198	multi	TEC	23
VASA published, mouse	198	multi	pseudogene	21
VASA published, mouse	198	multi	snRNA	21
VASA published, mouse	198	multi	TranscribedUnitaryPseudogene	10
VASA published, mouse	198	multi	ribozyme	7
VASA published, mouse	198	multi	tRNA	4
VASA published, mouse	198	multi	MtRrna	2
VASA published, mouse	198	multi	PolymorphicPseudogene	1
VASA published, mouse	198	multi	rRNA	1
VASA published, mouse	198	single	ProteinCoding	125541
VASA published, mouse	198	single	lncRNA	5269
VASA published, mouse	198	single	ProcessedPseudogene	365
VASA published, mouse	198	single	TEC	359
VASA published, mouse	198	single	ribozyme	191
VASA published, mouse	198	single	miRNA	188
VASA published, mouse	198	single	snoRNA	122
VASA published, mouse	198	single	TranscribedProcessedPseudogene	110
VASA published, mouse	198	single	UnprocessedPseudogene	85
VASA published, mouse	198	single	TranscribedUnprocessedPseudogene	57
VASA published, mouse	198	single	MiscRna	47
VASA published, mouse	198	single	TranscribedUnitaryPseudogene	35
VASA published, mouse	198	single	PolymorphicPseudogene	33
VASA published, mouse	198	single	UnitaryPseudogene	19
VASA published, mouse	198	single	MtRrna	11
VASA published, mouse	198	single	scaRNA	11
VASA published, mouse	198	single	MtTrna	10
VASA published, mouse	198	single	snRNA	10
VASA published, mouse	198	single	rRNA	4
VASA published, mouse	198	single	pseudogene	1
VASA published, mouse	200	multi	ProteinCoding	21452
VASA published, mouse	200	multi	ProcessedPseudogene	9340
VASA published, mouse	200	multi	MiscRna	2327
VASA published, mouse	200	multi	lncRNA	2186
VASA published, mouse	200	multi	UnprocessedPseudogene	2115
VASA published, mouse	200	multi	TranscribedProcessedPseudogene	1433
VASA published, mouse	200	multi	miRNA	770
VASA published, mouse	200	multi	TranscribedUnprocessedPseudogene	583
VASA published, mouse	200	multi	snoRNA	183
VASA published, mouse	200	multi	snRNA	97
VASA published, mouse	200	multi	TEC	94
VASA published, mouse	200	multi	ribozyme	44
VASA published, mouse	200	multi	TranscribedUnitaryPseudogene	23
VASA published, mouse	200	multi	pseudogene	18
VASA published, mouse	200	multi	UnitaryPseudogene	3
VASA published, mouse	200	multi	tRNA	3
VASA published, mouse	200	multi	MtTrna	2
VASA published, mouse	200	single	ProteinCoding	165096
VASA published, mouse	200	single	lncRNA	4751
VASA published, mouse	200	single	TEC	552
VASA published, mouse	200	single	ProcessedPseudogene	444
VASA published, mouse	200	single	snoRNA	335
VASA published, mouse	200	single	ribozyme	322
VASA published, mouse	200	single	miRNA	209
VASA published, mouse	200	single	TranscribedUnitaryPseudogene	147
VASA published, mouse	200	single	TranscribedUnprocessedPseudogene	91
VASA published, mouse	200	single	TranscribedProcessedPseudogene	74
VASA published, mouse	200	single	UnprocessedPseudogene	62
VASA published, mouse	200	single	MiscRna	52
VASA published, mouse	200	single	scaRNA	35
VASA published, mouse	200	single	PolymorphicPseudogene	25
VASA published, mouse	200	single	MtRrna	23
VASA published, mouse	200	single	snRNA	22
VASA published, mouse	200	single	tRNA	17
VASA published, mouse	200	single	MtTrna	5
VASA published, mouse	200	single	UnitaryPseudogene	5
VASA published, mouse	200	single	rRNA	3
VASA published, mouse	200	single	pseudogene	1
VASA published, mouse	202	multi	ProteinCoding	53368
VASA published, mouse	202	multi	ProcessedPseudogene	24851
VASA published, mouse	202	multi	lncRNA	5318
VASA published, mouse	202	multi	UnprocessedPseudogene	4763
VASA published, mouse	202	multi	MiscRna	4555
VASA published, mouse	202	multi	TranscribedProcessedPseudogene	3581
VASA published, mouse	202	multi	miRNA	1721
VASA published, mouse	202	multi	TranscribedUnprocessedPseudogene	1541
VASA published, mouse	202	multi	snoRNA	669
VASA published, mouse	202	multi	TEC	334
VASA published, mouse	202	multi	snRNA	188
VASA published, mouse	202	multi	ribozyme	85
VASA published, mouse	202	multi	TranscribedUnitaryPseudogene	78
VASA published, mouse	202	multi	pseudogene	52
VASA published, mouse	202	multi	tRNA	23
VASA published, mouse	202	multi	MtTrna	12
VASA published, mouse	202	multi	UnitaryPseudogene	8
VASA published, mouse	202	multi	scaRNA	5
VASA published, mouse	202	multi	PolymorphicPseudogene	4
VASA published, mouse	202	multi	MtRrna	2
VASA published, mouse	202	single	ProteinCoding	427249
VASA published, mouse	202	single	lncRNA	12589
VASA published, mouse	202	single	ProcessedPseudogene	1310
VASA published, mouse	202	single	TEC	1210
VASA published, mouse	202	single	snoRNA	1049
VASA published, mouse	202	single	ribozyme	1036
VASA published, mouse	202	single	miRNA	684
VASA published, mouse	202	single	TranscribedProcessedPseudogene	369
VASA published, mouse	202	single	TranscribedUnprocessedPseudogene	300
VASA published, mouse	202	single	UnprocessedPseudogene	161
VASA published, mouse	202	single	TranscribedUnitaryPseudogene	131
VASA published, mouse	202	single	scaRNA	97
VASA published, mouse	202	single	PolymorphicPseudogene	93
VASA published, mouse	202	single	MiscRna	71
VASA published, mouse	202	single	snRNA	64
VASA published, mouse	202	single	tRNA	39
VASA published, mouse	202	single	MtRrna	21
VASA published, mouse	202	single	MtTrna	15
VASA published, mouse	202	single	pseudogene	7
VASA published, mouse	202	single	rRNA	5
VASA published, mouse	204	multi	ProteinCoding	18620
VASA published, mouse	204	multi	ProcessedPseudogene	8247
VASA published, mouse	204	multi	MiscRna	3182
VASA published, mouse	204	multi	lncRNA	1976
VASA published, mouse	204	multi	miRNA	1214
VASA published, mouse	204	multi	TranscribedProcessedPseudogene	1025
VASA published, mouse	204	multi	UnprocessedPseudogene	872
VASA published, mouse	204	multi	snoRNA	732
VASA published, mouse	204	multi	TranscribedUnprocessedPseudogene	392
VASA published, mouse	204	multi	snRNA	191
VASA published, mouse	204	multi	TEC	59
VASA published, mouse	204	multi	ribozyme	40
VASA published, mouse	204	multi	TranscribedUnitaryPseudogene	14
VASA published, mouse	204	multi	pseudogene	10
VASA published, mouse	204	multi	UnitaryPseudogene	8
VASA published, mouse	204	multi	PolymorphicPseudogene	5
VASA published, mouse	204	multi	tRNA	3
VASA published, mouse	204	multi	MtTrna	2
VASA published, mouse	204	multi	rRNA	1
VASA published, mouse	204	single	ProteinCoding	156181
VASA published, mouse	204	single	lncRNA	4800
VASA published, mouse	204	single	ribozyme	664
VASA published, mouse	204	single	snoRNA	493
VASA published, mouse	204	single	TEC	413
VASA published, mouse	204	single	ProcessedPseudogene	374
VASA published, mouse	204	single	miRNA	199
VASA published, mouse	204	single	TranscribedUnprocessedPseudogene	131
VASA published, mouse	204	single	TranscribedProcessedPseudogene	102
VASA published, mouse	204	single	MiscRna	54
VASA published, mouse	204	single	UnprocessedPseudogene	49
VASA published, mouse	204	single	scaRNA	45
VASA published, mouse	204	single	snRNA	33
VASA published, mouse	204	single	PolymorphicPseudogene	17
VASA published, mouse	204	single	MtTrna	12
VASA published, mouse	204	single	TranscribedUnitaryPseudogene	8
VASA published, mouse	204	single	rRNA	7
VASA published, mouse	204	single	tRNA	6
VASA published, mouse	204	single	pseudogene	4
VASA published, mouse	204	single	MtRrna	2
VASA published, mouse	208	multi	ProteinCoding	30672
VASA published, mouse	208	multi	ProcessedPseudogene	12201
VASA published, mouse	208	multi	MiscRna	7069
VASA published, mouse	208	multi	lncRNA	2412
VASA published, mouse	208	multi	UnprocessedPseudogene	2137
VASA published, mouse	208	multi	miRNA	1944
VASA published, mouse	208	multi	TranscribedProcessedPseudogene	1707
VASA published, mouse	208	multi	snoRNA	876
VASA published, mouse	208	multi	TranscribedUnprocessedPseudogene	583
VASA published, mouse	208	multi	snRNA	305
VASA published, mouse	208	multi	ribozyme	123
VASA published, mouse	208	multi	TEC	58
VASA published, mouse	208	multi	TranscribedUnitaryPseudogene	38
VASA published, mouse	208	multi	pseudogene	27
VASA published, mouse	208	multi	tRNA	25
VASA published, mouse	208	multi	MtRrna	5
VASA published, mouse	208	multi	UnitaryPseudogene	3
VASA published, mouse	208	multi	PolymorphicPseudogene	2
VASA published, mouse	208	multi	scaRNA	1
VASA published, mouse	208	single	ProteinCoding	239165
VASA published, mouse	208	single	lncRNA	7189
VASA published, mouse	208	single	ribozyme	1273
VASA published, mouse	208	single	snoRNA	781
VASA published, mouse	208	single	TEC	705
VASA published, mouse	208	single	ProcessedPseudogene	659
VASA published, mouse	208	single	miRNA	245
VASA published, mouse	208	single	TranscribedProcessedPseudogene	210
VASA published, mouse	208	single	snRNA	140
VASA published, mouse	208	single	TranscribedUnprocessedPseudogene	114
VASA published, mouse	208	single	MiscRna	104
VASA published, mouse	208	single	PolymorphicPseudogene	72
VASA published, mouse	208	single	UnprocessedPseudogene	68
VASA published, mouse	208	single	TranscribedUnitaryPseudogene	59
VASA published, mouse	208	single	scaRNA	51
VASA published, mouse	208	single	tRNA	43
VASA published, mouse	208	single	MtRrna	11
VASA published, mouse	208	single	MtTrna	9
VASA published, mouse	208	single	UnitaryPseudogene	9
VASA published, mouse	208	single	rRNA	7
VASA published, mouse	208	single	pseudogene	2
VASA published, mouse	208	single	TrVGene	1
VASA published, mouse	210	multi	ProteinCoding	32507
VASA published, mouse	210	multi	ProcessedPseudogene	14121
VASA published, mouse	210	multi	MiscRna	3856
VASA published, mouse	210	multi	UnprocessedPseudogene	2993
VASA published, mouse	210	multi	lncRNA	2900
VASA published, mouse	210	multi	TranscribedProcessedPseudogene	2013
VASA published, mouse	210	multi	miRNA	1268
VASA published, mouse	210	multi	TranscribedUnprocessedPseudogene	596
VASA published, mouse	210	multi	snoRNA	432
VASA published, mouse	210	multi	snRNA	112
VASA published, mouse	210	multi	TEC	68
VASA published, mouse	210	multi	ribozyme	62
VASA published, mouse	210	multi	pseudogene	43
VASA published, mouse	210	multi	TranscribedUnitaryPseudogene	32
VASA published, mouse	210	multi	TrVPseudogene	15
VASA published, mouse	210	multi	tRNA	9
VASA published, mouse	210	multi	PolymorphicPseudogene	6
VASA published, mouse	210	multi	UnitaryPseudogene	6
VASA published, mouse	210	multi	MtRrna	4
VASA published, mouse	210	multi	MtTrna	2
VASA published, mouse	210	multi	rRNA	2
VASA published, mouse	210	single	ProteinCoding	269719
VASA published, mouse	210	single	lncRNA	5836
VASA published, mouse	210	single	TEC	838
VASA published, mouse	210	single	ribozyme	652
VASA published, mouse	210	single	snoRNA	643
VASA published, mouse	210	single	ProcessedPseudogene	630
VASA published, mouse	210	single	miRNA	340
VASA published, mouse	210	single	TranscribedProcessedPseudogene	157
VASA published, mouse	210	single	TranscribedUnprocessedPseudogene	127
VASA published, mouse	210	single	UnprocessedPseudogene	90
VASA published, mouse	210	single	snRNA	60
VASA published, mouse	210	single	PolymorphicPseudogene	54
VASA published, mouse	210	single	TranscribedUnitaryPseudogene	50
VASA published, mouse	210	single	scaRNA	45
VASA published, mouse	210	single	MiscRna	42
VASA published, mouse	210	single	MtRrna	16
VASA published, mouse	210	single	tRNA	16
VASA published, mouse	210	single	MtTrna	11
VASA published, mouse	210	single	UnitaryPseudogene	4
VASA published, mouse	210	single	pseudogene	4
VASA published, mouse	210	single	rRNA	1
VASA published, mouse	214	multi	ProteinCoding	6272
VASA published, mouse	214	multi	ProcessedPseudogene	3240
VASA published, mouse	214	multi	lncRNA	613
VASA published, mouse	214	multi	TranscribedProcessedPseudogene	452
VASA published, mouse	214	multi	UnprocessedPseudogene	373
VASA published, mouse	214	multi	MiscRna	246
VASA published, mouse	214	multi	TranscribedUnprocessedPseudogene	138
VASA published, mouse	214	multi	miRNA	111
VASA published, mouse	214	multi	snoRNA	63
VASA published, mouse	214	multi	TEC	13
VASA published, mouse	214	multi	ribozyme	13
VASA published, mouse	214	multi	TranscribedUnitaryPseudogene	11
VASA published, mouse	214	multi	snRNA	9
VASA published, mouse	214	multi	MtRrna	2
VASA published, mouse	214	multi	pseudogene	1
VASA published, mouse	214	single	ProteinCoding	47148
VASA published, mouse	214	single	lncRNA	1265
VASA published, mouse	214	single	ProcessedPseudogene	162
VASA published, mouse	214	single	ribozyme	103
VASA published, mouse	214	single	snoRNA	100
VASA published, mouse	214	single	TEC	84
VASA published, mouse	214	single	miRNA	68
VASA published, mouse	214	single	TranscribedProcessedPseudogene	44
VASA published, mouse	214	single	UnprocessedPseudogene	13
VASA published, mouse	214	single	tRNA	12
VASA published, mouse	214	single	scaRNA	11
VASA published, mouse	214	single	TranscribedUnprocessedPseudogene	10
VASA published, mouse	214	single	PolymorphicPseudogene	6
VASA published, mouse	214	single	TranscribedUnitaryPseudogene	4
VASA published, mouse	214	single	snRNA	4
VASA published, mouse	214	single	MiscRna	2
VASA published, mouse	214	single	MtRrna	2
VASA published, mouse	215	multi	ProteinCoding	12859
VASA published, mouse	215	multi	ProcessedPseudogene	5040
VASA published, mouse	215	multi	UnprocessedPseudogene	1703
VASA published, mouse	215	multi	MiscRna	1419
VASA published, mouse	215	multi	lncRNA	1342
VASA published, mouse	215	multi	TranscribedProcessedPseudogene	713
VASA published, mouse	215	multi	TranscribedUnprocessedPseudogene	493
VASA published, mouse	215	multi	miRNA	442
VASA published, mouse	215	multi	snoRNA	203
VASA published, mouse	215	multi	snRNA	54
VASA published, mouse	215	multi	TEC	36
VASA published, mouse	215	multi	ribozyme	25
VASA published, mouse	215	multi	TranscribedUnitaryPseudogene	19
VASA published, mouse	215	multi	MtTrna	11
VASA published, mouse	215	multi	pseudogene	8
VASA published, mouse	215	multi	tRNA	2
VASA published, mouse	215	multi	PolymorphicPseudogene	1
VASA published, mouse	215	single	ProteinCoding	116796
VASA published, mouse	215	single	lncRNA	3263
VASA published, mouse	215	single	TEC	383
VASA published, mouse	215	single	ribozyme	271
VASA published, mouse	215	single	ProcessedPseudogene	252
VASA published, mouse	215	single	snoRNA	215
VASA published, mouse	215	single	miRNA	143
VASA published, mouse	215	single	TranscribedUnprocessedPseudogene	139
VASA published, mouse	215	single	TranscribedUnitaryPseudogene	95
VASA published, mouse	215	single	UnprocessedPseudogene	72
VASA published, mouse	215	single	TranscribedProcessedPseudogene	70
VASA published, mouse	215	single	MiscRna	33
VASA published, mouse	215	single	snRNA	20
VASA published, mouse	215	single	scaRNA	14
VASA published, mouse	215	single	MtTrna	10
VASA published, mouse	215	single	PolymorphicPseudogene	10
VASA published, mouse	215	single	pseudogene	5
VASA published, mouse	215	single	rRNA	3
VASA published, mouse	215	single	tRNA	2
VASA published, mouse	215	single	MtRrna	1
VASA published, mouse	218	multi	ProteinCoding	26063
VASA published, mouse	218	multi	ProcessedPseudogene	11018
VASA published, mouse	218	multi	MiscRna	4192
VASA published, mouse	218	multi	lncRNA	2441
VASA published, mouse	218	multi	UnprocessedPseudogene	1525
VASA published, mouse	218	multi	TranscribedProcessedPseudogene	1498
VASA published, mouse	218	multi	TranscribedUnprocessedPseudogene	832
VASA published, mouse	218	multi	miRNA	826
VASA published, mouse	218	multi	snoRNA	417
VASA published, mouse	218	multi	snRNA	125
VASA published, mouse	218	multi	TEC	100
VASA published, mouse	218	multi	ribozyme	49
VASA published, mouse	218	multi	pseudogene	21
VASA published, mouse	218	multi	TranscribedUnitaryPseudogene	17
VASA published, mouse	218	multi	tRNA	5
VASA published, mouse	218	multi	PolymorphicPseudogene	3
VASA published, mouse	218	multi	MtRrna	2
VASA published, mouse	218	multi	rRNA	2
VASA published, mouse	218	multi	UnitaryPseudogene	1
VASA published, mouse	218	single	ProteinCoding	214040
VASA published, mouse	218	single	lncRNA	5751
VASA published, mouse	218	single	TEC	704
VASA published, mouse	218	single	ribozyme	696
VASA published, mouse	218	single	ProcessedPseudogene	603
VASA published, mouse	218	single	snoRNA	520
VASA published, mouse	218	single	miRNA	317
VASA published, mouse	218	single	TranscribedProcessedPseudogene	146
VASA published, mouse	218	single	TranscribedUnitaryPseudogene	135
VASA published, mouse	218	single	TranscribedUnprocessedPseudogene	103
VASA published, mouse	218	single	UnprocessedPseudogene	87
VASA published, mouse	218	single	snRNA	63
VASA published, mouse	218	single	scaRNA	52
VASA published, mouse	218	single	MiscRna	43
VASA published, mouse	218	single	PolymorphicPseudogene	34
VASA published, mouse	218	single	tRNA	16
VASA published, mouse	218	single	MtRrna	7
VASA published, mouse	218	single	rRNA	6
VASA published, mouse	218	single	pseudogene	5
VASA published, mouse	218	single	UnitaryPseudogene	4
VASA published, mouse	218	single	MtTrna	1
VASA published, mouse	220	multi	ProteinCoding	40207
VASA published, mouse	220	multi	ProcessedPseudogene	17414
VASA published, mouse	220	multi	MiscRna	4399
VASA published, mouse	220	multi	lncRNA	3880
VASA published, mouse	220	multi	UnprocessedPseudogene	3714
VASA published, mouse	220	multi	TranscribedProcessedPseudogene	2398
VASA published, mouse	220	multi	TranscribedUnprocessedPseudogene	1473
VASA published, mouse	220	multi	miRNA	1428
VASA published, mouse	220	multi	snoRNA	1052
VASA published, mouse	220	multi	snRNA	228
VASA published, mouse	220	multi	TEC	184
VASA published, mouse	220	multi	ribozyme	95
VASA published, mouse	220	multi	pseudogene	78
VASA published, mouse	220	multi	TranscribedUnitaryPseudogene	74
VASA published, mouse	220	multi	PolymorphicPseudogene	6
VASA published, mouse	220	multi	UnitaryPseudogene	6
VASA published, mouse	220	multi	tRNA	5
VASA published, mouse	220	multi	MtRrna	3
VASA published, mouse	220	single	ProteinCoding	349813
VASA published, mouse	220	single	lncRNA	10656
VASA published, mouse	220	single	ribozyme	1510
VASA published, mouse	220	single	ProcessedPseudogene	993
VASA published, mouse	220	single	TEC	903
VASA published, mouse	220	single	snoRNA	881
VASA published, mouse	220	single	miRNA	643
VASA published, mouse	220	single	TranscribedUnprocessedPseudogene	338
VASA published, mouse	220	single	TranscribedUnitaryPseudogene	232
VASA published, mouse	220	single	UnprocessedPseudogene	183
VASA published, mouse	220	single	TranscribedProcessedPseudogene	140
VASA published, mouse	220	single	MiscRna	87
VASA published, mouse	220	single	PolymorphicPseudogene	82
VASA published, mouse	220	single	snRNA	79
VASA published, mouse	220	single	scaRNA	71
VASA published, mouse	220	single	UnitaryPseudogene	54
VASA published, mouse	220	single	tRNA	29
VASA published, mouse	220	single	MtRrna	18
VASA published, mouse	220	single	pseudogene	6
VASA published, mouse	220	single	MtTrna	4
VASA published, mouse	220	single	rRNA	4
VASA published, mouse	222	multi	ProteinCoding	30129
VASA published, mouse	222	multi	ProcessedPseudogene	14118
VASA published, mouse	222	multi	UnprocessedPseudogene	3360
VASA published, mouse	222	multi	lncRNA	2964
VASA published, mouse	222	multi	TranscribedProcessedPseudogene	2229
VASA published, mouse	222	multi	MiscRna	1542
VASA published, mouse	222	multi	miRNA	750
VASA published, mouse	222	multi	TranscribedUnprocessedPseudogene	600
VASA published, mouse	222	multi	snoRNA	268
VASA published, mouse	222	multi	pseudogene	51
VASA published, mouse	222	multi	snRNA	45
VASA published, mouse	222	multi	TEC	43
VASA published, mouse	222	multi	TranscribedUnitaryPseudogene	35
VASA published, mouse	222	multi	ribozyme	33
VASA published, mouse	222	multi	MtTrna	10
VASA published, mouse	222	multi	tRNA	9
VASA published, mouse	222	multi	UnitaryPseudogene	5
VASA published, mouse	222	multi	MtRrna	4
VASA published, mouse	222	multi	PolymorphicPseudogene	1
VASA published, mouse	222	single	ProteinCoding	222826
VASA published, mouse	222	single	lncRNA	7462
VASA published, mouse	222	single	ProcessedPseudogene	720
VASA published, mouse	222	single	TEC	514
VASA published, mouse	222	single	snoRNA	488
VASA published, mouse	222	single	miRNA	412
VASA published, mouse	222	single	ribozyme	371
VASA published, mouse	222	single	TranscribedProcessedPseudogene	186
VASA published, mouse	222	single	TranscribedUnprocessedPseudogene	134
VASA published, mouse	222	single	PolymorphicPseudogene	61
VASA published, mouse	222	single	UnprocessedPseudogene	52
VASA published, mouse	222	single	MiscRna	48
VASA published, mouse	222	single	snRNA	34
VASA published, mouse	222	single	TranscribedUnitaryPseudogene	30
VASA published, mouse	222	single	scaRNA	29
VASA published, mouse	222	single	tRNA	26
VASA published, mouse	222	single	MtTrna	25
VASA published, mouse	222	single	UnitaryPseudogene	13
VASA published, mouse	222	single	MtRrna	9
VASA published, mouse	222	single	pseudogene	3
VASA published, mouse	224	multi	ProteinCoding	8764
VASA published, mouse	224	multi	ProcessedPseudogene	4453
VASA published, mouse	224	multi	UnprocessedPseudogene	1158
VASA published, mouse	224	multi	lncRNA	799
VASA published, mouse	224	multi	TranscribedProcessedPseudogene	602
VASA published, mouse	224	multi	MiscRna	299
VASA published, mouse	224	multi	TranscribedUnprocessedPseudogene	157
VASA published, mouse	224	multi	miRNA	153
VASA published, mouse	224	multi	snoRNA	56
VASA published, mouse	224	multi	snRNA	17
VASA published, mouse	224	multi	TEC	14
VASA published, mouse	224	multi	TranscribedUnitaryPseudogene	12
VASA published, mouse	224	multi	ribozyme	7
VASA published, mouse	224	multi	MtTrna	5
VASA published, mouse	224	multi	pseudogene	4
VASA published, mouse	224	single	ProteinCoding	45859
VASA published, mouse	224	single	lncRNA	1279
VASA published, mouse	224	single	ProcessedPseudogene	200
VASA published, mouse	224	single	TEC	130
VASA published, mouse	224	single	miRNA	106
VASA published, mouse	224	single	ribozyme	106
VASA published, mouse	224	single	snoRNA	106
VASA published, mouse	224	single	TranscribedProcessedPseudogene	70
VASA published, mouse	224	single	TranscribedUnprocessedPseudogene	20
VASA published, mouse	224	single	UnprocessedPseudogene	20
VASA published, mouse	224	single	TranscribedUnitaryPseudogene	18
VASA published, mouse	224	single	scaRNA	13
VASA published, mouse	224	single	MiscRna	9
VASA published, mouse	224	single	tRNA	7
VASA published, mouse	224	single	PolymorphicPseudogene	6
VASA published, mouse	224	single	snRNA	4
VASA published, mouse	224	single	MtRrna	2
VASA published, mouse	224	single	UnitaryPseudogene	2
VASA published, mouse	224	single	pseudogene	2
VASA published, mouse	224	single	MtTrna	1
VASA published, mouse	224	single	rRNA	1
VASA published, mouse	226	multi	ProteinCoding	16683
VASA published, mouse	226	multi	ProcessedPseudogene	8803
VASA published, mouse	226	multi	UnprocessedPseudogene	1666
VASA published, mouse	226	multi	lncRNA	1560
VASA published, mouse	226	multi	TranscribedProcessedPseudogene	1179
VASA published, mouse	226	multi	MiscRna	333
VASA published, mouse	226	multi	miRNA	245
VASA published, mouse	226	multi	TranscribedUnprocessedPseudogene	215
VASA published, mouse	226	multi	snoRNA	50
VASA published, mouse	226	multi	pseudogene	38
VASA published, mouse	226	multi	TranscribedUnitaryPseudogene	26
VASA published, mouse	226	multi	TEC	23
VASA published, mouse	226	multi	snRNA	14
VASA published, mouse	226	multi	ribozyme	8
VASA published, mouse	226	multi	tRNA	2
VASA published, mouse	226	multi	MtRrna	1
VASA published, mouse	226	multi	MtTrna	1
VASA published, mouse	226	multi	PolymorphicPseudogene	1
VASA published, mouse	226	single	ProteinCoding	88528
VASA published, mouse	226	single	lncRNA	2462
VASA published, mouse	226	single	ProcessedPseudogene	409
VASA published, mouse	226	single	TEC	186
VASA published, mouse	226	single	TranscribedProcessedPseudogene	166
VASA published, mouse	226	single	miRNA	141
VASA published, mouse	226	single	ribozyme	116
VASA published, mouse	226	single	snoRNA	90
VASA published, mouse	226	single	TranscribedUnprocessedPseudogene	39
VASA published, mouse	226	single	UnprocessedPseudogene	33
VASA published, mouse	226	single	scaRNA	25
VASA published, mouse	226	single	TranscribedUnitaryPseudogene	17
VASA published, mouse	226	single	tRNA	5
VASA published, mouse	226	single	PolymorphicPseudogene	4
VASA published, mouse	226	single	MiscRna	3
VASA published, mouse	226	single	MtTrna	3
VASA published, mouse	226	single	pseudogene	3
VASA published, mouse	226	single	UnitaryPseudogene	1
VASA published, mouse	226	single	snRNA	1
VASA published, mouse	228	multi	ProteinCoding	4809
VASA published, mouse	228	multi	ProcessedPseudogene	2679
VASA published, mouse	228	multi	lncRNA	465
VASA published, mouse	228	multi	UnprocessedPseudogene	459
VASA published, mouse	228	multi	TranscribedProcessedPseudogene	394
VASA published, mouse	228	multi	miRNA	38
VASA published, mouse	228	multi	TranscribedUnprocessedPseudogene	37
VASA published, mouse	228	multi	MiscRna	30
VASA published, mouse	228	multi	TEC	9
VASA published, mouse	228	multi	snoRNA	7
VASA published, mouse	228	multi	TranscribedUnitaryPseudogene	5
VASA published, mouse	228	multi	pseudogene	5
VASA published, mouse	228	multi	PolymorphicPseudogene	3
VASA published, mouse	228	multi	tRNA	3
VASA published, mouse	228	multi	snRNA	2
VASA published, mouse	228	single	ProteinCoding	18227
VASA published, mouse	228	single	lncRNA	629
VASA published, mouse	228	single	ProcessedPseudogene	146
VASA published, mouse	228	single	TranscribedProcessedPseudogene	75
VASA published, mouse	228	single	miRNA	61
VASA published, mouse	228	single	TranscribedUnprocessedPseudogene	32
VASA published, mouse	228	single	snoRNA	28
VASA published, mouse	228	single	TEC	18
VASA published, mouse	228	single	UnprocessedPseudogene	11
VASA published, mouse	228	single	TranscribedUnitaryPseudogene	10
VASA published, mouse	228	single	scaRNA	7
VASA published, mouse	228	single	MtTrna	3
VASA published, mouse	228	single	ribozyme	3
VASA published, mouse	228	single	PolymorphicPseudogene	2
VASA published, mouse	228	single	MiscRna	1
VASA published, mouse	228	single	tRNA	1
VASA published, mouse	230	multi	ProteinCoding	9829
VASA published, mouse	230	multi	ProcessedPseudogene	5013
VASA published, mouse	230	multi	lncRNA	947
VASA published, mouse	230	multi	UnprocessedPseudogene	748
VASA published, mouse	230	multi	TranscribedProcessedPseudogene	673
VASA published, mouse	230	multi	MiscRna	487
VASA published, mouse	230	multi	miRNA	268
VASA published, mouse	230	multi	TranscribedUnprocessedPseudogene	223
VASA published, mouse	230	multi	snoRNA	79
VASA published, mouse	230	multi	TEC	25
VASA published, mouse	230	multi	ribozyme	18
VASA published, mouse	230	multi	pseudogene	16
VASA published, mouse	230	multi	snRNA	16
VASA published, mouse	230	multi	TranscribedUnitaryPseudogene	11
VASA published, mouse	230	multi	tRNA	2
VASA published, mouse	230	single	ProteinCoding	63918
VASA published, mouse	230	single	lncRNA	2513
VASA published, mouse	230	single	ProcessedPseudogene	236
VASA published, mouse	230	single	TEC	220
VASA published, mouse	230	single	ribozyme	124
VASA published, mouse	230	single	snoRNA	117
VASA published, mouse	230	single	TranscribedUnprocessedPseudogene	75
VASA published, mouse	230	single	miRNA	72
VASA published, mouse	230	single	TranscribedProcessedPseudogene	62
VASA published, mouse	230	single	TranscribedUnitaryPseudogene	55
VASA published, mouse	230	single	UnprocessedPseudogene	28
VASA published, mouse	230	single	PolymorphicPseudogene	27
VASA published, mouse	230	single	MiscRna	21
VASA published, mouse	230	single	scaRNA	10
VASA published, mouse	230	single	MtTrna	8
VASA published, mouse	230	single	pseudogene	8
VASA published, mouse	230	single	UnitaryPseudogene	5
VASA published, mouse	230	single	rRNA	5
VASA published, mouse	230	single	snRNA	5
VASA published, mouse	230	single	tRNA	4
VASA published, mouse	230	single	MtRrna	2
VASA published, mouse	232	multi	ProteinCoding	14058
VASA published, mouse	232	multi	ProcessedPseudogene	5622
VASA published, mouse	232	multi	MiscRna	2642
VASA published, mouse	232	multi	UnprocessedPseudogene	1313
VASA published, mouse	232	multi	lncRNA	1243
VASA published, mouse	232	multi	TranscribedProcessedPseudogene	846
VASA published, mouse	232	multi	miRNA	661
VASA published, mouse	232	multi	TranscribedUnprocessedPseudogene	432
VASA published, mouse	232	multi	snoRNA	216
VASA published, mouse	232	multi	snRNA	73
VASA published, mouse	232	multi	ribozyme	40
VASA published, mouse	232	multi	TEC	29
VASA published, mouse	232	multi	TranscribedUnitaryPseudogene	13
VASA published, mouse	232	multi	pseudogene	6
VASA published, mouse	232	multi	PolymorphicPseudogene	2
VASA published, mouse	232	multi	UnitaryPseudogene	2
VASA published, mouse	232	multi	MtRrna	1
VASA published, mouse	232	multi	MtTrna	1
VASA published, mouse	232	multi	rRNA	1
VASA published, mouse	232	multi	tRNA	1
VASA published, mouse	232	single	ProteinCoding	114408
VASA published, mouse	232	single	lncRNA	3429
VASA published, mouse	232	single	ribozyme	454
VASA published, mouse	232	single	TEC	371
VASA published, mouse	232	single	ProcessedPseudogene	269
VASA published, mouse	232	single	snoRNA	241
VASA published, mouse	232	single	miRNA	128
VASA published, mouse	232	single	TranscribedUnprocessedPseudogene	96
VASA published, mouse	232	single	TranscribedProcessedPseudogene	92
VASA published, mouse	232	single	TranscribedUnitaryPseudogene	63
VASA published, mouse	232	single	UnprocessedPseudogene	54
VASA published, mouse	232	single	snRNA	48
VASA published, mouse	232	single	PolymorphicPseudogene	40
VASA published, mouse	232	single	MiscRna	36
VASA published, mouse	232	single	scaRNA	16
VASA published, mouse	232	single	MtTrna	5
VASA published, mouse	232	single	MtRrna	3
VASA published, mouse	232	single	UnitaryPseudogene	3
VASA published, mouse	232	single	rRNA	3
VASA published, mouse	232	single	tRNA	3
VASA published, mouse	234	multi	ProteinCoding	21679
VASA published, mouse	234	multi	ProcessedPseudogene	9664
VASA published, mouse	234	multi	MiscRna	2875
VASA published, mouse	234	multi	lncRNA	1985
VASA published, mouse	234	multi	UnprocessedPseudogene	1669
VASA published, mouse	234	multi	TranscribedProcessedPseudogene	1243
VASA published, mouse	234	multi	miRNA	708
VASA published, mouse	234	multi	TranscribedUnprocessedPseudogene	560
VASA published, mouse	234	multi	snoRNA	394
VASA published, mouse	234	multi	snRNA	83
VASA published, mouse	234	multi	ribozyme	76
VASA published, mouse	234	multi	TEC	51
VASA published, mouse	234	multi	pseudogene	41
VASA published, mouse	234	multi	TranscribedUnitaryPseudogene	26
VASA published, mouse	234	multi	MtRrna	6
VASA published, mouse	234	multi	tRNA	3
VASA published, mouse	234	single	ProteinCoding	182510
VASA published, mouse	234	single	lncRNA	4893
VASA published, mouse	234	single	ribozyme	544
VASA published, mouse	234	single	snoRNA	483
VASA published, mouse	234	single	TEC	456
VASA published, mouse	234	single	ProcessedPseudogene	443
VASA published, mouse	234	single	miRNA	206
VASA published, mouse	234	single	TranscribedUnprocessedPseudogene	142
VASA published, mouse	234	single	TranscribedProcessedPseudogene	134
VASA published, mouse	234	single	UnprocessedPseudogene	59
VASA published, mouse	234	single	MiscRna	47
VASA published, mouse	234	single	TranscribedUnitaryPseudogene	47
VASA published, mouse	234	single	scaRNA	38
VASA published, mouse	234	single	PolymorphicPseudogene	30
VASA published, mouse	234	single	snRNA	29
VASA published, mouse	234	single	tRNA	17
VASA published, mouse	234	single	MtRrna	9
VASA published, mouse	234	single	MtTrna	2
VASA published, mouse	236	multi	ProteinCoding	7457
VASA published, mouse	236	multi	ProcessedPseudogene	3451
VASA published, mouse	236	multi	UnprocessedPseudogene	883
VASA published, mouse	236	multi	lncRNA	794
VASA published, mouse	236	multi	TranscribedProcessedPseudogene	475
VASA published, mouse	236	multi	MiscRna	332
VASA published, mouse	236	multi	TranscribedUnprocessedPseudogene	149
VASA published, mouse	236	multi	miRNA	143
VASA published, mouse	236	multi	snoRNA	67
VASA published, mouse	236	multi	TEC	21
VASA published, mouse	236	multi	TranscribedUnitaryPseudogene	11
VASA published, mouse	236	multi	ribozyme	8
VASA published, mouse	236	multi	snRNA	5
VASA published, mouse	236	multi	MtRrna	3
VASA published, mouse	236	multi	pseudogene	3
VASA published, mouse	236	multi	TrVGene	2
VASA published, mouse	236	multi	TrVPseudogene	2
VASA published, mouse	236	multi	UnitaryPseudogene	2
VASA published, mouse	236	multi	tRNA	2
VASA published, mouse	236	single	ProteinCoding	47946
VASA published, mouse	236	single	lncRNA	1711
VASA published, mouse	236	single	ProcessedPseudogene	171
VASA published, mouse	236	single	ribozyme	131
VASA published, mouse	236	single	TEC	113
VASA published, mouse	236	single	snoRNA	62
VASA published, mouse	236	single	TranscribedProcessedPseudogene	51
VASA published, mouse	236	single	TranscribedUnprocessedPseudogene	50
VASA published, mouse	236	single	miRNA	44
VASA published, mouse	236	single	UnprocessedPseudogene	19
VASA published, mouse	236	single	snRNA	16
VASA published, mouse	236	single	MiscRna	14
VASA published, mouse	236	single	TranscribedUnitaryPseudogene	8
VASA published, mouse	236	single	rRNA	7
VASA published, mouse	236	single	MtRrna	5
VASA published, mouse	236	single	scaRNA	5
VASA published, mouse	236	single	PolymorphicPseudogene	4
VASA published, mouse	236	single	tRNA	3
VASA published, mouse	236	single	UnitaryPseudogene	2
VASA published, mouse	238	multi	ProteinCoding	3314
VASA published, mouse	238	multi	ProcessedPseudogene	1499
VASA published, mouse	238	multi	UnprocessedPseudogene	368
VASA published, mouse	238	multi	lncRNA	322
VASA published, mouse	238	multi	TranscribedProcessedPseudogene	235
VASA published, mouse	238	multi	MiscRna	210
VASA published, mouse	238	multi	miRNA	83
VASA published, mouse	238	multi	TranscribedUnprocessedPseudogene	74
VASA published, mouse	238	multi	snoRNA	29
VASA published, mouse	238	multi	TEC	14
VASA published, mouse	238	multi	pseudogene	6
VASA published, mouse	238	multi	ribozyme	5
VASA published, mouse	238	multi	TranscribedUnitaryPseudogene	4
VASA published, mouse	238	multi	PolymorphicPseudogene	3
VASA published, mouse	238	multi	snRNA	2
VASA published, mouse	238	single	ProteinCoding	29314
VASA published, mouse	238	single	lncRNA	1212
VASA published, mouse	238	single	TEC	96
VASA published, mouse	238	single	ProcessedPseudogene	75
VASA published, mouse	238	single	miRNA	57
VASA published, mouse	238	single	snoRNA	47
VASA published, mouse	238	single	ribozyme	39
VASA published, mouse	238	single	TranscribedUnprocessedPseudogene	25
VASA published, mouse	238	single	PolymorphicPseudogene	16
VASA published, mouse	238	single	MiscRna	9
VASA published, mouse	238	single	TranscribedProcessedPseudogene	9
VASA published, mouse	238	single	TranscribedUnitaryPseudogene	8
VASA published, mouse	238	single	scaRNA	8
VASA published, mouse	238	single	UnitaryPseudogene	6
VASA published, mouse	238	single	UnprocessedPseudogene	3
VASA published, mouse	238	single	MtRrna	2
VASA published, mouse	238	single	pseudogene	2
VASA published, mouse	238	single	MtTrna	1
VASA published, mouse	242	multi	ProteinCoding	22687
VASA published, mouse	242	multi	ProcessedPseudogene	8103
VASA published, mouse	242	multi	MiscRna	3712
VASA published, mouse	242	multi	UnprocessedPseudogene	2658
VASA published, mouse	242	multi	lncRNA	2140
VASA published, mouse	242	multi	TranscribedProcessedPseudogene	1169
VASA published, mouse	242	multi	miRNA	789
VASA published, mouse	242	multi	TranscribedUnprocessedPseudogene	516
VASA published, mouse	242	multi	snoRNA	200
VASA published, mouse	242	multi	snRNA	151
VASA published, mouse	242	multi	TEC	93
VASA published, mouse	242	multi	ribozyme	48
VASA published, mouse	242	multi	pseudogene	28
VASA published, mouse	242	multi	TranscribedUnitaryPseudogene	18
VASA published, mouse	242	multi	tRNA	16
VASA published, mouse	242	multi	UnitaryPseudogene	5
VASA published, mouse	242	multi	MtTrna	4
VASA published, mouse	242	multi	MtRrna	3
VASA published, mouse	242	multi	PolymorphicPseudogene	2
VASA published, mouse	242	multi	TrVPseudogene	1
VASA published, mouse	242	multi	rRNA	1
VASA published, mouse	242	single	ProteinCoding	157747
VASA published, mouse	242	single	lncRNA	5417
VASA published, mouse	242	single	ribozyme	717
VASA published, mouse	242	single	ProcessedPseudogene	457
VASA published, mouse	242	single	TEC	376
VASA published, mouse	242	single	snoRNA	282
VASA published, mouse	242	single	miRNA	228
VASA published, mouse	242	single	TranscribedProcessedPseudogene	189
VASA published, mouse	242	single	TranscribedUnprocessedPseudogene	114
VASA published, mouse	242	single	UnprocessedPseudogene	98
VASA published, mouse	242	single	snRNA	74
VASA published, mouse	242	single	TranscribedUnitaryPseudogene	73
VASA published, mouse	242	single	MiscRna	65
VASA published, mouse	242	single	scaRNA	39
VASA published, mouse	242	single	tRNA	28
VASA published, mouse	242	single	PolymorphicPseudogene	27
VASA published, mouse	242	single	MtTrna	18
VASA published, mouse	242	single	MtRrna	17
VASA published, mouse	242	single	rRNA	7
VASA published, mouse	242	single	UnitaryPseudogene	5
VASA published, mouse	242	single	pseudogene	3
VASA published, mouse	244	multi	ProteinCoding	25904
VASA published, mouse	244	multi	ProcessedPseudogene	12284
VASA published, mouse	244	multi	lncRNA	2818
VASA published, mouse	244	multi	UnprocessedPseudogene	2544
VASA published, mouse	244	multi	TranscribedProcessedPseudogene	1844
VASA published, mouse	244	multi	MiscRna	1668
VASA published, mouse	244	multi	miRNA	759
VASA published, mouse	244	multi	TranscribedUnprocessedPseudogene	576
VASA published, mouse	244	multi	snoRNA	405
VASA published, mouse	244	multi	TranscribedUnitaryPseudogene	72
VASA published, mouse	244	multi	TEC	56
VASA published, mouse	244	multi	snRNA	44
VASA published, mouse	244	multi	pseudogene	21
VASA published, mouse	244	multi	ribozyme	19
VASA published, mouse	244	multi	PolymorphicPseudogene	4
VASA published, mouse	244	multi	tRNA	2
VASA published, mouse	244	multi	MtTrna	1
VASA published, mouse	244	single	ProteinCoding	205154
VASA published, mouse	244	single	lncRNA	7140
VASA published, mouse	244	single	ProcessedPseudogene	731
VASA published, mouse	244	single	TEC	513
VASA published, mouse	244	single	ribozyme	508
VASA published, mouse	244	single	snoRNA	357
VASA published, mouse	244	single	TranscribedUnprocessedPseudogene	216
VASA published, mouse	244	single	miRNA	196
VASA published, mouse	244	single	TranscribedProcessedPseudogene	128
VASA published, mouse	244	single	UnprocessedPseudogene	117
VASA published, mouse	244	single	MiscRna	80
VASA published, mouse	244	single	scaRNA	61
VASA published, mouse	244	single	TranscribedUnitaryPseudogene	41
VASA published, mouse	244	single	PolymorphicPseudogene	28
VASA published, mouse	244	single	snRNA	25
VASA published, mouse	244	single	MtTrna	6
VASA published, mouse	244	single	tRNA	5
VASA published, mouse	244	single	MtRrna	4
VASA published, mouse	244	single	UnitaryPseudogene	3
VASA published, mouse	244	single	pseudogene	1
VASA published, mouse	246	multi	ProteinCoding	18930
VASA published, mouse	246	multi	ProcessedPseudogene	8956
VASA published, mouse	246	multi	UnprocessedPseudogene	1784
VASA published, mouse	246	multi	lncRNA	1771
VASA published, mouse	246	multi	TranscribedProcessedPseudogene	1511
VASA published, mouse	246	multi	MiscRna	1008
VASA published, mouse	246	multi	TranscribedUnprocessedPseudogene	693
VASA published, mouse	246	multi	miRNA	473
VASA published, mouse	246	multi	snoRNA	157
VASA published, mouse	246	multi	TranscribedUnitaryPseudogene	53
VASA published, mouse	246	multi	ribozyme	34
VASA published, mouse	246	multi	snRNA	27
VASA published, mouse	246	multi	TEC	26
VASA published, mouse	246	multi	pseudogene	8
VASA published, mouse	246	multi	UnitaryPseudogene	6
VASA published, mouse	246	multi	PolymorphicPseudogene	5
VASA published, mouse	246	multi	tRNA	3
VASA published, mouse	246	multi	MtRrna	1
VASA published, mouse	246	multi	rRNA	1
VASA published, mouse	246	single	ProteinCoding	147447
VASA published, mouse	246	single	lncRNA	4266
VASA published, mouse	246	single	ProcessedPseudogene	489
VASA published, mouse	246	single	TEC	338
VASA published, mouse	246	single	ribozyme	251
VASA published, mouse	246	single	snoRNA	220
VASA published, mouse	246	single	TranscribedProcessedPseudogene	185
VASA published, mouse	246	single	miRNA	160
VASA published, mouse	246	single	TranscribedUnprocessedPseudogene	96
VASA published, mouse	246	single	UnprocessedPseudogene	85
VASA published, mouse	246	single	TranscribedUnitaryPseudogene	58
VASA published, mouse	246	single	PolymorphicPseudogene	56
VASA published, mouse	246	single	MiscRna	26
VASA published, mouse	246	single	scaRNA	23
VASA published, mouse	246	single	UnitaryPseudogene	20
VASA published, mouse	246	single	snRNA	16
VASA published, mouse	246	single	MtTrna	5
VASA published, mouse	246	single	tRNA	4
VASA published, mouse	246	single	MtRrna	2
VASA published, mouse	246	single	rRNA	2
VASA published, mouse	248	multi	ProteinCoding	44775
VASA published, mouse	248	multi	ProcessedPseudogene	20630
VASA published, mouse	248	multi	UnprocessedPseudogene	4838
VASA published, mouse	248	multi	lncRNA	4321
VASA published, mouse	248	multi	TranscribedProcessedPseudogene	3002
VASA published, mouse	248	multi	MiscRna	2925
VASA published, mouse	248	multi	TranscribedUnprocessedPseudogene	1275
VASA published, mouse	248	multi	miRNA	1275
VASA published, mouse	248	multi	snoRNA	481
VASA published, mouse	248	multi	TEC	269
VASA published, mouse	248	multi	snRNA	134
VASA published, mouse	248	multi	ribozyme	56
VASA published, mouse	248	multi	TranscribedUnitaryPseudogene	55
VASA published, mouse	248	multi	pseudogene	55
VASA published, mouse	248	multi	tRNA	20
VASA published, mouse	248	multi	UnitaryPseudogene	7
VASA published, mouse	248	multi	PolymorphicPseudogene	5
VASA published, mouse	248	multi	MtRrna	4
VASA published, mouse	248	multi	TrVGene	4
VASA published, mouse	248	multi	TrVPseudogene	3
VASA published, mouse	248	multi	MtTrna	2
VASA published, mouse	248	multi	rRNA	2
VASA published, mouse	248	single	ProteinCoding	343647
VASA published, mouse	248	single	lncRNA	10768
VASA published, mouse	248	single	ProcessedPseudogene	1140
VASA published, mouse	248	single	TEC	997
VASA published, mouse	248	single	ribozyme	686
VASA published, mouse	248	single	snoRNA	656
VASA published, mouse	248	single	miRNA	482
VASA published, mouse	248	single	TranscribedUnprocessedPseudogene	362
VASA published, mouse	248	single	TranscribedProcessedPseudogene	311
VASA published, mouse	248	single	TranscribedUnitaryPseudogene	221
VASA published, mouse	248	single	UnprocessedPseudogene	221
VASA published, mouse	248	single	MiscRna	103
VASA published, mouse	248	single	PolymorphicPseudogene	75
VASA published, mouse	248	single	tRNA	63
VASA published, mouse	248	single	scaRNA	43
VASA published, mouse	248	single	snRNA	39
VASA published, mouse	248	single	UnitaryPseudogene	27
VASA published, mouse	248	single	MtTrna	24
VASA published, mouse	248	single	MtRrna	10
VASA published, mouse	248	single	pseudogene	6
VASA published, mouse	248	single	TrCGene	2
VASA published, mouse	250	multi	ProteinCoding	30069
VASA published, mouse	250	multi	ProcessedPseudogene	11626
VASA published, mouse	250	multi	MiscRna	9834
VASA published, mouse	250	multi	lncRNA	2364
VASA published, mouse	250	multi	miRNA	2107
VASA published, mouse	250	multi	TranscribedProcessedPseudogene	1713
VASA published, mouse	250	multi	UnprocessedPseudogene	1466
VASA published, mouse	250	multi	TranscribedUnprocessedPseudogene	794
VASA published, mouse	250	multi	snoRNA	710
VASA published, mouse	250	multi	snRNA	315
VASA published, mouse	250	multi	ribozyme	83
VASA published, mouse	250	multi	TEC	74
VASA published, mouse	250	multi	pseudogene	32
VASA published, mouse	250	multi	TranscribedUnitaryPseudogene	16
VASA published, mouse	250	multi	MtTrna	6
VASA published, mouse	250	multi	TrVPseudogene	6
VASA published, mouse	250	multi	tRNA	6
VASA published, mouse	250	multi	UnitaryPseudogene	2
VASA published, mouse	250	multi	PolymorphicPseudogene	1
VASA published, mouse	250	single	ProteinCoding	239097
VASA published, mouse	250	single	lncRNA	7879
VASA published, mouse	250	single	ribozyme	1034
VASA published, mouse	250	single	snoRNA	753
VASA published, mouse	250	single	ProcessedPseudogene	677
VASA published, mouse	250	single	TEC	666
VASA published, mouse	250	single	miRNA	419
VASA published, mouse	250	single	TranscribedUnprocessedPseudogene	227
VASA published, mouse	250	single	UnprocessedPseudogene	112
VASA published, mouse	250	single	MiscRna	110
VASA published, mouse	250	single	TranscribedProcessedPseudogene	97
VASA published, mouse	250	single	snRNA	95
VASA published, mouse	250	single	TranscribedUnitaryPseudogene	83
VASA published, mouse	250	single	scaRNA	67
VASA published, mouse	250	single	PolymorphicPseudogene	51
VASA published, mouse	250	single	tRNA	18
VASA published, mouse	250	single	rRNA	4
VASA published, mouse	250	single	MtRrna	3
VASA published, mouse	250	single	MtTrna	1
VASA published, mouse	250	single	UnitaryPseudogene	1
VASA published, mouse	250	single	pseudogene	1
VASA published, mouse	252	multi	ProteinCoding	43098
VASA published, mouse	252	multi	ProcessedPseudogene	17122
VASA published, mouse	252	multi	MiscRna	6102
VASA published, mouse	252	multi	UnprocessedPseudogene	4352
VASA published, mouse	252	multi	lncRNA	4264
VASA published, mouse	252	multi	TranscribedProcessedPseudogene	2207
VASA published, mouse	252	multi	miRNA	1827
VASA published, mouse	252	multi	TranscribedUnprocessedPseudogene	1423
VASA published, mouse	252	multi	snoRNA	668
VASA published, mouse	252	multi	snRNA	433
VASA published, mouse	252	multi	TEC	164
VASA published, mouse	252	multi	ribozyme	86
VASA published, mouse	252	multi	TranscribedUnitaryPseudogene	40
VASA published, mouse	252	multi	pseudogene	39
VASA published, mouse	252	multi	UnitaryPseudogene	9
VASA published, mouse	252	multi	PolymorphicPseudogene	8
VASA published, mouse	252	multi	tRNA	6
VASA published, mouse	252	multi	MtRrna	4
VASA published, mouse	252	multi	rRNA	3
VASA published, mouse	252	multi	MtTrna	1
VASA published, mouse	252	single	ProteinCoding	333765
VASA published, mouse	252	single	lncRNA	10187
VASA published, mouse	252	single	ribozyme	1071
VASA published, mouse	252	single	TEC	964
VASA published, mouse	252	single	ProcessedPseudogene	932
VASA published, mouse	252	single	snoRNA	877
VASA published, mouse	252	single	miRNA	394
VASA published, mouse	252	single	TranscribedUnprocessedPseudogene	373
VASA published, mouse	252	single	TranscribedUnitaryPseudogene	211
VASA published, mouse	252	single	TranscribedProcessedPseudogene	194
VASA published, mouse	252	single	snRNA	149
VASA published, mouse	252	single	UnprocessedPseudogene	125
VASA published, mouse	252	single	MiscRna	69
VASA published, mouse	252	single	PolymorphicPseudogene	66
VASA published, mouse	252	single	scaRNA	38
VASA published, mouse	252	single	tRNA	29
VASA published, mouse	252	single	MtRrna	18
VASA published, mouse	252	single	UnitaryPseudogene	18
VASA published, mouse	252	single	pseudogene	16
VASA published, mouse	252	single	rRNA	8
VASA published, mouse	252	single	MtTrna	1
VASA published, mouse	254	multi	ProteinCoding	47493
VASA published, mouse	254	multi	ProcessedPseudogene	22445
VASA published, mouse	254	multi	UnprocessedPseudogene	5475
VASA published, mouse	254	multi	lncRNA	4904
VASA published, mouse	254	multi	TranscribedProcessedPseudogene	3242
VASA published, mouse	254	multi	MiscRna	3215
VASA published, mouse	254	multi	TranscribedUnprocessedPseudogene	1272
VASA published, mouse	254	multi	miRNA	1160
VASA published, mouse	254	multi	snoRNA	486
VASA published, mouse	254	multi	TEC	209
VASA published, mouse	254	multi	snRNA	109
VASA published, mouse	254	multi	ribozyme	83
VASA published, mouse	254	multi	TranscribedUnitaryPseudogene	70
VASA published, mouse	254	multi	pseudogene	48
VASA published, mouse	254	multi	tRNA	27
VASA published, mouse	254	multi	UnitaryPseudogene	13
VASA published, mouse	254	multi	MtRrna	6
VASA published, mouse	254	multi	MtTrna	4
VASA published, mouse	254	multi	PolymorphicPseudogene	4
VASA published, mouse	254	single	ProteinCoding	345229
VASA published, mouse	254	single	lncRNA	9590
VASA published, mouse	254	single	ProcessedPseudogene	1103
VASA published, mouse	254	single	TEC	911
VASA published, mouse	254	single	ribozyme	880
VASA published, mouse	254	single	snoRNA	621
VASA published, mouse	254	single	miRNA	493
VASA published, mouse	254	single	TranscribedUnprocessedPseudogene	334
VASA published, mouse	254	single	TranscribedUnitaryPseudogene	248
VASA published, mouse	254	single	TranscribedProcessedPseudogene	247
VASA published, mouse	254	single	PolymorphicPseudogene	153
VASA published, mouse	254	single	UnprocessedPseudogene	135
VASA published, mouse	254	single	scaRNA	101
VASA published, mouse	254	single	MiscRna	67
VASA published, mouse	254	single	snRNA	34
VASA published, mouse	254	single	UnitaryPseudogene	19
VASA published, mouse	254	single	tRNA	18
VASA published, mouse	254	single	MtRrna	10
VASA published, mouse	254	single	MtTrna	7
VASA published, mouse	254	single	rRNA	6
VASA published, mouse	256	multi	ProteinCoding	26382
VASA published, mouse	256	multi	ProcessedPseudogene	11837
VASA published, mouse	256	multi	lncRNA	2793
VASA published, mouse	256	multi	UnprocessedPseudogene	2654
VASA published, mouse	256	multi	MiscRna	2101
VASA published, mouse	256	multi	TranscribedProcessedPseudogene	1887
VASA published, mouse	256	multi	miRNA	911
VASA published, mouse	256	multi	TranscribedUnprocessedPseudogene	575
VASA published, mouse	256	multi	snoRNA	269
VASA published, mouse	256	multi	TEC	89
VASA published, mouse	256	multi	snRNA	67
VASA published, mouse	256	multi	TranscribedUnitaryPseudogene	49
VASA published, mouse	256	multi	pseudogene	49
VASA published, mouse	256	multi	ribozyme	33
VASA published, mouse	256	multi	UnitaryPseudogene	8
VASA published, mouse	256	multi	tRNA	3
VASA published, mouse	256	multi	PolymorphicPseudogene	2
VASA published, mouse	256	multi	MtRrna	1
VASA published, mouse	256	multi	MtTrna	1
VASA published, mouse	256	multi	rRNA	1
VASA published, mouse	256	single	ProteinCoding	217125
VASA published, mouse	256	single	lncRNA	5999
VASA published, mouse	256	single	ProcessedPseudogene	610
VASA published, mouse	256	single	ribozyme	533
VASA published, mouse	256	single	TEC	501
VASA published, mouse	256	single	snoRNA	462
VASA published, mouse	256	single	miRNA	356
VASA published, mouse	256	single	TranscribedUnprocessedPseudogene	188
VASA published, mouse	256	single	TranscribedUnitaryPseudogene	154
VASA published, mouse	256	single	TranscribedProcessedPseudogene	148
VASA published, mouse	256	single	UnprocessedPseudogene	78
VASA published, mouse	256	single	MiscRna	62
VASA published, mouse	256	single	tRNA	57
VASA published, mouse	256	single	PolymorphicPseudogene	55
VASA published, mouse	256	single	snRNA	33
VASA published, mouse	256	single	scaRNA	25
VASA published, mouse	256	single	rRNA	15
VASA published, mouse	256	single	MtTrna	13
VASA published, mouse	256	single	UnitaryPseudogene	13
VASA published, mouse	256	single	MtRrna	8
VASA published, mouse	256	single	pseudogene	5
VASA published, mouse	258	multi	ProteinCoding	26218
VASA published, mouse	258	multi	ProcessedPseudogene	12240
VASA published, mouse	258	multi	lncRNA	2898
VASA published, mouse	258	multi	MiscRna	2824
VASA published, mouse	258	multi	UnprocessedPseudogene	2086
VASA published, mouse	258	multi	TranscribedProcessedPseudogene	1826
VASA published, mouse	258	multi	TranscribedUnprocessedPseudogene	976
VASA published, mouse	258	multi	miRNA	918
VASA published, mouse	258	multi	snoRNA	465
VASA published, mouse	258	multi	snRNA	96
VASA published, mouse	258	multi	TEC	71
VASA published, mouse	258	multi	ribozyme	53
VASA published, mouse	258	multi	pseudogene	32
VASA published, mouse	258	multi	TranscribedUnitaryPseudogene	31
VASA published, mouse	258	multi	PolymorphicPseudogene	6
VASA published, mouse	258	multi	UnitaryPseudogene	4
VASA published, mouse	258	multi	rRNA	3
VASA published, mouse	258	multi	tRNA	2
VASA published, mouse	258	multi	IgVPseudogene	1
VASA published, mouse	258	multi	MtRrna	1
VASA published, mouse	258	single	ProteinCoding	250027
VASA published, mouse	258	single	lncRNA	8386
VASA published, mouse	258	single	ribozyme	891
VASA published, mouse	258	single	TEC	816
VASA published, mouse	258	single	ProcessedPseudogene	633
VASA published, mouse	258	single	snoRNA	515
VASA published, mouse	258	single	miRNA	310
VASA published, mouse	258	single	TranscribedUnprocessedPseudogene	229
VASA published, mouse	258	single	TranscribedProcessedPseudogene	157
VASA published, mouse	258	single	TranscribedUnitaryPseudogene	157
VASA published, mouse	258	single	UnprocessedPseudogene	131
VASA published, mouse	258	single	MiscRna	47
VASA published, mouse	258	single	PolymorphicPseudogene	42
VASA published, mouse	258	single	scaRNA	22
VASA published, mouse	258	single	snRNA	21
VASA published, mouse	258	single	UnitaryPseudogene	16
VASA published, mouse	258	single	tRNA	16
VASA published, mouse	258	single	MtTrna	11
VASA published, mouse	258	single	pseudogene	8
VASA published, mouse	258	single	rRNA	8
VASA published, mouse	258	single	MtRrna	6
VASA published, mouse	258	single	IgVGene	1
VASA published, mouse	260	multi	ProteinCoding	24737
VASA published, mouse	260	multi	ProcessedPseudogene	9075
VASA published, mouse	260	multi	MiscRna	5045
VASA published, mouse	260	multi	UnprocessedPseudogene	2433
VASA published, mouse	260	multi	lncRNA	2131
VASA published, mouse	260	multi	TranscribedProcessedPseudogene	1566
VASA published, mouse	260	multi	miRNA	1387
VASA published, mouse	260	multi	TranscribedUnprocessedPseudogene	509
VASA published, mouse	260	multi	snoRNA	452
VASA published, mouse	260	multi	snRNA	273
VASA published, mouse	260	multi	TEC	58
VASA published, mouse	260	multi	tRNA	20
VASA published, mouse	260	multi	ribozyme	19
VASA published, mouse	260	multi	TranscribedUnitaryPseudogene	17
VASA published, mouse	260	multi	pseudogene	14
VASA published, mouse	260	multi	PolymorphicPseudogene	6
VASA published, mouse	260	multi	rRNA	4
VASA published, mouse	260	multi	MtRrna	3
VASA published, mouse	260	multi	TrVGene	2
VASA published, mouse	260	multi	UnitaryPseudogene	2
VASA published, mouse	260	multi	MtTrna	1
VASA published, mouse	260	single	ProteinCoding	179599
VASA published, mouse	260	single	lncRNA	4678
VASA published, mouse	260	single	ribozyme	672
VASA published, mouse	260	single	ProcessedPseudogene	460
VASA published, mouse	260	single	TEC	412
VASA published, mouse	260	single	snoRNA	364
VASA published, mouse	260	single	miRNA	170
VASA published, mouse	260	single	TranscribedProcessedPseudogene	139
VASA published, mouse	260	single	TranscribedUnprocessedPseudogene	97
VASA published, mouse	260	single	UnprocessedPseudogene	92
VASA published, mouse	260	single	snRNA	89
VASA published, mouse	260	single	MiscRna	61
VASA published, mouse	260	single	TranscribedUnitaryPseudogene	52
VASA published, mouse	260	single	PolymorphicPseudogene	40
VASA published, mouse	260	single	scaRNA	36
VASA published, mouse	260	single	MtRrna	16
VASA published, mouse	260	single	tRNA	16
VASA published, mouse	260	single	UnitaryPseudogene	9
VASA published, mouse	260	single	rRNA	8
VASA published, mouse	260	single	MtTrna	2
VASA published, mouse	260	single	pseudogene	1
VASA published, mouse	262	multi	ProteinCoding	15751
VASA published, mouse	262	multi	ProcessedPseudogene	7236
VASA published, mouse	262	multi	UnprocessedPseudogene	1659
VASA published, mouse	262	multi	lncRNA	1429
VASA published, mouse	262	multi	TranscribedProcessedPseudogene	1180
VASA published, mouse	262	multi	MiscRna	826
VASA published, mouse	262	multi	miRNA	336
VASA published, mouse	262	multi	TranscribedUnprocessedPseudogene	321
VASA published, mouse	262	multi	snoRNA	143
VASA published, mouse	262	multi	snRNA	51
VASA published, mouse	262	multi	TEC	44
VASA published, mouse	262	multi	pseudogene	28
VASA published, mouse	262	multi	TranscribedUnitaryPseudogene	18
VASA published, mouse	262	multi	ribozyme	14
VASA published, mouse	262	multi	PolymorphicPseudogene	4
VASA published, mouse	262	multi	UnitaryPseudogene	3
VASA published, mouse	262	multi	MtTrna	2
VASA published, mouse	262	multi	rRNA	1
VASA published, mouse	262	multi	tRNA	1
VASA published, mouse	262	single	ProteinCoding	117194
VASA published, mouse	262	single	lncRNA	3942
VASA published, mouse	262	single	ProcessedPseudogene	399
VASA published, mouse	262	single	TEC	348
VASA published, mouse	262	single	ribozyme	235
VASA published, mouse	262	single	miRNA	162
VASA published, mouse	262	single	snoRNA	159
VASA published, mouse	262	single	TranscribedProcessedPseudogene	82
VASA published, mouse	262	single	TranscribedUnprocessedPseudogene	58
VASA published, mouse	262	single	TranscribedUnitaryPseudogene	47
VASA published, mouse	262	single	PolymorphicPseudogene	42
VASA published, mouse	262	single	MiscRna	25
VASA published, mouse	262	single	scaRNA	20
VASA published, mouse	262	single	UnprocessedPseudogene	19
VASA published, mouse	262	single	snRNA	17
VASA published, mouse	262	single	tRNA	9
VASA published, mouse	262	single	MtTrna	5
VASA published, mouse	262	single	pseudogene	4
VASA published, mouse	262	single	rRNA	4
VASA published, mouse	262	single	MtRrna	2
VASA published, mouse	263	multi	ProteinCoding	17230
VASA published, mouse	263	multi	ProcessedPseudogene	7392
VASA published, mouse	263	multi	MiscRna	1755
VASA published, mouse	263	multi	lncRNA	1600
VASA published, mouse	263	multi	UnprocessedPseudogene	1496
VASA published, mouse	263	multi	TranscribedProcessedPseudogene	1088
VASA published, mouse	263	multi	miRNA	707
VASA published, mouse	263	multi	TranscribedUnprocessedPseudogene	565
VASA published, mouse	263	multi	snoRNA	204
VASA published, mouse	263	multi	TEC	56
VASA published, mouse	263	multi	snRNA	47
VASA published, mouse	263	multi	TranscribedUnitaryPseudogene	29
VASA published, mouse	263	multi	ribozyme	21
VASA published, mouse	263	multi	pseudogene	20
VASA published, mouse	263	multi	tRNA	5
VASA published, mouse	263	multi	PolymorphicPseudogene	3
VASA published, mouse	263	multi	MtRrna	2
VASA published, mouse	263	multi	MtTrna	2
VASA published, mouse	263	multi	UnitaryPseudogene	2
VASA published, mouse	263	single	ProteinCoding	145100
VASA published, mouse	263	single	lncRNA	3127
VASA published, mouse	263	single	TEC	352
VASA published, mouse	263	single	ribozyme	344
VASA published, mouse	263	single	ProcessedPseudogene	341
VASA published, mouse	263	single	snoRNA	279
VASA published, mouse	263	single	miRNA	192
VASA published, mouse	263	single	TranscribedUnprocessedPseudogene	126
VASA published, mouse	263	single	TranscribedProcessedPseudogene	63
VASA published, mouse	263	single	TranscribedUnitaryPseudogene	59
VASA published, mouse	263	single	UnprocessedPseudogene	57
VASA published, mouse	263	single	PolymorphicPseudogene	47
VASA published, mouse	263	single	scaRNA	43
VASA published, mouse	263	single	MiscRna	35
VASA published, mouse	263	single	snRNA	16
VASA published, mouse	263	single	MtRrna	12
VASA published, mouse	263	single	MtTrna	5
VASA published, mouse	263	single	UnitaryPseudogene	4
VASA published, mouse	263	single	rRNA	2
VASA published, mouse	263	single	tRNA	2
VASA published, mouse	266	multi	ProteinCoding	76049
VASA published, mouse	266	multi	MiscRna	30832
VASA published, mouse	266	multi	ProcessedPseudogene	24178
VASA published, mouse	266	multi	lncRNA	5769
VASA published, mouse	266	multi	miRNA	4887
VASA published, mouse	266	multi	TranscribedProcessedPseudogene	3395
VASA published, mouse	266	multi	snoRNA	2691
VASA published, mouse	266	multi	UnprocessedPseudogene	2666
VASA published, mouse	266	multi	TranscribedUnprocessedPseudogene	1653
VASA published, mouse	266	multi	snRNA	1166
VASA published, mouse	266	multi	ribozyme	193
VASA published, mouse	266	multi	TEC	155
VASA published, mouse	266	multi	pseudogene	95
VASA published, mouse	266	multi	TranscribedUnitaryPseudogene	37
VASA published, mouse	266	multi	tRNA	27
VASA published, mouse	266	multi	MtTrna	11
VASA published, mouse	266	multi	PolymorphicPseudogene	6
VASA published, mouse	266	multi	UnitaryPseudogene	5
VASA published, mouse	266	multi	MtRrna	4
VASA published, mouse	266	multi	TrVGene	1
VASA published, mouse	266	single	ProteinCoding	522299
VASA published, mouse	266	single	lncRNA	20105
VASA published, mouse	266	single	ribozyme	5755
VASA published, mouse	266	single	snoRNA	2214
VASA published, mouse	266	single	TEC	1476
VASA published, mouse	266	single	ProcessedPseudogene	1461
VASA published, mouse	266	single	miRNA	488
VASA published, mouse	266	single	snRNA	456
VASA published, mouse	266	single	TranscribedUnprocessedPseudogene	389
VASA published, mouse	266	single	TranscribedProcessedPseudogene	357
VASA published, mouse	266	single	MiscRna	329
VASA published, mouse	266	single	UnprocessedPseudogene	215
VASA published, mouse	266	single	scaRNA	209
VASA published, mouse	266	single	TranscribedUnitaryPseudogene	91
VASA published, mouse	266	single	PolymorphicPseudogene	79
VASA published, mouse	266	single	MtTrna	31
VASA published, mouse	266	single	UnitaryPseudogene	30
VASA published, mouse	266	single	tRNA	20
VASA published, mouse	266	single	MtRrna	13
VASA published, mouse	266	single	pseudogene	8
VASA published, mouse	266	single	rRNA	6
VASA published, mouse	268	multi	ProteinCoding	19764
VASA published, mouse	268	multi	ProcessedPseudogene	9750
VASA published, mouse	268	multi	UnprocessedPseudogene	2201
VASA published, mouse	268	multi	lncRNA	2017
VASA published, mouse	268	multi	TranscribedProcessedPseudogene	1177
VASA published, mouse	268	multi	MiscRna	827
VASA published, mouse	268	multi	TranscribedUnprocessedPseudogene	599
VASA published, mouse	268	multi	miRNA	445
VASA published, mouse	268	multi	snoRNA	123
VASA published, mouse	268	multi	TEC	59
VASA published, mouse	268	multi	ribozyme	28
VASA published, mouse	268	multi	TranscribedUnitaryPseudogene	22
VASA published, mouse	268	multi	snRNA	22
VASA published, mouse	268	multi	pseudogene	16
VASA published, mouse	268	multi	tRNA	2
VASA published, mouse	268	multi	MtRrna	1
VASA published, mouse	268	multi	MtTrna	1
VASA published, mouse	268	multi	UnitaryPseudogene	1
VASA published, mouse	268	single	ProteinCoding	127357
VASA published, mouse	268	single	lncRNA	3944
VASA published, mouse	268	single	ProcessedPseudogene	422
VASA published, mouse	268	single	TEC	339
VASA published, mouse	268	single	snoRNA	242
VASA published, mouse	268	single	ribozyme	204
VASA published, mouse	268	single	miRNA	167
VASA published, mouse	268	single	TranscribedProcessedPseudogene	142
VASA published, mouse	268	single	TranscribedUnprocessedPseudogene	136
VASA published, mouse	268	single	TranscribedUnitaryPseudogene	73
VASA published, mouse	268	single	UnprocessedPseudogene	52
VASA published, mouse	268	single	PolymorphicPseudogene	26
VASA published, mouse	268	single	scaRNA	23
VASA published, mouse	268	single	MiscRna	19
VASA published, mouse	268	single	tRNA	14
VASA published, mouse	268	single	UnitaryPseudogene	10
VASA published, mouse	268	single	MtRrna	8
VASA published, mouse	268	single	snRNA	8
VASA published, mouse	268	single	IgVPseudogene	3
VASA published, mouse	268	single	MtTrna	1
VASA published, mouse	268	single	rRNA	1
VASA published, mouse	270	multi	ProteinCoding	25222
VASA published, mouse	270	multi	ProcessedPseudogene	11134
VASA published, mouse	270	multi	MiscRna	3812
VASA published, mouse	270	multi	UnprocessedPseudogene	2502
VASA published, mouse	270	multi	lncRNA	2414
VASA published, mouse	270	multi	TranscribedProcessedPseudogene	1564
VASA published, mouse	270	multi	miRNA	1005
VASA published, mouse	270	multi	TranscribedUnprocessedPseudogene	577
VASA published, mouse	270	multi	snoRNA	429
VASA published, mouse	270	multi	snRNA	167
VASA published, mouse	270	multi	ribozyme	76
VASA published, mouse	270	multi	TEC	49
VASA published, mouse	270	multi	TranscribedUnitaryPseudogene	47
VASA published, mouse	270	multi	pseudogene	14
VASA published, mouse	270	multi	MtTrna	7
VASA published, mouse	270	multi	PolymorphicPseudogene	6
VASA published, mouse	270	multi	tRNA	2
VASA published, mouse	270	multi	TrVGene	1
VASA published, mouse	270	multi	UnitaryPseudogene	1
VASA published, mouse	270	single	ProteinCoding	188567
VASA published, mouse	270	single	lncRNA	5637
VASA published, mouse	270	single	TEC	622
VASA published, mouse	270	single	ribozyme	599
VASA published, mouse	270	single	snoRNA	559
VASA published, mouse	270	single	ProcessedPseudogene	529
VASA published, mouse	270	single	miRNA	187
VASA published, mouse	270	single	TranscribedProcessedPseudogene	162
VASA published, mouse	270	single	TranscribedUnprocessedPseudogene	160
VASA published, mouse	270	single	UnprocessedPseudogene	82
VASA published, mouse	270	single	TranscribedUnitaryPseudogene	53
VASA published, mouse	270	single	snRNA	48
VASA published, mouse	270	single	MiscRna	45
VASA published, mouse	270	single	PolymorphicPseudogene	36
VASA published, mouse	270	single	scaRNA	32
VASA published, mouse	270	single	tRNA	26
VASA published, mouse	270	single	MtRrna	11
VASA published, mouse	270	single	MtTrna	4
VASA published, mouse	270	single	UnitaryPseudogene	2
VASA published, mouse	270	single	rRNA	2
VASA published, mouse	272	multi	ProteinCoding	21147
VASA published, mouse	272	multi	ProcessedPseudogene	8913
VASA published, mouse	272	multi	MiscRna	3115
VASA published, mouse	272	multi	lncRNA	2129
VASA published, mouse	272	multi	UnprocessedPseudogene	1864
VASA published, mouse	272	multi	TranscribedProcessedPseudogene	1266
VASA published, mouse	272	multi	miRNA	953
VASA published, mouse	272	multi	TranscribedUnprocessedPseudogene	585
VASA published, mouse	272	multi	snoRNA	344
VASA published, mouse	272	multi	snRNA	97
VASA published, mouse	272	multi	TEC	73
VASA published, mouse	272	multi	ribozyme	53
VASA published, mouse	272	multi	pseudogene	18
VASA published, mouse	272	multi	TranscribedUnitaryPseudogene	17
VASA published, mouse	272	multi	UnitaryPseudogene	4
VASA published, mouse	272	multi	MtTrna	3
VASA published, mouse	272	multi	rRNA	1
VASA published, mouse	272	single	ProteinCoding	176620
VASA published, mouse	272	single	lncRNA	5842
VASA published, mouse	272	single	ribozyme	586
VASA published, mouse	272	single	TEC	540
VASA published, mouse	272	single	ProcessedPseudogene	469
VASA published, mouse	272	single	snoRNA	337
VASA published, mouse	272	single	miRNA	185
VASA published, mouse	272	single	TranscribedUnprocessedPseudogene	139
VASA published, mouse	272	single	TranscribedProcessedPseudogene	114
VASA published, mouse	272	single	TranscribedUnitaryPseudogene	61
VASA published, mouse	272	single	UnprocessedPseudogene	50
VASA published, mouse	272	single	MiscRna	40
VASA published, mouse	272	single	scaRNA	28
VASA published, mouse	272	single	snRNA	18
VASA published, mouse	272	single	tRNA	14
VASA published, mouse	272	single	PolymorphicPseudogene	11
VASA published, mouse	272	single	MtTrna	9
VASA published, mouse	272	single	pseudogene	6
VASA published, mouse	272	single	MtRrna	3
VASA published, mouse	272	single	UnitaryPseudogene	3
VASA published, mouse	272	single	rRNA	3
VASA published, mouse	272	single	IgVGene	1
VASA published, mouse	274	multi	ProteinCoding	13764
VASA published, mouse	274	multi	ProcessedPseudogene	6372
VASA published, mouse	274	multi	MiscRna	1599
VASA published, mouse	274	multi	lncRNA	1521
VASA published, mouse	274	multi	UnprocessedPseudogene	1217
VASA published, mouse	274	multi	TranscribedProcessedPseudogene	896
VASA published, mouse	274	multi	miRNA	514
VASA published, mouse	274	multi	TranscribedUnprocessedPseudogene	248
VASA published, mouse	274	multi	snoRNA	215
VASA published, mouse	274	multi	snRNA	83
VASA published, mouse	274	multi	TEC	25
VASA published, mouse	274	multi	ribozyme	24
VASA published, mouse	274	multi	pseudogene	23
VASA published, mouse	274	multi	UnitaryPseudogene	11
VASA published, mouse	274	multi	TranscribedUnitaryPseudogene	10
VASA published, mouse	274	multi	tRNA	5
VASA published, mouse	274	multi	PolymorphicPseudogene	2
VASA published, mouse	274	single	ProteinCoding	103016
VASA published, mouse	274	single	lncRNA	3123
VASA published, mouse	274	single	ribozyme	424
VASA published, mouse	274	single	TEC	332
VASA published, mouse	274	single	ProcessedPseudogene	330
VASA published, mouse	274	single	snoRNA	237
VASA published, mouse	274	single	miRNA	144
VASA published, mouse	274	single	UnprocessedPseudogene	77
VASA published, mouse	274	single	TranscribedUnprocessedPseudogene	66
VASA published, mouse	274	single	TranscribedProcessedPseudogene	49
VASA published, mouse	274	single	scaRNA	36
VASA published, mouse	274	single	MiscRna	31
VASA published, mouse	274	single	snRNA	25
VASA published, mouse	274	single	TranscribedUnitaryPseudogene	8
VASA published, mouse	274	single	PolymorphicPseudogene	5
VASA published, mouse	274	single	tRNA	5
VASA published, mouse	274	single	pseudogene	4
VASA published, mouse	274	single	MtTrna	3
VASA published, mouse	274	single	UnitaryPseudogene	2
VASA published, mouse	274	single	MtRrna	1
VASA published, mouse	276	multi	ProteinCoding	46016
VASA published, mouse	276	multi	ProcessedPseudogene	16929
VASA published, mouse	276	multi	MiscRna	13129
VASA published, mouse	276	multi	lncRNA	4798
VASA published, mouse	276	multi	UnprocessedPseudogene	2930
VASA published, mouse	276	multi	miRNA	2711
VASA published, mouse	276	multi	TranscribedProcessedPseudogene	2324
VASA published, mouse	276	multi	TranscribedUnprocessedPseudogene	1216
VASA published, mouse	276	multi	snoRNA	1088
VASA published, mouse	276	multi	snRNA	501
VASA published, mouse	276	multi	ribozyme	103
VASA published, mouse	276	multi	TEC	98
VASA published, mouse	276	multi	pseudogene	29
VASA published, mouse	276	multi	TranscribedUnitaryPseudogene	25
VASA published, mouse	276	multi	tRNA	22
VASA published, mouse	276	multi	MtTrna	3
VASA published, mouse	276	multi	UnitaryPseudogene	3
VASA published, mouse	276	multi	MtRrna	1
VASA published, mouse	276	multi	PolymorphicPseudogene	1
VASA published, mouse	276	multi	rRNA	1
VASA published, mouse	276	single	ProteinCoding	390795
VASA published, mouse	276	single	lncRNA	15284
VASA published, mouse	276	single	ribozyme	2685
VASA published, mouse	276	single	snoRNA	1336
VASA published, mouse	276	single	TEC	1300
VASA published, mouse	276	single	ProcessedPseudogene	969
VASA published, mouse	276	single	miRNA	535
VASA published, mouse	276	single	TranscribedUnprocessedPseudogene	360
VASA published, mouse	276	single	MiscRna	261
VASA published, mouse	276	single	snRNA	188
VASA published, mouse	276	single	TranscribedProcessedPseudogene	178
VASA published, mouse	276	single	scaRNA	130
VASA published, mouse	276	single	UnprocessedPseudogene	110
VASA published, mouse	276	single	PolymorphicPseudogene	63
VASA published, mouse	276	single	TranscribedUnitaryPseudogene	58
VASA published, mouse	276	single	tRNA	25
VASA published, mouse	276	single	UnitaryPseudogene	21
VASA published, mouse	276	single	rRNA	11
VASA published, mouse	276	single	MtTrna	8
VASA published, mouse	276	single	MtRrna	7
VASA published, mouse	276	single	pseudogene	4
VASA published, mouse	278	multi	ProteinCoding	8758
VASA published, mouse	278	multi	ProcessedPseudogene	3887
VASA published, mouse	278	multi	UnprocessedPseudogene	926
VASA published, mouse	278	multi	lncRNA	833
VASA published, mouse	278	multi	MiscRna	550
VASA published, mouse	278	multi	TranscribedProcessedPseudogene	501
VASA published, mouse	278	multi	TranscribedUnprocessedPseudogene	291
VASA published, mouse	278	multi	miRNA	184
VASA published, mouse	278	multi	snoRNA	54
VASA published, mouse	278	multi	TEC	49
VASA published, mouse	278	multi	ribozyme	27
VASA published, mouse	278	multi	pseudogene	20
VASA published, mouse	278	multi	snRNA	19
VASA published, mouse	278	multi	MtTrna	6
VASA published, mouse	278	multi	PolymorphicPseudogene	2
VASA published, mouse	278	multi	UnitaryPseudogene	2
VASA published, mouse	278	multi	tRNA	2
VASA published, mouse	278	multi	TranscribedUnitaryPseudogene	1
VASA published, mouse	278	multi	rRNA	1
VASA published, mouse	278	multi	scaRNA	1
VASA published, mouse	278	single	ProteinCoding	64012
VASA published, mouse	278	single	lncRNA	2100
VASA published, mouse	278	single	ProcessedPseudogene	210
VASA published, mouse	278	single	TEC	182
VASA published, mouse	278	single	snoRNA	158
VASA published, mouse	278	single	ribozyme	145
VASA published, mouse	278	single	miRNA	76
VASA published, mouse	278	single	TranscribedProcessedPseudogene	67
VASA published, mouse	278	single	TranscribedUnprocessedPseudogene	43
VASA published, mouse	278	single	TranscribedUnitaryPseudogene	41
VASA published, mouse	278	single	UnprocessedPseudogene	28
VASA published, mouse	278	single	PolymorphicPseudogene	24
VASA published, mouse	278	single	scaRNA	19
VASA published, mouse	278	single	snRNA	10
VASA published, mouse	278	single	MiscRna	8
VASA published, mouse	278	single	MtRrna	5
VASA published, mouse	278	single	tRNA	3
VASA published, mouse	278	single	UnitaryPseudogene	2
VASA published, mouse	278	single	MtTrna	1
VASA published, mouse	280	multi	ProteinCoding	2028
VASA published, mouse	280	multi	ProcessedPseudogene	640
VASA published, mouse	280	multi	UnprocessedPseudogene	307
VASA published, mouse	280	multi	lncRNA	173
VASA published, mouse	280	multi	MiscRna	118
VASA published, mouse	280	multi	TranscribedProcessedPseudogene	79
VASA published, mouse	280	multi	TranscribedUnprocessedPseudogene	65
VASA published, mouse	280	multi	miRNA	60
VASA published, mouse	280	multi	snoRNA	10
VASA published, mouse	280	multi	ribozyme	7
VASA published, mouse	280	multi	TEC	6
VASA published, mouse	280	multi	TranscribedUnitaryPseudogene	2
VASA published, mouse	280	multi	UnitaryPseudogene	1
VASA published, mouse	280	multi	snRNA	1
VASA published, mouse	280	multi	tRNA	1
VASA published, mouse	280	single	ProteinCoding	15852
VASA published, mouse	280	single	lncRNA	680
VASA published, mouse	280	single	TEC	50
VASA published, mouse	280	single	snoRNA	38
VASA published, mouse	280	single	ribozyme	30
VASA published, mouse	280	single	miRNA	28
VASA published, mouse	280	single	ProcessedPseudogene	24
VASA published, mouse	280	single	TranscribedUnprocessedPseudogene	12
VASA published, mouse	280	single	TranscribedProcessedPseudogene	11
VASA published, mouse	280	single	MiscRna	5
VASA published, mouse	280	single	PolymorphicPseudogene	5
VASA published, mouse	280	single	MtTrna	4
VASA published, mouse	280	single	UnitaryPseudogene	3
VASA published, mouse	280	single	UnprocessedPseudogene	2
VASA published, mouse	280	single	scaRNA	2
VASA published, mouse	280	single	snRNA	2
VASA published, mouse	282	multi	ProteinCoding	32191
VASA published, mouse	282	multi	ProcessedPseudogene	14726
VASA published, mouse	282	multi	MiscRna	3611
VASA published, mouse	282	multi	lncRNA	3576
VASA published, mouse	282	multi	UnprocessedPseudogene	2711
VASA published, mouse	282	multi	TranscribedProcessedPseudogene	1971
VASA published, mouse	282	multi	miRNA	1172
VASA published, mouse	282	multi	TranscribedUnprocessedPseudogene	1169
VASA published, mouse	282	multi	snoRNA	653
VASA published, mouse	282	multi	snRNA	140
VASA published, mouse	282	multi	ribozyme	82
VASA published, mouse	282	multi	TEC	63
VASA published, mouse	282	multi	pseudogene	46
VASA published, mouse	282	multi	TranscribedUnitaryPseudogene	38
VASA published, mouse	282	multi	PolymorphicPseudogene	10
VASA published, mouse	282	multi	tRNA	8
VASA published, mouse	282	multi	UnitaryPseudogene	4
VASA published, mouse	282	multi	IgVPseudogene	1
VASA published, mouse	282	multi	MtRrna	1
VASA published, mouse	282	single	ProteinCoding	299544
VASA published, mouse	282	single	lncRNA	10849
VASA published, mouse	282	single	ribozyme	1080
VASA published, mouse	282	single	TEC	875
VASA published, mouse	282	single	ProcessedPseudogene	793
VASA published, mouse	282	single	snoRNA	689
VASA published, mouse	282	single	miRNA	458
VASA published, mouse	282	single	TranscribedUnprocessedPseudogene	218
VASA published, mouse	282	single	TranscribedProcessedPseudogene	188
VASA published, mouse	282	single	MiscRna	152
VASA published, mouse	282	single	UnprocessedPseudogene	128
VASA published, mouse	282	single	TranscribedUnitaryPseudogene	69
VASA published, mouse	282	single	PolymorphicPseudogene	59
VASA published, mouse	282	single	scaRNA	56
VASA published, mouse	282	single	snRNA	52
VASA published, mouse	282	single	UnitaryPseudogene	40
VASA published, mouse	282	single	rRNA	18
VASA published, mouse	282	single	tRNA	13
VASA published, mouse	282	single	pseudogene	9
VASA published, mouse	282	single	MtRrna	8
VASA published, mouse	282	single	MtTrna	7
VASA published, mouse	284	multi	ProteinCoding	21558
VASA published, mouse	284	multi	ProcessedPseudogene	9329
VASA published, mouse	284	multi	UnprocessedPseudogene	2338
VASA published, mouse	284	multi	lncRNA	1844
VASA published, mouse	284	multi	MiscRna	1446
VASA published, mouse	284	multi	TranscribedProcessedPseudogene	1322
VASA published, mouse	284	multi	miRNA	589
VASA published, mouse	284	multi	TranscribedUnprocessedPseudogene	519
VASA published, mouse	284	multi	snoRNA	267
VASA published, mouse	284	multi	pseudogene	63
VASA published, mouse	284	multi	TranscribedUnitaryPseudogene	53
VASA published, mouse	284	multi	TEC	48
VASA published, mouse	284	multi	ribozyme	43
VASA published, mouse	284	multi	snRNA	29
VASA published, mouse	284	multi	UnitaryPseudogene	7
VASA published, mouse	284	multi	MtTrna	6
VASA published, mouse	284	multi	tRNA	4
VASA published, mouse	284	multi	MtRrna	1
VASA published, mouse	284	multi	PolymorphicPseudogene	1
VASA published, mouse	284	multi	TrVGene	1
VASA published, mouse	284	single	ProteinCoding	165644
VASA published, mouse	284	single	lncRNA	6076
VASA published, mouse	284	single	TEC	531
VASA published, mouse	284	single	ProcessedPseudogene	460
VASA published, mouse	284	single	ribozyme	386
VASA published, mouse	284	single	miRNA	266
VASA published, mouse	284	single	snoRNA	250
VASA published, mouse	284	single	TranscribedUnprocessedPseudogene	139
VASA published, mouse	284	single	TranscribedProcessedPseudogene	117
VASA published, mouse	284	single	TranscribedUnitaryPseudogene	67
VASA published, mouse	284	single	UnprocessedPseudogene	62
VASA published, mouse	284	single	PolymorphicPseudogene	60
VASA published, mouse	284	single	MiscRna	35
VASA published, mouse	284	single	snRNA	21
VASA published, mouse	284	single	scaRNA	18
VASA published, mouse	284	single	UnitaryPseudogene	9
VASA published, mouse	284	single	tRNA	9
VASA published, mouse	284	single	MtTrna	5
VASA published, mouse	284	single	rRNA	3
VASA published, mouse	284	single	TrVPseudogene	2
VASA published, mouse	284	single	pseudogene	2
VASA published, mouse	284	single	MtRrna	1
VASA published, mouse	286	multi	ProteinCoding	30005
VASA published, mouse	286	multi	ProcessedPseudogene	12973
VASA published, mouse	286	multi	UnprocessedPseudogene	3891
VASA published, mouse	286	multi	lncRNA	2901
VASA published, mouse	286	multi	MiscRna	2182
VASA published, mouse	286	multi	TranscribedProcessedPseudogene	1952
VASA published, mouse	286	multi	TranscribedUnprocessedPseudogene	940
VASA published, mouse	286	multi	miRNA	897
VASA published, mouse	286	multi	snoRNA	366
VASA published, mouse	286	multi	TEC	113
VASA published, mouse	286	multi	snRNA	101
VASA published, mouse	286	multi	TranscribedUnitaryPseudogene	43
VASA published, mouse	286	multi	pseudogene	33
VASA published, mouse	286	multi	ribozyme	24
VASA published, mouse	286	multi	PolymorphicPseudogene	13
VASA published, mouse	286	multi	MtTrna	9
VASA published, mouse	286	multi	UnitaryPseudogene	4
VASA published, mouse	286	multi	tRNA	4
VASA published, mouse	286	multi	MtRrna	2
VASA published, mouse	286	multi	scaRNA	1
VASA published, mouse	286	single	ProteinCoding	219507
VASA published, mouse	286	single	lncRNA	6369
VASA published, mouse	286	single	TEC	698
VASA published, mouse	286	single	ProcessedPseudogene	640
VASA published, mouse	286	single	ribozyme	518
VASA published, mouse	286	single	miRNA	413
VASA published, mouse	286	single	snoRNA	372
VASA published, mouse	286	single	TranscribedUnitaryPseudogene	276
VASA published, mouse	286	single	TranscribedUnprocessedPseudogene	177
VASA published, mouse	286	single	TranscribedProcessedPseudogene	152
VASA published, mouse	286	single	UnprocessedPseudogene	128
VASA published, mouse	286	single	MiscRna	75
VASA published, mouse	286	single	snRNA	59
VASA published, mouse	286	single	scaRNA	38
VASA published, mouse	286	single	PolymorphicPseudogene	30
VASA published, mouse	286	single	MtTrna	26
VASA published, mouse	286	single	tRNA	17
VASA published, mouse	286	single	MtRrna	14
VASA published, mouse	286	single	pseudogene	5
VASA published, mouse	286	single	rRNA	5
VASA published, mouse	286	single	UnitaryPseudogene	2
VASA published, mouse	287	multi	ProteinCoding	62388
VASA published, mouse	287	multi	ProcessedPseudogene	29630
VASA published, mouse	287	multi	UnprocessedPseudogene	7160
VASA published, mouse	287	multi	lncRNA	5995
VASA published, mouse	287	multi	TranscribedProcessedPseudogene	4102
VASA published, mouse	287	multi	MiscRna	4080
VASA published, mouse	287	multi	TranscribedUnprocessedPseudogene	2082
VASA published, mouse	287	multi	miRNA	1584
VASA published, mouse	287	multi	snoRNA	765
VASA published, mouse	287	multi	TEC	292
VASA published, mouse	287	multi	snRNA	215
VASA published, mouse	287	multi	ribozyme	125
VASA published, mouse	287	multi	pseudogene	74
VASA published, mouse	287	multi	TranscribedUnitaryPseudogene	61
VASA published, mouse	287	multi	MtRrna	16
VASA published, mouse	287	multi	tRNA	13
VASA published, mouse	287	multi	UnitaryPseudogene	11
VASA published, mouse	287	multi	PolymorphicPseudogene	2
VASA published, mouse	287	multi	rRNA	2
VASA published, mouse	287	multi	MtTrna	1
VASA published, mouse	287	single	ProteinCoding	506013
VASA published, mouse	287	single	lncRNA	15062
VASA published, mouse	287	single	ProcessedPseudogene	1481
VASA published, mouse	287	single	TEC	1314
VASA published, mouse	287	single	ribozyme	1068
VASA published, mouse	287	single	snoRNA	880
VASA published, mouse	287	single	miRNA	819
VASA published, mouse	287	single	TranscribedUnprocessedPseudogene	484
VASA published, mouse	287	single	TranscribedProcessedPseudogene	297
VASA published, mouse	287	single	TranscribedUnitaryPseudogene	295
VASA published, mouse	287	single	UnprocessedPseudogene	292
VASA published, mouse	287	single	MiscRna	111
VASA published, mouse	287	single	PolymorphicPseudogene	83
VASA published, mouse	287	single	snRNA	80
VASA published, mouse	287	single	scaRNA	63
VASA published, mouse	287	single	tRNA	31
VASA published, mouse	287	single	MtRrna	26
VASA published, mouse	287	single	UnitaryPseudogene	10
VASA published, mouse	287	single	MtTrna	9
VASA published, mouse	287	single	pseudogene	7
VASA published, mouse	287	single	rRNA	7
VASA published, mouse	287	single	IgVPseudogene	2
VASA published, mouse	290	multi	ProteinCoding	8462
VASA published, mouse	290	multi	ProcessedPseudogene	4106
VASA published, mouse	290	multi	lncRNA	874
VASA published, mouse	290	multi	UnprocessedPseudogene	807
VASA published, mouse	290	multi	TranscribedProcessedPseudogene	696
VASA published, mouse	290	multi	MiscRna	527
VASA published, mouse	290	multi	miRNA	231
VASA published, mouse	290	multi	TranscribedUnprocessedPseudogene	111
VASA published, mouse	290	multi	snoRNA	46
VASA published, mouse	290	multi	TEC	25
VASA published, mouse	290	multi	snRNA	16
VASA published, mouse	290	multi	TranscribedUnitaryPseudogene	10
VASA published, mouse	290	multi	pseudogene	9
VASA published, mouse	290	multi	ribozyme	9
VASA published, mouse	290	multi	PolymorphicPseudogene	1
VASA published, mouse	290	multi	UnitaryPseudogene	1
VASA published, mouse	290	multi	tRNA	1
VASA published, mouse	290	single	ProteinCoding	46515
VASA published, mouse	290	single	lncRNA	1266
VASA published, mouse	290	single	ProcessedPseudogene	162
VASA published, mouse	290	single	ribozyme	141
VASA published, mouse	290	single	miRNA	125
VASA published, mouse	290	single	TEC	106
VASA published, mouse	290	single	snoRNA	91
VASA published, mouse	290	single	TranscribedProcessedPseudogene	63
VASA published, mouse	290	single	TranscribedUnprocessedPseudogene	16
VASA published, mouse	290	single	TranscribedUnitaryPseudogene	15
VASA published, mouse	290	single	scaRNA	11
VASA published, mouse	290	single	PolymorphicPseudogene	10
VASA published, mouse	290	single	MiscRna	8
VASA published, mouse	290	single	snRNA	8
VASA published, mouse	290	single	UnprocessedPseudogene	4
VASA published, mouse	290	single	tRNA	4
VASA published, mouse	290	single	UnitaryPseudogene	3
VASA published, mouse	292	multi	ProteinCoding	6349
VASA published, mouse	292	multi	ProcessedPseudogene	3280
VASA published, mouse	292	multi	lncRNA	598
VASA published, mouse	292	multi	MiscRna	516
VASA published, mouse	292	multi	UnprocessedPseudogene	513
VASA published, mouse	292	multi	TranscribedProcessedPseudogene	488
VASA published, mouse	292	multi	miRNA	141
VASA published, mouse	292	multi	snoRNA	74
VASA published, mouse	292	multi	TranscribedUnprocessedPseudogene	64
VASA published, mouse	292	multi	TranscribedUnitaryPseudogene	24
VASA published, mouse	292	multi	TEC	21
VASA published, mouse	292	multi	snRNA	13
VASA published, mouse	292	multi	ribozyme	10
VASA published, mouse	292	multi	pseudogene	6
VASA published, mouse	292	multi	UnitaryPseudogene	5
VASA published, mouse	292	multi	MtTrna	4
VASA published, mouse	292	multi	tRNA	4
VASA published, mouse	292	multi	IgVGene	1
VASA published, mouse	292	single	ProteinCoding	36738
VASA published, mouse	292	single	lncRNA	1903
VASA published, mouse	292	single	ribozyme	506
VASA published, mouse	292	single	ProcessedPseudogene	147
VASA published, mouse	292	single	snoRNA	125
VASA published, mouse	292	single	TEC	107
VASA published, mouse	292	single	miRNA	97
VASA published, mouse	292	single	TranscribedProcessedPseudogene	58
VASA published, mouse	292	single	MiscRna	27
VASA published, mouse	292	single	TranscribedUnitaryPseudogene	22
VASA published, mouse	292	single	TranscribedUnprocessedPseudogene	13
VASA published, mouse	292	single	UnprocessedPseudogene	10
VASA published, mouse	292	single	MtRrna	7
VASA published, mouse	292	single	scaRNA	5
VASA published, mouse	292	single	MtTrna	4
VASA published, mouse	292	single	PolymorphicPseudogene	4
VASA published, mouse	292	single	snRNA	3
VASA published, mouse	292	single	tRNA	1
VASA published, mouse	294	multi	ProteinCoding	51558
VASA published, mouse	294	multi	ProcessedPseudogene	20468
VASA published, mouse	294	multi	MiscRna	13434
VASA published, mouse	294	multi	lncRNA	4003
VASA published, mouse	294	multi	UnprocessedPseudogene	3412
VASA published, mouse	294	multi	TranscribedProcessedPseudogene	2668
VASA published, mouse	294	multi	miRNA	2231
VASA published, mouse	294	multi	TranscribedUnprocessedPseudogene	1214
VASA published, mouse	294	multi	snoRNA	977
VASA published, mouse	294	multi	snRNA	785
VASA published, mouse	294	multi	TEC	183
VASA published, mouse	294	multi	ribozyme	174
VASA published, mouse	294	multi	TranscribedUnitaryPseudogene	35
VASA published, mouse	294	multi	tRNA	21
VASA published, mouse	294	multi	pseudogene	16
VASA published, mouse	294	multi	MtTrna	9
VASA published, mouse	294	multi	UnitaryPseudogene	9
VASA published, mouse	294	multi	MtRrna	6
VASA published, mouse	294	multi	IgCGene	2
VASA published, mouse	294	multi	PolymorphicPseudogene	2
VASA published, mouse	294	single	ProteinCoding	346871
VASA published, mouse	294	single	lncRNA	12955
VASA published, mouse	294	single	ribozyme	4782
VASA published, mouse	294	single	snoRNA	1362
VASA published, mouse	294	single	ProcessedPseudogene	1003
VASA published, mouse	294	single	TEC	846
VASA published, mouse	294	single	miRNA	550
VASA published, mouse	294	single	snRNA	283
VASA published, mouse	294	single	TranscribedProcessedPseudogene	249
VASA published, mouse	294	single	TranscribedUnprocessedPseudogene	237
VASA published, mouse	294	single	UnprocessedPseudogene	147
VASA published, mouse	294	single	MiscRna	144
VASA published, mouse	294	single	TranscribedUnitaryPseudogene	92
VASA published, mouse	294	single	PolymorphicPseudogene	90
VASA published, mouse	294	single	scaRNA	83
VASA published, mouse	294	single	tRNA	37
VASA published, mouse	294	single	MtRrna	26
VASA published, mouse	294	single	UnitaryPseudogene	18
VASA published, mouse	294	single	MtTrna	15
VASA published, mouse	294	single	rRNA	10
VASA published, mouse	294	single	pseudogene	6
VASA published, mouse	296	multi	ProteinCoding	49366
VASA published, mouse	296	multi	ProcessedPseudogene	20434
VASA published, mouse	296	multi	MiscRna	8883
VASA published, mouse	296	multi	UnprocessedPseudogene	4863
VASA published, mouse	296	multi	lncRNA	4661
VASA published, mouse	296	multi	TranscribedProcessedPseudogene	2784
VASA published, mouse	296	multi	miRNA	2627
VASA published, mouse	296	multi	TranscribedUnprocessedPseudogene	1997
VASA published, mouse	296	multi	snoRNA	1096
VASA published, mouse	296	multi	TEC	537
VASA published, mouse	296	multi	snRNA	524
VASA published, mouse	296	multi	ribozyme	107
VASA published, mouse	296	multi	pseudogene	36
VASA published, mouse	296	multi	TranscribedUnitaryPseudogene	35
VASA published, mouse	296	multi	tRNA	32
VASA published, mouse	296	multi	UnitaryPseudogene	8
VASA published, mouse	296	multi	PolymorphicPseudogene	6
VASA published, mouse	296	multi	IgCGene	5
VASA published, mouse	296	multi	scaRNA	3
VASA published, mouse	296	multi	MtRrna	1
VASA published, mouse	296	multi	MtTrna	1
VASA published, mouse	296	single	ProteinCoding	418567
VASA published, mouse	296	single	lncRNA	11677
VASA published, mouse	296	single	ribozyme	1336
VASA published, mouse	296	single	snoRNA	1165
VASA published, mouse	296	single	TEC	1151
VASA published, mouse	296	single	ProcessedPseudogene	1030
VASA published, mouse	296	single	miRNA	509
VASA published, mouse	296	single	TranscribedUnprocessedPseudogene	420
VASA published, mouse	296	single	TranscribedUnitaryPseudogene	319
VASA published, mouse	296	single	TranscribedProcessedPseudogene	277
VASA published, mouse	296	single	UnprocessedPseudogene	227
VASA published, mouse	296	single	snRNA	176
VASA published, mouse	296	single	MiscRna	121
VASA published, mouse	296	single	scaRNA	87
VASA published, mouse	296	single	PolymorphicPseudogene	65
VASA published, mouse	296	single	tRNA	61
VASA published, mouse	296	single	pseudogene	22
VASA published, mouse	296	single	MtRrna	17
VASA published, mouse	296	single	MtTrna	13
VASA published, mouse	296	single	UnitaryPseudogene	7
VASA published, mouse	296	single	rRNA	6
VASA published, mouse	298	multi	ProteinCoding	4141
VASA published, mouse	298	multi	ProcessedPseudogene	1949
VASA published, mouse	298	multi	lncRNA	465
VASA published, mouse	298	multi	UnprocessedPseudogene	374
VASA published, mouse	298	multi	TranscribedProcessedPseudogene	267
VASA published, mouse	298	multi	MiscRna	131
VASA published, mouse	298	multi	TranscribedUnprocessedPseudogene	116
VASA published, mouse	298	multi	miRNA	86
VASA published, mouse	298	multi	snoRNA	36
VASA published, mouse	298	multi	snRNA	19
VASA published, mouse	298	multi	TEC	16
VASA published, mouse	298	multi	ribozyme	15
VASA published, mouse	298	multi	TranscribedUnitaryPseudogene	7
VASA published, mouse	298	multi	pseudogene	1
VASA published, mouse	298	multi	tRNA	1
VASA published, mouse	298	single	ProteinCoding	32100
VASA published, mouse	298	single	lncRNA	1059
VASA published, mouse	298	single	ProcessedPseudogene	89
VASA published, mouse	298	single	TEC	84
VASA published, mouse	298	single	snoRNA	68
VASA published, mouse	298	single	ribozyme	64
VASA published, mouse	298	single	miRNA	49
VASA published, mouse	298	single	TranscribedUnitaryPseudogene	42
VASA published, mouse	298	single	TranscribedUnprocessedPseudogene	30
VASA published, mouse	298	single	TranscribedProcessedPseudogene	28
VASA published, mouse	298	single	UnprocessedPseudogene	9
VASA published, mouse	298	single	MiscRna	6
VASA published, mouse	298	single	scaRNA	6
VASA published, mouse	298	single	tRNA	5
VASA published, mouse	298	single	MtTrna	2
VASA published, mouse	298	single	PolymorphicPseudogene	1
VASA published, mouse	298	single	snRNA	1
VASA published, mouse	300	multi	ProteinCoding	69995
VASA published, mouse	300	multi	ProcessedPseudogene	23489
VASA published, mouse	300	multi	MiscRna	22957
VASA published, mouse	300	multi	lncRNA	5468
VASA published, mouse	300	multi	UnprocessedPseudogene	4984
VASA published, mouse	300	multi	miRNA	4302
VASA published, mouse	300	multi	TranscribedProcessedPseudogene	3434
VASA published, mouse	300	multi	TranscribedUnprocessedPseudogene	2069
VASA published, mouse	300	multi	snoRNA	2049
VASA published, mouse	300	multi	snRNA	975
VASA published, mouse	300	multi	ribozyme	232
VASA published, mouse	300	multi	TEC	179
VASA published, mouse	300	multi	pseudogene	81
VASA published, mouse	300	multi	TranscribedUnitaryPseudogene	43
VASA published, mouse	300	multi	UnitaryPseudogene	26
VASA published, mouse	300	multi	tRNA	26
VASA published, mouse	300	multi	PolymorphicPseudogene	15
VASA published, mouse	300	multi	MtTrna	6
VASA published, mouse	300	multi	MtRrna	4
VASA published, mouse	300	multi	rRNA	1
VASA published, mouse	300	multi	scaRNA	1
VASA published, mouse	300	single	ProteinCoding	517434
VASA published, mouse	300	single	lncRNA	16256
VASA published, mouse	300	single	ribozyme	3642
VASA published, mouse	300	single	snoRNA	2007
VASA published, mouse	300	single	TEC	1520
VASA published, mouse	300	single	ProcessedPseudogene	1178
VASA published, mouse	300	single	miRNA	568
VASA published, mouse	300	single	TranscribedUnprocessedPseudogene	523
VASA published, mouse	300	single	TranscribedProcessedPseudogene	343
VASA published, mouse	300	single	snRNA	266
VASA published, mouse	300	single	UnprocessedPseudogene	245
VASA published, mouse	300	single	MiscRna	212
VASA published, mouse	300	single	TranscribedUnitaryPseudogene	146
VASA published, mouse	300	single	scaRNA	139
VASA published, mouse	300	single	PolymorphicPseudogene	63
VASA published, mouse	300	single	tRNA	39
VASA published, mouse	300	single	MtRrna	31
VASA published, mouse	300	single	UnitaryPseudogene	24
VASA published, mouse	300	single	MtTrna	19
VASA published, mouse	300	single	pseudogene	15
VASA published, mouse	300	single	rRNA	6
VASA published, mouse	302	multi	ProteinCoding	25897
VASA published, mouse	302	multi	ProcessedPseudogene	12502
VASA published, mouse	302	multi	UnprocessedPseudogene	2738
VASA published, mouse	302	multi	lncRNA	2695
VASA published, mouse	302	multi	TranscribedProcessedPseudogene	1687
VASA published, mouse	302	multi	MiscRna	1273
VASA published, mouse	302	multi	miRNA	563
VASA published, mouse	302	multi	TranscribedUnprocessedPseudogene	541
VASA published, mouse	302	multi	snoRNA	293
VASA published, mouse	302	multi	TranscribedUnitaryPseudogene	60
VASA published, mouse	302	multi	TEC	48
VASA published, mouse	302	multi	snRNA	34
VASA published, mouse	302	multi	ribozyme	27
VASA published, mouse	302	multi	pseudogene	22
VASA published, mouse	302	multi	tRNA	3
VASA published, mouse	302	multi	MtRrna	1
VASA published, mouse	302	multi	MtTrna	1
VASA published, mouse	302	single	ProteinCoding	204020
VASA published, mouse	302	single	lncRNA	6390
VASA published, mouse	302	single	TEC	747
VASA published, mouse	302	single	ProcessedPseudogene	698
VASA published, mouse	302	single	ribozyme	390
VASA published, mouse	302	single	snoRNA	302
VASA published, mouse	302	single	miRNA	285
VASA published, mouse	302	single	TranscribedUnprocessedPseudogene	197
VASA published, mouse	302	single	TranscribedUnitaryPseudogene	102
VASA published, mouse	302	single	TranscribedProcessedPseudogene	83
VASA published, mouse	302	single	MiscRna	77
VASA published, mouse	302	single	UnprocessedPseudogene	74
VASA published, mouse	302	single	snRNA	29
VASA published, mouse	302	single	scaRNA	23
VASA published, mouse	302	single	PolymorphicPseudogene	16
VASA published, mouse	302	single	rRNA	10
VASA published, mouse	302	single	tRNA	8
VASA published, mouse	302	single	MtRrna	7
VASA published, mouse	302	single	MtTrna	3
VASA published, mouse	302	single	pseudogene	2
VASA published, mouse	304	multi	ProteinCoding	3885
VASA published, mouse	304	multi	MiscRna	1272
VASA published, mouse	304	multi	ProcessedPseudogene	1096
VASA published, mouse	304	multi	miRNA	580
VASA published, mouse	304	multi	snoRNA	482
VASA published, mouse	304	multi	lncRNA	298
VASA published, mouse	304	multi	TranscribedProcessedPseudogene	158
VASA published, mouse	304	multi	UnprocessedPseudogene	99
VASA published, mouse	304	multi	snRNA	70
VASA published, mouse	304	multi	TranscribedUnprocessedPseudogene	37
VASA published, mouse	304	multi	ribozyme	11
VASA published, mouse	304	multi	MtRrna	5
VASA published, mouse	304	multi	TEC	3
VASA published, mouse	304	multi	TranscribedUnitaryPseudogene	3
VASA published, mouse	304	multi	UnitaryPseudogene	1
VASA published, mouse	304	single	ProteinCoding	17128
VASA published, mouse	304	single	lncRNA	604
VASA published, mouse	304	single	snoRNA	183
VASA published, mouse	304	single	ribozyme	136
VASA published, mouse	304	single	ProcessedPseudogene	60
VASA published, mouse	304	single	miRNA	37
VASA published, mouse	304	single	TEC	34
VASA published, mouse	304	single	TranscribedUnprocessedPseudogene	19
VASA published, mouse	304	single	tRNA	12
VASA published, mouse	304	single	snRNA	11
VASA published, mouse	304	single	TranscribedUnitaryPseudogene	6
VASA published, mouse	304	single	UnprocessedPseudogene	6
VASA published, mouse	304	single	scaRNA	6
VASA published, mouse	304	single	rRNA	5
VASA published, mouse	304	single	MiscRna	4
VASA published, mouse	304	single	TranscribedProcessedPseudogene	3
VASA published, mouse	304	single	PolymorphicPseudogene	2
VASA published, mouse	304	single	MtRrna	1
VASA published, mouse	304	single	UnitaryPseudogene	1
VASA published, mouse	306	multi	ProteinCoding	8037
VASA published, mouse	306	multi	ProcessedPseudogene	3504
VASA published, mouse	306	multi	lncRNA	915
VASA published, mouse	306	multi	UnprocessedPseudogene	836
VASA published, mouse	306	multi	TranscribedProcessedPseudogene	516
VASA published, mouse	306	multi	MiscRna	500
VASA published, mouse	306	multi	miRNA	249
VASA published, mouse	306	multi	TranscribedUnprocessedPseudogene	226
VASA published, mouse	306	multi	snoRNA	65
VASA published, mouse	306	multi	TEC	41
VASA published, mouse	306	multi	snRNA	40
VASA published, mouse	306	multi	ribozyme	14
VASA published, mouse	306	multi	TranscribedUnitaryPseudogene	6
VASA published, mouse	306	multi	MtRrna	2
VASA published, mouse	306	multi	IgVPseudogene	1
VASA published, mouse	306	multi	PolymorphicPseudogene	1
VASA published, mouse	306	multi	UnitaryPseudogene	1
VASA published, mouse	306	multi	pseudogene	1
VASA published, mouse	306	multi	rRNA	1
VASA published, mouse	306	multi	tRNA	1
VASA published, mouse	306	single	ProteinCoding	61580
VASA published, mouse	306	single	lncRNA	2011
VASA published, mouse	306	single	ProcessedPseudogene	171
VASA published, mouse	306	single	ribozyme	153
VASA published, mouse	306	single	TEC	142
VASA published, mouse	306	single	miRNA	93
VASA published, mouse	306	single	snoRNA	85
VASA published, mouse	306	single	TranscribedUnprocessedPseudogene	73
VASA published, mouse	306	single	UnprocessedPseudogene	36
VASA published, mouse	306	single	TranscribedProcessedPseudogene	29
VASA published, mouse	306	single	TranscribedUnitaryPseudogene	27
VASA published, mouse	306	single	PolymorphicPseudogene	17
VASA published, mouse	306	single	scaRNA	16
VASA published, mouse	306	single	MiscRna	15
VASA published, mouse	306	single	UnitaryPseudogene	14
VASA published, mouse	306	single	tRNA	10
VASA published, mouse	306	single	pseudogene	5
VASA published, mouse	306	single	snRNA	4
VASA published, mouse	306	single	MtRrna	3
VASA published, mouse	308	multi	ProteinCoding	36469
VASA published, mouse	308	multi	ProcessedPseudogene	15983
VASA published, mouse	308	multi	MiscRna	4631
VASA published, mouse	308	multi	UnprocessedPseudogene	3264
VASA published, mouse	308	multi	lncRNA	3236
VASA published, mouse	308	multi	TranscribedProcessedPseudogene	2325
VASA published, mouse	308	multi	miRNA	1852
VASA published, mouse	308	multi	snoRNA	785
VASA published, mouse	308	multi	TranscribedUnprocessedPseudogene	585
VASA published, mouse	308	multi	snRNA	149
VASA published, mouse	308	multi	TEC	105
VASA published, mouse	308	multi	pseudogene	70
VASA published, mouse	308	multi	TranscribedUnitaryPseudogene	64
VASA published, mouse	308	multi	ribozyme	58
VASA published, mouse	308	multi	tRNA	11
VASA published, mouse	308	multi	MtRrna	5
VASA published, mouse	308	multi	rRNA	5
VASA published, mouse	308	multi	UnitaryPseudogene	4
VASA published, mouse	308	multi	PolymorphicPseudogene	3
VASA published, mouse	308	single	ProteinCoding	302667
VASA published, mouse	308	single	lncRNA	8600
VASA published, mouse	308	single	ProcessedPseudogene	961
VASA published, mouse	308	single	ribozyme	849
VASA published, mouse	308	single	TEC	840
VASA published, mouse	308	single	snoRNA	591
VASA published, mouse	308	single	miRNA	401
VASA published, mouse	308	single	TranscribedUnprocessedPseudogene	224
VASA published, mouse	308	single	TranscribedProcessedPseudogene	163
VASA published, mouse	308	single	UnprocessedPseudogene	93
VASA published, mouse	308	single	MiscRna	86
VASA published, mouse	308	single	snRNA	74
VASA published, mouse	308	single	TranscribedUnitaryPseudogene	41
VASA published, mouse	308	single	PolymorphicPseudogene	38
VASA published, mouse	308	single	scaRNA	34
VASA published, mouse	308	single	MtRrna	18
VASA published, mouse	308	single	MtTrna	17
VASA published, mouse	308	single	tRNA	11
VASA published, mouse	308	single	rRNA	6
VASA published, mouse	308	single	UnitaryPseudogene	4
VASA published, mouse	308	single	pseudogene	4
VASA published, mouse	310	multi	ProteinCoding	38130
VASA published, mouse	310	multi	ProcessedPseudogene	15657
VASA published, mouse	310	multi	MiscRna	6683
VASA published, mouse	310	multi	UnprocessedPseudogene	3111
VASA published, mouse	310	multi	lncRNA	3036
VASA published, mouse	310	multi	TranscribedProcessedPseudogene	2219
VASA published, mouse	310	multi	miRNA	1721
VASA published, mouse	310	multi	TranscribedUnprocessedPseudogene	1058
VASA published, mouse	310	multi	snoRNA	792
VASA published, mouse	310	multi	TEC	338
VASA published, mouse	310	multi	snRNA	255
VASA published, mouse	310	multi	ribozyme	113
VASA published, mouse	310	multi	TranscribedUnitaryPseudogene	60
VASA published, mouse	310	multi	tRNA	36
VASA published, mouse	310	multi	UnitaryPseudogene	13
VASA published, mouse	310	multi	pseudogene	13
VASA published, mouse	310	multi	MtRrna	10
VASA published, mouse	310	multi	PolymorphicPseudogene	5
VASA published, mouse	310	multi	rRNA	4
VASA published, mouse	310	multi	MtTrna	2
VASA published, mouse	310	single	ProteinCoding	310604
VASA published, mouse	310	single	lncRNA	7881
VASA published, mouse	310	single	ribozyme	1314
VASA published, mouse	310	single	TEC	775
VASA published, mouse	310	single	snoRNA	699
VASA published, mouse	310	single	ProcessedPseudogene	673
VASA published, mouse	310	single	miRNA	422
VASA published, mouse	310	single	TranscribedUnprocessedPseudogene	252
VASA published, mouse	310	single	TranscribedUnitaryPseudogene	233
VASA published, mouse	310	single	TranscribedProcessedPseudogene	199
VASA published, mouse	310	single	UnprocessedPseudogene	118
VASA published, mouse	310	single	MiscRna	101
VASA published, mouse	310	single	snRNA	97
VASA published, mouse	310	single	PolymorphicPseudogene	63
VASA published, mouse	310	single	scaRNA	58
VASA published, mouse	310	single	MtRrna	40
VASA published, mouse	310	single	tRNA	34
VASA published, mouse	310	single	MtTrna	24
VASA published, mouse	310	single	rRNA	11
VASA published, mouse	310	single	pseudogene	3
VASA published, mouse	310	single	UnitaryPseudogene	2
VASA published, mouse	311	multi	ProteinCoding	32749
VASA published, mouse	311	multi	ProcessedPseudogene	13159
VASA published, mouse	311	multi	MiscRna	5041
VASA published, mouse	311	multi	lncRNA	3190
VASA published, mouse	311	multi	UnprocessedPseudogene	3083
VASA published, mouse	311	multi	TranscribedProcessedPseudogene	1812
VASA published, mouse	311	multi	miRNA	1271
VASA published, mouse	311	multi	TranscribedUnprocessedPseudogene	907
VASA published, mouse	311	multi	snoRNA	509
VASA published, mouse	311	multi	snRNA	158
VASA published, mouse	311	multi	TEC	120
VASA published, mouse	311	multi	ribozyme	71
VASA published, mouse	311	multi	pseudogene	38
VASA published, mouse	311	multi	TranscribedUnitaryPseudogene	32
VASA published, mouse	311	multi	TrVGene	6
VASA published, mouse	311	multi	MtTrna	5
VASA published, mouse	311	multi	tRNA	4
VASA published, mouse	311	multi	MtRrna	3
VASA published, mouse	311	multi	UnitaryPseudogene	2
VASA published, mouse	311	single	ProteinCoding	292156
VASA published, mouse	311	single	lncRNA	8824
VASA published, mouse	311	single	ribozyme	967
VASA published, mouse	311	single	TEC	868
VASA published, mouse	311	single	ProcessedPseudogene	706
VASA published, mouse	311	single	snoRNA	598
VASA published, mouse	311	single	miRNA	357
VASA published, mouse	311	single	TranscribedUnprocessedPseudogene	284
VASA published, mouse	311	single	TranscribedProcessedPseudogene	228
VASA published, mouse	311	single	TranscribedUnitaryPseudogene	176
VASA published, mouse	311	single	UnprocessedPseudogene	147
VASA published, mouse	311	single	MiscRna	114
VASA published, mouse	311	single	snRNA	94
VASA published, mouse	311	single	PolymorphicPseudogene	58
VASA published, mouse	311	single	scaRNA	48
VASA published, mouse	311	single	tRNA	34
VASA published, mouse	311	single	MtTrna	10
VASA published, mouse	311	single	MtRrna	9
VASA published, mouse	311	single	rRNA	6
VASA published, mouse	311	single	pseudogene	5
VASA published, mouse	314	multi	ProteinCoding	61303
VASA published, mouse	314	multi	MiscRna	26378
VASA published, mouse	314	multi	ProcessedPseudogene	18783
VASA published, mouse	314	multi	lncRNA	4727
VASA published, mouse	314	multi	miRNA	2739
VASA published, mouse	314	multi	UnprocessedPseudogene	2611
VASA published, mouse	314	multi	TranscribedProcessedPseudogene	2412
VASA published, mouse	314	multi	snoRNA	1668
VASA published, mouse	314	multi	TranscribedUnprocessedPseudogene	890
VASA published, mouse	314	multi	snRNA	633
VASA published, mouse	314	multi	ribozyme	180
VASA published, mouse	314	multi	TEC	122
VASA published, mouse	314	multi	pseudogene	53
VASA published, mouse	314	multi	TranscribedUnitaryPseudogene	39
VASA published, mouse	314	multi	tRNA	9
VASA published, mouse	314	multi	PolymorphicPseudogene	5
VASA published, mouse	314	multi	MtTrna	3
VASA published, mouse	314	multi	UnitaryPseudogene	2
VASA published, mouse	314	multi	MtRrna	1
VASA published, mouse	314	single	ProteinCoding	363545
VASA published, mouse	314	single	lncRNA	11778
VASA published, mouse	314	single	ribozyme	2775
VASA published, mouse	314	single	snoRNA	1879
VASA published, mouse	314	single	TEC	1090
VASA published, mouse	314	single	ProcessedPseudogene	969
VASA published, mouse	314	single	miRNA	490
VASA published, mouse	314	single	TranscribedUnprocessedPseudogene	286
VASA published, mouse	314	single	MiscRna	278
VASA published, mouse	314	single	snRNA	255
VASA published, mouse	314	single	TranscribedProcessedPseudogene	226
VASA published, mouse	314	single	TranscribedUnitaryPseudogene	176
VASA published, mouse	314	single	UnprocessedPseudogene	166
VASA published, mouse	314	single	scaRNA	118
VASA published, mouse	314	single	PolymorphicPseudogene	110
VASA published, mouse	314	single	UnitaryPseudogene	56
VASA published, mouse	314	single	MtRrna	27
VASA published, mouse	314	single	tRNA	20
VASA published, mouse	314	single	MtTrna	14
VASA published, mouse	314	single	rRNA	12
VASA published, mouse	314	single	pseudogene	7
VASA published, mouse	316	multi	ProteinCoding	9267
VASA published, mouse	316	multi	ProcessedPseudogene	4989
VASA published, mouse	316	multi	UnprocessedPseudogene	905
VASA published, mouse	316	multi	lncRNA	780
VASA published, mouse	316	multi	TranscribedProcessedPseudogene	757
VASA published, mouse	316	multi	MiscRna	357
VASA published, mouse	316	multi	miRNA	198
VASA published, mouse	316	multi	TranscribedUnprocessedPseudogene	123
VASA published, mouse	316	multi	snoRNA	38
VASA published, mouse	316	multi	TEC	19
VASA published, mouse	316	multi	TranscribedUnitaryPseudogene	10
VASA published, mouse	316	multi	pseudogene	9
VASA published, mouse	316	multi	UnitaryPseudogene	2
VASA published, mouse	316	multi	MtRrna	1
VASA published, mouse	316	multi	snRNA	1
VASA published, mouse	316	single	ProteinCoding	49740
VASA published, mouse	316	single	lncRNA	1703
VASA published, mouse	316	single	ProcessedPseudogene	257
VASA published, mouse	316	single	ribozyme	106
VASA published, mouse	316	single	miRNA	96
VASA published, mouse	316	single	TEC	67
VASA published, mouse	316	single	snoRNA	59
VASA published, mouse	316	single	TranscribedProcessedPseudogene	32
VASA published, mouse	316	single	UnprocessedPseudogene	25
VASA published, mouse	316	single	TranscribedUnprocessedPseudogene	24
VASA published, mouse	316	single	TranscribedUnitaryPseudogene	18
VASA published, mouse	316	single	scaRNA	7
VASA published, mouse	316	single	MtRrna	6
VASA published, mouse	316	single	snRNA	4
VASA published, mouse	316	single	MiscRna	3
VASA published, mouse	316	single	MtTrna	2
VASA published, mouse	316	single	PolymorphicPseudogene	2
VASA published, mouse	316	single	UnitaryPseudogene	2
VASA published, mouse	316	single	pseudogene	2
VASA published, mouse	316	single	tRNA	1
VASA published, mouse	318	multi	ProteinCoding	56965
VASA published, mouse	318	multi	ProcessedPseudogene	23784
VASA published, mouse	318	multi	MiscRna	10347
VASA published, mouse	318	multi	lncRNA	5497
VASA published, mouse	318	multi	UnprocessedPseudogene	3659
VASA published, mouse	318	multi	TranscribedProcessedPseudogene	3395
VASA published, mouse	318	multi	miRNA	2454
VASA published, mouse	318	multi	TranscribedUnprocessedPseudogene	1396
VASA published, mouse	318	multi	snoRNA	1375
VASA published, mouse	318	multi	snRNA	461
VASA published, mouse	318	multi	ribozyme	220
VASA published, mouse	318	multi	TEC	140
VASA published, mouse	318	multi	pseudogene	89
VASA published, mouse	318	multi	TranscribedUnitaryPseudogene	43
VASA published, mouse	318	multi	PolymorphicPseudogene	19
VASA published, mouse	318	multi	MtTrna	18
VASA published, mouse	318	multi	UnitaryPseudogene	7
VASA published, mouse	318	multi	tRNA	7
VASA published, mouse	318	multi	TrVGene	1
VASA published, mouse	318	single	ProteinCoding	527333
VASA published, mouse	318	single	lncRNA	18127
VASA published, mouse	318	single	ribozyme	2110
VASA published, mouse	318	single	TEC	1634
VASA published, mouse	318	single	snoRNA	1627
VASA published, mouse	318	single	ProcessedPseudogene	1308
VASA published, mouse	318	single	TranscribedUnprocessedPseudogene	464
VASA published, mouse	318	single	miRNA	457
VASA published, mouse	318	single	TranscribedProcessedPseudogene	365
VASA published, mouse	318	single	MiscRna	282
VASA published, mouse	318	single	TranscribedUnitaryPseudogene	251
VASA published, mouse	318	single	UnprocessedPseudogene	174
VASA published, mouse	318	single	snRNA	135
VASA published, mouse	318	single	scaRNA	98
VASA published, mouse	318	single	PolymorphicPseudogene	87
VASA published, mouse	318	single	MtTrna	27
VASA published, mouse	318	single	tRNA	26
VASA published, mouse	318	single	rRNA	13
VASA published, mouse	318	single	MtRrna	11
VASA published, mouse	318	single	pseudogene	4
VASA published, mouse	318	single	TrCGene	1
VASA published, mouse	322	multi	ProteinCoding	84576
VASA published, mouse	322	multi	MiscRna	31054
VASA published, mouse	322	multi	ProcessedPseudogene	28424
VASA published, mouse	322	multi	lncRNA	6087
VASA published, mouse	322	multi	miRNA	5866
VASA published, mouse	322	multi	UnprocessedPseudogene	5747
VASA published, mouse	322	multi	TranscribedProcessedPseudogene	4288
VASA published, mouse	322	multi	snRNA	2377
VASA published, mouse	322	multi	snoRNA	2355
VASA published, mouse	322	multi	TranscribedUnprocessedPseudogene	1650
VASA published, mouse	322	multi	ribozyme	191
VASA published, mouse	322	multi	TEC	153
VASA published, mouse	322	multi	TranscribedUnitaryPseudogene	75
VASA published, mouse	322	multi	pseudogene	63
VASA published, mouse	322	multi	UnitaryPseudogene	24
VASA published, mouse	322	multi	tRNA	18
VASA published, mouse	322	multi	MtRrna	15
VASA published, mouse	322	multi	MtTrna	10
VASA published, mouse	322	multi	PolymorphicPseudogene	6
VASA published, mouse	322	multi	rRNA	1
VASA published, mouse	322	single	ProteinCoding	585305
VASA published, mouse	322	single	lncRNA	18318
VASA published, mouse	322	single	ribozyme	3510
VASA published, mouse	322	single	snoRNA	2374
VASA published, mouse	322	single	TEC	1678
VASA published, mouse	322	single	ProcessedPseudogene	1599
VASA published, mouse	322	single	miRNA	667
VASA published, mouse	322	single	snRNA	613
VASA published, mouse	322	single	TranscribedUnprocessedPseudogene	462
VASA published, mouse	322	single	MiscRna	370
VASA published, mouse	322	single	TranscribedProcessedPseudogene	370
VASA published, mouse	322	single	scaRNA	170
VASA published, mouse	322	single	UnprocessedPseudogene	131
VASA published, mouse	322	single	PolymorphicPseudogene	107
VASA published, mouse	322	single	tRNA	93
VASA published, mouse	322	single	TranscribedUnitaryPseudogene	92
VASA published, mouse	322	single	MtRrna	39
VASA published, mouse	322	single	MtTrna	33
VASA published, mouse	322	single	UnitaryPseudogene	21
VASA published, mouse	322	single	rRNA	9
VASA published, mouse	322	single	pseudogene	5
VASA published, mouse	324	multi	ProteinCoding	15242
VASA published, mouse	324	multi	ProcessedPseudogene	6648
VASA published, mouse	324	multi	MiscRna	1667
VASA published, mouse	324	multi	UnprocessedPseudogene	1469
VASA published, mouse	324	multi	lncRNA	1468
VASA published, mouse	324	multi	TranscribedProcessedPseudogene	944
VASA published, mouse	324	multi	miRNA	575
VASA published, mouse	324	multi	TranscribedUnprocessedPseudogene	422
VASA published, mouse	324	multi	snoRNA	249
VASA published, mouse	324	multi	TEC	55
VASA published, mouse	324	multi	snRNA	49
VASA published, mouse	324	multi	ribozyme	36
VASA published, mouse	324	multi	TranscribedUnitaryPseudogene	22
VASA published, mouse	324	multi	pseudogene	22
VASA published, mouse	324	multi	PolymorphicPseudogene	7
VASA published, mouse	324	multi	MtTrna	2
VASA published, mouse	324	multi	tRNA	2
VASA published, mouse	324	multi	TrVGene	1
VASA published, mouse	324	single	ProteinCoding	134176
VASA published, mouse	324	single	lncRNA	4064
VASA published, mouse	324	single	ribozyme	472
VASA published, mouse	324	single	TEC	362
VASA published, mouse	324	single	ProcessedPseudogene	360
VASA published, mouse	324	single	snoRNA	290
VASA published, mouse	324	single	miRNA	123
VASA published, mouse	324	single	TranscribedUnprocessedPseudogene	106
VASA published, mouse	324	single	UnprocessedPseudogene	77
VASA published, mouse	324	single	TranscribedProcessedPseudogene	53
VASA published, mouse	324	single	TranscribedUnitaryPseudogene	44
VASA published, mouse	324	single	snRNA	31
VASA published, mouse	324	single	MiscRna	29
VASA published, mouse	324	single	PolymorphicPseudogene	20
VASA published, mouse	324	single	scaRNA	18
VASA published, mouse	324	single	MtRrna	9
VASA published, mouse	324	single	MtTrna	5
VASA published, mouse	324	single	tRNA	3
VASA published, mouse	324	single	UnitaryPseudogene	2
VASA published, mouse	324	single	pseudogene	1
VASA published, mouse	326	multi	ProteinCoding	26477
VASA published, mouse	326	multi	ProcessedPseudogene	11347
VASA published, mouse	326	multi	UnprocessedPseudogene	2943
VASA published, mouse	326	multi	lncRNA	2707
VASA published, mouse	326	multi	MiscRna	2373
VASA published, mouse	326	multi	TranscribedProcessedPseudogene	1692
VASA published, mouse	326	multi	TranscribedUnprocessedPseudogene	1076
VASA published, mouse	326	multi	miRNA	738
VASA published, mouse	326	multi	snoRNA	320
VASA published, mouse	326	multi	TEC	184
VASA published, mouse	326	multi	snRNA	82
VASA published, mouse	326	multi	ribozyme	48
VASA published, mouse	326	multi	TranscribedUnitaryPseudogene	41
VASA published, mouse	326	multi	pseudogene	32
VASA published, mouse	326	multi	UnitaryPseudogene	8
VASA published, mouse	326	multi	tRNA	7
VASA published, mouse	326	multi	MtRrna	3
VASA published, mouse	326	multi	PolymorphicPseudogene	2
VASA published, mouse	326	multi	MtTrna	1
VASA published, mouse	326	multi	rRNA	1
VASA published, mouse	326	single	ProteinCoding	229692
VASA published, mouse	326	single	lncRNA	7586
VASA published, mouse	326	single	ribozyme	719
VASA published, mouse	326	single	ProcessedPseudogene	694
VASA published, mouse	326	single	TEC	582
VASA published, mouse	326	single	snoRNA	486
VASA published, mouse	326	single	miRNA	321
VASA published, mouse	326	single	TranscribedUnprocessedPseudogene	219
VASA published, mouse	326	single	TranscribedUnitaryPseudogene	152
VASA published, mouse	326	single	TranscribedProcessedPseudogene	143
VASA published, mouse	326	single	UnprocessedPseudogene	102
VASA published, mouse	326	single	MiscRna	37
VASA published, mouse	326	single	snRNA	34
VASA published, mouse	326	single	scaRNA	28
VASA published, mouse	326	single	PolymorphicPseudogene	14
VASA published, mouse	326	single	pseudogene	13
VASA published, mouse	326	single	tRNA	11
VASA published, mouse	326	single	MtRrna	9
VASA published, mouse	326	single	rRNA	4
VASA published, mouse	326	single	MtTrna	3
VASA published, mouse	326	single	UnitaryPseudogene	2
VASA published, mouse	328	multi	ProteinCoding	19239
VASA published, mouse	328	multi	ProcessedPseudogene	7622
VASA published, mouse	328	multi	MiscRna	1911
VASA published, mouse	328	multi	lncRNA	1590
VASA published, mouse	328	multi	UnprocessedPseudogene	1176
VASA published, mouse	328	multi	TranscribedProcessedPseudogene	1133
VASA published, mouse	328	multi	miRNA	726
VASA published, mouse	328	multi	TranscribedUnprocessedPseudogene	465
VASA published, mouse	328	multi	snoRNA	377
VASA published, mouse	328	multi	TEC	125
VASA published, mouse	328	multi	snRNA	89
VASA published, mouse	328	multi	ribozyme	85
VASA published, mouse	328	multi	pseudogene	62
VASA published, mouse	328	multi	TranscribedUnitaryPseudogene	19
VASA published, mouse	328	multi	UnitaryPseudogene	9
VASA published, mouse	328	multi	tRNA	9
VASA published, mouse	328	multi	PolymorphicPseudogene	4
VASA published, mouse	328	multi	rRNA	2
VASA published, mouse	328	multi	MtRrna	1
VASA published, mouse	328	single	ProteinCoding	136639
VASA published, mouse	328	single	lncRNA	3560
VASA published, mouse	328	single	ribozyme	437
VASA published, mouse	328	single	ProcessedPseudogene	380
VASA published, mouse	328	single	TEC	263
VASA published, mouse	328	single	snoRNA	259
VASA published, mouse	328	single	miRNA	211
VASA published, mouse	328	single	TranscribedProcessedPseudogene	108
VASA published, mouse	328	single	TranscribedUnprocessedPseudogene	83
VASA published, mouse	328	single	TranscribedUnitaryPseudogene	59
VASA published, mouse	328	single	UnprocessedPseudogene	45
VASA published, mouse	328	single	MiscRna	36
VASA published, mouse	328	single	snRNA	26
VASA published, mouse	328	single	scaRNA	20
VASA published, mouse	328	single	MtRrna	12
VASA published, mouse	328	single	PolymorphicPseudogene	9
VASA published, mouse	328	single	UnitaryPseudogene	7
VASA published, mouse	328	single	tRNA	6
VASA published, mouse	328	single	rRNA	3
VASA published, mouse	328	single	MtTrna	2
VASA published, mouse	328	single	pseudogene	2
VASA published, mouse	328	single	IgVPseudogene	1
VASA published, mouse	330	multi	ProteinCoding	10296
VASA published, mouse	330	multi	ProcessedPseudogene	4567
VASA published, mouse	330	multi	MiscRna	1560
VASA published, mouse	330	multi	lncRNA	1044
VASA published, mouse	330	multi	TranscribedProcessedPseudogene	675
VASA published, mouse	330	multi	UnprocessedPseudogene	573
VASA published, mouse	330	multi	miRNA	463
VASA published, mouse	330	multi	TranscribedUnprocessedPseudogene	339
VASA published, mouse	330	multi	snoRNA	128
VASA published, mouse	330	multi	ribozyme	49
VASA published, mouse	330	multi	snRNA	32
VASA published, mouse	330	multi	TEC	31
VASA published, mouse	330	multi	TranscribedUnitaryPseudogene	12
VASA published, mouse	330	multi	pseudogene	3
VASA published, mouse	330	multi	PolymorphicPseudogene	2
VASA published, mouse	330	single	ProteinCoding	85484
VASA published, mouse	330	single	lncRNA	3114
VASA published, mouse	330	single	ribozyme	342
VASA published, mouse	330	single	snoRNA	297
VASA published, mouse	330	single	ProcessedPseudogene	241
VASA published, mouse	330	single	TEC	218
VASA published, mouse	330	single	miRNA	119
VASA published, mouse	330	single	TranscribedUnprocessedPseudogene	100
VASA published, mouse	330	single	UnprocessedPseudogene	62
VASA published, mouse	330	single	MiscRna	49
VASA published, mouse	330	single	TranscribedProcessedPseudogene	48
VASA published, mouse	330	single	snRNA	16
VASA published, mouse	330	single	scaRNA	11
VASA published, mouse	330	single	PolymorphicPseudogene	10
VASA published, mouse	330	single	TranscribedUnitaryPseudogene	6
VASA published, mouse	330	single	tRNA	2
VASA published, mouse	330	single	MtRrna	1
VASA published, mouse	330	single	UnitaryPseudogene	1
VASA published, mouse	332	multi	ProteinCoding	13930
VASA published, mouse	332	multi	ProcessedPseudogene	6663
VASA published, mouse	332	multi	UnprocessedPseudogene	1833
VASA published, mouse	332	multi	lncRNA	1233
VASA published, mouse	332	multi	TranscribedProcessedPseudogene	995
VASA published, mouse	332	multi	MiscRna	623
VASA published, mouse	332	multi	miRNA	344
VASA published, mouse	332	multi	TranscribedUnprocessedPseudogene	240
VASA published, mouse	332	multi	snoRNA	97
VASA published, mouse	332	multi	TranscribedUnitaryPseudogene	40
VASA published, mouse	332	multi	TEC	35
VASA published, mouse	332	multi	snRNA	18
VASA published, mouse	332	multi	pseudogene	12
VASA published, mouse	332	multi	ribozyme	8
VASA published, mouse	332	multi	tRNA	2
VASA published, mouse	332	multi	UnitaryPseudogene	1
VASA published, mouse	332	single	ProteinCoding	91641
VASA published, mouse	332	single	lncRNA	2247
VASA published, mouse	332	single	ProcessedPseudogene	383
VASA published, mouse	332	single	TEC	274
VASA published, mouse	332	single	ribozyme	201
VASA published, mouse	332	single	miRNA	155
VASA published, mouse	332	single	snoRNA	143
VASA published, mouse	332	single	TranscribedUnprocessedPseudogene	76
VASA published, mouse	332	single	TranscribedProcessedPseudogene	59
VASA published, mouse	332	single	UnprocessedPseudogene	36
VASA published, mouse	332	single	PolymorphicPseudogene	29
VASA published, mouse	332	single	scaRNA	20
VASA published, mouse	332	single	MiscRna	17
VASA published, mouse	332	single	snRNA	12
VASA published, mouse	332	single	MtRrna	5
VASA published, mouse	332	single	tRNA	4
VASA published, mouse	332	single	TranscribedUnitaryPseudogene	3
VASA published, mouse	332	single	IgCGene	1
VASA published, mouse	332	single	MtTrna	1
VASA published, mouse	332	single	UnitaryPseudogene	1
VASA published, mouse	332	single	rRNA	1
VASA published, mouse	334	multi	ProteinCoding	31667
VASA published, mouse	334	multi	ProcessedPseudogene	12646
VASA published, mouse	334	multi	MiscRna	7026
VASA published, mouse	334	multi	lncRNA	2848
VASA published, mouse	334	multi	UnprocessedPseudogene	2430
VASA published, mouse	334	multi	TranscribedProcessedPseudogene	1746
VASA published, mouse	334	multi	miRNA	1452
VASA published, mouse	334	multi	snoRNA	763
VASA published, mouse	334	multi	TranscribedUnprocessedPseudogene	605
VASA published, mouse	334	multi	snRNA	303
VASA published, mouse	334	multi	ribozyme	79
VASA published, mouse	334	multi	TEC	77
VASA published, mouse	334	multi	pseudogene	51
VASA published, mouse	334	multi	TranscribedUnitaryPseudogene	28
VASA published, mouse	334	multi	tRNA	8
VASA published, mouse	334	multi	MtRrna	6
VASA published, mouse	334	multi	MtTrna	4
VASA published, mouse	334	multi	PolymorphicPseudogene	3
VASA published, mouse	334	multi	TrCGene	3
VASA published, mouse	334	multi	UnitaryPseudogene	2
VASA published, mouse	334	multi	rRNA	2
VASA published, mouse	334	single	ProteinCoding	240105
VASA published, mouse	334	single	lncRNA	7233
VASA published, mouse	334	single	ribozyme	1432
VASA published, mouse	334	single	TEC	749
VASA published, mouse	334	single	ProcessedPseudogene	683
VASA published, mouse	334	single	snoRNA	681
VASA published, mouse	334	single	miRNA	388
VASA published, mouse	334	single	TranscribedProcessedPseudogene	158
VASA published, mouse	334	single	TranscribedUnprocessedPseudogene	144
VASA published, mouse	334	single	UnprocessedPseudogene	131
VASA published, mouse	334	single	MiscRna	116
VASA published, mouse	334	single	snRNA	114
VASA published, mouse	334	single	PolymorphicPseudogene	68
VASA published, mouse	334	single	scaRNA	48
VASA published, mouse	334	single	TranscribedUnitaryPseudogene	25
VASA published, mouse	334	single	MtTrna	21
VASA published, mouse	334	single	MtRrna	10
VASA published, mouse	334	single	tRNA	7
VASA published, mouse	334	single	UnitaryPseudogene	4
VASA published, mouse	334	single	rRNA	3
VASA published, mouse	335	multi	ProteinCoding	55946
VASA published, mouse	335	multi	ProcessedPseudogene	18842
VASA published, mouse	335	multi	MiscRna	17956
VASA published, mouse	335	multi	lncRNA	4720
VASA published, mouse	335	multi	UnprocessedPseudogene	4500
VASA published, mouse	335	multi	miRNA	3226
VASA published, mouse	335	multi	TranscribedProcessedPseudogene	2565
VASA published, mouse	335	multi	snoRNA	1252
VASA published, mouse	335	multi	TranscribedUnprocessedPseudogene	1135
VASA published, mouse	335	multi	snRNA	959
VASA published, mouse	335	multi	ribozyme	163
VASA published, mouse	335	multi	TEC	140
VASA published, mouse	335	multi	TranscribedUnitaryPseudogene	51
VASA published, mouse	335	multi	pseudogene	41
VASA published, mouse	335	multi	PolymorphicPseudogene	11
VASA published, mouse	335	multi	tRNA	11
VASA published, mouse	335	multi	MtRrna	9
VASA published, mouse	335	multi	UnitaryPseudogene	8
VASA published, mouse	335	multi	IgVGene	2
VASA published, mouse	335	multi	MtTrna	1
VASA published, mouse	335	single	ProteinCoding	395650
VASA published, mouse	335	single	lncRNA	11634
VASA published, mouse	335	single	ribozyme	2570
VASA published, mouse	335	single	snoRNA	1381
VASA published, mouse	335	single	ProcessedPseudogene	1071
VASA published, mouse	335	single	TEC	964
VASA published, mouse	335	single	miRNA	574
VASA published, mouse	335	single	TranscribedUnitaryPseudogene	383
VASA published, mouse	335	single	snRNA	355
VASA published, mouse	335	single	TranscribedUnprocessedPseudogene	306
VASA published, mouse	335	single	TranscribedProcessedPseudogene	217
VASA published, mouse	335	single	UnprocessedPseudogene	171
VASA published, mouse	335	single	MiscRna	153
VASA published, mouse	335	single	scaRNA	120
VASA published, mouse	335	single	PolymorphicPseudogene	76
VASA published, mouse	335	single	UnitaryPseudogene	35
VASA published, mouse	335	single	tRNA	26
VASA published, mouse	335	single	MtRrna	24
VASA published, mouse	335	single	MtTrna	11
VASA published, mouse	335	single	pseudogene	6
VASA published, mouse	335	single	rRNA	5
VASA published, mouse	338	multi	ProteinCoding	9461
VASA published, mouse	338	multi	ProcessedPseudogene	3827
VASA published, mouse	338	multi	MiscRna	2481
VASA published, mouse	338	multi	lncRNA	766
VASA published, mouse	338	multi	UnprocessedPseudogene	619
VASA published, mouse	338	multi	miRNA	591
VASA published, mouse	338	multi	TranscribedProcessedPseudogene	496
VASA published, mouse	338	multi	snoRNA	240
VASA published, mouse	338	multi	TranscribedUnprocessedPseudogene	128
VASA published, mouse	338	multi	snRNA	101
VASA published, mouse	338	multi	ribozyme	31
VASA published, mouse	338	multi	TEC	19
VASA published, mouse	338	multi	pseudogene	18
VASA published, mouse	338	multi	TranscribedUnitaryPseudogene	15
VASA published, mouse	338	multi	TrVPseudogene	3
VASA published, mouse	338	multi	tRNA	3
VASA published, mouse	338	multi	PolymorphicPseudogene	2
VASA published, mouse	338	multi	MtTrna	1
VASA published, mouse	338	single	ProteinCoding	65581
VASA published, mouse	338	single	lncRNA	2062
VASA published, mouse	338	single	ribozyme	402
VASA published, mouse	338	single	snoRNA	211
VASA published, mouse	338	single	ProcessedPseudogene	186
VASA published, mouse	338	single	TEC	155
VASA published, mouse	338	single	miRNA	127
VASA published, mouse	338	single	TranscribedProcessedPseudogene	55
VASA published, mouse	338	single	TranscribedUnprocessedPseudogene	48
VASA published, mouse	338	single	snRNA	40
VASA published, mouse	338	single	MiscRna	39
VASA published, mouse	338	single	TranscribedUnitaryPseudogene	24
VASA published, mouse	338	single	scaRNA	22
VASA published, mouse	338	single	UnprocessedPseudogene	20
VASA published, mouse	338	single	tRNA	17
VASA published, mouse	338	single	PolymorphicPseudogene	16
VASA published, mouse	338	single	UnitaryPseudogene	4
VASA published, mouse	338	single	MtRrna	1
VASA published, mouse	338	single	MtTrna	1
VASA published, mouse	338	single	TrVPseudogene	1
VASA published, mouse	338	single	pseudogene	1
VASA published, mouse	340	multi	ProteinCoding	82652
VASA published, mouse	340	multi	ProcessedPseudogene	36178
VASA published, mouse	340	multi	MiscRna	15856
VASA published, mouse	340	multi	lncRNA	7229
VASA published, mouse	340	multi	UnprocessedPseudogene	5282
VASA published, mouse	340	multi	TranscribedProcessedPseudogene	4913
VASA published, mouse	340	multi	miRNA	4376
VASA published, mouse	340	multi	TranscribedUnprocessedPseudogene	2117
VASA published, mouse	340	multi	snoRNA	1513
VASA published, mouse	340	multi	snRNA	805
VASA published, mouse	340	multi	ribozyme	301
VASA published, mouse	340	multi	TEC	245
VASA published, mouse	340	multi	TranscribedUnitaryPseudogene	89
VASA published, mouse	340	multi	pseudogene	62
VASA published, mouse	340	multi	tRNA	27
VASA published, mouse	340	multi	MtRrna	12
VASA published, mouse	340	multi	UnitaryPseudogene	11
VASA published, mouse	340	multi	PolymorphicPseudogene	8
VASA published, mouse	340	multi	MtTrna	2
VASA published, mouse	340	single	ProteinCoding	716222
VASA published, mouse	340	single	lncRNA	23072
VASA published, mouse	340	single	ribozyme	2822
VASA published, mouse	340	single	snoRNA	1869
VASA published, mouse	340	single	TEC	1862
VASA published, mouse	340	single	ProcessedPseudogene	1808
VASA published, mouse	340	single	miRNA	877
VASA published, mouse	340	single	TranscribedUnitaryPseudogene	489
VASA published, mouse	340	single	TranscribedProcessedPseudogene	408
VASA published, mouse	340	single	TranscribedUnprocessedPseudogene	352
VASA published, mouse	340	single	snRNA	249
VASA published, mouse	340	single	UnprocessedPseudogene	202
VASA published, mouse	340	single	MiscRna	174
VASA published, mouse	340	single	PolymorphicPseudogene	166
VASA published, mouse	340	single	scaRNA	94
VASA published, mouse	340	single	tRNA	72
VASA published, mouse	340	single	UnitaryPseudogene	27
VASA published, mouse	340	single	MtRrna	23
VASA published, mouse	340	single	MtTrna	14
VASA published, mouse	340	single	rRNA	4
VASA published, mouse	340	single	IgVPseudogene	1
VASA published, mouse	340	single	pseudogene	1
VASA published, mouse	342	multi	ProteinCoding	41950
VASA published, mouse	342	multi	ProcessedPseudogene	19115
VASA published, mouse	342	multi	MiscRna	5408
VASA published, mouse	342	multi	UnprocessedPseudogene	3647
VASA published, mouse	342	multi	lncRNA	3626
VASA published, mouse	342	multi	TranscribedProcessedPseudogene	2726
VASA published, mouse	342	multi	miRNA	1674
VASA published, mouse	342	multi	TranscribedUnprocessedPseudogene	1105
VASA published, mouse	342	multi	snoRNA	687
VASA published, mouse	342	multi	snRNA	239
VASA published, mouse	342	multi	TEC	124
VASA published, mouse	342	multi	ribozyme	100
VASA published, mouse	342	multi	pseudogene	49
VASA published, mouse	342	multi	TranscribedUnitaryPseudogene	40
VASA published, mouse	342	multi	UnitaryPseudogene	6
VASA published, mouse	342	multi	PolymorphicPseudogene	5
VASA published, mouse	342	multi	tRNA	2
VASA published, mouse	342	multi	MtRrna	1
VASA published, mouse	342	single	ProteinCoding	335904
VASA published, mouse	342	single	lncRNA	10340
VASA published, mouse	342	single	ribozyme	1499
VASA published, mouse	342	single	ProcessedPseudogene	1129
VASA published, mouse	342	single	snoRNA	913
VASA published, mouse	342	single	TEC	722
VASA published, mouse	342	single	miRNA	330
VASA published, mouse	342	single	TranscribedProcessedPseudogene	273
VASA published, mouse	342	single	TranscribedUnitaryPseudogene	256
VASA published, mouse	342	single	TranscribedUnprocessedPseudogene	205
VASA published, mouse	342	single	UnprocessedPseudogene	160
VASA published, mouse	342	single	MiscRna	112
VASA published, mouse	342	single	scaRNA	75
VASA published, mouse	342	single	snRNA	64
VASA published, mouse	342	single	PolymorphicPseudogene	47
VASA published, mouse	342	single	tRNA	21
VASA published, mouse	342	single	UnitaryPseudogene	20
VASA published, mouse	342	single	MtRrna	14
VASA published, mouse	342	single	pseudogene	12
VASA published, mouse	342	single	MtTrna	7
VASA published, mouse	342	single	rRNA	6
VASA published, mouse	342	single	TrCGene	1
VASA published, mouse	344	multi	ProteinCoding	30169
VASA published, mouse	344	multi	ProcessedPseudogene	12015
VASA published, mouse	344	multi	UnprocessedPseudogene	3070
VASA published, mouse	344	multi	lncRNA	2862
VASA published, mouse	344	multi	MiscRna	2349
VASA published, mouse	344	multi	TranscribedProcessedPseudogene	1958
VASA published, mouse	344	multi	miRNA	961
VASA published, mouse	344	multi	TranscribedUnprocessedPseudogene	863
VASA published, mouse	344	multi	snoRNA	452
VASA published, mouse	344	multi	snRNA	103
VASA published, mouse	344	multi	TEC	84
VASA published, mouse	344	multi	ribozyme	58
VASA published, mouse	344	multi	TranscribedUnitaryPseudogene	32
VASA published, mouse	344	multi	pseudogene	20
VASA published, mouse	344	multi	PolymorphicPseudogene	12
VASA published, mouse	344	multi	UnitaryPseudogene	9
VASA published, mouse	344	multi	tRNA	8
VASA published, mouse	344	multi	MtRrna	3
VASA published, mouse	344	multi	MtTrna	2
VASA published, mouse	344	multi	rRNA	1
VASA published, mouse	344	single	ProteinCoding	272631
VASA published, mouse	344	single	lncRNA	6964
VASA published, mouse	344	single	TEC	754
VASA published, mouse	344	single	ProcessedPseudogene	587
VASA published, mouse	344	single	snoRNA	483
VASA published, mouse	344	single	ribozyme	472
VASA published, mouse	344	single	miRNA	311
VASA published, mouse	344	single	TranscribedProcessedPseudogene	250
VASA published, mouse	344	single	TranscribedUnprocessedPseudogene	190
VASA published, mouse	344	single	UnprocessedPseudogene	110
VASA published, mouse	344	single	MiscRna	92
VASA published, mouse	344	single	TranscribedUnitaryPseudogene	85
VASA published, mouse	344	single	PolymorphicPseudogene	68
VASA published, mouse	344	single	snRNA	42
VASA published, mouse	344	single	tRNA	39
VASA published, mouse	344	single	scaRNA	31
VASA published, mouse	344	single	MtRrna	14
VASA published, mouse	344	single	pseudogene	13
VASA published, mouse	344	single	rRNA	12
VASA published, mouse	344	single	MtTrna	9
VASA published, mouse	344	single	UnitaryPseudogene	5
VASA published, mouse	346	multi	ProteinCoding	11201
VASA published, mouse	346	multi	ProcessedPseudogene	4512
VASA published, mouse	346	multi	UnprocessedPseudogene	1415
VASA published, mouse	346	multi	lncRNA	1114
VASA published, mouse	346	multi	MiscRna	793
VASA published, mouse	346	multi	TranscribedProcessedPseudogene	720
VASA published, mouse	346	multi	miRNA	380
VASA published, mouse	346	multi	TranscribedUnprocessedPseudogene	343
VASA published, mouse	346	multi	snoRNA	152
VASA published, mouse	346	multi	snRNA	48
VASA published, mouse	346	multi	TranscribedUnitaryPseudogene	27
VASA published, mouse	346	multi	ribozyme	19
VASA published, mouse	346	multi	TEC	17
VASA published, mouse	346	multi	pseudogene	17
VASA published, mouse	346	multi	UnitaryPseudogene	5
VASA published, mouse	346	multi	MtRrna	3
VASA published, mouse	346	multi	MtTrna	2
VASA published, mouse	346	multi	PolymorphicPseudogene	2
VASA published, mouse	346	multi	tRNA	1
VASA published, mouse	346	single	ProteinCoding	91274
VASA published, mouse	346	single	lncRNA	2934
VASA published, mouse	346	single	TEC	286
VASA published, mouse	346	single	ribozyme	255
VASA published, mouse	346	single	ProcessedPseudogene	221
VASA published, mouse	346	single	snoRNA	143
VASA published, mouse	346	single	miRNA	140
VASA published, mouse	346	single	TranscribedUnprocessedPseudogene	100
VASA published, mouse	346	single	TranscribedUnitaryPseudogene	75
VASA published, mouse	346	single	TranscribedProcessedPseudogene	62
VASA published, mouse	346	single	UnprocessedPseudogene	46
VASA published, mouse	346	single	MiscRna	24
VASA published, mouse	346	single	PolymorphicPseudogene	12
VASA published, mouse	346	single	scaRNA	11
VASA published, mouse	346	single	snRNA	11
VASA published, mouse	346	single	MtRrna	9
VASA published, mouse	346	single	tRNA	4
VASA published, mouse	346	single	MtTrna	2
VASA published, mouse	346	single	UnitaryPseudogene	1
VASA published, mouse	348	multi	ProteinCoding	64998
VASA published, mouse	348	multi	ProcessedPseudogene	26990
VASA published, mouse	348	multi	MiscRna	11074
VASA published, mouse	348	multi	lncRNA	6362
VASA published, mouse	348	multi	UnprocessedPseudogene	5339
VASA published, mouse	348	multi	TranscribedProcessedPseudogene	4292
VASA published, mouse	348	multi	miRNA	2830
VASA published, mouse	348	multi	TranscribedUnprocessedPseudogene	1936
VASA published, mouse	348	multi	snoRNA	1348
VASA published, mouse	348	multi	snRNA	606
VASA published, mouse	348	multi	TEC	187
VASA published, mouse	348	multi	ribozyme	156
VASA published, mouse	348	multi	pseudogene	72
VASA published, mouse	348	multi	TranscribedUnitaryPseudogene	67
VASA published, mouse	348	multi	tRNA	8
VASA published, mouse	348	multi	MtRrna	3
VASA published, mouse	348	multi	TrVGene	2
VASA published, mouse	348	multi	UnitaryPseudogene	2
VASA published, mouse	348	multi	IgCGene	1
VASA published, mouse	348	multi	MtTrna	1
VASA published, mouse	348	multi	PolymorphicPseudogene	1
VASA published, mouse	348	single	ProteinCoding	540537
VASA published, mouse	348	single	lncRNA	15042
VASA published, mouse	348	single	ribozyme	2241
VASA published, mouse	348	single	snoRNA	1451
VASA published, mouse	348	single	TEC	1355
VASA published, mouse	348	single	ProcessedPseudogene	1306
VASA published, mouse	348	single	miRNA	640
VASA published, mouse	348	single	TranscribedUnprocessedPseudogene	539
VASA published, mouse	348	single	TranscribedProcessedPseudogene	302
VASA published, mouse	348	single	UnprocessedPseudogene	244
VASA published, mouse	348	single	MiscRna	176
VASA published, mouse	348	single	TranscribedUnitaryPseudogene	144
VASA published, mouse	348	single	PolymorphicPseudogene	136
VASA published, mouse	348	single	scaRNA	136
VASA published, mouse	348	single	snRNA	134
VASA published, mouse	348	single	UnitaryPseudogene	33
VASA published, mouse	348	single	MtRrna	21
VASA published, mouse	348	single	MtTrna	20
VASA published, mouse	348	single	tRNA	17
VASA published, mouse	348	single	rRNA	12
VASA published, mouse	348	single	pseudogene	10
VASA published, mouse	350	multi	ProteinCoding	32317
VASA published, mouse	350	multi	ProcessedPseudogene	14847
VASA published, mouse	350	multi	UnprocessedPseudogene	3655
VASA published, mouse	350	multi	MiscRna	3159
VASA published, mouse	350	multi	lncRNA	2969
VASA published, mouse	350	multi	TranscribedProcessedPseudogene	2158
VASA published, mouse	350	multi	miRNA	1374
VASA published, mouse	350	multi	TranscribedUnprocessedPseudogene	838
VASA published, mouse	350	multi	snoRNA	546
VASA published, mouse	350	multi	TEC	134
VASA published, mouse	350	multi	snRNA	114
VASA published, mouse	350	multi	pseudogene	66
VASA published, mouse	350	multi	ribozyme	62
VASA published, mouse	350	multi	TranscribedUnitaryPseudogene	32
VASA published, mouse	350	multi	tRNA	15
VASA published, mouse	350	multi	PolymorphicPseudogene	11
VASA published, mouse	350	multi	rRNA	4
VASA published, mouse	350	multi	MtRrna	3
VASA published, mouse	350	multi	MtTrna	2
VASA published, mouse	350	multi	UnitaryPseudogene	2
VASA published, mouse	350	multi	IgCGene	1
VASA published, mouse	350	single	ProteinCoding	264794
VASA published, mouse	350	single	lncRNA	7318
VASA published, mouse	350	single	ribozyme	806
VASA published, mouse	350	single	ProcessedPseudogene	788
VASA published, mouse	350	single	TEC	726
VASA published, mouse	350	single	snoRNA	537
VASA published, mouse	350	single	miRNA	312
VASA published, mouse	350	single	TranscribedUnitaryPseudogene	238
VASA published, mouse	350	single	TranscribedUnprocessedPseudogene	222
VASA published, mouse	350	single	TranscribedProcessedPseudogene	152
VASA published, mouse	350	single	UnprocessedPseudogene	128
VASA published, mouse	350	single	MiscRna	77
VASA published, mouse	350	single	snRNA	52
VASA published, mouse	350	single	scaRNA	48
VASA published, mouse	350	single	MtTrna	26
VASA published, mouse	350	single	tRNA	26
VASA published, mouse	350	single	MtRrna	14
VASA published, mouse	350	single	UnitaryPseudogene	13
VASA published, mouse	350	single	PolymorphicPseudogene	10
VASA published, mouse	350	single	rRNA	6
VASA published, mouse	350	single	pseudogene	4
VASA published, mouse	352	multi	ProteinCoding	58766
VASA published, mouse	352	multi	ProcessedPseudogene	25414
VASA published, mouse	352	multi	UnprocessedPseudogene	7449
VASA published, mouse	352	multi	lncRNA	5696
VASA published, mouse	352	multi	MiscRna	4363
VASA published, mouse	352	multi	TranscribedProcessedPseudogene	3649
VASA published, mouse	352	multi	TranscribedUnprocessedPseudogene	2063
VASA published, mouse	352	multi	miRNA	1785
VASA published, mouse	352	multi	snoRNA	681
VASA published, mouse	352	multi	ribozyme	176
VASA published, mouse	352	multi	snRNA	168
VASA published, mouse	352	multi	TEC	157
VASA published, mouse	352	multi	pseudogene	92
VASA published, mouse	352	multi	TranscribedUnitaryPseudogene	75
VASA published, mouse	352	multi	UnitaryPseudogene	19
VASA published, mouse	352	multi	tRNA	18
VASA published, mouse	352	multi	MtRrna	16
VASA published, mouse	352	multi	MtTrna	9
VASA published, mouse	352	multi	PolymorphicPseudogene	6
VASA published, mouse	352	single	ProteinCoding	522597
VASA published, mouse	352	single	lncRNA	17480
VASA published, mouse	352	single	TEC	1670
VASA published, mouse	352	single	ProcessedPseudogene	1279
VASA published, mouse	352	single	ribozyme	1204
VASA published, mouse	352	single	snoRNA	1064
VASA published, mouse	352	single	miRNA	520
VASA published, mouse	352	single	TranscribedUnprocessedPseudogene	469
VASA published, mouse	352	single	TranscribedProcessedPseudogene	342
VASA published, mouse	352	single	UnprocessedPseudogene	309
VASA published, mouse	352	single	TranscribedUnitaryPseudogene	263
VASA published, mouse	352	single	PolymorphicPseudogene	193
VASA published, mouse	352	single	MiscRna	149
VASA published, mouse	352	single	scaRNA	90
VASA published, mouse	352	single	snRNA	62
VASA published, mouse	352	single	MtTrna	35
VASA published, mouse	352	single	tRNA	31
VASA published, mouse	352	single	MtRrna	30
VASA published, mouse	352	single	UnitaryPseudogene	16
VASA published, mouse	352	single	rRNA	7
VASA published, mouse	352	single	pseudogene	4
VASA published, mouse	354	multi	ProteinCoding	30368
VASA published, mouse	354	multi	ProcessedPseudogene	13263
VASA published, mouse	354	multi	lncRNA	3363
VASA published, mouse	354	multi	MiscRna	3033
VASA published, mouse	354	multi	UnprocessedPseudogene	2122
VASA published, mouse	354	multi	TranscribedProcessedPseudogene	1714
VASA published, mouse	354	multi	TranscribedUnprocessedPseudogene	1166
VASA published, mouse	354	multi	miRNA	737
VASA published, mouse	354	multi	snoRNA	509
VASA published, mouse	354	multi	snRNA	167
VASA published, mouse	354	multi	TEC	125
VASA published, mouse	354	multi	pseudogene	51
VASA published, mouse	354	multi	TranscribedUnitaryPseudogene	38
VASA published, mouse	354	multi	ribozyme	38
VASA published, mouse	354	multi	UnitaryPseudogene	9
VASA published, mouse	354	multi	PolymorphicPseudogene	7
VASA published, mouse	354	multi	MtRrna	1
VASA published, mouse	354	multi	tRNA	1
VASA published, mouse	354	single	ProteinCoding	301194
VASA published, mouse	354	single	lncRNA	8810
VASA published, mouse	354	single	TEC	974
VASA published, mouse	354	single	ribozyme	935
VASA published, mouse	354	single	ProcessedPseudogene	718
VASA published, mouse	354	single	snoRNA	615
VASA published, mouse	354	single	miRNA	345
VASA published, mouse	354	single	TranscribedUnprocessedPseudogene	241
VASA published, mouse	354	single	TranscribedUnitaryPseudogene	228
VASA published, mouse	354	single	TranscribedProcessedPseudogene	120
VASA published, mouse	354	single	UnprocessedPseudogene	116
VASA published, mouse	354	single	MiscRna	83
VASA published, mouse	354	single	scaRNA	65
VASA published, mouse	354	single	snRNA	57
VASA published, mouse	354	single	PolymorphicPseudogene	33
VASA published, mouse	354	single	tRNA	11
VASA published, mouse	354	single	MtTrna	10
VASA published, mouse	354	single	UnitaryPseudogene	6
VASA published, mouse	354	single	MtRrna	5
VASA published, mouse	354	single	rRNA	5
VASA published, mouse	354	single	IgCGene	1
VASA published, mouse	356	multi	ProteinCoding	90587
VASA published, mouse	356	multi	MiscRna	30133
VASA published, mouse	356	multi	ProcessedPseudogene	29732
VASA published, mouse	356	multi	UnprocessedPseudogene	7194
VASA published, mouse	356	multi	lncRNA	7173
VASA published, mouse	356	multi	miRNA	5985
VASA published, mouse	356	multi	TranscribedProcessedPseudogene	4447
VASA published, mouse	356	multi	snRNA	2451
VASA published, mouse	356	multi	snoRNA	2217
VASA published, mouse	356	multi	TranscribedUnprocessedPseudogene	1602
VASA published, mouse	356	multi	ribozyme	204
VASA published, mouse	356	multi	TEC	195
VASA published, mouse	356	multi	pseudogene	103
VASA published, mouse	356	multi	tRNA	69
VASA published, mouse	356	multi	TranscribedUnitaryPseudogene	57
VASA published, mouse	356	multi	UnitaryPseudogene	19
VASA published, mouse	356	multi	MtRrna	17
VASA published, mouse	356	multi	MtTrna	15
VASA published, mouse	356	multi	rRNA	5
VASA published, mouse	356	multi	PolymorphicPseudogene	4
VASA published, mouse	356	multi	IgVPseudogene	1
VASA published, mouse	356	multi	TrCGene	1
VASA published, mouse	356	single	ProteinCoding	618382
VASA published, mouse	356	single	lncRNA	19883
VASA published, mouse	356	single	ribozyme	4035
VASA published, mouse	356	single	snoRNA	2456
VASA published, mouse	356	single	TEC	1631
VASA published, mouse	356	single	ProcessedPseudogene	1616
VASA published, mouse	356	single	miRNA	724
VASA published, mouse	356	single	snRNA	635
VASA published, mouse	356	single	TranscribedProcessedPseudogene	470
VASA published, mouse	356	single	TranscribedUnprocessedPseudogene	463
VASA published, mouse	356	single	MiscRna	325
VASA published, mouse	356	single	UnprocessedPseudogene	245
VASA published, mouse	356	single	PolymorphicPseudogene	183
VASA published, mouse	356	single	scaRNA	176
VASA published, mouse	356	single	TranscribedUnitaryPseudogene	140
VASA published, mouse	356	single	tRNA	85
VASA published, mouse	356	single	MtRrna	71
VASA published, mouse	356	single	MtTrna	47
VASA published, mouse	356	single	rRNA	20
VASA published, mouse	356	single	pseudogene	17
VASA published, mouse	356	single	UnitaryPseudogene	11
VASA published, mouse	356	single	TrVPseudogene	2
VASA published, mouse	358	multi	ProteinCoding	43504
VASA published, mouse	358	multi	ProcessedPseudogene	16830
VASA published, mouse	358	multi	MiscRna	8859
VASA published, mouse	358	multi	lncRNA	4022
VASA published, mouse	358	multi	UnprocessedPseudogene	3354
VASA published, mouse	358	multi	TranscribedProcessedPseudogene	2518
VASA published, mouse	358	multi	miRNA	2140
VASA published, mouse	358	multi	TranscribedUnprocessedPseudogene	1245
VASA published, mouse	358	multi	snoRNA	865
VASA published, mouse	358	multi	snRNA	435
VASA published, mouse	358	multi	TEC	223
VASA published, mouse	358	multi	ribozyme	107
VASA published, mouse	358	multi	pseudogene	29
VASA published, mouse	358	multi	TranscribedUnitaryPseudogene	28
VASA published, mouse	358	multi	MtRrna	5
VASA published, mouse	358	multi	PolymorphicPseudogene	5
VASA published, mouse	358	multi	tRNA	4
VASA published, mouse	358	multi	MtTrna	2
VASA published, mouse	358	multi	UnitaryPseudogene	2
VASA published, mouse	358	multi	scaRNA	1
VASA published, mouse	358	single	ProteinCoding	355192
VASA published, mouse	358	single	lncRNA	8755
VASA published, mouse	358	single	ribozyme	1621
VASA published, mouse	358	single	ProcessedPseudogene	1034
VASA published, mouse	358	single	snoRNA	976
VASA published, mouse	358	single	TEC	853
VASA published, mouse	358	single	miRNA	412
VASA published, mouse	358	single	TranscribedUnprocessedPseudogene	235
VASA published, mouse	358	single	TranscribedProcessedPseudogene	216
VASA published, mouse	358	single	UnprocessedPseudogene	169
VASA published, mouse	358	single	snRNA	115
VASA published, mouse	358	single	scaRNA	96
VASA published, mouse	358	single	MiscRna	82
VASA published, mouse	358	single	PolymorphicPseudogene	76
VASA published, mouse	358	single	TranscribedUnitaryPseudogene	72
VASA published, mouse	358	single	MtTrna	18
VASA published, mouse	358	single	tRNA	18
VASA published, mouse	358	single	MtRrna	16
VASA published, mouse	358	single	UnitaryPseudogene	6
VASA published, mouse	358	single	IgVPseudogene	4
VASA published, mouse	358	single	pseudogene	2
VASA published, mouse	358	single	rRNA	1
VASA published, mouse	359	multi	ProteinCoding	41065
VASA published, mouse	359	multi	ProcessedPseudogene	18352
VASA published, mouse	359	multi	MiscRna	3973
VASA published, mouse	359	multi	lncRNA	3906
VASA published, mouse	359	multi	UnprocessedPseudogene	3891
VASA published, mouse	359	multi	TranscribedProcessedPseudogene	2500
VASA published, mouse	359	multi	miRNA	1472
VASA published, mouse	359	multi	TranscribedUnprocessedPseudogene	1254
VASA published, mouse	359	multi	snoRNA	710
VASA published, mouse	359	multi	snRNA	108
VASA published, mouse	359	multi	TEC	90
VASA published, mouse	359	multi	ribozyme	73
VASA published, mouse	359	multi	TranscribedUnitaryPseudogene	46
VASA published, mouse	359	multi	pseudogene	37
VASA published, mouse	359	multi	tRNA	6
VASA published, mouse	359	multi	UnitaryPseudogene	5
VASA published, mouse	359	multi	MtRrna	2
VASA published, mouse	359	multi	PolymorphicPseudogene	2
VASA published, mouse	359	multi	MtTrna	1
VASA published, mouse	359	multi	TrVGene	1
VASA published, mouse	359	single	ProteinCoding	362506
VASA published, mouse	359	single	lncRNA	10872
VASA published, mouse	359	single	ribozyme	1182
VASA published, mouse	359	single	TEC	1077
VASA published, mouse	359	single	ProcessedPseudogene	929
VASA published, mouse	359	single	snoRNA	642
VASA published, mouse	359	single	miRNA	450
VASA published, mouse	359	single	TranscribedUnprocessedPseudogene	310
VASA published, mouse	359	single	TranscribedProcessedPseudogene	198
VASA published, mouse	359	single	TranscribedUnitaryPseudogene	148
VASA published, mouse	359	single	UnprocessedPseudogene	142
VASA published, mouse	359	single	MiscRna	98
VASA published, mouse	359	single	scaRNA	76
VASA published, mouse	359	single	PolymorphicPseudogene	62
VASA published, mouse	359	single	snRNA	46
VASA published, mouse	359	single	tRNA	24
VASA published, mouse	359	single	MtRrna	20
VASA published, mouse	359	single	MtTrna	12
VASA published, mouse	359	single	pseudogene	6
VASA published, mouse	359	single	rRNA	3
VASA published, mouse	362	multi	ProteinCoding	42922
VASA published, mouse	362	multi	ProcessedPseudogene	19464
VASA published, mouse	362	multi	MiscRna	6147
VASA published, mouse	362	multi	lncRNA	3588
VASA published, mouse	362	multi	UnprocessedPseudogene	2786
VASA published, mouse	362	multi	TranscribedProcessedPseudogene	2724
VASA published, mouse	362	multi	miRNA	1727
VASA published, mouse	362	multi	snoRNA	832
VASA published, mouse	362	multi	TranscribedUnprocessedPseudogene	723
VASA published, mouse	362	multi	snRNA	173
VASA published, mouse	362	multi	ribozyme	150
VASA published, mouse	362	multi	TEC	72
VASA published, mouse	362	multi	pseudogene	36
VASA published, mouse	362	multi	TranscribedUnitaryPseudogene	30
VASA published, mouse	362	multi	tRNA	7
VASA published, mouse	362	multi	PolymorphicPseudogene	5
VASA published, mouse	362	multi	UnitaryPseudogene	5
VASA published, mouse	362	multi	MtRrna	3
VASA published, mouse	362	multi	MtTrna	1
VASA published, mouse	362	single	ProteinCoding	344951
VASA published, mouse	362	single	lncRNA	8658
VASA published, mouse	362	single	ribozyme	1438
VASA published, mouse	362	single	ProcessedPseudogene	946
VASA published, mouse	362	single	snoRNA	859
VASA published, mouse	362	single	TEC	841
VASA published, mouse	362	single	miRNA	417
VASA published, mouse	362	single	TranscribedUnitaryPseudogene	234
VASA published, mouse	362	single	TranscribedUnprocessedPseudogene	173
VASA published, mouse	362	single	TranscribedProcessedPseudogene	161
VASA published, mouse	362	single	UnprocessedPseudogene	111
VASA published, mouse	362	single	MiscRna	108
VASA published, mouse	362	single	PolymorphicPseudogene	86
VASA published, mouse	362	single	snRNA	70
VASA published, mouse	362	single	scaRNA	65
VASA published, mouse	362	single	tRNA	34
VASA published, mouse	362	single	UnitaryPseudogene	21
VASA published, mouse	362	single	MtRrna	14
VASA published, mouse	362	single	MtTrna	14
VASA published, mouse	362	single	rRNA	7
VASA published, mouse	362	single	pseudogene	4
VASA published, mouse	364	multi	ProteinCoding	17997
VASA published, mouse	364	multi	ProcessedPseudogene	8441
VASA published, mouse	364	multi	UnprocessedPseudogene	2041
VASA published, mouse	364	multi	lncRNA	1975
VASA published, mouse	364	multi	TranscribedProcessedPseudogene	1172
VASA published, mouse	364	multi	MiscRna	1149
VASA published, mouse	364	multi	miRNA	426
VASA published, mouse	364	multi	TranscribedUnprocessedPseudogene	402
VASA published, mouse	364	multi	TEC	132
VASA published, mouse	364	multi	snoRNA	132
VASA published, mouse	364	multi	ribozyme	50
VASA published, mouse	364	multi	snRNA	39
VASA published, mouse	364	multi	TranscribedUnitaryPseudogene	24
VASA published, mouse	364	multi	pseudogene	18
VASA published, mouse	364	multi	UnitaryPseudogene	4
VASA published, mouse	364	multi	IgVPseudogene	1
VASA published, mouse	364	multi	MtRrna	1
VASA published, mouse	364	multi	TrCGene	1
VASA published, mouse	364	multi	scaRNA	1
VASA published, mouse	364	single	ProteinCoding	129278
VASA published, mouse	364	single	lncRNA	4346
VASA published, mouse	364	single	ProcessedPseudogene	377
VASA published, mouse	364	single	TEC	346
VASA published, mouse	364	single	ribozyme	284
VASA published, mouse	364	single	miRNA	239
VASA published, mouse	364	single	snoRNA	181
VASA published, mouse	364	single	TranscribedUnprocessedPseudogene	135
VASA published, mouse	364	single	TranscribedProcessedPseudogene	103
VASA published, mouse	364	single	PolymorphicPseudogene	74
VASA published, mouse	364	single	TranscribedUnitaryPseudogene	58
VASA published, mouse	364	single	UnprocessedPseudogene	44
VASA published, mouse	364	single	scaRNA	40
VASA published, mouse	364	single	MiscRna	31
VASA published, mouse	364	single	snRNA	12
VASA published, mouse	364	single	MtRrna	9
VASA published, mouse	364	single	pseudogene	9
VASA published, mouse	364	single	UnitaryPseudogene	6
VASA published, mouse	364	single	MtTrna	3
VASA published, mouse	364	single	rRNA	1
VASA published, mouse	366	multi	ProteinCoding	8446
VASA published, mouse	366	multi	ProcessedPseudogene	4219
VASA published, mouse	366	multi	UnprocessedPseudogene	1104
VASA published, mouse	366	multi	lncRNA	918
VASA published, mouse	366	multi	TranscribedProcessedPseudogene	629
VASA published, mouse	366	multi	MiscRna	286
VASA published, mouse	366	multi	TranscribedUnprocessedPseudogene	257
VASA published, mouse	366	multi	miRNA	160
VASA published, mouse	366	multi	snoRNA	55
VASA published, mouse	366	multi	TEC	52
VASA published, mouse	366	multi	snRNA	15
VASA published, mouse	366	multi	pseudogene	11
VASA published, mouse	366	multi	TranscribedUnitaryPseudogene	8
VASA published, mouse	366	multi	MtRrna	5
VASA published, mouse	366	multi	ribozyme	3
VASA published, mouse	366	multi	UnitaryPseudogene	1
VASA published, mouse	366	single	ProteinCoding	60569
VASA published, mouse	366	single	lncRNA	1809
VASA published, mouse	366	single	ProcessedPseudogene	185
VASA published, mouse	366	single	TEC	157
VASA published, mouse	366	single	snoRNA	101
VASA published, mouse	366	single	ribozyme	96
VASA published, mouse	366	single	miRNA	88
VASA published, mouse	366	single	TranscribedProcessedPseudogene	75
VASA published, mouse	366	single	TranscribedUnprocessedPseudogene	42
VASA published, mouse	366	single	PolymorphicPseudogene	37
VASA published, mouse	366	single	MiscRna	26
VASA published, mouse	366	single	UnprocessedPseudogene	25
VASA published, mouse	366	single	scaRNA	9
VASA published, mouse	366	single	snRNA	9
VASA published, mouse	366	single	TranscribedUnitaryPseudogene	6
VASA published, mouse	366	single	tRNA	3
VASA published, mouse	366	single	MtTrna	1
VASA published, mouse	366	single	rRNA	1
VASA published, mouse	368	multi	ProteinCoding	82232
VASA published, mouse	368	multi	ProcessedPseudogene	30121
VASA published, mouse	368	multi	MiscRna	27510
VASA published, mouse	368	multi	miRNA	5811
VASA published, mouse	368	multi	lncRNA	5777
VASA published, mouse	368	multi	UnprocessedPseudogene	4655
VASA published, mouse	368	multi	TranscribedProcessedPseudogene	4574
VASA published, mouse	368	multi	snRNA	2336
VASA published, mouse	368	multi	TranscribedUnprocessedPseudogene	2297
VASA published, mouse	368	multi	snoRNA	2066
VASA published, mouse	368	multi	TEC	929
VASA published, mouse	368	multi	ribozyme	310
VASA published, mouse	368	multi	pseudogene	114
VASA published, mouse	368	multi	TranscribedUnitaryPseudogene	80
VASA published, mouse	368	multi	tRNA	19
VASA published, mouse	368	multi	MtTrna	9
VASA published, mouse	368	multi	MtRrna	6
VASA published, mouse	368	multi	UnitaryPseudogene	6
VASA published, mouse	368	multi	PolymorphicPseudogene	4
VASA published, mouse	368	multi	IgCGene	2
VASA published, mouse	368	multi	IgVPseudogene	1
VASA published, mouse	368	multi	scaRNA	1
VASA published, mouse	368	single	ProteinCoding	567079
VASA published, mouse	368	single	lncRNA	16788
VASA published, mouse	368	single	ribozyme	4196
VASA published, mouse	368	single	snoRNA	2851
VASA published, mouse	368	single	TEC	1621
VASA published, mouse	368	single	ProcessedPseudogene	1580
VASA published, mouse	368	single	miRNA	764
VASA published, mouse	368	single	snRNA	715
VASA published, mouse	368	single	TranscribedProcessedPseudogene	425
VASA published, mouse	368	single	TranscribedUnprocessedPseudogene	394
VASA published, mouse	368	single	UnprocessedPseudogene	303
VASA published, mouse	368	single	PolymorphicPseudogene	237
VASA published, mouse	368	single	MiscRna	225
VASA published, mouse	368	single	TranscribedUnitaryPseudogene	206
VASA published, mouse	368	single	scaRNA	160
VASA published, mouse	368	single	tRNA	38
VASA published, mouse	368	single	MtRrna	25
VASA published, mouse	368	single	UnitaryPseudogene	15
VASA published, mouse	368	single	MtTrna	13
VASA published, mouse	368	single	IgVPseudogene	10
VASA published, mouse	368	single	pseudogene	8
VASA published, mouse	368	single	rRNA	7
VASA published, mouse	368	single	TrVGene	1
VASA published, mouse	370	multi	ProteinCoding	121589
VASA published, mouse	370	multi	MiscRna	45045
VASA published, mouse	370	multi	ProcessedPseudogene	38040
VASA published, mouse	370	multi	lncRNA	9961
VASA published, mouse	370	multi	miRNA	7498
VASA published, mouse	370	multi	UnprocessedPseudogene	7208
VASA published, mouse	370	multi	TranscribedProcessedPseudogene	5876
VASA published, mouse	370	multi	snoRNA	3865
VASA published, mouse	370	multi	snRNA	3453
VASA published, mouse	370	multi	TranscribedUnprocessedPseudogene	2282
VASA published, mouse	370	multi	ribozyme	440
VASA published, mouse	370	multi	TEC	189
VASA published, mouse	370	multi	TranscribedUnitaryPseudogene	82
VASA published, mouse	370	multi	pseudogene	75
VASA published, mouse	370	multi	tRNA	36
VASA published, mouse	370	multi	PolymorphicPseudogene	23
VASA published, mouse	370	multi	UnitaryPseudogene	17
VASA published, mouse	370	multi	MtRrna	9
VASA published, mouse	370	multi	MtTrna	4
VASA published, mouse	370	multi	IgVGene	1
VASA published, mouse	370	multi	rRNA	1
VASA published, mouse	370	multi	scaRNA	1
VASA published, mouse	370	single	ProteinCoding	766775
VASA published, mouse	370	single	lncRNA	24908
VASA published, mouse	370	single	ribozyme	6820
VASA published, mouse	370	single	snoRNA	3479
VASA published, mouse	370	single	TEC	2455
VASA published, mouse	370	single	ProcessedPseudogene	2034
VASA published, mouse	370	single	miRNA	1118
VASA published, mouse	370	single	snRNA	871
VASA published, mouse	370	single	TranscribedUnprocessedPseudogene	661
VASA published, mouse	370	single	TranscribedProcessedPseudogene	552
VASA published, mouse	370	single	MiscRna	486
VASA published, mouse	370	single	TranscribedUnitaryPseudogene	448
VASA published, mouse	370	single	UnprocessedPseudogene	281
VASA published, mouse	370	single	scaRNA	264
VASA published, mouse	370	single	PolymorphicPseudogene	234
VASA published, mouse	370	single	tRNA	136
VASA published, mouse	370	single	MtRrna	68
VASA published, mouse	370	single	MtTrna	31
VASA published, mouse	370	single	IgVPseudogene	11
VASA published, mouse	370	single	rRNA	8
VASA published, mouse	370	single	UnitaryPseudogene	6
VASA published, mouse	370	single	pseudogene	2
VASA published, mouse	372	multi	ProteinCoding	58500
VASA published, mouse	372	multi	ProcessedPseudogene	22424
VASA published, mouse	372	multi	MiscRna	16891
VASA published, mouse	372	multi	lncRNA	4881
VASA published, mouse	372	multi	miRNA	3698
VASA published, mouse	372	multi	TranscribedProcessedPseudogene	3322
VASA published, mouse	372	multi	UnprocessedPseudogene	3051
VASA published, mouse	372	multi	snoRNA	1697
VASA published, mouse	372	multi	snRNA	1230
VASA published, mouse	372	multi	TranscribedUnprocessedPseudogene	1220
VASA published, mouse	372	multi	TEC	222
VASA published, mouse	372	multi	ribozyme	164
VASA published, mouse	372	multi	pseudogene	83
VASA published, mouse	372	multi	TranscribedUnitaryPseudogene	56
VASA published, mouse	372	multi	tRNA	25
VASA published, mouse	372	multi	UnitaryPseudogene	11
VASA published, mouse	372	multi	PolymorphicPseudogene	3
VASA published, mouse	372	multi	IgVGene	1
VASA published, mouse	372	multi	MtRrna	1
VASA published, mouse	372	single	ProteinCoding	407904
VASA published, mouse	372	single	lncRNA	12822
VASA published, mouse	372	single	ribozyme	3312
VASA published, mouse	372	single	snoRNA	1977
VASA published, mouse	372	single	ProcessedPseudogene	1099
VASA published, mouse	372	single	TEC	1074
VASA published, mouse	372	single	miRNA	531
VASA published, mouse	372	single	snRNA	374
VASA published, mouse	372	single	TranscribedUnprocessedPseudogene	255
VASA published, mouse	372	single	MiscRna	239
VASA published, mouse	372	single	TranscribedProcessedPseudogene	213
VASA published, mouse	372	single	UnprocessedPseudogene	153
VASA published, mouse	372	single	TranscribedUnitaryPseudogene	144
VASA published, mouse	372	single	scaRNA	91
VASA published, mouse	372	single	tRNA	81
VASA published, mouse	372	single	PolymorphicPseudogene	56
VASA published, mouse	372	single	UnitaryPseudogene	26
VASA published, mouse	372	single	MtRrna	13
VASA published, mouse	372	single	MtTrna	9
VASA published, mouse	372	single	pseudogene	4
VASA published, mouse	372	single	rRNA	4
VASA published, mouse	374	multi	ProteinCoding	78148
VASA published, mouse	374	multi	ProcessedPseudogene	30698
VASA published, mouse	374	multi	MiscRna	14504
VASA published, mouse	374	multi	lncRNA	7339
VASA published, mouse	374	multi	UnprocessedPseudogene	6686
VASA published, mouse	374	multi	TranscribedProcessedPseudogene	4642
VASA published, mouse	374	multi	miRNA	3776
VASA published, mouse	374	multi	TranscribedUnprocessedPseudogene	1959
VASA published, mouse	374	multi	snoRNA	1952
VASA published, mouse	374	multi	snRNA	1834
VASA published, mouse	374	multi	TEC	569
VASA published, mouse	374	multi	ribozyme	213
VASA published, mouse	374	multi	pseudogene	89
VASA published, mouse	374	multi	TranscribedUnitaryPseudogene	67
VASA published, mouse	374	multi	tRNA	22
VASA published, mouse	374	multi	MtTrna	12
VASA published, mouse	374	multi	PolymorphicPseudogene	9
VASA published, mouse	374	multi	MtRrna	5
VASA published, mouse	374	multi	UnitaryPseudogene	5
VASA published, mouse	374	multi	TrCGene	1
VASA published, mouse	374	single	ProteinCoding	643241
VASA published, mouse	374	single	lncRNA	17264
VASA published, mouse	374	single	ribozyme	3195
VASA published, mouse	374	single	snoRNA	2038
VASA published, mouse	374	single	TEC	1866
VASA published, mouse	374	single	ProcessedPseudogene	1856
VASA published, mouse	374	single	miRNA	711
VASA published, mouse	374	single	snRNA	463
VASA published, mouse	374	single	TranscribedUnitaryPseudogene	373
VASA published, mouse	374	single	TranscribedProcessedPseudogene	357
VASA published, mouse	374	single	TranscribedUnprocessedPseudogene	334
VASA published, mouse	374	single	UnprocessedPseudogene	243
VASA published, mouse	374	single	MiscRna	170
VASA published, mouse	374	single	scaRNA	163
VASA published, mouse	374	single	PolymorphicPseudogene	65
VASA published, mouse	374	single	tRNA	48
VASA published, mouse	374	single	UnitaryPseudogene	31
VASA published, mouse	374	single	MtRrna	20
VASA published, mouse	374	single	MtTrna	15
VASA published, mouse	374	single	pseudogene	14
VASA published, mouse	374	single	rRNA	12
VASA published, mouse	374	single	TrCGene	2
VASA published, mouse	376	multi	ProteinCoding	92788
VASA published, mouse	376	multi	ProcessedPseudogene	37720
VASA published, mouse	376	multi	MiscRna	27429
VASA published, mouse	376	multi	lncRNA	7577
VASA published, mouse	376	multi	miRNA	7240
VASA published, mouse	376	multi	UnprocessedPseudogene	6139
VASA published, mouse	376	multi	TranscribedProcessedPseudogene	5266
VASA published, mouse	376	multi	snoRNA	2769
VASA published, mouse	376	multi	snRNA	2040
VASA published, mouse	376	multi	TranscribedUnprocessedPseudogene	1975
VASA published, mouse	376	multi	TEC	273
VASA published, mouse	376	multi	ribozyme	245
VASA published, mouse	376	multi	TranscribedUnitaryPseudogene	108
VASA published, mouse	376	multi	pseudogene	68
VASA published, mouse	376	multi	PolymorphicPseudogene	35
VASA published, mouse	376	multi	UnitaryPseudogene	22
VASA published, mouse	376	multi	tRNA	20
VASA published, mouse	376	multi	MtTrna	4
VASA published, mouse	376	multi	IgCGene	1
VASA published, mouse	376	multi	MtRrna	1
VASA published, mouse	376	single	ProteinCoding	716391
VASA published, mouse	376	single	lncRNA	23359
VASA published, mouse	376	single	ribozyme	3605
VASA published, mouse	376	single	snoRNA	3277
VASA published, mouse	376	single	ProcessedPseudogene	1979
VASA published, mouse	376	single	TEC	1960
VASA published, mouse	376	single	miRNA	994
VASA published, mouse	376	single	snRNA	619
VASA published, mouse	376	single	TranscribedUnprocessedPseudogene	424
VASA published, mouse	376	single	TranscribedProcessedPseudogene	411
VASA published, mouse	376	single	MiscRna	324
VASA published, mouse	376	single	UnprocessedPseudogene	215
VASA published, mouse	376	single	PolymorphicPseudogene	187
VASA published, mouse	376	single	scaRNA	179
VASA published, mouse	376	single	TranscribedUnitaryPseudogene	120
VASA published, mouse	376	single	tRNA	86
VASA published, mouse	376	single	MtRrna	37
VASA published, mouse	376	single	MtTrna	20
VASA published, mouse	376	single	rRNA	20
VASA published, mouse	376	single	pseudogene	9
VASA published, mouse	378	multi	ProteinCoding	25561
VASA published, mouse	378	multi	ProcessedPseudogene	9845
VASA published, mouse	378	multi	MiscRna	4929
VASA published, mouse	378	multi	UnprocessedPseudogene	2549
VASA published, mouse	378	multi	lncRNA	2355
VASA published, mouse	378	multi	miRNA	1421
VASA published, mouse	378	multi	TranscribedProcessedPseudogene	1391
VASA published, mouse	378	multi	TranscribedUnprocessedPseudogene	859
VASA published, mouse	378	multi	snoRNA	499
VASA published, mouse	378	multi	snRNA	292
VASA published, mouse	378	multi	TEC	139
VASA published, mouse	378	multi	ribozyme	99
VASA published, mouse	378	multi	pseudogene	32
VASA published, mouse	378	multi	TranscribedUnitaryPseudogene	23
VASA published, mouse	378	multi	tRNA	12
VASA published, mouse	378	multi	MtRrna	4
VASA published, mouse	378	multi	UnitaryPseudogene	2
VASA published, mouse	378	multi	IgCGene	1
VASA published, mouse	378	single	ProteinCoding	202285
VASA published, mouse	378	single	lncRNA	6348
VASA published, mouse	378	single	ribozyme	961
VASA published, mouse	378	single	TEC	605
VASA published, mouse	378	single	snoRNA	518
VASA published, mouse	378	single	ProcessedPseudogene	449
VASA published, mouse	378	single	TranscribedUnitaryPseudogene	231
VASA published, mouse	378	single	TranscribedUnprocessedPseudogene	204
VASA published, mouse	378	single	miRNA	192
VASA published, mouse	378	single	TranscribedProcessedPseudogene	118
VASA published, mouse	378	single	snRNA	100
VASA published, mouse	378	single	UnprocessedPseudogene	98
VASA published, mouse	378	single	MiscRna	80
VASA published, mouse	378	single	scaRNA	54
VASA published, mouse	378	single	tRNA	22
VASA published, mouse	378	single	MtRrna	16
VASA published, mouse	378	single	PolymorphicPseudogene	10
VASA published, mouse	378	single	rRNA	7
VASA published, mouse	378	single	MtTrna	6
VASA published, mouse	378	single	pseudogene	4
VASA published, mouse	378	single	UnitaryPseudogene	2
VASA published, mouse	380	multi	ProteinCoding	28112
VASA published, mouse	380	multi	ProcessedPseudogene	12315
VASA published, mouse	380	multi	MiscRna	3869
VASA published, mouse	380	multi	UnprocessedPseudogene	3358
VASA published, mouse	380	multi	lncRNA	2877
VASA published, mouse	380	multi	TranscribedProcessedPseudogene	1936
VASA published, mouse	380	multi	miRNA	1491
VASA published, mouse	380	multi	TranscribedUnprocessedPseudogene	875
VASA published, mouse	380	multi	snoRNA	686
VASA published, mouse	380	multi	TEC	252
VASA published, mouse	380	multi	snRNA	131
VASA published, mouse	380	multi	ribozyme	47
VASA published, mouse	380	multi	pseudogene	44
VASA published, mouse	380	multi	TranscribedUnitaryPseudogene	32
VASA published, mouse	380	multi	MtRrna	16
VASA published, mouse	380	multi	PolymorphicPseudogene	9
VASA published, mouse	380	multi	UnitaryPseudogene	7
VASA published, mouse	380	multi	tRNA	3
VASA published, mouse	380	multi	MtTrna	2
VASA published, mouse	380	single	ProteinCoding	238734
VASA published, mouse	380	single	lncRNA	6917
VASA published, mouse	380	single	ProcessedPseudogene	770
VASA published, mouse	380	single	ribozyme	722
VASA published, mouse	380	single	TEC	642
VASA published, mouse	380	single	snoRNA	602
VASA published, mouse	380	single	miRNA	302
VASA published, mouse	380	single	TranscribedProcessedPseudogene	173
VASA published, mouse	380	single	UnprocessedPseudogene	150
VASA published, mouse	380	single	TranscribedUnprocessedPseudogene	142
VASA published, mouse	380	single	TranscribedUnitaryPseudogene	128
VASA published, mouse	380	single	snRNA	59
VASA published, mouse	380	single	MiscRna	54
VASA published, mouse	380	single	scaRNA	42
VASA published, mouse	380	single	MtTrna	19
VASA published, mouse	380	single	MtRrna	12
VASA published, mouse	380	single	tRNA	9
VASA published, mouse	380	single	UnitaryPseudogene	4
VASA published, mouse	380	single	pseudogene	4
VASA published, mouse	380	single	PolymorphicPseudogene	3
VASA published, mouse	380	single	rRNA	3
VASA published, mouse	382	multi	ProteinCoding	6407
VASA published, mouse	382	multi	ProcessedPseudogene	2327
VASA published, mouse	382	multi	MiscRna	1980
VASA published, mouse	382	multi	snoRNA	619
VASA published, mouse	382	multi	lncRNA	592
VASA published, mouse	382	multi	miRNA	518
VASA published, mouse	382	multi	TranscribedProcessedPseudogene	306
VASA published, mouse	382	multi	UnprocessedPseudogene	144
VASA published, mouse	382	multi	snRNA	123
VASA published, mouse	382	multi	TranscribedUnprocessedPseudogene	87
VASA published, mouse	382	multi	ribozyme	26
VASA published, mouse	382	multi	TEC	15
VASA published, mouse	382	multi	pseudogene	7
VASA published, mouse	382	multi	UnitaryPseudogene	2
VASA published, mouse	382	multi	TranscribedUnitaryPseudogene	1
VASA published, mouse	382	multi	tRNA	1
VASA published, mouse	382	single	ProteinCoding	42683
VASA published, mouse	382	single	lncRNA	1452
VASA published, mouse	382	single	ribozyme	278
VASA published, mouse	382	single	snoRNA	232
VASA published, mouse	382	single	ProcessedPseudogene	111
VASA published, mouse	382	single	TEC	107
VASA published, mouse	382	single	miRNA	62
VASA published, mouse	382	single	TranscribedUnprocessedPseudogene	39
VASA published, mouse	382	single	snRNA	36
VASA published, mouse	382	single	MiscRna	32
VASA published, mouse	382	single	TranscribedProcessedPseudogene	30
VASA published, mouse	382	single	UnprocessedPseudogene	28
VASA published, mouse	382	single	scaRNA	18
VASA published, mouse	382	single	PolymorphicPseudogene	17
VASA published, mouse	382	single	tRNA	6
VASA published, mouse	382	single	pseudogene	4
VASA published, mouse	382	single	UnitaryPseudogene	2
VASA published, mouse	382	single	MtRrna	1
VASA published, mouse	382	single	rRNA	1
VASA published, mouse	383	multi	ProteinCoding	76344
VASA published, mouse	383	multi	ProcessedPseudogene	26163
VASA published, mouse	383	multi	MiscRna	23373
VASA published, mouse	383	multi	UnprocessedPseudogene	7435
VASA published, mouse	383	multi	lncRNA	6786
VASA published, mouse	383	multi	TranscribedProcessedPseudogene	3755
VASA published, mouse	383	multi	miRNA	3489
VASA published, mouse	383	multi	TranscribedUnprocessedPseudogene	2552
VASA published, mouse	383	multi	snoRNA	1877
VASA published, mouse	383	multi	snRNA	1006
VASA published, mouse	383	multi	TEC	275
VASA published, mouse	383	multi	ribozyme	223
VASA published, mouse	383	multi	TranscribedUnitaryPseudogene	61
VASA published, mouse	383	multi	pseudogene	32
VASA published, mouse	383	multi	tRNA	15
VASA published, mouse	383	multi	UnitaryPseudogene	9
VASA published, mouse	383	multi	MtTrna	8
VASA published, mouse	383	multi	MtRrna	6
VASA published, mouse	383	multi	PolymorphicPseudogene	4
VASA published, mouse	383	multi	rRNA	2
VASA published, mouse	383	single	ProteinCoding	541652
VASA published, mouse	383	single	lncRNA	17775
VASA published, mouse	383	single	ribozyme	4189
VASA published, mouse	383	single	snoRNA	1881
VASA published, mouse	383	single	TEC	1793
VASA published, mouse	383	single	ProcessedPseudogene	1636
VASA published, mouse	383	single	miRNA	710
VASA published, mouse	383	single	TranscribedUnprocessedPseudogene	569
VASA published, mouse	383	single	TranscribedUnitaryPseudogene	419
VASA published, mouse	383	single	UnprocessedPseudogene	411
VASA published, mouse	383	single	snRNA	330
VASA published, mouse	383	single	MiscRna	309
VASA published, mouse	383	single	TranscribedProcessedPseudogene	284
VASA published, mouse	383	single	scaRNA	129
VASA published, mouse	383	single	PolymorphicPseudogene	67
VASA published, mouse	383	single	MtRrna	45
VASA published, mouse	383	single	MtTrna	32
VASA published, mouse	383	single	tRNA	24
VASA published, mouse	383	single	pseudogene	18
VASA published, mouse	383	single	IgVGene	13
VASA published, mouse	383	single	rRNA	12
VASA published, mouse	383	single	UnitaryPseudogene	5
