dataset	class	length	biotype	reads	reads_at_length
FLASH-seq	multi	20	MiscRna	8	7933
FLASH-seq	multi	20	MtTrna	1	7933
FLASH-seq	multi	20	ProcessedPseudogene	504	7933
FLASH-seq	multi	20	ProteinCoding	7741	7933
FLASH-seq	multi	20	TEC	46	7933
FLASH-seq	multi	20	TrCGene	1	7933
FLASH-seq	multi	20	TranscribedProcessedPseudogene	555	7933
FLASH-seq	multi	20	TranscribedUnitaryPseudogene	6	7933
FLASH-seq	multi	20	TranscribedUnprocessedPseudogene	20	7933
FLASH-seq	multi	20	UnitaryPseudogene	12	7933
FLASH-seq	multi	20	UnprocessedPseudogene	3980	7933
FLASH-seq	multi	20	lncRNA	2307	7933
FLASH-seq	multi	20	miRNA	14	7933
FLASH-seq	multi	20	snRNA	2	7933
FLASH-seq	multi	21	IgCGene	1	5154
FLASH-seq	multi	21	MiscRna	8	5154
FLASH-seq	multi	21	ProcessedPseudogene	2095	5154
FLASH-seq	multi	21	ProteinCoding	4958	5154
FLASH-seq	multi	21	TEC	41	5154
FLASH-seq	multi	21	TranscribedProcessedPseudogene	1805	5154
FLASH-seq	multi	21	TranscribedUnitaryPseudogene	12	5154
FLASH-seq	multi	21	TranscribedUnprocessedPseudogene	47	5154
FLASH-seq	multi	21	UnitaryPseudogene	7	5154
FLASH-seq	multi	21	UnprocessedPseudogene	199	5154
FLASH-seq	multi	21	lncRNA	3433	5154
FLASH-seq	multi	21	miRNA	10	5154
FLASH-seq	multi	21	snRNA	1	5154
FLASH-seq	multi	21	snoRNA	1	5154
FLASH-seq	multi	21	tRNA	1	5154
FLASH-seq	multi	22	MiscRna	11	4016
FLASH-seq	multi	22	ProcessedPseudogene	616	4016
FLASH-seq	multi	22	ProteinCoding	3800	4016
FLASH-seq	multi	22	TEC	38	4016
FLASH-seq	multi	22	TranscribedProcessedPseudogene	364	4016
FLASH-seq	multi	22	TranscribedUnitaryPseudogene	14	4016
FLASH-seq	multi	22	TranscribedUnprocessedPseudogene	46	4016
FLASH-seq	multi	22	UnitaryPseudogene	7	4016
FLASH-seq	multi	22	UnprocessedPseudogene	354	4016
FLASH-seq	multi	22	lncRNA	2099	4016
FLASH-seq	multi	22	miRNA	15	4016
FLASH-seq	multi	22	rRNA	1	4016
FLASH-seq	multi	22	snRNA	1	4016
FLASH-seq	multi	23	IgVGene	1	4474
FLASH-seq	multi	23	MiscRna	8	4474
FLASH-seq	multi	23	MtTrna	3	4474
FLASH-seq	multi	23	ProcessedPseudogene	745	4474
FLASH-seq	multi	23	ProteinCoding	4246	4474
FLASH-seq	multi	23	TEC	34	4474
FLASH-seq	multi	23	TranscribedProcessedPseudogene	338	4474
FLASH-seq	multi	23	TranscribedUnitaryPseudogene	17	4474
FLASH-seq	multi	23	TranscribedUnprocessedPseudogene	66	4474
FLASH-seq	multi	23	UnitaryPseudogene	12	4474
FLASH-seq	multi	23	UnprocessedPseudogene	100	4474
FLASH-seq	multi	23	lncRNA	2605	4474
FLASH-seq	multi	23	miRNA	14	4474
FLASH-seq	multi	23	rRNA	4	4474
FLASH-seq	multi	23	snoRNA	1	4474
FLASH-seq	multi	23	tRNA	1	4474
FLASH-seq	multi	24	IgCGene	1	3397
FLASH-seq	multi	24	IgVGene	1	3397
FLASH-seq	multi	24	MiscRna	11	3397
FLASH-seq	multi	24	MtTrna	4	3397
FLASH-seq	multi	24	ProcessedPseudogene	861	3397
FLASH-seq	multi	24	ProteinCoding	3152	3397
FLASH-seq	multi	24	TEC	31	3397
FLASH-seq	multi	24	TranscribedProcessedPseudogene	423	3397
FLASH-seq	multi	24	TranscribedUnitaryPseudogene	22	3397
FLASH-seq	multi	24	TranscribedUnprocessedPseudogene	53	3397
FLASH-seq	multi	24	UnitaryPseudogene	12	3397
FLASH-seq	multi	24	UnprocessedPseudogene	88	3397
FLASH-seq	multi	24	lncRNA	1996	3397
FLASH-seq	multi	24	miRNA	18	3397
FLASH-seq	multi	24	pseudogene	1	3397
FLASH-seq	multi	24	rRNA	1	3397
FLASH-seq	multi	24	snoRNA	2	3397
FLASH-seq	multi	25	MiscRna	14	4085
FLASH-seq	multi	25	ProcessedPseudogene	1022	4085
FLASH-seq	multi	25	ProteinCoding	3805	4085
FLASH-seq	multi	25	TEC	49	4085
FLASH-seq	multi	25	TrJGene	1	4085
FLASH-seq	multi	25	TranscribedProcessedPseudogene	454	4085
FLASH-seq	multi	25	TranscribedUnitaryPseudogene	13	4085
FLASH-seq	multi	25	TranscribedUnprocessedPseudogene	33	4085
FLASH-seq	multi	25	UnitaryPseudogene	15	4085
FLASH-seq	multi	25	UnprocessedPseudogene	88	4085
FLASH-seq	multi	25	lncRNA	2342	4085
FLASH-seq	multi	25	miRNA	19	4085
FLASH-seq	multi	25	pseudogene	1	4085
FLASH-seq	multi	25	rRNA	3	4085
FLASH-seq	multi	26	MiscRna	28	4515
FLASH-seq	multi	26	MtRrna	1	4515
FLASH-seq	multi	26	MtTrna	3	4515
FLASH-seq	multi	26	ProcessedPseudogene	1494	4515
FLASH-seq	multi	26	ProteinCoding	4298	4515
FLASH-seq	multi	26	TEC	43	4515
FLASH-seq	multi	26	TranscribedProcessedPseudogene	1041	4515
FLASH-seq	multi	26	TranscribedUnitaryPseudogene	22	4515
FLASH-seq	multi	26	TranscribedUnprocessedPseudogene	58	4515
FLASH-seq	multi	26	UnitaryPseudogene	25	4515
FLASH-seq	multi	26	UnprocessedPseudogene	285	4515
FLASH-seq	multi	26	lncRNA	2778	4515
FLASH-seq	multi	26	miRNA	32	4515
FLASH-seq	multi	26	pseudogene	2	4515
FLASH-seq	multi	26	rRNA	2	4515
FLASH-seq	multi	27	MiscRna	99	9635
FLASH-seq	multi	27	MtRrna	2	9635
FLASH-seq	multi	27	MtTrna	3	9635
FLASH-seq	multi	27	ProcessedPseudogene	3813	9635
FLASH-seq	multi	27	ProteinCoding	9407	9635
FLASH-seq	multi	27	TEC	122	9635
FLASH-seq	multi	27	TranscribedProcessedPseudogene	1732	9635
FLASH-seq	multi	27	TranscribedUnitaryPseudogene	62	9635
FLASH-seq	multi	27	TranscribedUnprocessedPseudogene	121	9635
FLASH-seq	multi	27	UnitaryPseudogene	45	9635
FLASH-seq	multi	27	UnprocessedPseudogene	2568	9635
FLASH-seq	multi	27	lncRNA	4516	9635
FLASH-seq	multi	27	miRNA	148	9635
FLASH-seq	multi	27	pseudogene	5	9635
FLASH-seq	multi	27	rRNA	2	9635
FLASH-seq	multi	27	snoRNA	1	9635
FLASH-seq	multi	28	MiscRna	87	11201
FLASH-seq	multi	28	MtRrna	2	11201
FLASH-seq	multi	28	MtTrna	2	11201
FLASH-seq	multi	28	ProcessedPseudogene	5510	11201
FLASH-seq	multi	28	ProteinCoding	10768	11201
FLASH-seq	multi	28	TEC	166	11201
FLASH-seq	multi	28	TranscribedProcessedPseudogene	2360	11201
FLASH-seq	multi	28	TranscribedUnitaryPseudogene	89	11201
FLASH-seq	multi	28	TranscribedUnprocessedPseudogene	162	11201
FLASH-seq	multi	28	UnitaryPseudogene	34	11201
FLASH-seq	multi	28	UnprocessedPseudogene	246	11201
FLASH-seq	multi	28	lncRNA	7413	11201
FLASH-seq	multi	28	miRNA	125	11201
FLASH-seq	multi	28	pseudogene	17	11201
FLASH-seq	multi	28	rRNA	9	11201
FLASH-seq	multi	28	snoRNA	5	11201
FLASH-seq	multi	28	tRNA	2	11201
FLASH-seq	multi	29	MiscRna	207	15411
FLASH-seq	multi	29	MtRrna	2	15411
FLASH-seq	multi	29	MtTrna	4	15411
FLASH-seq	multi	29	ProcessedPseudogene	8151	15411
FLASH-seq	multi	29	ProteinCoding	15044	15411
FLASH-seq	multi	29	TEC	202	15411
FLASH-seq	multi	29	TranscribedProcessedPseudogene	3809	15411
FLASH-seq	multi	29	TranscribedUnitaryPseudogene	146	15411
FLASH-seq	multi	29	TranscribedUnprocessedPseudogene	235	15411
FLASH-seq	multi	29	UnitaryPseudogene	89	15411
FLASH-seq	multi	29	UnprocessedPseudogene	810	15411
FLASH-seq	multi	29	lncRNA	9247	15411
FLASH-seq	multi	29	miRNA	219	15411
FLASH-seq	multi	29	pseudogene	6	15411
FLASH-seq	multi	29	rRNA	9	15411
FLASH-seq	multi	29	snoRNA	3	15411
FLASH-seq	multi	29	tRNA	1	15411
FLASH-seq	multi	30	MiscRna	306	49824
FLASH-seq	multi	30	MtRrna	2	49824
FLASH-seq	multi	30	MtTrna	20	49824
FLASH-seq	multi	30	ProcessedPseudogene	27777	49824
FLASH-seq	multi	30	ProteinCoding	48939	49824
FLASH-seq	multi	30	TEC	778	49824
FLASH-seq	multi	30	TranscribedProcessedPseudogene	12534	49824
FLASH-seq	multi	30	TranscribedUnitaryPseudogene	318	49824
FLASH-seq	multi	30	TranscribedUnprocessedPseudogene	620	49824
FLASH-seq	multi	30	UnitaryPseudogene	172	49824
FLASH-seq	multi	30	UnprocessedPseudogene	2248	49824
FLASH-seq	multi	30	lncRNA	30424	49824
FLASH-seq	multi	30	miRNA	583	49824
FLASH-seq	multi	30	pseudogene	18	49824
FLASH-seq	multi	30	rRNA	78	49824
FLASH-seq	multi	30	snRNA	1	49824
FLASH-seq	multi	30	snoRNA	23	49824
FLASH-seq	multi	30	tRNA	24	49824
FLASH-seq	multi	31	MiscRna	491	54431
FLASH-seq	multi	31	MtRrna	2	54431
FLASH-seq	multi	31	MtTrna	36	54431
FLASH-seq	multi	31	ProcessedPseudogene	29265	54431
FLASH-seq	multi	31	ProteinCoding	53267	54431
FLASH-seq	multi	31	TEC	646	54431
FLASH-seq	multi	31	TranscribedProcessedPseudogene	14005	54431
FLASH-seq	multi	31	TranscribedUnitaryPseudogene	381	54431
FLASH-seq	multi	31	TranscribedUnprocessedPseudogene	646	54431
FLASH-seq	multi	31	UnitaryPseudogene	249	54431
FLASH-seq	multi	31	UnprocessedPseudogene	3153	54431
FLASH-seq	multi	31	lncRNA	32681	54431
FLASH-seq	multi	31	miRNA	687	54431
FLASH-seq	multi	31	pseudogene	39	54431
FLASH-seq	multi	31	rRNA	43	54431
FLASH-seq	multi	31	ribozyme	1	54431
FLASH-seq	multi	31	snoRNA	16	54431
FLASH-seq	multi	31	tRNA	13	54431
FLASH-seq	multi	32	MiscRna	888	57745
FLASH-seq	multi	32	MtTrna	46	57745
FLASH-seq	multi	32	ProcessedPseudogene	31122	57745
FLASH-seq	multi	32	ProteinCoding	56562	57745
FLASH-seq	multi	32	TEC	814	57745
FLASH-seq	multi	32	TranscribedProcessedPseudogene	14280	57745
FLASH-seq	multi	32	TranscribedUnitaryPseudogene	351	57745
FLASH-seq	multi	32	TranscribedUnprocessedPseudogene	681	57745
FLASH-seq	multi	32	UnitaryPseudogene	238	57745
FLASH-seq	multi	32	UnprocessedPseudogene	2597	57745
FLASH-seq	multi	32	lncRNA	35680	57745
FLASH-seq	multi	32	miRNA	739	57745
FLASH-seq	multi	32	pseudogene	5	57745
FLASH-seq	multi	32	rRNA	39	57745
FLASH-seq	multi	32	snRNA	2	57745
FLASH-seq	multi	32	snoRNA	17	57745
FLASH-seq	multi	32	tRNA	19	57745
FLASH-seq	multi	33	MiscRna	693	62665
FLASH-seq	multi	33	MtRrna	1	62665
FLASH-seq	multi	33	MtTrna	104	62665
FLASH-seq	multi	33	ProcessedPseudogene	34847	62665
FLASH-seq	multi	33	ProteinCoding	61315	62665
FLASH-seq	multi	33	TEC	892	62665
FLASH-seq	multi	33	TranscribedProcessedPseudogene	15333	62665
FLASH-seq	multi	33	TranscribedUnitaryPseudogene	385	62665
FLASH-seq	multi	33	TranscribedUnprocessedPseudogene	1167	62665
FLASH-seq	multi	33	TranslatedUnprocessedPseudogene	1	62665
FLASH-seq	multi	33	UnitaryPseudogene	228	62665
FLASH-seq	multi	33	UnprocessedPseudogene	2939	62665
FLASH-seq	multi	33	lncRNA	37948	62665
FLASH-seq	multi	33	miRNA	842	62665
FLASH-seq	multi	33	pseudogene	25	62665
FLASH-seq	multi	33	rRNA	52	62665
FLASH-seq	multi	33	snRNA	1	62665
FLASH-seq	multi	33	snoRNA	6	62665
FLASH-seq	multi	33	tRNA	25	62665
FLASH-seq	multi	34	MiscRna	1052	67540
FLASH-seq	multi	34	MtTrna	29	67540
FLASH-seq	multi	34	ProcessedPseudogene	37518	67540
FLASH-seq	multi	34	ProteinCoding	65725	67540
FLASH-seq	multi	34	TEC	830	67540
FLASH-seq	multi	34	TranscribedProcessedPseudogene	17818	67540
FLASH-seq	multi	34	TranscribedUnitaryPseudogene	596	67540
FLASH-seq	multi	34	TranscribedUnprocessedPseudogene	868	67540
FLASH-seq	multi	34	UnitaryPseudogene	413	67540
FLASH-seq	multi	34	UnprocessedPseudogene	2766	67540
FLASH-seq	multi	34	lncRNA	41395	67540
FLASH-seq	multi	34	miRNA	1243	67540
FLASH-seq	multi	34	pseudogene	5	67540
FLASH-seq	multi	34	rRNA	56	67540
FLASH-seq	multi	34	snRNA	5	67540
FLASH-seq	multi	34	snoRNA	19	67540
FLASH-seq	multi	34	tRNA	20	67540
FLASH-seq	multi	35	MiscRna	886	86998
FLASH-seq	multi	35	MtTrna	57	86998
FLASH-seq	multi	35	ProcessedPseudogene	49199	86998
FLASH-seq	multi	35	ProteinCoding	85309	86998
FLASH-seq	multi	35	TEC	1172	86998
FLASH-seq	multi	35	TranscribedProcessedPseudogene	21104	86998
FLASH-seq	multi	35	TranscribedUnitaryPseudogene	480	86998
FLASH-seq	multi	35	TranscribedUnprocessedPseudogene	1100	86998
FLASH-seq	multi	35	UnitaryPseudogene	336	86998
FLASH-seq	multi	35	UnprocessedPseudogene	3741	86998
FLASH-seq	multi	35	lncRNA	51244	86998
FLASH-seq	multi	35	miRNA	1218	86998
FLASH-seq	multi	35	pseudogene	40	86998
FLASH-seq	multi	35	rRNA	75	86998
FLASH-seq	multi	35	ribozyme	1	86998
FLASH-seq	multi	35	snRNA	1	86998
FLASH-seq	multi	35	snoRNA	16	86998
FLASH-seq	multi	35	tRNA	61	86998
FLASH-seq	multi	36	MiscRna	1725	134417
FLASH-seq	multi	36	MtRrna	2	134417
FLASH-seq	multi	36	MtTrna	70	134417
FLASH-seq	multi	36	ProcessedPseudogene	71553	134417
FLASH-seq	multi	36	ProteinCoding	131314	134417
FLASH-seq	multi	36	TEC	1623	134417
FLASH-seq	multi	36	TranscribedProcessedPseudogene	33588	134417
FLASH-seq	multi	36	TranscribedUnitaryPseudogene	973	134417
FLASH-seq	multi	36	TranscribedUnprocessedPseudogene	1597	134417
FLASH-seq	multi	36	UnitaryPseudogene	676	134417
FLASH-seq	multi	36	UnprocessedPseudogene	8854	134417
FLASH-seq	multi	36	lncRNA	80281	134417
FLASH-seq	multi	36	miRNA	1901	134417
FLASH-seq	multi	36	pseudogene	17	134417
FLASH-seq	multi	36	rRNA	71	134417
FLASH-seq	multi	36	snRNA	1	134417
FLASH-seq	multi	36	snoRNA	31	134417
FLASH-seq	multi	36	tRNA	38	134417
FLASH-seq	multi	37	MiscRna	2217	159673
FLASH-seq	multi	37	MtTrna	73	159673
FLASH-seq	multi	37	ProcessedPseudogene	88470	159673
FLASH-seq	multi	37	ProteinCoding	156030	159673
FLASH-seq	multi	37	TEC	1813	159673
FLASH-seq	multi	37	TranscribedProcessedPseudogene	39252	159673
FLASH-seq	multi	37	TranscribedUnitaryPseudogene	982	159673
FLASH-seq	multi	37	TranscribedUnprocessedPseudogene	2123	159673
FLASH-seq	multi	37	UnitaryPseudogene	661	159673
FLASH-seq	multi	37	UnprocessedPseudogene	6582	159673
FLASH-seq	multi	37	lncRNA	95412	159673
FLASH-seq	multi	37	miRNA	2487	159673
FLASH-seq	multi	37	pseudogene	10	159673
FLASH-seq	multi	37	rRNA	165	159673
FLASH-seq	multi	37	scaRNA	2	159673
FLASH-seq	multi	37	snRNA	9	159673
FLASH-seq	multi	37	snoRNA	18	159673
FLASH-seq	multi	37	tRNA	279	159673
FLASH-seq	multi	38	MiscRna	2172	183205
FLASH-seq	multi	38	MtRrna	3	183205
FLASH-seq	multi	38	MtTrna	97	183205
FLASH-seq	multi	38	ProcessedPseudogene	99002	183205
FLASH-seq	multi	38	ProteinCoding	178598	183205
FLASH-seq	multi	38	TEC	2241	183205
FLASH-seq	multi	38	TranscribedProcessedPseudogene	41436	183205
FLASH-seq	multi	38	TranscribedUnitaryPseudogene	1012	183205
FLASH-seq	multi	38	TranscribedUnprocessedPseudogene	3638	183205
FLASH-seq	multi	38	UnitaryPseudogene	851	183205
FLASH-seq	multi	38	UnprocessedPseudogene	8147	183205
FLASH-seq	multi	38	lncRNA	111280	183205
FLASH-seq	multi	38	miRNA	2437	183205
FLASH-seq	multi	38	pseudogene	27	183205
FLASH-seq	multi	38	rRNA	86	183205
FLASH-seq	multi	38	scaRNA	2	183205
FLASH-seq	multi	38	snRNA	24	183205
FLASH-seq	multi	38	snoRNA	34	183205
FLASH-seq	multi	38	tRNA	147	183205
FLASH-seq	multi	39	MiscRna	1893	180742
FLASH-seq	multi	39	MtTrna	214	180742
FLASH-seq	multi	39	ProcessedPseudogene	97178	180742
FLASH-seq	multi	39	ProteinCoding	176239	180742
FLASH-seq	multi	39	TEC	2243	180742
FLASH-seq	multi	39	TranscribedProcessedPseudogene	41182	180742
FLASH-seq	multi	39	TranscribedUnitaryPseudogene	1242	180742
FLASH-seq	multi	39	TranscribedUnprocessedPseudogene	2434	180742
FLASH-seq	multi	39	UnitaryPseudogene	826	180742
FLASH-seq	multi	39	UnprocessedPseudogene	7740	180742
FLASH-seq	multi	39	lncRNA	107689	180742
FLASH-seq	multi	39	miRNA	2672	180742
FLASH-seq	multi	39	pseudogene	34	180742
FLASH-seq	multi	39	rRNA	195	180742
FLASH-seq	multi	39	snRNA	2	180742
FLASH-seq	multi	39	snoRNA	26	180742
FLASH-seq	multi	39	tRNA	278	180742
FLASH-seq	multi	40	MiscRna	1680	171824
FLASH-seq	multi	40	MtTrna	146	171824
FLASH-seq	multi	40	ProcessedPseudogene	93421	171824
FLASH-seq	multi	40	ProteinCoding	168217	171824
FLASH-seq	multi	40	TEC	1647	171824
FLASH-seq	multi	40	TranscribedProcessedPseudogene	41324	171824
FLASH-seq	multi	40	TranscribedUnitaryPseudogene	983	171824
FLASH-seq	multi	40	TranscribedUnprocessedPseudogene	2078	171824
FLASH-seq	multi	40	UnitaryPseudogene	702	171824
FLASH-seq	multi	40	UnprocessedPseudogene	8278	171824
FLASH-seq	multi	40	lncRNA	101574	171824
FLASH-seq	multi	40	miRNA	2046	171824
FLASH-seq	multi	40	pseudogene	46	171824
FLASH-seq	multi	40	rRNA	144	171824
FLASH-seq	multi	40	snRNA	6	171824
FLASH-seq	multi	40	snoRNA	36	171824
FLASH-seq	multi	40	tRNA	169	171824
FLASH-seq	multi	41	MiscRna	3039	172303
FLASH-seq	multi	41	MtRrna	1	172303
FLASH-seq	multi	41	MtTrna	249	172303
FLASH-seq	multi	41	ProcessedPseudogene	90725	172303
FLASH-seq	multi	41	ProteinCoding	167264	172303
FLASH-seq	multi	41	TEC	2483	172303
FLASH-seq	multi	41	TranscribedProcessedPseudogene	40844	172303
FLASH-seq	multi	41	TranscribedUnitaryPseudogene	1520	172303
FLASH-seq	multi	41	TranscribedUnprocessedPseudogene	2055	172303
FLASH-seq	multi	41	UnitaryPseudogene	701	172303
FLASH-seq	multi	41	UnprocessedPseudogene	9126	172303
FLASH-seq	multi	41	lncRNA	102615	172303
FLASH-seq	multi	41	miRNA	3355	172303
FLASH-seq	multi	41	pseudogene	22	172303
FLASH-seq	multi	41	rRNA	56	172303
FLASH-seq	multi	41	snRNA	4	172303
FLASH-seq	multi	41	snoRNA	30	172303
FLASH-seq	multi	41	tRNA	32	172303
FLASH-seq	multi	42	MiscRna	2100	164928
FLASH-seq	multi	42	MtTrna	76	164928
FLASH-seq	multi	42	ProcessedPseudogene	90566	164928
FLASH-seq	multi	42	ProteinCoding	160960	164928
FLASH-seq	multi	42	TEC	1824	164928
FLASH-seq	multi	42	TranscribedProcessedPseudogene	42081	164928
FLASH-seq	multi	42	TranscribedUnitaryPseudogene	983	164928
FLASH-seq	multi	42	TranscribedUnprocessedPseudogene	2355	164928
FLASH-seq	multi	42	UnitaryPseudogene	553	164928
FLASH-seq	multi	42	UnprocessedPseudogene	7247	164928
FLASH-seq	multi	42	lncRNA	96815	164928
FLASH-seq	multi	42	miRNA	2461	164928
FLASH-seq	multi	42	pseudogene	19	164928
FLASH-seq	multi	42	rRNA	71	164928
FLASH-seq	multi	42	snRNA	8	164928
FLASH-seq	multi	42	snoRNA	14	164928
FLASH-seq	multi	42	tRNA	60	164928
FLASH-seq	multi	43	MiscRna	2144	185534
FLASH-seq	multi	43	MtTrna	254	185534
FLASH-seq	multi	43	ProcessedPseudogene	97782	185534
FLASH-seq	multi	43	ProteinCoding	181148	185534
FLASH-seq	multi	43	TEC	2178	185534
FLASH-seq	multi	43	TranscribedProcessedPseudogene	45537	185534
FLASH-seq	multi	43	TranscribedUnitaryPseudogene	1267	185534
FLASH-seq	multi	43	TranscribedUnprocessedPseudogene	2695	185534
FLASH-seq	multi	43	UnitaryPseudogene	679	185534
FLASH-seq	multi	43	UnprocessedPseudogene	8632	185534
FLASH-seq	multi	43	lncRNA	111122	185534
FLASH-seq	multi	43	miRNA	2575	185534
FLASH-seq	multi	43	pseudogene	10	185534
FLASH-seq	multi	43	rRNA	76	185534
FLASH-seq	multi	43	snRNA	28	185534
FLASH-seq	multi	43	snoRNA	39	185534
FLASH-seq	multi	43	tRNA	59	185534
FLASH-seq	multi	44	MiscRna	1865	183056
FLASH-seq	multi	44	MtRrna	1	183056
FLASH-seq	multi	44	MtTrna	105	183056
FLASH-seq	multi	44	ProcessedPseudogene	99695	183056
FLASH-seq	multi	44	ProteinCoding	178737	183056
FLASH-seq	multi	44	TEC	3108	183056
FLASH-seq	multi	44	TranscribedProcessedPseudogene	44587	183056
FLASH-seq	multi	44	TranscribedUnitaryPseudogene	1124	183056
FLASH-seq	multi	44	TranscribedUnprocessedPseudogene	2272	183056
FLASH-seq	multi	44	UnitaryPseudogene	720	183056
FLASH-seq	multi	44	UnprocessedPseudogene	8201	183056
FLASH-seq	multi	44	lncRNA	107722	183056
FLASH-seq	multi	44	miRNA	2881	183056
FLASH-seq	multi	44	pseudogene	10	183056
FLASH-seq	multi	44	rRNA	68	183056
FLASH-seq	multi	44	snRNA	11	183056
FLASH-seq	multi	44	snoRNA	38	183056
FLASH-seq	multi	44	tRNA	109	183056
FLASH-seq	multi	45	MiscRna	1711	194513
FLASH-seq	multi	45	MtTrna	173	194513
FLASH-seq	multi	45	ProcessedPseudogene	107442	194513
FLASH-seq	multi	45	ProteinCoding	190022	194513
FLASH-seq	multi	45	TEC	2578	194513
FLASH-seq	multi	45	TranscribedProcessedPseudogene	44943	194513
FLASH-seq	multi	45	TranscribedUnitaryPseudogene	987	194513
FLASH-seq	multi	45	TranscribedUnprocessedPseudogene	2671	194513
FLASH-seq	multi	45	UnitaryPseudogene	685	194513
FLASH-seq	multi	45	UnprocessedPseudogene	9790	194513
FLASH-seq	multi	45	lncRNA	113106	194513
FLASH-seq	multi	45	miRNA	2819	194513
FLASH-seq	multi	45	pseudogene	31	194513
FLASH-seq	multi	45	rRNA	33	194513
FLASH-seq	multi	45	scaRNA	1	194513
FLASH-seq	multi	45	snRNA	10	194513
FLASH-seq	multi	45	snoRNA	38	194513
FLASH-seq	multi	45	tRNA	119	194513
FLASH-seq	multi	46	MiscRna	4511	202953
FLASH-seq	multi	46	MtTrna	114	202953
FLASH-seq	multi	46	ProcessedPseudogene	107581	202953
FLASH-seq	multi	46	ProteinCoding	196044	202953
FLASH-seq	multi	46	TEC	2972	202953
FLASH-seq	multi	46	TranscribedProcessedPseudogene	47076	202953
FLASH-seq	multi	46	TranscribedUnitaryPseudogene	1396	202953
FLASH-seq	multi	46	TranscribedUnprocessedPseudogene	2690	202953
FLASH-seq	multi	46	UnitaryPseudogene	875	202953
FLASH-seq	multi	46	UnprocessedPseudogene	10471	202953
FLASH-seq	multi	46	lncRNA	116975	202953
FLASH-seq	multi	46	miRNA	4340	202953
FLASH-seq	multi	46	pseudogene	12	202953
FLASH-seq	multi	46	rRNA	72	202953
FLASH-seq	multi	46	scaRNA	4	202953
FLASH-seq	multi	46	snRNA	4	202953
FLASH-seq	multi	46	snoRNA	18	202953
FLASH-seq	multi	46	tRNA	249	202953
FLASH-seq	multi	47	MiscRna	2500	204111
FLASH-seq	multi	47	MtRrna	1	204111
FLASH-seq	multi	47	MtTrna	158	204111
FLASH-seq	multi	47	ProcessedPseudogene	112235	204111
FLASH-seq	multi	47	ProteinCoding	198224	204111
FLASH-seq	multi	47	TEC	2823	204111
FLASH-seq	multi	47	TranscribedProcessedPseudogene	48639	204111
FLASH-seq	multi	47	TranscribedUnitaryPseudogene	1133	204111
FLASH-seq	multi	47	TranscribedUnprocessedPseudogene	3510	204111
FLASH-seq	multi	47	UnitaryPseudogene	561	204111
FLASH-seq	multi	47	UnprocessedPseudogene	8345	204111
FLASH-seq	multi	47	lncRNA	120222	204111
FLASH-seq	multi	47	miRNA	3684	204111
FLASH-seq	multi	47	pseudogene	25	204111
FLASH-seq	multi	47	rRNA	23	204111
FLASH-seq	multi	47	snRNA	2	204111
FLASH-seq	multi	47	snoRNA	14	204111
FLASH-seq	multi	47	tRNA	210	204111
FLASH-seq	multi	48	MiscRna	3172	212888
FLASH-seq	multi	48	MtTrna	378	212888
FLASH-seq	multi	48	ProcessedPseudogene	112712	212888
FLASH-seq	multi	48	ProteinCoding	206586	212888
FLASH-seq	multi	48	TEC	2763	212888
FLASH-seq	multi	48	TranscribedProcessedPseudogene	50293	212888
FLASH-seq	multi	48	TranscribedUnitaryPseudogene	1148	212888
FLASH-seq	multi	48	TranscribedUnprocessedPseudogene	2834	212888
FLASH-seq	multi	48	UnitaryPseudogene	829	212888
FLASH-seq	multi	48	UnprocessedPseudogene	9801	212888
FLASH-seq	multi	48	lncRNA	125730	212888
FLASH-seq	multi	48	miRNA	3708	212888
FLASH-seq	multi	48	pseudogene	12	212888
FLASH-seq	multi	48	rRNA	29	212888
FLASH-seq	multi	48	ribozyme	4	212888
FLASH-seq	multi	48	snRNA	12	212888
FLASH-seq	multi	48	snoRNA	21	212888
FLASH-seq	multi	48	tRNA	265	212888
FLASH-seq	multi	49	MiscRna	4112	221200
FLASH-seq	multi	49	MtTrna	253	221200
FLASH-seq	multi	49	ProcessedPseudogene	114248	221200
FLASH-seq	multi	49	ProteinCoding	213673	221200
FLASH-seq	multi	49	TEC	2675	221200
FLASH-seq	multi	49	TranscribedProcessedPseudogene	49951	221200
FLASH-seq	multi	49	TranscribedUnitaryPseudogene	1138	221200
FLASH-seq	multi	49	TranscribedUnprocessedPseudogene	2545	221200
FLASH-seq	multi	49	UnitaryPseudogene	715	221200
FLASH-seq	multi	49	UnprocessedPseudogene	8089	221200
FLASH-seq	multi	49	lncRNA	131515	221200
FLASH-seq	multi	49	miRNA	5606	221200
FLASH-seq	multi	49	pseudogene	6	221200
FLASH-seq	multi	49	rRNA	17	221200
FLASH-seq	multi	49	scaRNA	2	221200
FLASH-seq	multi	49	snRNA	4	221200
FLASH-seq	multi	49	snoRNA	21	221200
FLASH-seq	multi	49	tRNA	466	221200
FLASH-seq	multi	50	MiscRna	2893	204525
FLASH-seq	multi	50	MtTrna	130	204525
FLASH-seq	multi	50	ProcessedPseudogene	108082	204525
FLASH-seq	multi	50	ProteinCoding	198690	204525
FLASH-seq	multi	50	TEC	2960	204525
FLASH-seq	multi	50	TranscribedProcessedPseudogene	45984	204525
FLASH-seq	multi	50	TranscribedUnitaryPseudogene	1051	204525
FLASH-seq	multi	50	TranscribedUnprocessedPseudogene	2549	204525
FLASH-seq	multi	50	UnitaryPseudogene	823	204525
FLASH-seq	multi	50	UnprocessedPseudogene	8824	204525
FLASH-seq	multi	50	lncRNA	120057	204525
FLASH-seq	multi	50	miRNA	3500	204525
FLASH-seq	multi	50	pseudogene	7	204525
FLASH-seq	multi	50	rRNA	28	204525
FLASH-seq	multi	50	snRNA	9	204525
FLASH-seq	multi	50	snoRNA	33	204525
FLASH-seq	multi	50	tRNA	551	204525
FLASH-seq	multi	51	MiscRna	5081	206553
FLASH-seq	multi	51	MtTrna	209	206553
FLASH-seq	multi	51	ProcessedPseudogene	105386	206553
FLASH-seq	multi	51	ProteinCoding	198628	206553
FLASH-seq	multi	51	TEC	2871	206553
FLASH-seq	multi	51	TranscribedProcessedPseudogene	48076	206553
FLASH-seq	multi	51	TranscribedUnitaryPseudogene	1186	206553
FLASH-seq	multi	51	TranscribedUnprocessedPseudogene	2284	206553
FLASH-seq	multi	51	UnitaryPseudogene	671	206553
FLASH-seq	multi	51	UnprocessedPseudogene	10849	206553
FLASH-seq	multi	51	lncRNA	122433	206553
FLASH-seq	multi	51	miRNA	4434	206553
FLASH-seq	multi	51	pseudogene	1	206553
FLASH-seq	multi	51	rRNA	30	206553
FLASH-seq	multi	51	snRNA	5	206553
FLASH-seq	multi	51	snoRNA	30	206553
FLASH-seq	multi	51	tRNA	524	206553
FLASH-seq	multi	52	MiscRna	2031	190756
FLASH-seq	multi	52	MtTrna	130	190756
FLASH-seq	multi	52	ProcessedPseudogene	100865	190756
FLASH-seq	multi	52	ProteinCoding	184590	190756
FLASH-seq	multi	52	TEC	3301	190756
FLASH-seq	multi	52	TrVGene	1	190756
FLASH-seq	multi	52	TranscribedProcessedPseudogene	43971	190756
FLASH-seq	multi	52	TranscribedUnitaryPseudogene	948	190756
FLASH-seq	multi	52	TranscribedUnprocessedPseudogene	2986	190756
FLASH-seq	multi	52	UnitaryPseudogene	889	190756
FLASH-seq	multi	52	UnprocessedPseudogene	8973	190756
FLASH-seq	multi	52	lncRNA	110749	190756
FLASH-seq	multi	52	miRNA	2853	190756
FLASH-seq	multi	52	pseudogene	4	190756
FLASH-seq	multi	52	rRNA	27	190756
FLASH-seq	multi	52	ribozyme	1	190756
FLASH-seq	multi	52	scaRNA	3	190756
FLASH-seq	multi	52	snRNA	6	190756
FLASH-seq	multi	52	snoRNA	33	190756
FLASH-seq	multi	52	tRNA	153	190756
FLASH-seq	multi	53	MiscRna	2278	199316
FLASH-seq	multi	53	MtTrna	156	199316
FLASH-seq	multi	53	ProcessedPseudogene	104979	199316
FLASH-seq	multi	53	ProteinCoding	193077	199316
FLASH-seq	multi	53	TEC	2484	199316
FLASH-seq	multi	53	TranscribedProcessedPseudogene	46308	199316
FLASH-seq	multi	53	TranscribedUnitaryPseudogene	1320	199316
FLASH-seq	multi	53	TranscribedUnprocessedPseudogene	3013	199316
FLASH-seq	multi	53	UnitaryPseudogene	560	199316
FLASH-seq	multi	53	UnprocessedPseudogene	10660	199316
FLASH-seq	multi	53	lncRNA	118813	199316
FLASH-seq	multi	53	miRNA	2881	199316
FLASH-seq	multi	53	pseudogene	4	199316
FLASH-seq	multi	53	rRNA	58	199316
FLASH-seq	multi	53	snRNA	14	199316
FLASH-seq	multi	53	snoRNA	27	199316
FLASH-seq	multi	53	tRNA	85	199316
FLASH-seq	multi	54	MiscRna	2964	201234
FLASH-seq	multi	54	MtRrna	1	201234
FLASH-seq	multi	54	MtTrna	201	201234
FLASH-seq	multi	54	ProcessedPseudogene	104661	201234
FLASH-seq	multi	54	ProteinCoding	194852	201234
FLASH-seq	multi	54	TEC	2717	201234
FLASH-seq	multi	54	TranscribedProcessedPseudogene	46258	201234
FLASH-seq	multi	54	TranscribedUnitaryPseudogene	1237	201234
FLASH-seq	multi	54	TranscribedUnprocessedPseudogene	2633	201234
FLASH-seq	multi	54	UnitaryPseudogene	485	201234
FLASH-seq	multi	54	UnprocessedPseudogene	9912	201234
FLASH-seq	multi	54	lncRNA	116964	201234
FLASH-seq	multi	54	miRNA	3156	201234
FLASH-seq	multi	54	rRNA	23	201234
FLASH-seq	multi	54	snRNA	7	201234
FLASH-seq	multi	54	snoRNA	17	201234
FLASH-seq	multi	54	tRNA	60	201234
FLASH-seq	multi	55	MiscRna	2055	200308
FLASH-seq	multi	55	MtTrna	293	200308
FLASH-seq	multi	55	ProcessedPseudogene	107328	200308
FLASH-seq	multi	55	ProteinCoding	194325	200308
FLASH-seq	multi	55	TEC	2584	200308
FLASH-seq	multi	55	TranscribedProcessedPseudogene	46128	200308
FLASH-seq	multi	55	TranscribedUnitaryPseudogene	1019	200308
FLASH-seq	multi	55	TranscribedUnprocessedPseudogene	2724	200308
FLASH-seq	multi	55	UnitaryPseudogene	721	200308
FLASH-seq	multi	55	UnprocessedPseudogene	9995	200308
FLASH-seq	multi	55	lncRNA	114410	200308
FLASH-seq	multi	55	miRNA	2858	200308
FLASH-seq	multi	55	pseudogene	2	200308
FLASH-seq	multi	55	rRNA	151	200308
FLASH-seq	multi	55	scaRNA	1	200308
FLASH-seq	multi	55	snRNA	3	200308
FLASH-seq	multi	55	snoRNA	22	200308
FLASH-seq	multi	55	tRNA	45	200308
FLASH-seq	multi	56	MiscRna	4620	210775
FLASH-seq	multi	56	MtTrna	294	210775
FLASH-seq	multi	56	ProcessedPseudogene	110101	210775
FLASH-seq	multi	56	ProteinCoding	203967	210775
FLASH-seq	multi	56	TEC	2744	210775
FLASH-seq	multi	56	TranscribedProcessedPseudogene	50165	210775
FLASH-seq	multi	56	TranscribedUnitaryPseudogene	1060	210775
FLASH-seq	multi	56	TranscribedUnprocessedPseudogene	2779	210775
FLASH-seq	multi	56	UnitaryPseudogene	629	210775
FLASH-seq	multi	56	UnprocessedPseudogene	9857	210775
FLASH-seq	multi	56	lncRNA	123470	210775
FLASH-seq	multi	56	miRNA	3625	210775
FLASH-seq	multi	56	pseudogene	1	210775
FLASH-seq	multi	56	rRNA	19	210775
FLASH-seq	multi	56	ribozyme	3	210775
FLASH-seq	multi	56	snRNA	21	210775
FLASH-seq	multi	56	snoRNA	19	210775
FLASH-seq	multi	56	tRNA	38	210775
FLASH-seq	multi	57	MiscRna	1916	213424
FLASH-seq	multi	57	MtTrna	197	213424
FLASH-seq	multi	57	ProcessedPseudogene	114232	213424
FLASH-seq	multi	57	ProteinCoding	208016	213424
FLASH-seq	multi	57	TEC	4018	213424
FLASH-seq	multi	57	TranscribedProcessedPseudogene	51683	213424
FLASH-seq	multi	57	TranscribedUnitaryPseudogene	950	213424
FLASH-seq	multi	57	TranscribedUnprocessedPseudogene	3121	213424
FLASH-seq	multi	57	UnitaryPseudogene	611	213424
FLASH-seq	multi	57	UnprocessedPseudogene	11443	213424
FLASH-seq	multi	57	lncRNA	124167	213424
FLASH-seq	multi	57	miRNA	3112	213424
FLASH-seq	multi	57	rRNA	40	213424
FLASH-seq	multi	57	snRNA	9	213424
FLASH-seq	multi	57	snoRNA	28	213424
FLASH-seq	multi	57	tRNA	50	213424
FLASH-seq	multi	58	MiscRna	3433	216051
FLASH-seq	multi	58	MtTrna	178	216051
FLASH-seq	multi	58	ProcessedPseudogene	118156	216051
FLASH-seq	multi	58	ProteinCoding	210025	216051
FLASH-seq	multi	58	TEC	4238	216051
FLASH-seq	multi	58	TranscribedProcessedPseudogene	53221	216051
FLASH-seq	multi	58	TranscribedUnitaryPseudogene	1394	216051
FLASH-seq	multi	58	TranscribedUnprocessedPseudogene	2795	216051
FLASH-seq	multi	58	UnitaryPseudogene	877	216051
FLASH-seq	multi	58	UnprocessedPseudogene	10292	216051
FLASH-seq	multi	58	lncRNA	128270	216051
FLASH-seq	multi	58	miRNA	3322	216051
FLASH-seq	multi	58	rRNA	36	216051
FLASH-seq	multi	58	snRNA	12	216051
FLASH-seq	multi	58	snoRNA	43	216051
FLASH-seq	multi	58	tRNA	36	216051
FLASH-seq	multi	59	MiscRna	5014	222114
FLASH-seq	multi	59	MtTrna	127	222114
FLASH-seq	multi	59	ProcessedPseudogene	116826	222114
FLASH-seq	multi	59	ProteinCoding	214234	222114
FLASH-seq	multi	59	TEC	3238	222114
FLASH-seq	multi	59	TranscribedProcessedPseudogene	56153	222114
FLASH-seq	multi	59	TranscribedUnitaryPseudogene	1006	222114
FLASH-seq	multi	59	TranscribedUnprocessedPseudogene	2815	222114
FLASH-seq	multi	59	UnitaryPseudogene	491	222114
FLASH-seq	multi	59	UnprocessedPseudogene	10124	222114
FLASH-seq	multi	59	lncRNA	131778	222114
FLASH-seq	multi	59	miRNA	5672	222114
FLASH-seq	multi	59	pseudogene	1	222114
FLASH-seq	multi	59	rRNA	68	222114
FLASH-seq	multi	59	snRNA	4	222114
FLASH-seq	multi	59	snoRNA	31	222114
FLASH-seq	multi	59	tRNA	44	222114
FLASH-seq	multi	60	MiscRna	2481	211682
FLASH-seq	multi	60	MtTrna	168	211682
FLASH-seq	multi	60	ProcessedPseudogene	115073	211682
FLASH-seq	multi	60	ProteinCoding	206185	211682
FLASH-seq	multi	60	TEC	3456	211682
FLASH-seq	multi	60	TrVGene	3	211682
FLASH-seq	multi	60	TranscribedProcessedPseudogene	51025	211682
FLASH-seq	multi	60	TranscribedUnitaryPseudogene	1203	211682
FLASH-seq	multi	60	TranscribedUnprocessedPseudogene	2630	211682
FLASH-seq	multi	60	UnitaryPseudogene	686	211682
FLASH-seq	multi	60	UnprocessedPseudogene	9449	211682
FLASH-seq	multi	60	lncRNA	125392	211682
FLASH-seq	multi	60	miRNA	3514	211682
FLASH-seq	multi	60	rRNA	11	211682
FLASH-seq	multi	60	snRNA	7	211682
FLASH-seq	multi	60	snoRNA	55	211682
FLASH-seq	multi	60	tRNA	39	211682
FLASH-seq	multi	61	MiscRna	4079	212702
FLASH-seq	multi	61	MtTrna	320	212702
FLASH-seq	multi	61	ProcessedPseudogene	113377	212702
FLASH-seq	multi	61	ProteinCoding	205990	212702
FLASH-seq	multi	61	TEC	2635	212702
FLASH-seq	multi	61	TranscribedProcessedPseudogene	50658	212702
FLASH-seq	multi	61	TranscribedUnitaryPseudogene	989	212702
FLASH-seq	multi	61	TranscribedUnprocessedPseudogene	3082	212702
FLASH-seq	multi	61	UnitaryPseudogene	561	212702
FLASH-seq	multi	61	UnprocessedPseudogene	9349	212702
FLASH-seq	multi	61	lncRNA	124141	212702
FLASH-seq	multi	61	miRNA	3923	212702
FLASH-seq	multi	61	pseudogene	2	212702
FLASH-seq	multi	61	rRNA	41	212702
FLASH-seq	multi	61	scaRNA	2	212702
FLASH-seq	multi	61	snRNA	6	212702
FLASH-seq	multi	61	snoRNA	28	212702
FLASH-seq	multi	61	tRNA	67	212702
FLASH-seq	multi	62	MiscRna	2706	202690
FLASH-seq	multi	62	MtTrna	206	202690
FLASH-seq	multi	62	ProcessedPseudogene	108293	202690
FLASH-seq	multi	62	ProteinCoding	197296	202690
FLASH-seq	multi	62	TEC	2763	202690
FLASH-seq	multi	62	TranscribedProcessedPseudogene	48193	202690
FLASH-seq	multi	62	TranscribedUnitaryPseudogene	960	202690
FLASH-seq	multi	62	TranscribedUnprocessedPseudogene	2867	202690
FLASH-seq	multi	62	TranslatedUnprocessedPseudogene	1	202690
FLASH-seq	multi	62	UnitaryPseudogene	593	202690
FLASH-seq	multi	62	UnprocessedPseudogene	10331	202690
FLASH-seq	multi	62	lncRNA	116581	202690
FLASH-seq	multi	62	miRNA	3483	202690
FLASH-seq	multi	62	rRNA	9	202690
FLASH-seq	multi	62	snRNA	2	202690
FLASH-seq	multi	62	snoRNA	27	202690
FLASH-seq	multi	62	tRNA	37	202690
FLASH-seq	multi	63	MiscRna	3056	204103
FLASH-seq	multi	63	MtTrna	265	204103
FLASH-seq	multi	63	ProcessedPseudogene	113852	204103
FLASH-seq	multi	63	ProteinCoding	198526	204103
FLASH-seq	multi	63	TEC	2591	204103
FLASH-seq	multi	63	TranscribedProcessedPseudogene	48900	204103
FLASH-seq	multi	63	TranscribedUnitaryPseudogene	1108	204103
FLASH-seq	multi	63	TranscribedUnprocessedPseudogene	2380	204103
FLASH-seq	multi	63	UnitaryPseudogene	535	204103
FLASH-seq	multi	63	UnprocessedPseudogene	9116	204103
FLASH-seq	multi	63	lncRNA	121361	204103
FLASH-seq	multi	63	miRNA	3476	204103
FLASH-seq	multi	63	rRNA	12	204103
FLASH-seq	multi	63	snRNA	9	204103
FLASH-seq	multi	63	snoRNA	28	204103
FLASH-seq	multi	63	tRNA	31	204103
FLASH-seq	multi	64	MiscRna	4689	170401
FLASH-seq	multi	64	MtTrna	89	170401
FLASH-seq	multi	64	ProcessedPseudogene	79243	170401
FLASH-seq	multi	64	ProteinCoding	164236	170401
FLASH-seq	multi	64	TEC	2039	170401
FLASH-seq	multi	64	TranscribedProcessedPseudogene	36230	170401
FLASH-seq	multi	64	TranscribedUnitaryPseudogene	956	170401
FLASH-seq	multi	64	TranscribedUnprocessedPseudogene	2534	170401
FLASH-seq	multi	64	UnitaryPseudogene	647	170401
FLASH-seq	multi	64	UnprocessedPseudogene	11933	170401
FLASH-seq	multi	64	lncRNA	98564	170401
FLASH-seq	multi	64	miRNA	4093	170401
FLASH-seq	multi	64	rRNA	9	170401
FLASH-seq	multi	64	snRNA	4	170401
FLASH-seq	multi	64	snoRNA	25	170401
FLASH-seq	multi	64	tRNA	34	170401
FLASH-seq	multi	65	MiscRna	2696	167264
FLASH-seq	multi	65	MtTrna	123	167264
FLASH-seq	multi	65	ProcessedPseudogene	81374	167264
FLASH-seq	multi	65	ProteinCoding	161660	167264
FLASH-seq	multi	65	TEC	2212	167264
FLASH-seq	multi	65	TranscribedProcessedPseudogene	34290	167264
FLASH-seq	multi	65	TranscribedUnitaryPseudogene	1063	167264
FLASH-seq	multi	65	TranscribedUnprocessedPseudogene	3083	167264
FLASH-seq	multi	65	UnitaryPseudogene	481	167264
FLASH-seq	multi	65	UnprocessedPseudogene	8133	167264
FLASH-seq	multi	65	lncRNA	96194	167264
FLASH-seq	multi	65	miRNA	3818	167264
FLASH-seq	multi	65	rRNA	14	167264
FLASH-seq	multi	65	snRNA	14	167264
FLASH-seq	multi	65	snoRNA	26	167264
FLASH-seq	multi	65	tRNA	81	167264
FLASH-seq	multi	66	MiscRna	4406	169224
FLASH-seq	multi	66	MtTrna	194	169224
FLASH-seq	multi	66	ProcessedPseudogene	81235	169224
FLASH-seq	multi	66	ProteinCoding	162794	169224
FLASH-seq	multi	66	TEC	2223	169224
FLASH-seq	multi	66	TranscribedProcessedPseudogene	38328	169224
FLASH-seq	multi	66	TranscribedUnitaryPseudogene	868	169224
FLASH-seq	multi	66	TranscribedUnprocessedPseudogene	3439	169224
FLASH-seq	multi	66	UnitaryPseudogene	505	169224
FLASH-seq	multi	66	UnprocessedPseudogene	8889	169224
FLASH-seq	multi	66	lncRNA	100421	169224
FLASH-seq	multi	66	miRNA	4162	169224
FLASH-seq	multi	66	rRNA	39	169224
FLASH-seq	multi	66	snRNA	10	169224
FLASH-seq	multi	66	snoRNA	34	169224
FLASH-seq	multi	66	tRNA	71	169224
FLASH-seq	multi	67	MiscRna	1756	172948
FLASH-seq	multi	67	MtTrna	198	172948
FLASH-seq	multi	67	ProcessedPseudogene	81265	172948
FLASH-seq	multi	67	ProteinCoding	167963	172948
FLASH-seq	multi	67	TEC	2514	172948
FLASH-seq	multi	67	TranscribedProcessedPseudogene	37219	172948
FLASH-seq	multi	67	TranscribedUnitaryPseudogene	1077	172948
FLASH-seq	multi	67	TranscribedUnprocessedPseudogene	2424	172948
FLASH-seq	multi	67	UnitaryPseudogene	724	172948
FLASH-seq	multi	67	UnprocessedPseudogene	10281	172948
FLASH-seq	multi	67	lncRNA	98674	172948
FLASH-seq	multi	67	miRNA	2462	172948
FLASH-seq	multi	67	rRNA	29	172948
FLASH-seq	multi	67	ribozyme	3	172948
FLASH-seq	multi	67	scaRNA	6	172948
FLASH-seq	multi	67	snRNA	5	172948
FLASH-seq	multi	67	snoRNA	23	172948
FLASH-seq	multi	67	tRNA	65	172948
FLASH-seq	multi	68	MiscRna	4676	174638
FLASH-seq	multi	68	MtRrna	1	174638
FLASH-seq	multi	68	MtTrna	195	174638
FLASH-seq	multi	68	ProcessedPseudogene	86889	174638
FLASH-seq	multi	68	ProteinCoding	167129	174638
FLASH-seq	multi	68	TEC	2266	174638
FLASH-seq	multi	68	TranscribedProcessedPseudogene	37996	174638
FLASH-seq	multi	68	TranscribedUnitaryPseudogene	899	174638
FLASH-seq	multi	68	TranscribedUnprocessedPseudogene	2336	174638
FLASH-seq	multi	68	UnitaryPseudogene	605	174638
FLASH-seq	multi	68	UnprocessedPseudogene	8760	174638
FLASH-seq	multi	68	lncRNA	102551	174638
FLASH-seq	multi	68	miRNA	5060	174638
FLASH-seq	multi	68	pseudogene	2	174638
FLASH-seq	multi	68	rRNA	15	174638
FLASH-seq	multi	68	snRNA	8	174638
FLASH-seq	multi	68	snoRNA	35	174638
FLASH-seq	multi	68	tRNA	44	174638
FLASH-seq	multi	69	MiscRna	3770	179781
FLASH-seq	multi	69	MtTrna	505	179781
FLASH-seq	multi	69	ProcessedPseudogene	84590	179781
FLASH-seq	multi	69	ProteinCoding	173843	179781
FLASH-seq	multi	69	TEC	2983	179781
FLASH-seq	multi	69	TranscribedProcessedPseudogene	36668	179781
FLASH-seq	multi	69	TranscribedUnitaryPseudogene	1097	179781
FLASH-seq	multi	69	TranscribedUnprocessedPseudogene	2406	179781
FLASH-seq	multi	69	UnitaryPseudogene	684	179781
FLASH-seq	multi	69	UnprocessedPseudogene	10373	179781
FLASH-seq	multi	69	lncRNA	104796	179781
FLASH-seq	multi	69	miRNA	2506	179781
FLASH-seq	multi	69	rRNA	66	179781
FLASH-seq	multi	69	snRNA	8	179781
FLASH-seq	multi	69	snoRNA	73	179781
FLASH-seq	multi	69	tRNA	95	179781
FLASH-seq	multi	70	MiscRna	2293	171091
FLASH-seq	multi	70	MtTrna	200	171091
FLASH-seq	multi	70	ProcessedPseudogene	84477	171091
FLASH-seq	multi	70	ProteinCoding	165679	171091
FLASH-seq	multi	70	TEC	2649	171091
FLASH-seq	multi	70	TranscribedProcessedPseudogene	35986	171091
FLASH-seq	multi	70	TranscribedUnitaryPseudogene	1128	171091
FLASH-seq	multi	70	TranscribedUnprocessedPseudogene	2285	171091
FLASH-seq	multi	70	UnitaryPseudogene	506	171091
FLASH-seq	multi	70	UnprocessedPseudogene	10195	171091
FLASH-seq	multi	70	lncRNA	97142	171091
FLASH-seq	multi	70	miRNA	3177	171091
FLASH-seq	multi	70	rRNA	11	171091
FLASH-seq	multi	70	ribozyme	3	171091
FLASH-seq	multi	70	snRNA	5	171091
FLASH-seq	multi	70	snoRNA	44	171091
FLASH-seq	multi	70	tRNA	23	171091
FLASH-seq	multi	71	MiscRna	4343	170318
FLASH-seq	multi	71	MtTrna	366	170318
FLASH-seq	multi	71	ProcessedPseudogene	79806	170318
FLASH-seq	multi	71	ProteinCoding	164258	170318
FLASH-seq	multi	71	TEC	2027	170318
FLASH-seq	multi	71	TrVGene	4	170318
FLASH-seq	multi	71	TranscribedProcessedPseudogene	34897	170318
FLASH-seq	multi	71	TranscribedUnitaryPseudogene	933	170318
FLASH-seq	multi	71	TranscribedUnprocessedPseudogene	3137	170318
FLASH-seq	multi	71	UnitaryPseudogene	361	170318
FLASH-seq	multi	71	UnprocessedPseudogene	9600	170318
FLASH-seq	multi	71	lncRNA	100051	170318
FLASH-seq	multi	71	miRNA	3481	170318
FLASH-seq	multi	71	rRNA	24	170318
FLASH-seq	multi	71	ribozyme	2	170318
FLASH-seq	multi	71	snRNA	12	170318
FLASH-seq	multi	71	snoRNA	39	170318
FLASH-seq	multi	71	tRNA	37	170318
FLASH-seq	multi	72	MiscRna	2644	166382
FLASH-seq	multi	72	MtTrna	333	166382
FLASH-seq	multi	72	ProcessedPseudogene	78982	166382
FLASH-seq	multi	72	ProteinCoding	161243	166382
FLASH-seq	multi	72	TEC	1808	166382
FLASH-seq	multi	72	TranscribedProcessedPseudogene	33047	166382
FLASH-seq	multi	72	TranscribedUnitaryPseudogene	1028	166382
FLASH-seq	multi	72	TranscribedUnprocessedPseudogene	2668	166382
FLASH-seq	multi	72	UnitaryPseudogene	472	166382
FLASH-seq	multi	72	UnprocessedPseudogene	10786	166382
FLASH-seq	multi	72	lncRNA	92672	166382
FLASH-seq	multi	72	miRNA	2570	166382
FLASH-seq	multi	72	rRNA	7	166382
FLASH-seq	multi	72	snRNA	13	166382
FLASH-seq	multi	72	snoRNA	44	166382
FLASH-seq	multi	72	tRNA	70	166382
FLASH-seq	multi	73	MiscRna	4272	164165
FLASH-seq	multi	73	MtTrna	393	164165
FLASH-seq	multi	73	ProcessedPseudogene	80001	164165
FLASH-seq	multi	73	ProteinCoding	157533	164165
FLASH-seq	multi	73	TEC	2247	164165
FLASH-seq	multi	73	TranscribedProcessedPseudogene	35518	164165
FLASH-seq	multi	73	TranscribedUnitaryPseudogene	976	164165
FLASH-seq	multi	73	TranscribedUnprocessedPseudogene	2425	164165
FLASH-seq	multi	73	UnitaryPseudogene	408	164165
FLASH-seq	multi	73	UnprocessedPseudogene	8986	164165
FLASH-seq	multi	73	lncRNA	95941	164165
FLASH-seq	multi	73	miRNA	4256	164165
FLASH-seq	multi	73	rRNA	6	164165
FLASH-seq	multi	73	snRNA	5	164165
FLASH-seq	multi	73	snoRNA	13	164165
FLASH-seq	multi	73	tRNA	43	164165
FLASH-seq	multi	74	MiscRna	5141	162805
FLASH-seq	multi	74	MtTrna	205	162805
FLASH-seq	multi	74	ProcessedPseudogene	76429	162805
FLASH-seq	multi	74	ProteinCoding	156132	162805
FLASH-seq	multi	74	TEC	2289	162805
FLASH-seq	multi	74	TranscribedProcessedPseudogene	34732	162805
FLASH-seq	multi	74	TranscribedUnitaryPseudogene	996	162805
FLASH-seq	multi	74	TranscribedUnprocessedPseudogene	2391	162805
FLASH-seq	multi	74	UnitaryPseudogene	498	162805
FLASH-seq	multi	74	UnprocessedPseudogene	10907	162805
FLASH-seq	multi	74	lncRNA	94042	162805
FLASH-seq	multi	74	miRNA	4087	162805
FLASH-seq	multi	74	rRNA	18	162805
FLASH-seq	multi	74	snRNA	14	162805
FLASH-seq	multi	74	snoRNA	66	162805
FLASH-seq	multi	74	tRNA	104	162805
FLASH-seq	multi	75	MiscRna	2208	160970
FLASH-seq	multi	75	MtTrna	311	160970
FLASH-seq	multi	75	ProcessedPseudogene	74783	160970
FLASH-seq	multi	75	ProteinCoding	155664	160970
FLASH-seq	multi	75	TEC	3781	160970
FLASH-seq	multi	75	TrCGene	3	160970
FLASH-seq	multi	75	TranscribedProcessedPseudogene	35410	160970
FLASH-seq	multi	75	TranscribedUnitaryPseudogene	987	160970
FLASH-seq	multi	75	TranscribedUnprocessedPseudogene	2263	160970
FLASH-seq	multi	75	UnitaryPseudogene	357	160970
FLASH-seq	multi	75	UnprocessedPseudogene	9370	160970
FLASH-seq	multi	75	lncRNA	95101	160970
FLASH-seq	multi	75	miRNA	3685	160970
FLASH-seq	multi	75	pseudogene	1	160970
FLASH-seq	multi	75	rRNA	1	160970
FLASH-seq	multi	75	ribozyme	4	160970
FLASH-seq	multi	75	snRNA	19	160970
FLASH-seq	multi	75	snoRNA	73	160970
FLASH-seq	multi	75	tRNA	45	160970
FLASH-seq	multi	76	MiscRna	3742	158602
FLASH-seq	multi	76	MtTrna	362	158602
FLASH-seq	multi	76	ProcessedPseudogene	72402	158602
FLASH-seq	multi	76	ProteinCoding	153007	158602
FLASH-seq	multi	76	TEC	2049	158602
FLASH-seq	multi	76	TranscribedProcessedPseudogene	33960	158602
FLASH-seq	multi	76	TranscribedUnitaryPseudogene	909	158602
FLASH-seq	multi	76	TranscribedUnprocessedPseudogene	4064	158602
FLASH-seq	multi	76	UnitaryPseudogene	419	158602
FLASH-seq	multi	76	UnprocessedPseudogene	10359	158602
FLASH-seq	multi	76	lncRNA	92773	158602
FLASH-seq	multi	76	miRNA	3349	158602
FLASH-seq	multi	76	pseudogene	3	158602
FLASH-seq	multi	76	rRNA	12	158602
FLASH-seq	multi	76	ribozyme	1	158602
FLASH-seq	multi	76	snRNA	14	158602
FLASH-seq	multi	76	snoRNA	41	158602
FLASH-seq	multi	76	tRNA	138	158602
FLASH-seq	multi	77	MiscRna	2618	165408
FLASH-seq	multi	77	MtTrna	445	165408
FLASH-seq	multi	77	ProcessedPseudogene	80316	165408
FLASH-seq	multi	77	ProteinCoding	160057	165408
FLASH-seq	multi	77	TEC	1768	165408
FLASH-seq	multi	77	TranscribedProcessedPseudogene	33648	165408
FLASH-seq	multi	77	TranscribedUnitaryPseudogene	1126	165408
FLASH-seq	multi	77	TranscribedUnprocessedPseudogene	2581	165408
FLASH-seq	multi	77	UnitaryPseudogene	428	165408
FLASH-seq	multi	77	UnprocessedPseudogene	10455	165408
FLASH-seq	multi	77	lncRNA	95732	165408
FLASH-seq	multi	77	miRNA	2513	165408
FLASH-seq	multi	77	rRNA	11	165408
FLASH-seq	multi	77	ribozyme	1	165408
FLASH-seq	multi	77	snRNA	10	165408
FLASH-seq	multi	77	snoRNA	53	165408
FLASH-seq	multi	77	tRNA	65	165408
FLASH-seq	multi	78	MiscRna	4522	171769
FLASH-seq	multi	78	MtTrna	252	171769
FLASH-seq	multi	78	ProcessedPseudogene	83597	171769
FLASH-seq	multi	78	ProteinCoding	164612	171769
FLASH-seq	multi	78	TEC	2298	171769
FLASH-seq	multi	78	TrVGene	2	171769
FLASH-seq	multi	78	TranscribedProcessedPseudogene	39303	171769
FLASH-seq	multi	78	TranscribedUnitaryPseudogene	800	171769
FLASH-seq	multi	78	TranscribedUnprocessedPseudogene	2281	171769
FLASH-seq	multi	78	UnitaryPseudogene	410	171769
FLASH-seq	multi	78	UnprocessedPseudogene	10189	171769
FLASH-seq	multi	78	lncRNA	99534	171769
FLASH-seq	multi	78	miRNA	4974	171769
FLASH-seq	multi	78	rRNA	2	171769
FLASH-seq	multi	78	ribozyme	1	171769
FLASH-seq	multi	78	snRNA	10	171769
FLASH-seq	multi	78	snoRNA	28	171769
FLASH-seq	multi	78	tRNA	117	171769
FLASH-seq	multi	79	MiscRna	6059	164062
FLASH-seq	multi	79	MtTrna	459	164062
FLASH-seq	multi	79	ProcessedPseudogene	77612	164062
FLASH-seq	multi	79	ProteinCoding	156634	164062
FLASH-seq	multi	79	TEC	1936	164062
FLASH-seq	multi	79	TrCGene	1	164062
FLASH-seq	multi	79	TrVGene	1	164062
FLASH-seq	multi	79	TrVPseudogene	1	164062
FLASH-seq	multi	79	TranscribedProcessedPseudogene	33592	164062
FLASH-seq	multi	79	TranscribedUnitaryPseudogene	1062	164062
FLASH-seq	multi	79	TranscribedUnprocessedPseudogene	2375	164062
FLASH-seq	multi	79	UnitaryPseudogene	799	164062
FLASH-seq	multi	79	UnprocessedPseudogene	10621	164062
FLASH-seq	multi	79	lncRNA	94309	164062
FLASH-seq	multi	79	miRNA	4740	164062
FLASH-seq	multi	79	snRNA	5	164062
FLASH-seq	multi	79	snoRNA	59	164062
FLASH-seq	multi	79	tRNA	63	164062
FLASH-seq	multi	80	MiscRna	3759	164401
FLASH-seq	multi	80	MtTrna	288	164401
FLASH-seq	multi	80	ProcessedPseudogene	77511	164401
FLASH-seq	multi	80	ProteinCoding	157505	164401
FLASH-seq	multi	80	TEC	1955	164401
FLASH-seq	multi	80	TranscribedProcessedPseudogene	32788	164401
FLASH-seq	multi	80	TranscribedUnitaryPseudogene	1047	164401
FLASH-seq	multi	80	TranscribedUnprocessedPseudogene	2299	164401
FLASH-seq	multi	80	UnitaryPseudogene	414	164401
FLASH-seq	multi	80	UnprocessedPseudogene	9503	164401
FLASH-seq	multi	80	lncRNA	94100	164401
FLASH-seq	multi	80	miRNA	4319	164401
FLASH-seq	multi	80	rRNA	2	164401
FLASH-seq	multi	80	snRNA	11	164401
FLASH-seq	multi	80	snoRNA	56	164401
FLASH-seq	multi	80	tRNA	65	164401
FLASH-seq	multi	81	MiscRna	4154	158260
FLASH-seq	multi	81	MtTrna	389	158260
FLASH-seq	multi	81	ProcessedPseudogene	73956	158260
FLASH-seq	multi	81	ProteinCoding	151292	158260
FLASH-seq	multi	81	TEC	1801	158260
FLASH-seq	multi	81	TranscribedProcessedPseudogene	33246	158260
FLASH-seq	multi	81	TranscribedUnitaryPseudogene	764	158260
FLASH-seq	multi	81	TranscribedUnprocessedPseudogene	2755	158260
FLASH-seq	multi	81	UnitaryPseudogene	365	158260
FLASH-seq	multi	81	UnprocessedPseudogene	9914	158260
FLASH-seq	multi	81	lncRNA	91616	158260
FLASH-seq	multi	81	miRNA	4274	158260
FLASH-seq	multi	81	pseudogene	2	158260
FLASH-seq	multi	81	rRNA	1	158260
FLASH-seq	multi	81	ribozyme	2	158260
FLASH-seq	multi	81	snRNA	10	158260
FLASH-seq	multi	81	snoRNA	98	158260
FLASH-seq	multi	81	tRNA	61	158260
FLASH-seq	multi	82	MiscRna	2753	152638
FLASH-seq	multi	82	MtTrna	142	152638
FLASH-seq	multi	82	ProcessedPseudogene	72323	152638
FLASH-seq	multi	82	ProteinCoding	147131	152638
FLASH-seq	multi	82	TEC	1763	152638
FLASH-seq	multi	82	TranscribedProcessedPseudogene	31557	152638
FLASH-seq	multi	82	TranscribedUnitaryPseudogene	950	152638
FLASH-seq	multi	82	TranscribedUnprocessedPseudogene	2614	152638
FLASH-seq	multi	82	UnitaryPseudogene	385	152638
FLASH-seq	multi	82	UnprocessedPseudogene	9714	152638
FLASH-seq	multi	82	lncRNA	88554	152638
FLASH-seq	multi	82	miRNA	3171	152638
FLASH-seq	multi	82	rRNA	7	152638
FLASH-seq	multi	82	ribozyme	3	152638
FLASH-seq	multi	82	snRNA	8	152638
FLASH-seq	multi	82	snoRNA	66	152638
FLASH-seq	multi	82	tRNA	63	152638
FLASH-seq	multi	83	MiscRna	3375	157427
FLASH-seq	multi	83	MtTrna	240	157427
FLASH-seq	multi	83	ProcessedPseudogene	75361	157427
FLASH-seq	multi	83	ProteinCoding	151058	157427
FLASH-seq	multi	83	TEC	1943	157427
FLASH-seq	multi	83	TranscribedProcessedPseudogene	32285	157427
FLASH-seq	multi	83	TranscribedUnitaryPseudogene	834	157427
FLASH-seq	multi	83	TranscribedUnprocessedPseudogene	2402	157427
FLASH-seq	multi	83	UnitaryPseudogene	397	157427
FLASH-seq	multi	83	UnprocessedPseudogene	9482	157427
FLASH-seq	multi	83	lncRNA	90215	157427
FLASH-seq	multi	83	miRNA	4112	157427
FLASH-seq	multi	83	snRNA	14	157427
FLASH-seq	multi	83	snoRNA	31	157427
FLASH-seq	multi	83	tRNA	41	157427
FLASH-seq	multi	84	MiscRna	3566	151006
FLASH-seq	multi	84	MtTrna	128	151006
FLASH-seq	multi	84	ProcessedPseudogene	73283	151006
FLASH-seq	multi	84	ProteinCoding	145172	151006
FLASH-seq	multi	84	TEC	2028	151006
FLASH-seq	multi	84	TranscribedProcessedPseudogene	32055	151006
FLASH-seq	multi	84	TranscribedUnitaryPseudogene	700	151006
FLASH-seq	multi	84	TranscribedUnprocessedPseudogene	2220	151006
FLASH-seq	multi	84	UnitaryPseudogene	326	151006
FLASH-seq	multi	84	UnprocessedPseudogene	10692	151006
FLASH-seq	multi	84	lncRNA	85581	151006
FLASH-seq	multi	84	miRNA	3722	151006
FLASH-seq	multi	84	rRNA	1	151006
FLASH-seq	multi	84	snRNA	6	151006
FLASH-seq	multi	84	snoRNA	71	151006
FLASH-seq	multi	84	tRNA	50	151006
FLASH-seq	multi	85	MiscRna	3328	149713
FLASH-seq	multi	85	MtTrna	453	149713
FLASH-seq	multi	85	ProcessedPseudogene	67272	149713
FLASH-seq	multi	85	ProteinCoding	143787	149713
FLASH-seq	multi	85	TEC	2076	149713
FLASH-seq	multi	85	TrVGene	1	149713
FLASH-seq	multi	85	TrVPseudogene	1	149713
FLASH-seq	multi	85	TranscribedProcessedPseudogene	30909	149713
FLASH-seq	multi	85	TranscribedUnitaryPseudogene	943	149713
FLASH-seq	multi	85	TranscribedUnprocessedPseudogene	2582	149713
FLASH-seq	multi	85	UnitaryPseudogene	308	149713
FLASH-seq	multi	85	UnprocessedPseudogene	9809	149713
FLASH-seq	multi	85	lncRNA	87927	149713
FLASH-seq	multi	85	miRNA	3546	149713
FLASH-seq	multi	85	snRNA	2	149713
FLASH-seq	multi	85	snoRNA	28	149713
FLASH-seq	multi	85	tRNA	61	149713
FLASH-seq	multi	86	MiscRna	3225	147277
FLASH-seq	multi	86	MtTrna	177	147277
FLASH-seq	multi	86	ProcessedPseudogene	66702	147277
FLASH-seq	multi	86	ProteinCoding	141093	147277
FLASH-seq	multi	86	TEC	2741	147277
FLASH-seq	multi	86	TrCGene	1	147277
FLASH-seq	multi	86	TranscribedProcessedPseudogene	30993	147277
FLASH-seq	multi	86	TranscribedUnitaryPseudogene	804	147277
FLASH-seq	multi	86	TranscribedUnprocessedPseudogene	2447	147277
FLASH-seq	multi	86	UnitaryPseudogene	236	147277
FLASH-seq	multi	86	UnprocessedPseudogene	9454	147277
FLASH-seq	multi	86	lncRNA	86222	147277
FLASH-seq	multi	86	miRNA	3760	147277
FLASH-seq	multi	86	ribozyme	1	147277
FLASH-seq	multi	86	snRNA	11	147277
FLASH-seq	multi	86	snoRNA	35	147277
FLASH-seq	multi	86	tRNA	137	147277
FLASH-seq	multi	87	MiscRna	2772	147610
FLASH-seq	multi	87	MtTrna	479	147610
FLASH-seq	multi	87	ProcessedPseudogene	68546	147610
FLASH-seq	multi	87	ProteinCoding	141648	147610
FLASH-seq	multi	87	TEC	1993	147610
FLASH-seq	multi	87	TranscribedProcessedPseudogene	28684	147610
FLASH-seq	multi	87	TranscribedUnitaryPseudogene	1045	147610
FLASH-seq	multi	87	TranscribedUnprocessedPseudogene	2257	147610
FLASH-seq	multi	87	UnitaryPseudogene	311	147610
FLASH-seq	multi	87	UnprocessedPseudogene	8058	147610
FLASH-seq	multi	87	lncRNA	86451	147610
FLASH-seq	multi	87	miRNA	2800	147610
FLASH-seq	multi	87	snRNA	12	147610
FLASH-seq	multi	87	snoRNA	70	147610
FLASH-seq	multi	87	tRNA	88	147610
FLASH-seq	multi	88	MiscRna	1888	157012
FLASH-seq	multi	88	MtTrna	190	157012
FLASH-seq	multi	88	ProcessedPseudogene	70923	157012
FLASH-seq	multi	88	ProteinCoding	151610	157012
FLASH-seq	multi	88	TEC	1776	157012
FLASH-seq	multi	88	TranscribedProcessedPseudogene	31722	157012
FLASH-seq	multi	88	TranscribedUnitaryPseudogene	904	157012
FLASH-seq	multi	88	TranscribedUnprocessedPseudogene	2182	157012
FLASH-seq	multi	88	UnitaryPseudogene	356	157012
FLASH-seq	multi	88	UnprocessedPseudogene	8662	157012
FLASH-seq	multi	88	lncRNA	92658	157012
FLASH-seq	multi	88	miRNA	2355	157012
FLASH-seq	multi	88	rRNA	2	157012
FLASH-seq	multi	88	snRNA	5	157012
FLASH-seq	multi	88	snoRNA	34	157012
FLASH-seq	multi	88	tRNA	62	157012
FLASH-seq	multi	89	MiscRna	3068	150836
FLASH-seq	multi	89	MtTrna	152	150836
FLASH-seq	multi	89	ProcessedPseudogene	74092	150836
FLASH-seq	multi	89	ProteinCoding	144879	150836
FLASH-seq	multi	89	TEC	1648	150836
FLASH-seq	multi	89	TrVGene	4	150836
FLASH-seq	multi	89	TranscribedProcessedPseudogene	31582	150836
FLASH-seq	multi	89	TranscribedUnitaryPseudogene	884	150836
FLASH-seq	multi	89	TranscribedUnprocessedPseudogene	2298	150836
FLASH-seq	multi	89	UnitaryPseudogene	355	150836
FLASH-seq	multi	89	UnprocessedPseudogene	9859	150836
FLASH-seq	multi	89	lncRNA	85734	150836
FLASH-seq	multi	89	miRNA	3472	150836
FLASH-seq	multi	89	snRNA	8	150836
FLASH-seq	multi	89	snoRNA	69	150836
FLASH-seq	multi	89	tRNA	22	150836
FLASH-seq	multi	90	MiscRna	3806	154125
FLASH-seq	multi	90	MtTrna	153	154125
FLASH-seq	multi	90	ProcessedPseudogene	69008	154125
FLASH-seq	multi	90	ProteinCoding	147591	154125
FLASH-seq	multi	90	TEC	1586	154125
FLASH-seq	multi	90	TranscribedProcessedPseudogene	31625	154125
FLASH-seq	multi	90	TranscribedUnitaryPseudogene	985	154125
FLASH-seq	multi	90	TranscribedUnprocessedPseudogene	2673	154125
FLASH-seq	multi	90	UnitaryPseudogene	334	154125
FLASH-seq	multi	90	UnprocessedPseudogene	11668	154125
FLASH-seq	multi	90	lncRNA	89085	154125
FLASH-seq	multi	90	miRNA	3832	154125
FLASH-seq	multi	90	snRNA	9	154125
FLASH-seq	multi	90	snoRNA	50	154125
FLASH-seq	multi	90	tRNA	40	154125
FLASH-seq	multi	91	MiscRna	5029	149994
FLASH-seq	multi	91	MtTrna	406	149994
FLASH-seq	multi	91	ProcessedPseudogene	72886	149994
FLASH-seq	multi	91	ProteinCoding	142090	149994
FLASH-seq	multi	91	TEC	1428	149994
FLASH-seq	multi	91	TranscribedProcessedPseudogene	34031	149994
FLASH-seq	multi	91	TranscribedUnitaryPseudogene	856	149994
FLASH-seq	multi	91	TranscribedUnprocessedPseudogene	2188	149994
FLASH-seq	multi	91	UnitaryPseudogene	241	149994
FLASH-seq	multi	91	UnprocessedPseudogene	10211	149994
FLASH-seq	multi	91	lncRNA	86115	149994
FLASH-seq	multi	91	miRNA	5265	149994
FLASH-seq	multi	91	snRNA	2	149994
FLASH-seq	multi	91	snoRNA	44	149994
FLASH-seq	multi	91	tRNA	56	149994
FLASH-seq	multi	92	MiscRna	2110	141367
FLASH-seq	multi	92	MtTrna	271	141367
FLASH-seq	multi	92	ProcessedPseudogene	66983	141367
FLASH-seq	multi	92	ProteinCoding	136420	141367
FLASH-seq	multi	92	TEC	2578	141367
FLASH-seq	multi	92	TranscribedProcessedPseudogene	29054	141367
FLASH-seq	multi	92	TranscribedUnitaryPseudogene	985	141367
FLASH-seq	multi	92	TranscribedUnprocessedPseudogene	2372	141367
FLASH-seq	multi	92	TranslatedUnprocessedPseudogene	2	141367
FLASH-seq	multi	92	UnitaryPseudogene	304	141367
FLASH-seq	multi	92	UnprocessedPseudogene	8940	141367
FLASH-seq	multi	92	lncRNA	81348	141367
FLASH-seq	multi	92	miRNA	2558	141367
FLASH-seq	multi	92	snRNA	3	141367
FLASH-seq	multi	92	snoRNA	39	141367
FLASH-seq	multi	92	tRNA	49	141367
FLASH-seq	multi	93	MiscRna	2937	145072
FLASH-seq	multi	93	MtTrna	496	145072
FLASH-seq	multi	93	ProcessedPseudogene	67464	145072
FLASH-seq	multi	93	ProteinCoding	139146	145072
FLASH-seq	multi	93	TEC	1822	145072
FLASH-seq	multi	93	TranscribedProcessedPseudogene	27676	145072
FLASH-seq	multi	93	TranscribedUnitaryPseudogene	707	145072
FLASH-seq	multi	93	TranscribedUnprocessedPseudogene	2143	145072
FLASH-seq	multi	93	UnitaryPseudogene	270	145072
FLASH-seq	multi	93	UnprocessedPseudogene	9017	145072
FLASH-seq	multi	93	lncRNA	83797	145072
FLASH-seq	multi	93	miRNA	2696	145072
FLASH-seq	multi	93	snRNA	11	145072
FLASH-seq	multi	93	snoRNA	24	145072
FLASH-seq	multi	93	tRNA	42	145072
FLASH-seq	multi	94	MiscRna	2962	142531
FLASH-seq	multi	94	MtTrna	256	142531
FLASH-seq	multi	94	ProcessedPseudogene	64598	142531
FLASH-seq	multi	94	ProteinCoding	136909	142531
FLASH-seq	multi	94	TEC	2256	142531
FLASH-seq	multi	94	TrVGene	1	142531
FLASH-seq	multi	94	TrVPseudogene	1	142531
FLASH-seq	multi	94	TranscribedProcessedPseudogene	26664	142531
FLASH-seq	multi	94	TranscribedUnitaryPseudogene	962	142531
FLASH-seq	multi	94	TranscribedUnprocessedPseudogene	2268	142531
FLASH-seq	multi	94	TranslatedUnprocessedPseudogene	1	142531
FLASH-seq	multi	94	UnitaryPseudogene	291	142531
FLASH-seq	multi	94	UnprocessedPseudogene	10677	142531
FLASH-seq	multi	94	lncRNA	80531	142531
FLASH-seq	multi	94	miRNA	3217	142531
FLASH-seq	multi	94	snRNA	10	142531
FLASH-seq	multi	94	snoRNA	27	142531
FLASH-seq	multi	94	tRNA	33	142531
FLASH-seq	multi	95	MiscRna	4068	140085
FLASH-seq	multi	95	MtTrna	764	140085
FLASH-seq	multi	95	ProcessedPseudogene	61337	140085
FLASH-seq	multi	95	ProteinCoding	133885	140085
FLASH-seq	multi	95	TEC	1435	140085
FLASH-seq	multi	95	TranscribedProcessedPseudogene	28726	140085
FLASH-seq	multi	95	TranscribedUnitaryPseudogene	816	140085
FLASH-seq	multi	95	TranscribedUnprocessedPseudogene	2249	140085
FLASH-seq	multi	95	UnitaryPseudogene	234	140085
FLASH-seq	multi	95	UnprocessedPseudogene	9884	140085
FLASH-seq	multi	95	lncRNA	81504	140085
FLASH-seq	multi	95	miRNA	3704	140085
FLASH-seq	multi	95	ribozyme	1	140085
FLASH-seq	multi	95	snRNA	3	140085
FLASH-seq	multi	95	snoRNA	20	140085
FLASH-seq	multi	95	tRNA	53	140085
FLASH-seq	multi	96	MiscRna	4710	144306
FLASH-seq	multi	96	MtTrna	144	144306
FLASH-seq	multi	96	ProcessedPseudogene	62389	144306
FLASH-seq	multi	96	ProteinCoding	137468	144306
FLASH-seq	multi	96	TEC	1749	144306
FLASH-seq	multi	96	TrCGene	1	144306
FLASH-seq	multi	96	TrVGene	2	144306
FLASH-seq	multi	96	TrVPseudogene	2	144306
FLASH-seq	multi	96	TranscribedProcessedPseudogene	29718	144306
FLASH-seq	multi	96	TranscribedUnitaryPseudogene	899	144306
FLASH-seq	multi	96	TranscribedUnprocessedPseudogene	1709	144306
FLASH-seq	multi	96	UnitaryPseudogene	290	144306
FLASH-seq	multi	96	UnprocessedPseudogene	12640	144306
FLASH-seq	multi	96	lncRNA	82640	144306
FLASH-seq	multi	96	miRNA	4090	144306
FLASH-seq	multi	96	ribozyme	1	144306
FLASH-seq	multi	96	snRNA	8	144306
FLASH-seq	multi	96	snoRNA	35	144306
FLASH-seq	multi	96	tRNA	66	144306
FLASH-seq	multi	97	MiscRna	2548	133961
FLASH-seq	multi	97	MtTrna	647	133961
FLASH-seq	multi	97	ProcessedPseudogene	59567	133961
FLASH-seq	multi	97	ProteinCoding	129228	133961
FLASH-seq	multi	97	TEC	2081	133961
FLASH-seq	multi	97	TranscribedProcessedPseudogene	26575	133961
FLASH-seq	multi	97	TranscribedUnitaryPseudogene	885	133961
FLASH-seq	multi	97	TranscribedUnprocessedPseudogene	1744	133961
FLASH-seq	multi	97	UnitaryPseudogene	265	133961
FLASH-seq	multi	97	UnprocessedPseudogene	10076	133961
FLASH-seq	multi	97	lncRNA	77417	133961
FLASH-seq	multi	97	miRNA	2435	133961
FLASH-seq	multi	97	snRNA	8	133961
FLASH-seq	multi	97	snoRNA	33	133961
FLASH-seq	multi	97	tRNA	44	133961
FLASH-seq	multi	98	MiscRna	3252	144035
FLASH-seq	multi	98	MtTrna	263	144035
FLASH-seq	multi	98	ProcessedPseudogene	62787	144035
FLASH-seq	multi	98	ProteinCoding	137729	144035
FLASH-seq	multi	98	TEC	2481	144035
FLASH-seq	multi	98	TranscribedProcessedPseudogene	28325	144035
FLASH-seq	multi	98	TranscribedUnitaryPseudogene	709	144035
FLASH-seq	multi	98	TranscribedUnprocessedPseudogene	2044	144035
FLASH-seq	multi	98	UnitaryPseudogene	364	144035
FLASH-seq	multi	98	UnprocessedPseudogene	8619	144035
FLASH-seq	multi	98	lncRNA	86034	144035
FLASH-seq	multi	98	miRNA	4165	144035
FLASH-seq	multi	98	ribozyme	1	144035
FLASH-seq	multi	98	snRNA	7	144035
FLASH-seq	multi	98	snoRNA	21	144035
FLASH-seq	multi	98	tRNA	59	144035
FLASH-seq	multi	99	MiscRna	2380	137377
FLASH-seq	multi	99	MtTrna	276	137377
FLASH-seq	multi	99	ProcessedPseudogene	63227	137377
FLASH-seq	multi	99	ProteinCoding	131822	137377
FLASH-seq	multi	99	TEC	2229	137377
FLASH-seq	multi	99	TranscribedProcessedPseudogene	28102	137377
FLASH-seq	multi	99	TranscribedUnitaryPseudogene	869	137377
FLASH-seq	multi	99	TranscribedUnprocessedPseudogene	1637	137377
FLASH-seq	multi	99	UnitaryPseudogene	206	137377
FLASH-seq	multi	99	UnprocessedPseudogene	8940	137377
FLASH-seq	multi	99	lncRNA	76989	137377
FLASH-seq	multi	99	miRNA	3113	137377
FLASH-seq	multi	99	ribozyme	1	137377
FLASH-seq	multi	99	snRNA	5	137377
FLASH-seq	multi	99	snoRNA	29	137377
FLASH-seq	multi	99	tRNA	38	137377
FLASH-seq	multi	100	MiscRna	3548	143026
FLASH-seq	multi	100	MtTrna	650	143026
FLASH-seq	multi	100	ProcessedPseudogene	61763	143026
FLASH-seq	multi	100	ProteinCoding	136505	143026
FLASH-seq	multi	100	TEC	1627	143026
FLASH-seq	multi	100	TranscribedProcessedPseudogene	28949	143026
FLASH-seq	multi	100	TranscribedUnitaryPseudogene	896	143026
FLASH-seq	multi	100	TranscribedUnprocessedPseudogene	2762	143026
FLASH-seq	multi	100	UnitaryPseudogene	319	143026
FLASH-seq	multi	100	UnprocessedPseudogene	11547	143026
FLASH-seq	multi	100	lncRNA	80359	143026
FLASH-seq	multi	100	miRNA	4035	143026
FLASH-seq	multi	100	ribozyme	3	143026
FLASH-seq	multi	100	snRNA	8	143026
FLASH-seq	multi	100	snoRNA	23	143026
FLASH-seq	multi	100	tRNA	22	143026
FLASH-seq	multi	101	MiscRna	4974	145836
FLASH-seq	multi	101	MtTrna	457	145836
FLASH-seq	multi	101	ProcessedPseudogene	62626	145836
FLASH-seq	multi	101	ProteinCoding	137825	145836
FLASH-seq	multi	101	TEC	1467	145836
FLASH-seq	multi	101	TranscribedProcessedPseudogene	29754	145836
FLASH-seq	multi	101	TranscribedUnitaryPseudogene	883	145836
FLASH-seq	multi	101	TranscribedUnprocessedPseudogene	1643	145836
FLASH-seq	multi	101	UnitaryPseudogene	277	145836
FLASH-seq	multi	101	UnprocessedPseudogene	10687	145836
FLASH-seq	multi	101	lncRNA	81867	145836
FLASH-seq	multi	101	miRNA	4930	145836
FLASH-seq	multi	101	pseudogene	1	145836
FLASH-seq	multi	101	rRNA	2	145836
FLASH-seq	multi	101	ribozyme	2	145836
FLASH-seq	multi	101	snRNA	8	145836
FLASH-seq	multi	101	snoRNA	39	145836
FLASH-seq	multi	101	tRNA	30	145836
FLASH-seq	multi	102	MiscRna	3367	145311
FLASH-seq	multi	102	MtTrna	417	145311
FLASH-seq	multi	102	ProcessedPseudogene	61539	145311
FLASH-seq	multi	102	ProteinCoding	139184	145311
FLASH-seq	multi	102	TEC	1636	145311
FLASH-seq	multi	102	TrVGene	2	145311
FLASH-seq	multi	102	TranscribedProcessedPseudogene	26091	145311
FLASH-seq	multi	102	TranscribedUnitaryPseudogene	1143	145311
FLASH-seq	multi	102	TranscribedUnprocessedPseudogene	2030	145311
FLASH-seq	multi	102	UnitaryPseudogene	256	145311
FLASH-seq	multi	102	UnprocessedPseudogene	12440	145311
FLASH-seq	multi	102	lncRNA	81833	145311
FLASH-seq	multi	102	miRNA	3426	145311
FLASH-seq	multi	102	snRNA	10	145311
FLASH-seq	multi	102	snoRNA	28	145311
FLASH-seq	multi	102	tRNA	21	145311
FLASH-seq	multi	103	MiscRna	3591	142429
FLASH-seq	multi	103	MtTrna	847	142429
FLASH-seq	multi	103	ProcessedPseudogene	62535	142429
FLASH-seq	multi	103	ProteinCoding	136473	142429
FLASH-seq	multi	103	TEC	1631	142429
FLASH-seq	multi	103	TranscribedProcessedPseudogene	27799	142429
FLASH-seq	multi	103	TranscribedUnitaryPseudogene	773	142429
FLASH-seq	multi	103	TranscribedUnprocessedPseudogene	1688	142429
FLASH-seq	multi	103	UnitaryPseudogene	234	142429
FLASH-seq	multi	103	UnprocessedPseudogene	10488	142429
FLASH-seq	multi	103	lncRNA	83394	142429
FLASH-seq	multi	103	miRNA	2946	142429
FLASH-seq	multi	103	snRNA	1	142429
FLASH-seq	multi	103	snoRNA	55	142429
FLASH-seq	multi	103	tRNA	6	142429
FLASH-seq	multi	104	MiscRna	2510	141474
FLASH-seq	multi	104	MtTrna	393	141474
FLASH-seq	multi	104	ProcessedPseudogene	58540	141474
FLASH-seq	multi	104	ProteinCoding	135809	141474
FLASH-seq	multi	104	TEC	1516	141474
FLASH-seq	multi	104	TranscribedProcessedPseudogene	25006	141474
FLASH-seq	multi	104	TranscribedUnitaryPseudogene	967	141474
FLASH-seq	multi	104	TranscribedUnprocessedPseudogene	1908	141474
FLASH-seq	multi	104	UnitaryPseudogene	221	141474
FLASH-seq	multi	104	UnprocessedPseudogene	11813	141474
FLASH-seq	multi	104	lncRNA	79250	141474
FLASH-seq	multi	104	miRNA	2451	141474
FLASH-seq	multi	104	snRNA	11	141474
FLASH-seq	multi	104	snoRNA	31	141474
FLASH-seq	multi	104	tRNA	9	141474
FLASH-seq	multi	105	MiscRna	3872	133245
FLASH-seq	multi	105	MtTrna	834	133245
FLASH-seq	multi	105	ProcessedPseudogene	56783	133245
FLASH-seq	multi	105	ProteinCoding	126170	133245
FLASH-seq	multi	105	TEC	1401	133245
FLASH-seq	multi	105	TranscribedProcessedPseudogene	25534	133245
FLASH-seq	multi	105	TranscribedUnitaryPseudogene	668	133245
FLASH-seq	multi	105	TranscribedUnprocessedPseudogene	2209	133245
FLASH-seq	multi	105	UnitaryPseudogene	217	133245
FLASH-seq	multi	105	UnprocessedPseudogene	10377	133245
FLASH-seq	multi	105	lncRNA	75317	133245
FLASH-seq	multi	105	miRNA	4440	133245
FLASH-seq	multi	105	rRNA	3	133245
FLASH-seq	multi	105	snRNA	7	133245
FLASH-seq	multi	105	snoRNA	27	133245
FLASH-seq	multi	105	tRNA	7	133245
FLASH-seq	multi	106	MiscRna	3115	146451
FLASH-seq	multi	106	MtTrna	465	146451
FLASH-seq	multi	106	ProcessedPseudogene	56274	146451
FLASH-seq	multi	106	ProteinCoding	139920	146451
FLASH-seq	multi	106	TEC	1566	146451
FLASH-seq	multi	106	TranscribedProcessedPseudogene	25893	146451
FLASH-seq	multi	106	TranscribedUnitaryPseudogene	899	146451
FLASH-seq	multi	106	TranscribedUnprocessedPseudogene	1679	146451
FLASH-seq	multi	106	UnitaryPseudogene	240	146451
FLASH-seq	multi	106	UnprocessedPseudogene	10220	146451
FLASH-seq	multi	106	lncRNA	84393	146451
FLASH-seq	multi	106	miRNA	3431	146451
FLASH-seq	multi	106	ribozyme	3	146451
FLASH-seq	multi	106	snoRNA	22	146451
FLASH-seq	multi	106	tRNA	19	146451
FLASH-seq	multi	107	MiscRna	2562	127833
FLASH-seq	multi	107	MtTrna	264	127833
FLASH-seq	multi	107	ProcessedPseudogene	54656	127833
FLASH-seq	multi	107	ProteinCoding	122720	127833
FLASH-seq	multi	107	TEC	1475	127833
FLASH-seq	multi	107	TranscribedProcessedPseudogene	25523	127833
FLASH-seq	multi	107	TranscribedUnitaryPseudogene	1028	127833
FLASH-seq	multi	107	TranscribedUnprocessedPseudogene	1982	127833
FLASH-seq	multi	107	UnitaryPseudogene	258	127833
FLASH-seq	multi	107	UnprocessedPseudogene	9008	127833
FLASH-seq	multi	107	lncRNA	71494	127833
FLASH-seq	multi	107	miRNA	2482	127833
FLASH-seq	multi	107	pseudogene	4	127833
FLASH-seq	multi	107	snRNA	3	127833
FLASH-seq	multi	107	snoRNA	23	127833
FLASH-seq	multi	107	tRNA	16	127833
FLASH-seq	multi	108	MiscRna	4516	137210
FLASH-seq	multi	108	MtTrna	506	137210
FLASH-seq	multi	108	ProcessedPseudogene	57273	137210
FLASH-seq	multi	108	ProteinCoding	130489	137210
FLASH-seq	multi	108	TEC	2492	137210
FLASH-seq	multi	108	TranscribedProcessedPseudogene	25739	137210
FLASH-seq	multi	108	TranscribedUnitaryPseudogene	894	137210
FLASH-seq	multi	108	TranscribedUnprocessedPseudogene	1808	137210
FLASH-seq	multi	108	UnitaryPseudogene	198	137210
FLASH-seq	multi	108	UnprocessedPseudogene	10482	137210
FLASH-seq	multi	108	lncRNA	80029	137210
FLASH-seq	multi	108	miRNA	3974	137210
FLASH-seq	multi	108	snRNA	4	137210
FLASH-seq	multi	108	snoRNA	20	137210
FLASH-seq	multi	108	tRNA	11	137210
FLASH-seq	multi	109	MiscRna	3807	132470
FLASH-seq	multi	109	MtTrna	336	132470
FLASH-seq	multi	109	ProcessedPseudogene	56471	132470
FLASH-seq	multi	109	ProteinCoding	126305	132470
FLASH-seq	multi	109	TEC	1693	132470
FLASH-seq	multi	109	TrVGene	1	132470
FLASH-seq	multi	109	TranscribedProcessedPseudogene	23750	132470
FLASH-seq	multi	109	TranscribedUnitaryPseudogene	806	132470
FLASH-seq	multi	109	TranscribedUnprocessedPseudogene	1913	132470
FLASH-seq	multi	109	UnitaryPseudogene	170	132470
FLASH-seq	multi	109	UnprocessedPseudogene	10822	132470
FLASH-seq	multi	109	lncRNA	73308	132470
FLASH-seq	multi	109	miRNA	3623	132470
FLASH-seq	multi	109	snRNA	3	132470
FLASH-seq	multi	109	snoRNA	31	132470
FLASH-seq	multi	109	tRNA	35	132470
FLASH-seq	multi	110	MiscRna	3756	129180
FLASH-seq	multi	110	MtTrna	364	129180
FLASH-seq	multi	110	ProcessedPseudogene	57107	129180
FLASH-seq	multi	110	ProteinCoding	122921	129180
FLASH-seq	multi	110	TEC	1341	129180
FLASH-seq	multi	110	TranscribedProcessedPseudogene	27275	129180
FLASH-seq	multi	110	TranscribedUnitaryPseudogene	825	129180
FLASH-seq	multi	110	TranscribedUnprocessedPseudogene	1904	129180
FLASH-seq	multi	110	UnitaryPseudogene	264	129180
FLASH-seq	multi	110	UnprocessedPseudogene	10227	129180
FLASH-seq	multi	110	lncRNA	75229	129180
FLASH-seq	multi	110	miRNA	3774	129180
FLASH-seq	multi	110	rRNA	2	129180
FLASH-seq	multi	110	scaRNA	1	129180
FLASH-seq	multi	110	snRNA	9	129180
FLASH-seq	multi	110	snoRNA	24	129180
FLASH-seq	multi	110	tRNA	19	129180
FLASH-seq	multi	111	MiscRna	3324	130828
FLASH-seq	multi	111	MtTrna	616	130828
FLASH-seq	multi	111	ProcessedPseudogene	56337	130828
FLASH-seq	multi	111	ProteinCoding	124362	130828
FLASH-seq	multi	111	TEC	1393	130828
FLASH-seq	multi	111	TranscribedProcessedPseudogene	25410	130828
FLASH-seq	multi	111	TranscribedUnitaryPseudogene	835	130828
FLASH-seq	multi	111	TranscribedUnprocessedPseudogene	1520	130828
FLASH-seq	multi	111	UnitaryPseudogene	275	130828
FLASH-seq	multi	111	UnprocessedPseudogene	10063	130828
FLASH-seq	multi	111	lncRNA	74018	130828
FLASH-seq	multi	111	miRNA	4130	130828
FLASH-seq	multi	111	ribozyme	1	130828
FLASH-seq	multi	111	snRNA	8	130828
FLASH-seq	multi	111	snoRNA	31	130828
FLASH-seq	multi	111	tRNA	7	130828
FLASH-seq	multi	112	MiscRna	2849	133439
FLASH-seq	multi	112	MtTrna	289	133439
FLASH-seq	multi	112	ProcessedPseudogene	54394	133439
FLASH-seq	multi	112	ProteinCoding	127384	133439
FLASH-seq	multi	112	TEC	1294	133439
FLASH-seq	multi	112	TranscribedProcessedPseudogene	26085	133439
FLASH-seq	multi	112	TranscribedUnitaryPseudogene	1206	133439
FLASH-seq	multi	112	TranscribedUnprocessedPseudogene	2342	133439
FLASH-seq	multi	112	UnitaryPseudogene	325	133439
FLASH-seq	multi	112	UnprocessedPseudogene	8536	133439
FLASH-seq	multi	112	lncRNA	76647	133439
FLASH-seq	multi	112	miRNA	3295	133439
FLASH-seq	multi	112	ribozyme	2	133439
FLASH-seq	multi	112	snRNA	12	133439
FLASH-seq	multi	112	snoRNA	23	133439
FLASH-seq	multi	112	tRNA	10	133439
FLASH-seq	multi	113	MiscRna	4373	139468
FLASH-seq	multi	113	MtTrna	483	139468
FLASH-seq	multi	113	ProcessedPseudogene	55905	139468
FLASH-seq	multi	113	ProteinCoding	132219	139468
FLASH-seq	multi	113	TEC	1709	139468
FLASH-seq	multi	113	TranscribedProcessedPseudogene	24563	139468
FLASH-seq	multi	113	TranscribedUnitaryPseudogene	958	139468
FLASH-seq	multi	113	TranscribedUnprocessedPseudogene	1669	139468
FLASH-seq	multi	113	UnitaryPseudogene	204	139468
FLASH-seq	multi	113	UnprocessedPseudogene	10086	139468
FLASH-seq	multi	113	lncRNA	84153	139468
FLASH-seq	multi	113	miRNA	3885	139468
FLASH-seq	multi	113	ribozyme	1	139468
FLASH-seq	multi	113	snRNA	10	139468
FLASH-seq	multi	113	snoRNA	25	139468
FLASH-seq	multi	113	tRNA	16	139468
FLASH-seq	multi	114	MiscRna	4094	134962
FLASH-seq	multi	114	MtTrna	214	134962
FLASH-seq	multi	114	ProcessedPseudogene	57256	134962
FLASH-seq	multi	114	ProteinCoding	127989	134962
FLASH-seq	multi	114	TEC	1472	134962
FLASH-seq	multi	114	TrVGene	4	134962
FLASH-seq	multi	114	TranscribedProcessedPseudogene	24369	134962
FLASH-seq	multi	114	TranscribedUnitaryPseudogene	1032	134962
FLASH-seq	multi	114	TranscribedUnprocessedPseudogene	1574	134962
FLASH-seq	multi	114	UnitaryPseudogene	208	134962
FLASH-seq	multi	114	UnprocessedPseudogene	10029	134962
FLASH-seq	multi	114	lncRNA	73822	134962
FLASH-seq	multi	114	miRNA	3848	134962
FLASH-seq	multi	114	snRNA	9	134962
FLASH-seq	multi	114	snoRNA	15	134962
FLASH-seq	multi	114	tRNA	19	134962
FLASH-seq	multi	115	MiscRna	3234	122622
FLASH-seq	multi	115	MtTrna	695	122622
FLASH-seq	multi	115	ProcessedPseudogene	50546	122622
FLASH-seq	multi	115	ProteinCoding	116517	122622
FLASH-seq	multi	115	TEC	1139	122622
FLASH-seq	multi	115	TranscribedProcessedPseudogene	23877	122622
FLASH-seq	multi	115	TranscribedUnitaryPseudogene	830	122622
FLASH-seq	multi	115	TranscribedUnprocessedPseudogene	1656	122622
FLASH-seq	multi	115	UnitaryPseudogene	201	122622
FLASH-seq	multi	115	UnprocessedPseudogene	10685	122622
FLASH-seq	multi	115	lncRNA	69037	122622
FLASH-seq	multi	115	miRNA	3363	122622
FLASH-seq	multi	115	rRNA	1	122622
FLASH-seq	multi	115	ribozyme	1	122622
FLASH-seq	multi	115	snRNA	3	122622
FLASH-seq	multi	115	snoRNA	16	122622
FLASH-seq	multi	115	tRNA	18	122622
FLASH-seq	multi	116	MiscRna	3773	125837
FLASH-seq	multi	116	MtTrna	330	125837
FLASH-seq	multi	116	ProcessedPseudogene	52902	125837
FLASH-seq	multi	116	ProteinCoding	118920	125837
FLASH-seq	multi	116	TEC	1238	125837
FLASH-seq	multi	116	TranscribedProcessedPseudogene	25532	125837
FLASH-seq	multi	116	TranscribedUnitaryPseudogene	709	125837
FLASH-seq	multi	116	TranscribedUnprocessedPseudogene	1270	125837
FLASH-seq	multi	116	UnitaryPseudogene	254	125837
FLASH-seq	multi	116	UnprocessedPseudogene	11113	125837
FLASH-seq	multi	116	lncRNA	71146	125837
FLASH-seq	multi	116	miRNA	3053	125837
FLASH-seq	multi	116	snRNA	3	125837
FLASH-seq	multi	116	snoRNA	15	125837
FLASH-seq	multi	116	tRNA	25	125837
FLASH-seq	multi	117	MiscRna	2663	127542
FLASH-seq	multi	117	MtTrna	188	127542
FLASH-seq	multi	117	ProcessedPseudogene	51707	127542
FLASH-seq	multi	117	ProteinCoding	121765	127542
FLASH-seq	multi	117	TEC	1460	127542
FLASH-seq	multi	117	TranscribedProcessedPseudogene	21728	127542
FLASH-seq	multi	117	TranscribedUnitaryPseudogene	994	127542
FLASH-seq	multi	117	TranscribedUnprocessedPseudogene	1569	127542
FLASH-seq	multi	117	UnitaryPseudogene	243	127542
FLASH-seq	multi	117	UnprocessedPseudogene	10634	127542
FLASH-seq	multi	117	lncRNA	71027	127542
FLASH-seq	multi	117	miRNA	2928	127542
FLASH-seq	multi	117	ribozyme	2	127542
FLASH-seq	multi	117	snRNA	5	127542
FLASH-seq	multi	117	snoRNA	12	127542
FLASH-seq	multi	117	tRNA	22	127542
FLASH-seq	multi	118	MiscRna	3735	126197
FLASH-seq	multi	118	MtTrna	235	126197
FLASH-seq	multi	118	ProcessedPseudogene	53020	126197
FLASH-seq	multi	118	ProteinCoding	120058	126197
FLASH-seq	multi	118	TEC	1529	126197
FLASH-seq	multi	118	TrVGene	1	126197
FLASH-seq	multi	118	TranscribedProcessedPseudogene	24413	126197
FLASH-seq	multi	118	TranscribedUnitaryPseudogene	662	126197
FLASH-seq	multi	118	TranscribedUnprocessedPseudogene	1352	126197
FLASH-seq	multi	118	UnitaryPseudogene	189	126197
FLASH-seq	multi	118	UnprocessedPseudogene	9210	126197
FLASH-seq	multi	118	lncRNA	74102	126197
FLASH-seq	multi	118	miRNA	3482	126197
FLASH-seq	multi	118	rRNA	2	126197
FLASH-seq	multi	118	ribozyme	4	126197
FLASH-seq	multi	118	snRNA	4	126197
FLASH-seq	multi	118	snoRNA	33	126197
FLASH-seq	multi	118	tRNA	18	126197
FLASH-seq	multi	119	MiscRna	3212	127483
FLASH-seq	multi	119	MtTrna	334	127483
FLASH-seq	multi	119	ProcessedPseudogene	55915	127483
FLASH-seq	multi	119	ProteinCoding	121821	127483
FLASH-seq	multi	119	TEC	1163	127483
FLASH-seq	multi	119	TranscribedProcessedPseudogene	24132	127483
FLASH-seq	multi	119	TranscribedUnitaryPseudogene	799	127483
FLASH-seq	multi	119	TranscribedUnprocessedPseudogene	1640	127483
FLASH-seq	multi	119	UnitaryPseudogene	155	127483
FLASH-seq	multi	119	UnprocessedPseudogene	9130	127483
FLASH-seq	multi	119	lncRNA	72966	127483
FLASH-seq	multi	119	miRNA	3385	127483
FLASH-seq	multi	119	snoRNA	9	127483
FLASH-seq	multi	119	tRNA	10	127483
FLASH-seq	multi	120	MiscRna	2313	115955
FLASH-seq	multi	120	MtRrna	1	115955
FLASH-seq	multi	120	MtTrna	184	115955
FLASH-seq	multi	120	ProcessedPseudogene	50252	115955
FLASH-seq	multi	120	ProteinCoding	111010	115955
FLASH-seq	multi	120	TEC	831	115955
FLASH-seq	multi	120	TranscribedProcessedPseudogene	21772	115955
FLASH-seq	multi	120	TranscribedUnitaryPseudogene	755	115955
FLASH-seq	multi	120	TranscribedUnprocessedPseudogene	1928	115955
FLASH-seq	multi	120	UnitaryPseudogene	156	115955
FLASH-seq	multi	120	UnprocessedPseudogene	9701	115955
FLASH-seq	multi	120	lncRNA	63645	115955
FLASH-seq	multi	120	miRNA	2433	115955
FLASH-seq	multi	120	ribozyme	2	115955
FLASH-seq	multi	120	snRNA	7	115955
FLASH-seq	multi	120	snoRNA	8	115955
FLASH-seq	multi	120	tRNA	21	115955
FLASH-seq	multi	121	MiscRna	2119	115722
FLASH-seq	multi	121	MtTrna	575	115722
FLASH-seq	multi	121	ProcessedPseudogene	49140	115722
FLASH-seq	multi	121	ProteinCoding	110760	115722
FLASH-seq	multi	121	TEC	1122	115722
FLASH-seq	multi	121	TranscribedProcessedPseudogene	22425	115722
FLASH-seq	multi	121	TranscribedUnitaryPseudogene	782	115722
FLASH-seq	multi	121	TranscribedUnprocessedPseudogene	1847	115722
FLASH-seq	multi	121	UnitaryPseudogene	138	115722
FLASH-seq	multi	121	UnprocessedPseudogene	10882	115722
FLASH-seq	multi	121	lncRNA	63484	115722
FLASH-seq	multi	121	miRNA	3080	115722
FLASH-seq	multi	121	ribozyme	1	115722
FLASH-seq	multi	121	snRNA	8	115722
FLASH-seq	multi	121	snoRNA	31	115722
FLASH-seq	multi	121	tRNA	6	115722
FLASH-seq	multi	122	IgVGene	1	117101
FLASH-seq	multi	122	MiscRna	2690	117101
FLASH-seq	multi	122	MtTrna	196	117101
FLASH-seq	multi	122	ProcessedPseudogene	49025	117101
FLASH-seq	multi	122	ProteinCoding	111275	117101
FLASH-seq	multi	122	TEC	1095	117101
FLASH-seq	multi	122	TranscribedProcessedPseudogene	22759	117101
FLASH-seq	multi	122	TranscribedUnitaryPseudogene	914	117101
FLASH-seq	multi	122	TranscribedUnprocessedPseudogene	1497	117101
FLASH-seq	multi	122	UnitaryPseudogene	160	117101
FLASH-seq	multi	122	UnprocessedPseudogene	9327	117101
FLASH-seq	multi	122	lncRNA	64995	117101
FLASH-seq	multi	122	miRNA	2997	117101
FLASH-seq	multi	122	snRNA	6	117101
FLASH-seq	multi	122	snoRNA	6	117101
FLASH-seq	multi	122	tRNA	23	117101
FLASH-seq	multi	123	MiscRna	3566	122380
FLASH-seq	multi	123	MtTrna	567	122380
FLASH-seq	multi	123	ProcessedPseudogene	50887	122380
FLASH-seq	multi	123	ProteinCoding	115948	122380
FLASH-seq	multi	123	TEC	1709	122380
FLASH-seq	multi	123	TranscribedProcessedPseudogene	22880	122380
FLASH-seq	multi	123	TranscribedUnitaryPseudogene	732	122380
FLASH-seq	multi	123	TranscribedUnprocessedPseudogene	1558	122380
FLASH-seq	multi	123	UnitaryPseudogene	203	122380
FLASH-seq	multi	123	UnprocessedPseudogene	10651	122380
FLASH-seq	multi	123	lncRNA	67969	122380
FLASH-seq	multi	123	miRNA	4106	122380
FLASH-seq	multi	123	ribozyme	2	122380
FLASH-seq	multi	123	snRNA	7	122380
FLASH-seq	multi	123	snoRNA	24	122380
FLASH-seq	multi	123	tRNA	12	122380
FLASH-seq	multi	124	MiscRna	2080	122328
FLASH-seq	multi	124	MtTrna	187	122328
FLASH-seq	multi	124	ProcessedPseudogene	52443	122328
FLASH-seq	multi	124	ProteinCoding	116737	122328
FLASH-seq	multi	124	TEC	1389	122328
FLASH-seq	multi	124	TranscribedProcessedPseudogene	26850	122328
FLASH-seq	multi	124	TranscribedUnitaryPseudogene	989	122328
FLASH-seq	multi	124	TranscribedUnprocessedPseudogene	1468	122328
FLASH-seq	multi	124	UnitaryPseudogene	219	122328
FLASH-seq	multi	124	UnprocessedPseudogene	8753	122328
FLASH-seq	multi	124	lncRNA	70503	122328
FLASH-seq	multi	124	miRNA	2449	122328
FLASH-seq	multi	124	snRNA	7	122328
FLASH-seq	multi	124	snoRNA	20	122328
FLASH-seq	multi	124	tRNA	15	122328
FLASH-seq	multi	125	MiscRna	1916	121976
FLASH-seq	multi	125	MtTrna	162	121976
FLASH-seq	multi	125	ProcessedPseudogene	46705	121976
FLASH-seq	multi	125	ProteinCoding	116500	121976
FLASH-seq	multi	125	TEC	1572	121976
FLASH-seq	multi	125	TranscribedProcessedPseudogene	21205	121976
FLASH-seq	multi	125	TranscribedUnitaryPseudogene	885	121976
FLASH-seq	multi	125	TranscribedUnprocessedPseudogene	1590	121976
FLASH-seq	multi	125	UnitaryPseudogene	231	121976
FLASH-seq	multi	125	UnprocessedPseudogene	10372	121976
FLASH-seq	multi	125	lncRNA	68047	121976
FLASH-seq	multi	125	miRNA	2358	121976
FLASH-seq	multi	125	ribozyme	1	121976
FLASH-seq	multi	125	snRNA	5	121976
FLASH-seq	multi	125	snoRNA	15	121976
FLASH-seq	multi	125	tRNA	10	121976
FLASH-seq	multi	126	MiscRna	2172	112504
FLASH-seq	multi	126	MtTrna	476	112504
FLASH-seq	multi	126	ProcessedPseudogene	45733	112504
FLASH-seq	multi	126	ProteinCoding	107173	112504
FLASH-seq	multi	126	TEC	1364	112504
FLASH-seq	multi	126	TranscribedProcessedPseudogene	21614	112504
FLASH-seq	multi	126	TranscribedUnitaryPseudogene	880	112504
FLASH-seq	multi	126	TranscribedUnprocessedPseudogene	1586	112504
FLASH-seq	multi	126	UnitaryPseudogene	206	112504
FLASH-seq	multi	126	UnprocessedPseudogene	10215	112504
FLASH-seq	multi	126	lncRNA	61645	112504
FLASH-seq	multi	126	miRNA	2519	112504
FLASH-seq	multi	126	snRNA	6	112504
FLASH-seq	multi	126	snoRNA	22	112504
FLASH-seq	multi	126	tRNA	12	112504
FLASH-seq	multi	127	MiscRna	3172	117993
FLASH-seq	multi	127	MtTrna	215	117993
FLASH-seq	multi	127	ProcessedPseudogene	43066	117993
FLASH-seq	multi	127	ProteinCoding	111297	117993
FLASH-seq	multi	127	TEC	1751	117993
FLASH-seq	multi	127	TranscribedProcessedPseudogene	19625	117993
FLASH-seq	multi	127	TranscribedUnitaryPseudogene	1105	117993
FLASH-seq	multi	127	TranscribedUnprocessedPseudogene	1419	117993
FLASH-seq	multi	127	UnitaryPseudogene	234	117993
FLASH-seq	multi	127	UnprocessedPseudogene	9011	117993
FLASH-seq	multi	127	lncRNA	66961	117993
FLASH-seq	multi	127	miRNA	2917	117993
FLASH-seq	multi	127	snRNA	2	117993
FLASH-seq	multi	127	snoRNA	23	117993
FLASH-seq	multi	127	tRNA	13	117993
FLASH-seq	multi	128	MiscRna	2879	112975
FLASH-seq	multi	128	MtTrna	91	112975
FLASH-seq	multi	128	ProcessedPseudogene	45899	112975
FLASH-seq	multi	128	ProteinCoding	106891	112975
FLASH-seq	multi	128	TEC	1037	112975
FLASH-seq	multi	128	TranscribedProcessedPseudogene	18501	112975
FLASH-seq	multi	128	TranscribedUnitaryPseudogene	789	112975
FLASH-seq	multi	128	TranscribedUnprocessedPseudogene	1629	112975
FLASH-seq	multi	128	UnitaryPseudogene	232	112975
FLASH-seq	multi	128	UnprocessedPseudogene	10272	112975
FLASH-seq	multi	128	lncRNA	60953	112975
FLASH-seq	multi	128	miRNA	3140	112975
FLASH-seq	multi	128	snRNA	1	112975
FLASH-seq	multi	128	snoRNA	14	112975
FLASH-seq	multi	128	tRNA	5	112975
FLASH-seq	multi	129	MiscRna	1940	111191
FLASH-seq	multi	129	MtTrna	245	111191
FLASH-seq	multi	129	ProcessedPseudogene	46388	111191
FLASH-seq	multi	129	ProteinCoding	106014	111191
FLASH-seq	multi	129	TEC	1309	111191
FLASH-seq	multi	129	TranscribedProcessedPseudogene	20432	111191
FLASH-seq	multi	129	TranscribedUnitaryPseudogene	742	111191
FLASH-seq	multi	129	TranscribedUnprocessedPseudogene	1449	111191
FLASH-seq	multi	129	UnitaryPseudogene	157	111191
FLASH-seq	multi	129	UnprocessedPseudogene	9349	111191
FLASH-seq	multi	129	lncRNA	60944	111191
FLASH-seq	multi	129	miRNA	2396	111191
FLASH-seq	multi	129	snRNA	6	111191
FLASH-seq	multi	129	snoRNA	9	111191
FLASH-seq	multi	129	tRNA	5	111191
FLASH-seq	multi	130	MiscRna	2867	113549
FLASH-seq	multi	130	MtTrna	274	113549
FLASH-seq	multi	130	ProcessedPseudogene	43201	113549
FLASH-seq	multi	130	ProteinCoding	107564	113549
FLASH-seq	multi	130	TEC	1027	113549
FLASH-seq	multi	130	TranscribedProcessedPseudogene	19975	113549
FLASH-seq	multi	130	TranscribedUnitaryPseudogene	795	113549
FLASH-seq	multi	130	TranscribedUnprocessedPseudogene	1398	113549
FLASH-seq	multi	130	UnitaryPseudogene	189	113549
FLASH-seq	multi	130	UnprocessedPseudogene	10223	113549
FLASH-seq	multi	130	lncRNA	63017	113549
FLASH-seq	multi	130	miRNA	3407	113549
FLASH-seq	multi	130	snRNA	12	113549
FLASH-seq	multi	130	snoRNA	10	113549
FLASH-seq	multi	130	tRNA	4	113549
FLASH-seq	multi	131	MiscRna	2285	107942
FLASH-seq	multi	131	MtTrna	187	107942
FLASH-seq	multi	131	ProcessedPseudogene	44057	107942
FLASH-seq	multi	131	ProteinCoding	102565	107942
FLASH-seq	multi	131	TEC	1178	107942
FLASH-seq	multi	131	TranscribedProcessedPseudogene	20228	107942
FLASH-seq	multi	131	TranscribedUnitaryPseudogene	655	107942
FLASH-seq	multi	131	TranscribedUnprocessedPseudogene	1678	107942
FLASH-seq	multi	131	UnitaryPseudogene	191	107942
FLASH-seq	multi	131	UnprocessedPseudogene	8579	107942
FLASH-seq	multi	131	lncRNA	60150	107942
FLASH-seq	multi	131	miRNA	3044	107942
FLASH-seq	multi	131	snRNA	7	107942
FLASH-seq	multi	131	snoRNA	10	107942
FLASH-seq	multi	131	tRNA	11	107942
FLASH-seq	multi	132	MiscRna	3349	115158
FLASH-seq	multi	132	MtTrna	216	115158
FLASH-seq	multi	132	ProcessedPseudogene	44006	115158
FLASH-seq	multi	132	ProteinCoding	108456	115158
FLASH-seq	multi	132	TEC	1059	115158
FLASH-seq	multi	132	TranscribedProcessedPseudogene	21544	115158
FLASH-seq	multi	132	TranscribedUnitaryPseudogene	912	115158
FLASH-seq	multi	132	TranscribedUnprocessedPseudogene	1584	115158
FLASH-seq	multi	132	UnitaryPseudogene	204	115158
FLASH-seq	multi	132	UnprocessedPseudogene	10107	115158
FLASH-seq	multi	132	lncRNA	64491	115158
FLASH-seq	multi	132	miRNA	2887	115158
FLASH-seq	multi	132	snRNA	4	115158
FLASH-seq	multi	132	snoRNA	3	115158
FLASH-seq	multi	132	tRNA	13	115158
FLASH-seq	multi	133	MiscRna	3084	117624
FLASH-seq	multi	133	MtTrna	156	117624
FLASH-seq	multi	133	ProcessedPseudogene	44626	117624
FLASH-seq	multi	133	ProteinCoding	111063	117624
FLASH-seq	multi	133	TEC	1725	117624
FLASH-seq	multi	133	TranscribedProcessedPseudogene	18347	117624
FLASH-seq	multi	133	TranscribedUnitaryPseudogene	769	117624
FLASH-seq	multi	133	TranscribedUnprocessedPseudogene	1534	117624
FLASH-seq	multi	133	UnitaryPseudogene	207	117624
FLASH-seq	multi	133	UnprocessedPseudogene	12104	117624
FLASH-seq	multi	133	lncRNA	62834	117624
FLASH-seq	multi	133	miRNA	3513	117624
FLASH-seq	multi	133	snoRNA	15	117624
FLASH-seq	multi	133	tRNA	6	117624
FLASH-seq	multi	134	MiscRna	2369	122648
FLASH-seq	multi	134	MtTrna	140	122648
FLASH-seq	multi	134	ProcessedPseudogene	52491	122648
FLASH-seq	multi	134	ProteinCoding	116691	122648
FLASH-seq	multi	134	TEC	2869	122648
FLASH-seq	multi	134	TranscribedProcessedPseudogene	27421	122648
FLASH-seq	multi	134	TranscribedUnitaryPseudogene	807	122648
FLASH-seq	multi	134	TranscribedUnprocessedPseudogene	1195	122648
FLASH-seq	multi	134	UnitaryPseudogene	197	122648
FLASH-seq	multi	134	UnprocessedPseudogene	8770	122648
FLASH-seq	multi	134	lncRNA	70863	122648
FLASH-seq	multi	134	miRNA	2595	122648
FLASH-seq	multi	134	ribozyme	4	122648
FLASH-seq	multi	134	snRNA	5	122648
FLASH-seq	multi	134	snoRNA	9	122648
FLASH-seq	multi	134	tRNA	3	122648
FLASH-seq	multi	135	MiscRna	2730	115571
FLASH-seq	multi	135	MtTrna	204	115571
FLASH-seq	multi	135	ProcessedPseudogene	42727	115571
FLASH-seq	multi	135	ProteinCoding	109094	115571
FLASH-seq	multi	135	TEC	2148	115571
FLASH-seq	multi	135	TrCGene	1	115571
FLASH-seq	multi	135	TranscribedProcessedPseudogene	19107	115571
FLASH-seq	multi	135	TranscribedUnitaryPseudogene	999	115571
FLASH-seq	multi	135	TranscribedUnprocessedPseudogene	1161	115571
FLASH-seq	multi	135	UnitaryPseudogene	181	115571
FLASH-seq	multi	135	UnprocessedPseudogene	9014	115571
FLASH-seq	multi	135	lncRNA	63812	115571
FLASH-seq	multi	135	miRNA	3061	115571
FLASH-seq	multi	135	snRNA	3	115571
FLASH-seq	multi	135	snoRNA	18	115571
FLASH-seq	multi	135	tRNA	8	115571
FLASH-seq	multi	136	MiscRna	1535	111604
FLASH-seq	multi	136	MtTrna	157	111604
FLASH-seq	multi	136	ProcessedPseudogene	42378	111604
FLASH-seq	multi	136	ProteinCoding	106694	111604
FLASH-seq	multi	136	TEC	1402	111604
FLASH-seq	multi	136	TranscribedProcessedPseudogene	18769	111604
FLASH-seq	multi	136	TranscribedUnitaryPseudogene	800	111604
FLASH-seq	multi	136	TranscribedUnprocessedPseudogene	1285	111604
FLASH-seq	multi	136	UnitaryPseudogene	183	111604
FLASH-seq	multi	136	UnprocessedPseudogene	9023	111604
FLASH-seq	multi	136	lncRNA	61468	111604
FLASH-seq	multi	136	miRNA	1901	111604
FLASH-seq	multi	136	snoRNA	23	111604
FLASH-seq	multi	136	tRNA	19	111604
FLASH-seq	multi	137	MiscRna	2213	107239
FLASH-seq	multi	137	MtTrna	172	107239
FLASH-seq	multi	137	ProcessedPseudogene	40872	107239
FLASH-seq	multi	137	ProteinCoding	101714	107239
FLASH-seq	multi	137	TEC	1028	107239
FLASH-seq	multi	137	TrVGene	1	107239
FLASH-seq	multi	137	TranscribedProcessedPseudogene	19808	107239
FLASH-seq	multi	137	TranscribedUnitaryPseudogene	820	107239
FLASH-seq	multi	137	TranscribedUnprocessedPseudogene	1364	107239
FLASH-seq	multi	137	UnitaryPseudogene	121	107239
FLASH-seq	multi	137	UnprocessedPseudogene	8710	107239
FLASH-seq	multi	137	lncRNA	59472	107239
FLASH-seq	multi	137	miRNA	1857	107239
FLASH-seq	multi	137	snRNA	9	107239
FLASH-seq	multi	137	snoRNA	8	107239
FLASH-seq	multi	137	tRNA	10	107239
FLASH-seq	multi	138	MiscRna	2094	105199
FLASH-seq	multi	138	MtTrna	164	105199
FLASH-seq	multi	138	ProcessedPseudogene	39292	105199
FLASH-seq	multi	138	ProteinCoding	100083	105199
FLASH-seq	multi	138	TEC	1410	105199
FLASH-seq	multi	138	TranscribedProcessedPseudogene	17487	105199
FLASH-seq	multi	138	TranscribedUnitaryPseudogene	730	105199
FLASH-seq	multi	138	TranscribedUnprocessedPseudogene	1629	105199
FLASH-seq	multi	138	UnitaryPseudogene	178	105199
FLASH-seq	multi	138	UnprocessedPseudogene	10893	105199
FLASH-seq	multi	138	lncRNA	57391	105199
FLASH-seq	multi	138	miRNA	2378	105199
FLASH-seq	multi	138	snRNA	5	105199
FLASH-seq	multi	138	snoRNA	6	105199
FLASH-seq	multi	138	tRNA	4	105199
FLASH-seq	multi	139	MiscRna	1533	98339
FLASH-seq	multi	139	MtTrna	75	98339
FLASH-seq	multi	139	ProcessedPseudogene	41736	98339
FLASH-seq	multi	139	ProteinCoding	93754	98339
FLASH-seq	multi	139	TEC	1489	98339
FLASH-seq	multi	139	TranscribedProcessedPseudogene	18144	98339
FLASH-seq	multi	139	TranscribedUnitaryPseudogene	665	98339
FLASH-seq	multi	139	TranscribedUnprocessedPseudogene	1217	98339
FLASH-seq	multi	139	UnitaryPseudogene	103	98339
FLASH-seq	multi	139	UnprocessedPseudogene	8210	98339
FLASH-seq	multi	139	lncRNA	53932	98339
FLASH-seq	multi	139	miRNA	2002	98339
FLASH-seq	multi	139	snRNA	13	98339
FLASH-seq	multi	139	snoRNA	12	98339
FLASH-seq	multi	139	tRNA	6	98339
FLASH-seq	multi	140	MiscRna	3733	101822
FLASH-seq	multi	140	MtTrna	165	101822
FLASH-seq	multi	140	ProcessedPseudogene	39144	101822
FLASH-seq	multi	140	ProteinCoding	95173	101822
FLASH-seq	multi	140	TEC	1341	101822
FLASH-seq	multi	140	TranscribedProcessedPseudogene	18511	101822
FLASH-seq	multi	140	TranscribedUnitaryPseudogene	553	101822
FLASH-seq	multi	140	TranscribedUnprocessedPseudogene	1271	101822
FLASH-seq	multi	140	UnitaryPseudogene	175	101822
FLASH-seq	multi	140	UnprocessedPseudogene	9514	101822
FLASH-seq	multi	140	lncRNA	55798	101822
FLASH-seq	multi	140	miRNA	3624	101822
FLASH-seq	multi	140	snRNA	5	101822
FLASH-seq	multi	140	snoRNA	4	101822
FLASH-seq	multi	140	tRNA	4	101822
FLASH-seq	multi	141	MiscRna	2775	105070
FLASH-seq	multi	141	MtTrna	233	105070
FLASH-seq	multi	141	ProcessedPseudogene	40445	105070
FLASH-seq	multi	141	ProteinCoding	99027	105070
FLASH-seq	multi	141	TEC	1211	105070
FLASH-seq	multi	141	TranscribedProcessedPseudogene	18897	105070
FLASH-seq	multi	141	TranscribedUnitaryPseudogene	659	105070
FLASH-seq	multi	141	TranscribedUnprocessedPseudogene	1473	105070
FLASH-seq	multi	141	UnitaryPseudogene	138	105070
FLASH-seq	multi	141	UnprocessedPseudogene	9608	105070
FLASH-seq	multi	141	lncRNA	58938	105070
FLASH-seq	multi	141	miRNA	3181	105070
FLASH-seq	multi	141	snRNA	6	105070
FLASH-seq	multi	141	snoRNA	11	105070
FLASH-seq	multi	141	tRNA	8	105070
FLASH-seq	multi	142	MiscRna	3796	100392
FLASH-seq	multi	142	MtTrna	204	100392
FLASH-seq	multi	142	ProcessedPseudogene	37724	100392
FLASH-seq	multi	142	ProteinCoding	93440	100392
FLASH-seq	multi	142	TEC	822	100392
FLASH-seq	multi	142	TranscribedProcessedPseudogene	18773	100392
FLASH-seq	multi	142	TranscribedUnitaryPseudogene	713	100392
FLASH-seq	multi	142	TranscribedUnprocessedPseudogene	1085	100392
FLASH-seq	multi	142	UnitaryPseudogene	151	100392
FLASH-seq	multi	142	UnprocessedPseudogene	9060	100392
FLASH-seq	multi	142	lncRNA	55459	100392
FLASH-seq	multi	142	miRNA	3389	100392
FLASH-seq	multi	142	snoRNA	11	100392
FLASH-seq	multi	142	tRNA	5	100392
FLASH-seq	multi	143	MiscRna	3920	107974
FLASH-seq	multi	143	MtTrna	660	107974
FLASH-seq	multi	143	ProcessedPseudogene	40520	107974
FLASH-seq	multi	143	ProteinCoding	101082	107974
FLASH-seq	multi	143	TEC	2110	107974
FLASH-seq	multi	143	TranscribedProcessedPseudogene	19829	107974
FLASH-seq	multi	143	TranscribedUnitaryPseudogene	827	107974
FLASH-seq	multi	143	TranscribedUnprocessedPseudogene	1552	107974
FLASH-seq	multi	143	UnitaryPseudogene	158	107974
FLASH-seq	multi	143	UnprocessedPseudogene	9778	107974
FLASH-seq	multi	143	lncRNA	58499	107974
FLASH-seq	multi	143	miRNA	4188	107974
FLASH-seq	multi	143	ribozyme	1	107974
FLASH-seq	multi	143	snRNA	3	107974
FLASH-seq	multi	143	snoRNA	6	107974
FLASH-seq	multi	143	tRNA	3	107974
FLASH-seq	multi	144	MiscRna	2694	110309
FLASH-seq	multi	144	MtTrna	183	110309
FLASH-seq	multi	144	ProcessedPseudogene	44213	110309
FLASH-seq	multi	144	ProteinCoding	103969	110309
FLASH-seq	multi	144	TEC	1774	110309
FLASH-seq	multi	144	TranscribedProcessedPseudogene	21944	110309
FLASH-seq	multi	144	TranscribedUnitaryPseudogene	704	110309
FLASH-seq	multi	144	TranscribedUnprocessedPseudogene	1488	110309
FLASH-seq	multi	144	UnitaryPseudogene	186	110309
FLASH-seq	multi	144	UnprocessedPseudogene	11339	110309
FLASH-seq	multi	144	lncRNA	60584	110309
FLASH-seq	multi	144	miRNA	2927	110309
FLASH-seq	multi	144	snRNA	4	110309
FLASH-seq	multi	144	snoRNA	8	110309
FLASH-seq	multi	144	tRNA	3	110309
FLASH-seq	multi	145	MiscRna	4404	110879
FLASH-seq	multi	145	MtTrna	716	110879
FLASH-seq	multi	145	ProcessedPseudogene	40326	110879
FLASH-seq	multi	145	ProteinCoding	102845	110879
FLASH-seq	multi	145	TEC	1699	110879
FLASH-seq	multi	145	TrVGene	1	110879
FLASH-seq	multi	145	TranscribedProcessedPseudogene	16921	110879
FLASH-seq	multi	145	TranscribedUnitaryPseudogene	957	110879
FLASH-seq	multi	145	TranscribedUnprocessedPseudogene	1090	110879
FLASH-seq	multi	145	UnitaryPseudogene	200	110879
FLASH-seq	multi	145	UnprocessedPseudogene	9800	110879
FLASH-seq	multi	145	lncRNA	60118	110879
FLASH-seq	multi	145	miRNA	4552	110879
FLASH-seq	multi	145	snRNA	1	110879
FLASH-seq	multi	145	snoRNA	21	110879
FLASH-seq	multi	145	tRNA	3	110879
FLASH-seq	multi	146	MiscRna	2699	131934
FLASH-seq	multi	146	MtTrna	162	131934
FLASH-seq	multi	146	ProcessedPseudogene	50496	131934
FLASH-seq	multi	146	ProteinCoding	124360	131934
FLASH-seq	multi	146	TEC	1433	131934
FLASH-seq	multi	146	TranscribedProcessedPseudogene	21460	131934
FLASH-seq	multi	146	TranscribedUnitaryPseudogene	1061	131934
FLASH-seq	multi	146	TranscribedUnprocessedPseudogene	1351	131934
FLASH-seq	multi	146	UnitaryPseudogene	243	131934
FLASH-seq	multi	146	UnprocessedPseudogene	9502	131934
FLASH-seq	multi	146	lncRNA	71851	131934
FLASH-seq	multi	146	miRNA	3355	131934
FLASH-seq	multi	146	rRNA	1	131934
FLASH-seq	multi	146	snRNA	4	131934
FLASH-seq	multi	146	snoRNA	28	131934
FLASH-seq	multi	146	tRNA	7	131934
FLASH-seq	multi	147	MiscRna	3356	190426
FLASH-seq	multi	147	MtTrna	281	190426
FLASH-seq	multi	147	ProcessedPseudogene	72490	190426
FLASH-seq	multi	147	ProteinCoding	180096	190426
FLASH-seq	multi	147	TEC	1714	190426
FLASH-seq	multi	147	TranscribedProcessedPseudogene	33487	190426
FLASH-seq	multi	147	TranscribedUnitaryPseudogene	1820	190426
FLASH-seq	multi	147	TranscribedUnprocessedPseudogene	2122	190426
FLASH-seq	multi	147	UnitaryPseudogene	304	190426
FLASH-seq	multi	147	UnprocessedPseudogene	12885	190426
FLASH-seq	multi	147	lncRNA	105958	190426
FLASH-seq	multi	147	miRNA	3474	190426
FLASH-seq	multi	147	snRNA	3	190426
FLASH-seq	multi	147	snoRNA	21	190426
FLASH-seq	multi	147	tRNA	9	190426
FLASH-seq	multi	148	MiscRna	4578	428455
FLASH-seq	multi	148	MtTrna	619	428455
FLASH-seq	multi	148	ProcessedPseudogene	176230	428455
FLASH-seq	multi	148	ProteinCoding	409311	428455
FLASH-seq	multi	148	TEC	6004	428455
FLASH-seq	multi	148	TranscribedProcessedPseudogene	84915	428455
FLASH-seq	multi	148	TranscribedUnitaryPseudogene	4766	428455
FLASH-seq	multi	148	TranscribedUnprocessedPseudogene	6809	428455
FLASH-seq	multi	148	UnitaryPseudogene	1145	428455
FLASH-seq	multi	148	UnprocessedPseudogene	26859	428455
FLASH-seq	multi	148	lncRNA	238387	428455
FLASH-seq	multi	148	miRNA	5520	428455
FLASH-seq	multi	148	snRNA	15	428455
FLASH-seq	multi	148	snoRNA	45	428455
FLASH-seq	multi	148	tRNA	11	428455
FLASH-seq	multi	149	IgVGene	2	1206174
FLASH-seq	multi	149	MiscRna	40022	1206174
FLASH-seq	multi	149	MtTrna	2639	1206174
FLASH-seq	multi	149	ProcessedPseudogene	515023	1206174
FLASH-seq	multi	149	ProteinCoding	1132573	1206174
FLASH-seq	multi	149	TEC	30924	1206174
FLASH-seq	multi	149	TranscribedProcessedPseudogene	245515	1206174
FLASH-seq	multi	149	TranscribedUnitaryPseudogene	5660	1206174
FLASH-seq	multi	149	TranscribedUnprocessedPseudogene	18797	1206174
FLASH-seq	multi	149	TranslatedUnprocessedPseudogene	1	1206174
FLASH-seq	multi	149	UnitaryPseudogene	2096	1206174
FLASH-seq	multi	149	UnprocessedPseudogene	73059	1206174
FLASH-seq	multi	149	lncRNA	697517	1206174
FLASH-seq	multi	149	miRNA	41890	1206174
FLASH-seq	multi	149	rRNA	1	1206174
FLASH-seq	multi	149	snRNA	25	1206174
FLASH-seq	multi	149	snoRNA	91	1206174
FLASH-seq	multi	149	tRNA	38	1206174
FLASH-seq	multi	150	IgCGene	3	3610901
FLASH-seq	multi	150	MiscRna	59204	3610901
FLASH-seq	multi	150	MtRrna	1	3610901
FLASH-seq	multi	150	MtTrna	8920	3610901
FLASH-seq	multi	150	ProcessedPseudogene	1669876	3610901
FLASH-seq	multi	150	ProteinCoding	3442362	3610901
FLASH-seq	multi	150	TEC	49213	3610901
FLASH-seq	multi	150	TranscribedProcessedPseudogene	781946	3610901
FLASH-seq	multi	150	TranscribedUnitaryPseudogene	18228	3610901
FLASH-seq	multi	150	TranscribedUnprocessedPseudogene	39144	3610901
FLASH-seq	multi	150	UnitaryPseudogene	6927	3610901
FLASH-seq	multi	150	UnprocessedPseudogene	234930	3610901
FLASH-seq	multi	150	lncRNA	2033081	3610901
FLASH-seq	multi	150	miRNA	82159	3610901
FLASH-seq	multi	150	ribozyme	3	3610901
FLASH-seq	multi	150	scaRNA	1	3610901
FLASH-seq	multi	150	snRNA	95	3610901
FLASH-seq	multi	150	snoRNA	375	3610901
FLASH-seq	multi	150	tRNA	104	3610901
FLASH-seq	multi	151	IgVGene	1	8445098
FLASH-seq	multi	151	IgVPseudogene	3	8445098
FLASH-seq	multi	151	MiscRna	141698	8445098
FLASH-seq	multi	151	MtTrna	27401	8445098
FLASH-seq	multi	151	ProcessedPseudogene	3644649	8445098
FLASH-seq	multi	151	ProteinCoding	8056284	8445098
FLASH-seq	multi	151	TEC	63441	8445098
FLASH-seq	multi	151	TrVGene	6	8445098
FLASH-seq	multi	151	TrVPseudogene	1	8445098
FLASH-seq	multi	151	TranscribedProcessedPseudogene	1687311	8445098
FLASH-seq	multi	151	TranscribedUnitaryPseudogene	34346	8445098
FLASH-seq	multi	151	TranscribedUnprocessedPseudogene	127287	8445098
FLASH-seq	multi	151	UnitaryPseudogene	11466	8445098
FLASH-seq	multi	151	UnprocessedPseudogene	790995	8445098
FLASH-seq	multi	151	lncRNA	4471170	8445098
FLASH-seq	multi	151	miRNA	164043	8445098
FLASH-seq	multi	151	pseudogene	1	8445098
FLASH-seq	multi	151	ribozyme	5	8445098
FLASH-seq	multi	151	scaRNA	4	8445098
FLASH-seq	multi	151	snRNA	239	8445098
FLASH-seq	multi	151	snoRNA	1088	8445098
FLASH-seq	multi	151	tRNA	225	8445098
FLASH-seq	single	20	ProcessedPseudogene	14	1739
FLASH-seq	single	20	ProteinCoding	1635	1739
FLASH-seq	single	20	TEC	5	1739
FLASH-seq	single	20	TranscribedProcessedPseudogene	4	1739
FLASH-seq	single	20	lncRNA	244	1739
FLASH-seq	single	20	miRNA	4	1739
FLASH-seq	single	21	ProcessedPseudogene	4	1883
FLASH-seq	single	21	ProteinCoding	1759	1883
FLASH-seq	single	21	TEC	8	1883
FLASH-seq	single	21	TranscribedProcessedPseudogene	2	1883
FLASH-seq	single	21	TranscribedUnitaryPseudogene	1	1883
FLASH-seq	single	21	TranscribedUnprocessedPseudogene	2	1883
FLASH-seq	single	21	UnitaryPseudogene	1	1883
FLASH-seq	single	21	lncRNA	349	1883
FLASH-seq	single	21	miRNA	2	1883
FLASH-seq	single	22	MtRrna	1	2316
FLASH-seq	single	22	MtTrna	1	2316
FLASH-seq	single	22	ProcessedPseudogene	13	2316
FLASH-seq	single	22	ProteinCoding	2178	2316
FLASH-seq	single	22	TEC	11	2316
FLASH-seq	single	22	TranscribedProcessedPseudogene	2	2316
FLASH-seq	single	22	TranscribedUnitaryPseudogene	1	2316
FLASH-seq	single	22	TranscribedUnprocessedPseudogene	1	2316
FLASH-seq	single	22	UnitaryPseudogene	1	2316
FLASH-seq	single	22	UnprocessedPseudogene	1	2316
FLASH-seq	single	22	lncRNA	368	2316
FLASH-seq	single	22	miRNA	6	2316
FLASH-seq	single	23	ProcessedPseudogene	23	2568
FLASH-seq	single	23	ProteinCoding	2369	2568
FLASH-seq	single	23	TEC	13	2568
FLASH-seq	single	23	TranscribedProcessedPseudogene	5	2568
FLASH-seq	single	23	TranscribedUnitaryPseudogene	1	2568
FLASH-seq	single	23	TranscribedUnprocessedPseudogene	3	2568
FLASH-seq	single	23	UnitaryPseudogene	1	2568
FLASH-seq	single	23	UnprocessedPseudogene	2	2568
FLASH-seq	single	23	lncRNA	484	2568
FLASH-seq	single	23	miRNA	3	2568
FLASH-seq	single	24	MiscRna	1	2925
FLASH-seq	single	24	MtRrna	1	2925
FLASH-seq	single	24	ProcessedPseudogene	36	2925
FLASH-seq	single	24	ProteinCoding	2641	2925
FLASH-seq	single	24	TEC	11	2925
FLASH-seq	single	24	TranscribedProcessedPseudogene	5	2925
FLASH-seq	single	24	TranscribedUnitaryPseudogene	1	2925
FLASH-seq	single	24	TranscribedUnprocessedPseudogene	6	2925
FLASH-seq	single	24	UnprocessedPseudogene	2	2925
FLASH-seq	single	24	lncRNA	569	2925
FLASH-seq	single	24	miRNA	4	2925
FLASH-seq	single	25	MtRrna	1	3548
FLASH-seq	single	25	MtTrna	1	3548
FLASH-seq	single	25	ProcessedPseudogene	33	3548
FLASH-seq	single	25	ProteinCoding	3332	3548
FLASH-seq	single	25	TEC	34	3548
FLASH-seq	single	25	TranscribedProcessedPseudogene	6	3548
FLASH-seq	single	25	TranscribedUnitaryPseudogene	1	3548
FLASH-seq	single	25	TranscribedUnprocessedPseudogene	3	3548
FLASH-seq	single	25	UnitaryPseudogene	1	3548
FLASH-seq	single	25	lncRNA	590	3548
FLASH-seq	single	25	miRNA	5	3548
FLASH-seq	single	25	scaRNA	1	3548
FLASH-seq	single	25	tRNA	1	3548
FLASH-seq	single	26	MtRrna	1	4318
FLASH-seq	single	26	MtTrna	1	4318
FLASH-seq	single	26	ProcessedPseudogene	19	4318
FLASH-seq	single	26	ProteinCoding	4075	4318
FLASH-seq	single	26	TEC	13	4318
FLASH-seq	single	26	TranscribedProcessedPseudogene	4	4318
FLASH-seq	single	26	lncRNA	669	4318
FLASH-seq	single	26	miRNA	15	4318
FLASH-seq	single	26	snoRNA	2	4318
FLASH-seq	single	27	MtRrna	7	9377
FLASH-seq	single	27	ProcessedPseudogene	43	9377
FLASH-seq	single	27	ProteinCoding	9081	9377
FLASH-seq	single	27	TEC	42	9377
FLASH-seq	single	27	TranscribedProcessedPseudogene	17	9377
FLASH-seq	single	27	TranscribedUnitaryPseudogene	1	9377
FLASH-seq	single	27	TranscribedUnprocessedPseudogene	1	9377
FLASH-seq	single	27	UnitaryPseudogene	1	9377
FLASH-seq	single	27	UnprocessedPseudogene	2	9377
FLASH-seq	single	27	lncRNA	1433	9377
FLASH-seq	single	27	miRNA	30	9377
FLASH-seq	single	27	rRNA	1	9377
FLASH-seq	single	28	MiscRna	3	13844
FLASH-seq	single	28	MtRrna	1	13844
FLASH-seq	single	28	MtTrna	1	13844
FLASH-seq	single	28	ProcessedPseudogene	88	13844
FLASH-seq	single	28	ProteinCoding	13442	13844
FLASH-seq	single	28	TEC	42	13844
FLASH-seq	single	28	TranscribedProcessedPseudogene	13	13844
FLASH-seq	single	28	TranscribedUnitaryPseudogene	5	13844
FLASH-seq	single	28	TranscribedUnprocessedPseudogene	8	13844
FLASH-seq	single	28	UnprocessedPseudogene	2	13844
FLASH-seq	single	28	lncRNA	1991	13844
FLASH-seq	single	28	miRNA	73	13844
FLASH-seq	single	28	rRNA	12	13844
FLASH-seq	single	28	snoRNA	4	13844
FLASH-seq	single	29	MiscRna	3	21090
FLASH-seq	single	29	MtRrna	3	21090
FLASH-seq	single	29	MtTrna	3	21090
FLASH-seq	single	29	ProcessedPseudogene	81	21090
FLASH-seq	single	29	ProteinCoding	20613	21090
FLASH-seq	single	29	TEC	84	21090
FLASH-seq	single	29	TranscribedProcessedPseudogene	20	21090
FLASH-seq	single	29	TranscribedUnitaryPseudogene	6	21090
FLASH-seq	single	29	TranscribedUnprocessedPseudogene	6	21090
FLASH-seq	single	29	UnitaryPseudogene	2	21090
FLASH-seq	single	29	UnprocessedPseudogene	4	21090
FLASH-seq	single	29	lncRNA	2884	21090
FLASH-seq	single	29	miRNA	54	21090
FLASH-seq	single	29	rRNA	16	21090
FLASH-seq	single	29	scaRNA	4	21090
FLASH-seq	single	29	snoRNA	6	21090
FLASH-seq	single	29	tRNA	1	21090
FLASH-seq	single	30	MiscRna	6	70006
FLASH-seq	single	30	MtRrna	7	70006
FLASH-seq	single	30	MtTrna	10	70006
FLASH-seq	single	30	ProcessedPseudogene	188	70006
FLASH-seq	single	30	ProteinCoding	68603	70006
FLASH-seq	single	30	TEC	226	70006
FLASH-seq	single	30	TranscribedProcessedPseudogene	107	70006
FLASH-seq	single	30	TranscribedUnitaryPseudogene	8	70006
FLASH-seq	single	30	TranscribedUnprocessedPseudogene	35	70006
FLASH-seq	single	30	UnitaryPseudogene	6	70006
FLASH-seq	single	30	UnprocessedPseudogene	2	70006
FLASH-seq	single	30	lncRNA	9335	70006
FLASH-seq	single	30	miRNA	281	70006
FLASH-seq	single	30	rRNA	35	70006
FLASH-seq	single	30	ribozyme	6	70006
FLASH-seq	single	30	scaRNA	1	70006
FLASH-seq	single	30	snoRNA	15	70006
FLASH-seq	single	30	tRNA	1	70006
FLASH-seq	single	31	MiscRna	7	77076
FLASH-seq	single	31	MtRrna	21	77076
FLASH-seq	single	31	MtTrna	9	77076
FLASH-seq	single	31	ProcessedPseudogene	237	77076
FLASH-seq	single	31	ProteinCoding	75390	77076
FLASH-seq	single	31	TEC	183	77076
FLASH-seq	single	31	TranscribedProcessedPseudogene	75	77076
FLASH-seq	single	31	TranscribedUnitaryPseudogene	10	77076
FLASH-seq	single	31	TranscribedUnprocessedPseudogene	36	77076
FLASH-seq	single	31	UnitaryPseudogene	5	77076
FLASH-seq	single	31	UnprocessedPseudogene	8	77076
FLASH-seq	single	31	lncRNA	10717	77076
FLASH-seq	single	31	miRNA	179	77076
FLASH-seq	single	31	rRNA	56	77076
FLASH-seq	single	31	scaRNA	6	77076
FLASH-seq	single	31	snRNA	2	77076
FLASH-seq	single	31	snoRNA	28	77076
FLASH-seq	single	31	tRNA	1	77076
FLASH-seq	single	32	MiscRna	21	79682
FLASH-seq	single	32	MtRrna	87	79682
FLASH-seq	single	32	MtTrna	20	79682
FLASH-seq	single	32	ProcessedPseudogene	221	79682
FLASH-seq	single	32	ProteinCoding	77772	79682
FLASH-seq	single	32	TEC	250	79682
FLASH-seq	single	32	TranscribedProcessedPseudogene	108	79682
FLASH-seq	single	32	TranscribedUnitaryPseudogene	22	79682
FLASH-seq	single	32	TranscribedUnprocessedPseudogene	34	79682
FLASH-seq	single	32	UnitaryPseudogene	7	79682
FLASH-seq	single	32	UnprocessedPseudogene	4	79682
FLASH-seq	single	32	lncRNA	10676	79682
FLASH-seq	single	32	miRNA	127	79682
FLASH-seq	single	32	rRNA	88	79682
FLASH-seq	single	32	snoRNA	20	79682
FLASH-seq	single	32	tRNA	3	79682
FLASH-seq	single	33	MiscRna	4	85741
FLASH-seq	single	33	MtRrna	20	85741
FLASH-seq	single	33	MtTrna	17	85741
FLASH-seq	single	33	ProcessedPseudogene	262	85741
FLASH-seq	single	33	ProteinCoding	83811	85741
FLASH-seq	single	33	TEC	411	85741
FLASH-seq	single	33	TranscribedProcessedPseudogene	122	85741
FLASH-seq	single	33	TranscribedUnitaryPseudogene	16	85741
FLASH-seq	single	33	TranscribedUnprocessedPseudogene	41	85741
FLASH-seq	single	33	UnitaryPseudogene	13	85741
FLASH-seq	single	33	UnprocessedPseudogene	9	85741
FLASH-seq	single	33	lncRNA	11321	85741
FLASH-seq	single	33	miRNA	303	85741
FLASH-seq	single	33	pseudogene	1	85741
FLASH-seq	single	33	rRNA	65	85741
FLASH-seq	single	33	scaRNA	4	85741
FLASH-seq	single	33	snRNA	2	85741
FLASH-seq	single	33	snoRNA	24	85741
FLASH-seq	single	33	tRNA	2	85741
FLASH-seq	single	34	MiscRna	19	96988
FLASH-seq	single	34	MtRrna	50	96988
FLASH-seq	single	34	MtTrna	14	96988
FLASH-seq	single	34	ProcessedPseudogene	359	96988
FLASH-seq	single	34	ProteinCoding	94846	96988
FLASH-seq	single	34	TEC	267	96988
FLASH-seq	single	34	TranscribedProcessedPseudogene	94	96988
FLASH-seq	single	34	TranscribedUnitaryPseudogene	12	96988
FLASH-seq	single	34	TranscribedUnprocessedPseudogene	62	96988
FLASH-seq	single	34	UnitaryPseudogene	8	96988
FLASH-seq	single	34	UnprocessedPseudogene	3	96988
FLASH-seq	single	34	lncRNA	12554	96988
FLASH-seq	single	34	miRNA	186	96988
FLASH-seq	single	34	rRNA	102	96988
FLASH-seq	single	34	ribozyme	3	96988
FLASH-seq	single	34	scaRNA	3	96988
FLASH-seq	single	34	snRNA	5	96988
FLASH-seq	single	34	snoRNA	40	96988
FLASH-seq	single	34	tRNA	1	96988
FLASH-seq	single	35	MiscRna	29	132529
FLASH-seq	single	35	MtRrna	22	132529
FLASH-seq	single	35	MtTrna	14	132529
FLASH-seq	single	35	ProcessedPseudogene	410	132529
FLASH-seq	single	35	ProteinCoding	129693	132529
FLASH-seq	single	35	TEC	385	132529
FLASH-seq	single	35	TranscribedProcessedPseudogene	149	132529
FLASH-seq	single	35	TranscribedUnitaryPseudogene	16	132529
FLASH-seq	single	35	TranscribedUnprocessedPseudogene	54	132529
FLASH-seq	single	35	UnitaryPseudogene	11	132529
FLASH-seq	single	35	UnprocessedPseudogene	6	132529
FLASH-seq	single	35	lncRNA	17604	132529
FLASH-seq	single	35	miRNA	679	132529
FLASH-seq	single	35	rRNA	140	132529
FLASH-seq	single	35	ribozyme	16	132529
FLASH-seq	single	35	scaRNA	4	132529
FLASH-seq	single	35	snRNA	6	132529
FLASH-seq	single	35	snoRNA	40	132529
FLASH-seq	single	35	tRNA	7	132529
FLASH-seq	single	36	MiscRna	15	197382
FLASH-seq	single	36	MtRrna	25	197382
FLASH-seq	single	36	MtTrna	24	197382
FLASH-seq	single	36	ProcessedPseudogene	666	197382
FLASH-seq	single	36	ProteinCoding	193128	197382
FLASH-seq	single	36	TEC	506	197382
FLASH-seq	single	36	TranscribedProcessedPseudogene	205	197382
FLASH-seq	single	36	TranscribedUnitaryPseudogene	25	197382
FLASH-seq	single	36	TranscribedUnprocessedPseudogene	97	197382
FLASH-seq	single	36	UnitaryPseudogene	19	197382
FLASH-seq	single	36	UnprocessedPseudogene	19	197382
FLASH-seq	single	36	lncRNA	26365	197382
FLASH-seq	single	36	miRNA	316	197382
FLASH-seq	single	36	rRNA	141	197382
FLASH-seq	single	36	ribozyme	20	197382
FLASH-seq	single	36	scaRNA	6	197382
FLASH-seq	single	36	snRNA	7	197382
FLASH-seq	single	36	snoRNA	79	197382
FLASH-seq	single	36	tRNA	18	197382
FLASH-seq	single	37	MiscRna	44	259059
FLASH-seq	single	37	MtRrna	48	259059
FLASH-seq	single	37	MtTrna	47	259059
FLASH-seq	single	37	ProcessedPseudogene	825	259059
FLASH-seq	single	37	ProteinCoding	253937	259059
FLASH-seq	single	37	TEC	678	259059
FLASH-seq	single	37	TranscribedProcessedPseudogene	258	259059
FLASH-seq	single	37	TranscribedUnitaryPseudogene	29	259059
FLASH-seq	single	37	TranscribedUnprocessedPseudogene	132	259059
FLASH-seq	single	37	UnitaryPseudogene	14	259059
FLASH-seq	single	37	UnprocessedPseudogene	10	259059
FLASH-seq	single	37	lncRNA	33459	259059
FLASH-seq	single	37	miRNA	433	259059
FLASH-seq	single	37	rRNA	129	259059
FLASH-seq	single	37	ribozyme	3	259059
FLASH-seq	single	37	scaRNA	5	259059
FLASH-seq	single	37	snRNA	12	259059
FLASH-seq	single	37	snoRNA	66	259059
FLASH-seq	single	37	tRNA	11	259059
FLASH-seq	single	38	MiscRna	37	291085
FLASH-seq	single	38	MtRrna	38	291085
FLASH-seq	single	38	MtTrna	40	291085
FLASH-seq	single	38	ProcessedPseudogene	924	291085
FLASH-seq	single	38	ProteinCoding	284469	291085
FLASH-seq	single	38	TEC	1037	291085
FLASH-seq	single	38	TranscribedProcessedPseudogene	434	291085
FLASH-seq	single	38	TranscribedUnitaryPseudogene	41	291085
FLASH-seq	single	38	TranscribedUnprocessedPseudogene	98	291085
FLASH-seq	single	38	UnitaryPseudogene	24	291085
FLASH-seq	single	38	UnprocessedPseudogene	21	291085
FLASH-seq	single	38	lncRNA	38384	291085
FLASH-seq	single	38	miRNA	514	291085
FLASH-seq	single	38	rRNA	327	291085
FLASH-seq	single	38	ribozyme	8	291085
FLASH-seq	single	38	scaRNA	9	291085
FLASH-seq	single	38	snRNA	9	291085
FLASH-seq	single	38	snoRNA	120	291085
FLASH-seq	single	38	tRNA	5	291085
FLASH-seq	single	39	MiscRna	43	296225
FLASH-seq	single	39	MtRrna	10	296225
FLASH-seq	single	39	MtTrna	72	296225
FLASH-seq	single	39	ProcessedPseudogene	1011	296225
FLASH-seq	single	39	ProteinCoding	289962	296225
FLASH-seq	single	39	TEC	982	296225
FLASH-seq	single	39	TranscribedProcessedPseudogene	413	296225
FLASH-seq	single	39	TranscribedUnitaryPseudogene	40	296225
FLASH-seq	single	39	TranscribedUnprocessedPseudogene	131	296225
FLASH-seq	single	39	UnitaryPseudogene	15	296225
FLASH-seq	single	39	UnprocessedPseudogene	31	296225
FLASH-seq	single	39	lncRNA	39286	296225
FLASH-seq	single	39	miRNA	681	296225
FLASH-seq	single	39	rRNA	117	296225
FLASH-seq	single	39	ribozyme	17	296225
FLASH-seq	single	39	scaRNA	3	296225
FLASH-seq	single	39	snRNA	10	296225
FLASH-seq	single	39	snoRNA	147	296225
FLASH-seq	single	39	tRNA	56	296225
FLASH-seq	single	40	IgVGene	1	291271
FLASH-seq	single	40	MiscRna	49	291271
FLASH-seq	single	40	MtRrna	19	291271
FLASH-seq	single	40	MtTrna	34	291271
FLASH-seq	single	40	ProcessedPseudogene	1153	291271
FLASH-seq	single	40	ProteinCoding	284656	291271
FLASH-seq	single	40	TEC	1408	291271
FLASH-seq	single	40	TranscribedProcessedPseudogene	381	291271
FLASH-seq	single	40	TranscribedUnitaryPseudogene	38	291271
FLASH-seq	single	40	TranscribedUnprocessedPseudogene	124	291271
FLASH-seq	single	40	UnitaryPseudogene	11	291271
FLASH-seq	single	40	UnprocessedPseudogene	20	291271
FLASH-seq	single	40	lncRNA	38195	291271
FLASH-seq	single	40	miRNA	1775	291271
FLASH-seq	single	40	rRNA	343	291271
FLASH-seq	single	40	ribozyme	14	291271
FLASH-seq	single	40	scaRNA	4	291271
FLASH-seq	single	40	snRNA	9	291271
FLASH-seq	single	40	snoRNA	123	291271
FLASH-seq	single	40	tRNA	17	291271
FLASH-seq	single	41	MiscRna	30	285385
FLASH-seq	single	41	MtRrna	23	285385
FLASH-seq	single	41	MtTrna	42	285385
FLASH-seq	single	41	ProcessedPseudogene	1038	285385
FLASH-seq	single	41	ProteinCoding	278410	285385
FLASH-seq	single	41	TEC	871	285385
FLASH-seq	single	41	TrCGene	1	285385
FLASH-seq	single	41	TranscribedProcessedPseudogene	432	285385
FLASH-seq	single	41	TranscribedUnitaryPseudogene	43	285385
FLASH-seq	single	41	TranscribedUnprocessedPseudogene	120	285385
FLASH-seq	single	41	UnitaryPseudogene	21	285385
FLASH-seq	single	41	UnprocessedPseudogene	25	285385
FLASH-seq	single	41	lncRNA	38877	285385
FLASH-seq	single	41	miRNA	543	285385
FLASH-seq	single	41	rRNA	360	285385
FLASH-seq	single	41	ribozyme	14	285385
FLASH-seq	single	41	scaRNA	7	285385
FLASH-seq	single	41	snRNA	8	285385
FLASH-seq	single	41	snoRNA	100	285385
FLASH-seq	single	41	tRNA	18	285385
FLASH-seq	single	42	MiscRna	35	286175
FLASH-seq	single	42	MtRrna	9	286175
FLASH-seq	single	42	MtTrna	52	286175
FLASH-seq	single	42	ProcessedPseudogene	1066	286175
FLASH-seq	single	42	ProteinCoding	279891	286175
FLASH-seq	single	42	TEC	868	286175
FLASH-seq	single	42	TranscribedProcessedPseudogene	427	286175
FLASH-seq	single	42	TranscribedUnitaryPseudogene	35	286175
FLASH-seq	single	42	TranscribedUnprocessedPseudogene	143	286175
FLASH-seq	single	42	UnitaryPseudogene	37	286175
FLASH-seq	single	42	UnprocessedPseudogene	32	286175
FLASH-seq	single	42	lncRNA	37144	286175
FLASH-seq	single	42	miRNA	609	286175
FLASH-seq	single	42	rRNA	285	286175
FLASH-seq	single	42	ribozyme	19	286175
FLASH-seq	single	42	scaRNA	10	286175
FLASH-seq	single	42	snRNA	10	286175
FLASH-seq	single	42	snoRNA	71	286175
FLASH-seq	single	42	tRNA	10	286175
FLASH-seq	single	43	MiscRna	50	304352
FLASH-seq	single	43	MtRrna	22	304352
FLASH-seq	single	43	MtTrna	54	304352
FLASH-seq	single	43	ProcessedPseudogene	1133	304352
FLASH-seq	single	43	ProteinCoding	296802	304352
FLASH-seq	single	43	TEC	915	304352
FLASH-seq	single	43	TranscribedProcessedPseudogene	387	304352
FLASH-seq	single	43	TranscribedUnitaryPseudogene	24	304352
FLASH-seq	single	43	TranscribedUnprocessedPseudogene	144	304352
FLASH-seq	single	43	UnitaryPseudogene	24	304352
FLASH-seq	single	43	UnprocessedPseudogene	23	304352
FLASH-seq	single	43	lncRNA	40009	304352
FLASH-seq	single	43	miRNA	515	304352
FLASH-seq	single	43	rRNA	507	304352
FLASH-seq	single	43	ribozyme	1	304352
FLASH-seq	single	43	scaRNA	5	304352
FLASH-seq	single	43	snRNA	7	304352
FLASH-seq	single	43	snoRNA	93	304352
FLASH-seq	single	43	tRNA	25	304352
FLASH-seq	single	44	MiscRna	25	324258
FLASH-seq	single	44	MtRrna	35	324258
FLASH-seq	single	44	MtTrna	105	324258
FLASH-seq	single	44	ProcessedPseudogene	1138	324258
FLASH-seq	single	44	ProteinCoding	316869	324258
FLASH-seq	single	44	TEC	1225	324258
FLASH-seq	single	44	TranscribedProcessedPseudogene	443	324258
FLASH-seq	single	44	TranscribedUnitaryPseudogene	44	324258
FLASH-seq	single	44	TranscribedUnprocessedPseudogene	181	324258
FLASH-seq	single	44	UnitaryPseudogene	34	324258
FLASH-seq	single	44	UnprocessedPseudogene	34	324258
FLASH-seq	single	44	lncRNA	42753	324258
FLASH-seq	single	44	miRNA	997	324258
FLASH-seq	single	44	rRNA	206	324258
FLASH-seq	single	44	ribozyme	11	324258
FLASH-seq	single	44	scaRNA	2	324258
FLASH-seq	single	44	snRNA	5	324258
FLASH-seq	single	44	snoRNA	122	324258
FLASH-seq	single	44	tRNA	21	324258
FLASH-seq	single	45	IgVGene	2	347323
FLASH-seq	single	45	MiscRna	33	347323
FLASH-seq	single	45	MtRrna	1	347323
FLASH-seq	single	45	MtTrna	55	347323
FLASH-seq	single	45	ProcessedPseudogene	1368	347323
FLASH-seq	single	45	ProteinCoding	339194	347323
FLASH-seq	single	45	TEC	1041	347323
FLASH-seq	single	45	TranscribedProcessedPseudogene	840	347323
FLASH-seq	single	45	TranscribedUnitaryPseudogene	31	347323
FLASH-seq	single	45	TranscribedUnprocessedPseudogene	180	347323
FLASH-seq	single	45	UnitaryPseudogene	15	347323
FLASH-seq	single	45	UnprocessedPseudogene	48	347323
FLASH-seq	single	45	lncRNA	45572	347323
FLASH-seq	single	45	miRNA	1011	347323
FLASH-seq	single	45	rRNA	141	347323
FLASH-seq	single	45	ribozyme	8	347323
FLASH-seq	single	45	scaRNA	6	347323
FLASH-seq	single	45	snRNA	19	347323
FLASH-seq	single	45	snoRNA	182	347323
FLASH-seq	single	45	tRNA	35	347323
FLASH-seq	single	46	IgVGene	1	359642
FLASH-seq	single	46	MiscRna	31	359642
FLASH-seq	single	46	MtRrna	5	359642
FLASH-seq	single	46	MtTrna	55	359642
FLASH-seq	single	46	ProcessedPseudogene	1425	359642
FLASH-seq	single	46	ProteinCoding	349832	359642
FLASH-seq	single	46	TEC	1026	359642
FLASH-seq	single	46	TranscribedProcessedPseudogene	547	359642
FLASH-seq	single	46	TranscribedUnitaryPseudogene	26	359642
FLASH-seq	single	46	TranscribedUnprocessedPseudogene	163	359642
FLASH-seq	single	46	UnitaryPseudogene	22	359642
FLASH-seq	single	46	UnprocessedPseudogene	51	359642
FLASH-seq	single	46	lncRNA	50056	359642
FLASH-seq	single	46	miRNA	1037	359642
FLASH-seq	single	46	rRNA	84	359642
FLASH-seq	single	46	ribozyme	28	359642
FLASH-seq	single	46	scaRNA	14	359642
FLASH-seq	single	46	snRNA	13	359642
FLASH-seq	single	46	snoRNA	192	359642
FLASH-seq	single	46	tRNA	36	359642
FLASH-seq	single	47	MiscRna	56	367782
FLASH-seq	single	47	MtRrna	1	367782
FLASH-seq	single	47	MtTrna	74	367782
FLASH-seq	single	47	ProcessedPseudogene	1528	367782
FLASH-seq	single	47	ProteinCoding	356748	367782
FLASH-seq	single	47	TEC	1101	367782
FLASH-seq	single	47	TranscribedProcessedPseudogene	746	367782
FLASH-seq	single	47	TranscribedUnitaryPseudogene	42	367782
FLASH-seq	single	47	TranscribedUnprocessedPseudogene	189	367782
FLASH-seq	single	47	UnitaryPseudogene	31	367782
FLASH-seq	single	47	UnprocessedPseudogene	49	367782
FLASH-seq	single	47	lncRNA	52451	367782
FLASH-seq	single	47	miRNA	679	367782
FLASH-seq	single	47	rRNA	78	367782
FLASH-seq	single	47	ribozyme	15	367782
FLASH-seq	single	47	scaRNA	6	367782
FLASH-seq	single	47	snRNA	13	367782
FLASH-seq	single	47	snoRNA	156	367782
FLASH-seq	single	47	tRNA	12	367782
FLASH-seq	single	48	MiscRna	45	374982
FLASH-seq	single	48	MtRrna	9	374982
FLASH-seq	single	48	MtTrna	64	374982
FLASH-seq	single	48	ProcessedPseudogene	1473	374982
FLASH-seq	single	48	ProteinCoding	366595	374982
FLASH-seq	single	48	TEC	1106	374982
FLASH-seq	single	48	TranscribedProcessedPseudogene	533	374982
FLASH-seq	single	48	TranscribedUnitaryPseudogene	30	374982
FLASH-seq	single	48	TranscribedUnprocessedPseudogene	165	374982
FLASH-seq	single	48	UnitaryPseudogene	28	374982
FLASH-seq	single	48	UnprocessedPseudogene	115	374982
FLASH-seq	single	48	lncRNA	49502	374982
FLASH-seq	single	48	miRNA	758	374982
FLASH-seq	single	48	rRNA	220	374982
FLASH-seq	single	48	ribozyme	8	374982
FLASH-seq	single	48	sRNA	3	374982
FLASH-seq	single	48	scaRNA	17	374982
FLASH-seq	single	48	snRNA	9	374982
FLASH-seq	single	48	snoRNA	139	374982
FLASH-seq	single	48	tRNA	25	374982
FLASH-seq	single	49	MiscRna	27	381031
FLASH-seq	single	49	MtRrna	9	381031
FLASH-seq	single	49	MtTrna	77	381031
FLASH-seq	single	49	ProcessedPseudogene	1769	381031
FLASH-seq	single	49	ProteinCoding	372100	381031
FLASH-seq	single	49	TEC	1915	381031
FLASH-seq	single	49	TrCGene	1	381031
FLASH-seq	single	49	TranscribedProcessedPseudogene	577	381031
FLASH-seq	single	49	TranscribedUnitaryPseudogene	43	381031
FLASH-seq	single	49	TranscribedUnprocessedPseudogene	189	381031
FLASH-seq	single	49	UnitaryPseudogene	85	381031
FLASH-seq	single	49	UnprocessedPseudogene	38	381031
FLASH-seq	single	49	lncRNA	51700	381031
FLASH-seq	single	49	miRNA	1172	381031
FLASH-seq	single	49	rRNA	249	381031
FLASH-seq	single	49	ribozyme	10	381031
FLASH-seq	single	49	sRNA	5	381031
FLASH-seq	single	49	scaRNA	4	381031
FLASH-seq	single	49	snRNA	4	381031
FLASH-seq	single	49	snoRNA	181	381031
FLASH-seq	single	49	tRNA	39	381031
FLASH-seq	single	50	MiscRna	60	378950
FLASH-seq	single	50	MtRrna	1	378950
FLASH-seq	single	50	MtTrna	106	378950
FLASH-seq	single	50	ProcessedPseudogene	1479	378950
FLASH-seq	single	50	ProteinCoding	370426	378950
FLASH-seq	single	50	TEC	1189	378950
FLASH-seq	single	50	TranscribedProcessedPseudogene	598	378950
FLASH-seq	single	50	TranscribedUnitaryPseudogene	29	378950
FLASH-seq	single	50	TranscribedUnprocessedPseudogene	216	378950
FLASH-seq	single	50	UnitaryPseudogene	59	378950
FLASH-seq	single	50	UnprocessedPseudogene	45	378950
FLASH-seq	single	50	lncRNA	49981	378950
FLASH-seq	single	50	miRNA	1108	378950
FLASH-seq	single	50	rRNA	99	378950
FLASH-seq	single	50	ribozyme	29	378950
FLASH-seq	single	50	scaRNA	7	378950
FLASH-seq	single	50	snRNA	11	378950
FLASH-seq	single	50	snoRNA	159	378950
FLASH-seq	single	50	tRNA	24	378950
FLASH-seq	single	51	IgVGene	1	371923
FLASH-seq	single	51	MiscRna	25	371923
FLASH-seq	single	51	MtRrna	4	371923
FLASH-seq	single	51	MtTrna	99	371923
FLASH-seq	single	51	ProcessedPseudogene	1557	371923
FLASH-seq	single	51	ProteinCoding	363471	371923
FLASH-seq	single	51	TEC	1192	371923
FLASH-seq	single	51	TrVGene	1	371923
FLASH-seq	single	51	TranscribedProcessedPseudogene	479	371923
FLASH-seq	single	51	TranscribedUnitaryPseudogene	44	371923
FLASH-seq	single	51	TranscribedUnprocessedPseudogene	175	371923
FLASH-seq	single	51	UnitaryPseudogene	53	371923
FLASH-seq	single	51	UnprocessedPseudogene	39	371923
FLASH-seq	single	51	lncRNA	50036	371923
FLASH-seq	single	51	miRNA	1313	371923
FLASH-seq	single	51	rRNA	73	371923
FLASH-seq	single	51	ribozyme	5	371923
FLASH-seq	single	51	sRNA	4	371923
FLASH-seq	single	51	scaRNA	7	371923
FLASH-seq	single	51	snRNA	17	371923
FLASH-seq	single	51	snoRNA	207	371923
FLASH-seq	single	51	tRNA	10	371923
FLASH-seq	single	52	IgVGene	1	360958
FLASH-seq	single	52	MiscRna	32	360958
FLASH-seq	single	52	MtRrna	2	360958
FLASH-seq	single	52	MtTrna	51	360958
FLASH-seq	single	52	ProcessedPseudogene	1543	360958
FLASH-seq	single	52	ProteinCoding	352752	360958
FLASH-seq	single	52	TEC	1143	360958
FLASH-seq	single	52	TranscribedProcessedPseudogene	667	360958
FLASH-seq	single	52	TranscribedUnitaryPseudogene	48	360958
FLASH-seq	single	52	TranscribedUnprocessedPseudogene	182	360958
FLASH-seq	single	52	UnitaryPseudogene	50	360958
FLASH-seq	single	52	UnprocessedPseudogene	27	360958
FLASH-seq	single	52	lncRNA	48766	360958
FLASH-seq	single	52	miRNA	1100	360958
FLASH-seq	single	52	rRNA	74	360958
FLASH-seq	single	52	ribozyme	15	360958
FLASH-seq	single	52	scaRNA	13	360958
FLASH-seq	single	52	snRNA	9	360958
FLASH-seq	single	52	snoRNA	151	360958
FLASH-seq	single	52	tRNA	9	360958
FLASH-seq	single	53	IgCGene	1	366441
FLASH-seq	single	53	IgVGene	2	366441
FLASH-seq	single	53	MiscRna	54	366441
FLASH-seq	single	53	MtRrna	6	366441
FLASH-seq	single	53	MtTrna	73	366441
FLASH-seq	single	53	ProcessedPseudogene	1826	366441
FLASH-seq	single	53	ProteinCoding	357255	366441
FLASH-seq	single	53	TEC	1081	366441
FLASH-seq	single	53	TranscribedProcessedPseudogene	719	366441
FLASH-seq	single	53	TranscribedUnitaryPseudogene	64	366441
FLASH-seq	single	53	TranscribedUnprocessedPseudogene	183	366441
FLASH-seq	single	53	UnitaryPseudogene	99	366441
FLASH-seq	single	53	UnprocessedPseudogene	36	366441
FLASH-seq	single	53	lncRNA	50266	366441
FLASH-seq	single	53	miRNA	764	366441
FLASH-seq	single	53	rRNA	115	366441
FLASH-seq	single	53	ribozyme	4	366441
FLASH-seq	single	53	scaRNA	12	366441
FLASH-seq	single	53	snRNA	16	366441
FLASH-seq	single	53	snoRNA	128	366441
FLASH-seq	single	53	tRNA	28	366441
FLASH-seq	single	54	MiscRna	23	380080
FLASH-seq	single	54	MtRrna	2	380080
FLASH-seq	single	54	MtTrna	51	380080
FLASH-seq	single	54	ProcessedPseudogene	1681	380080
FLASH-seq	single	54	ProteinCoding	371019	380080
FLASH-seq	single	54	TEC	1076	380080
FLASH-seq	single	54	TrVGene	3	380080
FLASH-seq	single	54	TranscribedProcessedPseudogene	776	380080
FLASH-seq	single	54	TranscribedUnitaryPseudogene	48	380080
FLASH-seq	single	54	TranscribedUnprocessedPseudogene	186	380080
FLASH-seq	single	54	UnitaryPseudogene	57	380080
FLASH-seq	single	54	UnprocessedPseudogene	33	380080
FLASH-seq	single	54	lncRNA	51407	380080
FLASH-seq	single	54	miRNA	1201	380080
FLASH-seq	single	54	rRNA	157	380080
FLASH-seq	single	54	ribozyme	14	380080
FLASH-seq	single	54	scaRNA	4	380080
FLASH-seq	single	54	snRNA	12	380080
FLASH-seq	single	54	snoRNA	148	380080
FLASH-seq	single	54	tRNA	22	380080
FLASH-seq	single	55	IgVGene	1	392588
FLASH-seq	single	55	MiscRna	52	392588
FLASH-seq	single	55	MtRrna	7	392588
FLASH-seq	single	55	MtTrna	79	392588
FLASH-seq	single	55	ProcessedPseudogene	1734	392588
FLASH-seq	single	55	ProteinCoding	382810	392588
FLASH-seq	single	55	TEC	1411	392588
FLASH-seq	single	55	TranscribedProcessedPseudogene	754	392588
FLASH-seq	single	55	TranscribedUnitaryPseudogene	44	392588
FLASH-seq	single	55	TranscribedUnprocessedPseudogene	187	392588
FLASH-seq	single	55	TranslatedUnprocessedPseudogene	1	392588
FLASH-seq	single	55	UnitaryPseudogene	75	392588
FLASH-seq	single	55	UnprocessedPseudogene	46	392588
FLASH-seq	single	55	lncRNA	54011	392588
FLASH-seq	single	55	miRNA	960	392588
FLASH-seq	single	55	rRNA	118	392588
FLASH-seq	single	55	ribozyme	15	392588
FLASH-seq	single	55	scaRNA	6	392588
FLASH-seq	single	55	snRNA	15	392588
FLASH-seq	single	55	snoRNA	171	392588
FLASH-seq	single	55	tRNA	23	392588
FLASH-seq	single	56	IgVGene	1	409806
FLASH-seq	single	56	MiscRna	38	409806
FLASH-seq	single	56	MtRrna	3	409806
FLASH-seq	single	56	MtTrna	108	409806
FLASH-seq	single	56	ProcessedPseudogene	1604	409806
FLASH-seq	single	56	ProteinCoding	399784	409806
FLASH-seq	single	56	TEC	1189	409806
FLASH-seq	single	56	TranscribedProcessedPseudogene	1162	409806
FLASH-seq	single	56	TranscribedUnitaryPseudogene	35	409806
FLASH-seq	single	56	TranscribedUnprocessedPseudogene	219	409806
FLASH-seq	single	56	UnitaryPseudogene	26	409806
FLASH-seq	single	56	UnprocessedPseudogene	33	409806
FLASH-seq	single	56	lncRNA	57160	409806
FLASH-seq	single	56	miRNA	1605	409806
FLASH-seq	single	56	rRNA	62	409806
FLASH-seq	single	56	ribozyme	21	409806
FLASH-seq	single	56	scaRNA	3	409806
FLASH-seq	single	56	snRNA	12	409806
FLASH-seq	single	56	snoRNA	220	409806
FLASH-seq	single	56	tRNA	19	409806
FLASH-seq	single	57	MiscRna	33	422355
FLASH-seq	single	57	MtRrna	10	422355
FLASH-seq	single	57	MtTrna	114	422355
FLASH-seq	single	57	ProcessedPseudogene	2193	422355
FLASH-seq	single	57	ProteinCoding	411983	422355
FLASH-seq	single	57	TEC	1434	422355
FLASH-seq	single	57	TranscribedProcessedPseudogene	686	422355
FLASH-seq	single	57	TranscribedUnitaryPseudogene	46	422355
FLASH-seq	single	57	TranscribedUnprocessedPseudogene	258	422355
FLASH-seq	single	57	UnitaryPseudogene	67	422355
FLASH-seq	single	57	UnprocessedPseudogene	43	422355
FLASH-seq	single	57	lncRNA	58626	422355
FLASH-seq	single	57	miRNA	976	422355
FLASH-seq	single	57	rRNA	150	422355
FLASH-seq	single	57	ribozyme	10	422355
FLASH-seq	single	57	scaRNA	7	422355
FLASH-seq	single	57	snRNA	15	422355
FLASH-seq	single	57	snoRNA	212	422355
FLASH-seq	single	57	tRNA	21	422355
FLASH-seq	single	58	MiscRna	71	430772
FLASH-seq	single	58	MtRrna	1	430772
FLASH-seq	single	58	MtTrna	145	430772
FLASH-seq	single	58	ProcessedPseudogene	1849	430772
FLASH-seq	single	58	ProteinCoding	421103	430772
FLASH-seq	single	58	TEC	1340	430772
FLASH-seq	single	58	TranscribedProcessedPseudogene	841	430772
FLASH-seq	single	58	TranscribedUnitaryPseudogene	55	430772
FLASH-seq	single	58	TranscribedUnprocessedPseudogene	212	430772
FLASH-seq	single	58	UnitaryPseudogene	37	430772
FLASH-seq	single	58	UnprocessedPseudogene	36	430772
FLASH-seq	single	58	lncRNA	57897	430772
FLASH-seq	single	58	miRNA	1188	430772
FLASH-seq	single	58	rRNA	145	430772
FLASH-seq	single	58	ribozyme	11	430772
FLASH-seq	single	58	scaRNA	10	430772
FLASH-seq	single	58	snRNA	15	430772
FLASH-seq	single	58	snoRNA	220	430772
FLASH-seq	single	58	tRNA	35	430772
FLASH-seq	single	59	IgVGene	1	434484
FLASH-seq	single	59	MiscRna	43	434484
FLASH-seq	single	59	MtRrna	12	434484
FLASH-seq	single	59	MtTrna	140	434484
FLASH-seq	single	59	ProcessedPseudogene	2013	434484
FLASH-seq	single	59	ProteinCoding	424442	434484
FLASH-seq	single	59	TEC	1190	434484
FLASH-seq	single	59	TranscribedProcessedPseudogene	766	434484
FLASH-seq	single	59	TranscribedUnitaryPseudogene	52	434484
FLASH-seq	single	59	TranscribedUnprocessedPseudogene	198	434484
FLASH-seq	single	59	UnitaryPseudogene	30	434484
FLASH-seq	single	59	UnprocessedPseudogene	36	434484
FLASH-seq	single	59	lncRNA	59986	434484
FLASH-seq	single	59	miRNA	1798	434484
FLASH-seq	single	59	rRNA	105	434484
FLASH-seq	single	59	ribozyme	13	434484
FLASH-seq	single	59	scaRNA	3	434484
FLASH-seq	single	59	snRNA	11	434484
FLASH-seq	single	59	snoRNA	200	434484
FLASH-seq	single	59	tRNA	25	434484
FLASH-seq	single	60	MiscRna	61	440317
FLASH-seq	single	60	MtRrna	14	440317
FLASH-seq	single	60	MtTrna	75	440317
FLASH-seq	single	60	ProcessedPseudogene	2283	440317
FLASH-seq	single	60	ProteinCoding	429646	440317
FLASH-seq	single	60	TEC	1399	440317
FLASH-seq	single	60	TranscribedProcessedPseudogene	867	440317
FLASH-seq	single	60	TranscribedUnitaryPseudogene	65	440317
FLASH-seq	single	60	TranscribedUnprocessedPseudogene	247	440317
FLASH-seq	single	60	UnitaryPseudogene	73	440317
FLASH-seq	single	60	UnprocessedPseudogene	41	440317
FLASH-seq	single	60	lncRNA	61013	440317
FLASH-seq	single	60	miRNA	1200	440317
FLASH-seq	single	60	rRNA	75	440317
FLASH-seq	single	60	ribozyme	9	440317
FLASH-seq	single	60	scaRNA	2	440317
FLASH-seq	single	60	snRNA	17	440317
FLASH-seq	single	60	snoRNA	179	440317
FLASH-seq	single	60	tRNA	30	440317
FLASH-seq	single	61	MiscRna	72	433708
FLASH-seq	single	61	MtRrna	14	433708
FLASH-seq	single	61	MtTrna	102	433708
FLASH-seq	single	61	ProcessedPseudogene	2090	433708
FLASH-seq	single	61	ProteinCoding	423622	433708
FLASH-seq	single	61	TEC	1256	433708
FLASH-seq	single	61	TranscribedProcessedPseudogene	895	433708
FLASH-seq	single	61	TranscribedUnitaryPseudogene	54	433708
FLASH-seq	single	61	TranscribedUnprocessedPseudogene	257	433708
FLASH-seq	single	61	UnitaryPseudogene	136	433708
FLASH-seq	single	61	UnprocessedPseudogene	27	433708
FLASH-seq	single	61	lncRNA	60393	433708
FLASH-seq	single	61	miRNA	1473	433708
FLASH-seq	single	61	rRNA	89	433708
FLASH-seq	single	61	ribozyme	25	433708
FLASH-seq	single	61	scaRNA	10	433708
FLASH-seq	single	61	snRNA	17	433708
FLASH-seq	single	61	snoRNA	187	433708
FLASH-seq	single	61	tRNA	16	433708
FLASH-seq	single	62	IgVGene	1	421599
FLASH-seq	single	62	MiscRna	63	421599
FLASH-seq	single	62	MtRrna	4	421599
FLASH-seq	single	62	MtTrna	101	421599
FLASH-seq	single	62	ProcessedPseudogene	2053	421599
FLASH-seq	single	62	ProteinCoding	411643	421599
FLASH-seq	single	62	TEC	1401	421599
FLASH-seq	single	62	TranscribedProcessedPseudogene	897	421599
FLASH-seq	single	62	TranscribedUnitaryPseudogene	42	421599
FLASH-seq	single	62	TranscribedUnprocessedPseudogene	255	421599
FLASH-seq	single	62	UnitaryPseudogene	113	421599
FLASH-seq	single	62	UnprocessedPseudogene	27	421599
FLASH-seq	single	62	lncRNA	59202	421599
FLASH-seq	single	62	miRNA	1308	421599
FLASH-seq	single	62	rRNA	37	421599
FLASH-seq	single	62	ribozyme	16	421599
FLASH-seq	single	62	scaRNA	10	421599
FLASH-seq	single	62	snRNA	10	421599
FLASH-seq	single	62	snoRNA	194	421599
FLASH-seq	single	62	tRNA	25	421599
FLASH-seq	single	63	IgVGene	2	423257
FLASH-seq	single	63	MiscRna	50	423257
FLASH-seq	single	63	MtRrna	10	423257
FLASH-seq	single	63	MtTrna	115	423257
FLASH-seq	single	63	ProcessedPseudogene	1841	423257
FLASH-seq	single	63	ProteinCoding	413655	423257
FLASH-seq	single	63	TEC	1492	423257
FLASH-seq	single	63	TrCGene	1	423257
FLASH-seq	single	63	TranscribedProcessedPseudogene	941	423257
FLASH-seq	single	63	TranscribedUnitaryPseudogene	75	423257
FLASH-seq	single	63	TranscribedUnprocessedPseudogene	221	423257
FLASH-seq	single	63	UnitaryPseudogene	111	423257
FLASH-seq	single	63	UnprocessedPseudogene	38	423257
FLASH-seq	single	63	lncRNA	58077	423257
FLASH-seq	single	63	miRNA	1387	423257
FLASH-seq	single	63	rRNA	34	423257
FLASH-seq	single	63	ribozyme	16	423257
FLASH-seq	single	63	scaRNA	7	423257
FLASH-seq	single	63	snRNA	21	423257
FLASH-seq	single	63	snoRNA	181	423257
FLASH-seq	single	63	tRNA	19	423257
FLASH-seq	single	64	IgVGene	6	448741
FLASH-seq	single	64	MiscRna	31	448741
FLASH-seq	single	64	MtTrna	143	448741
FLASH-seq	single	64	ProcessedPseudogene	1836	448741
FLASH-seq	single	64	ProteinCoding	439223	448741
FLASH-seq	single	64	TEC	1538	448741
FLASH-seq	single	64	TranscribedProcessedPseudogene	626	448741
FLASH-seq	single	64	TranscribedUnitaryPseudogene	62	448741
FLASH-seq	single	64	TranscribedUnprocessedPseudogene	249	448741
FLASH-seq	single	64	UnitaryPseudogene	75	448741
FLASH-seq	single	64	UnprocessedPseudogene	41	448741
FLASH-seq	single	64	lncRNA	60401	448741
FLASH-seq	single	64	miRNA	1446	448741
FLASH-seq	single	64	rRNA	72	448741
FLASH-seq	single	64	ribozyme	7	448741
FLASH-seq	single	64	scaRNA	7	448741
FLASH-seq	single	64	snRNA	11	448741
FLASH-seq	single	64	snoRNA	189	448741
FLASH-seq	single	64	tRNA	17	448741
FLASH-seq	single	65	IgVGene	2	461686
FLASH-seq	single	65	MiscRna	53	461686
FLASH-seq	single	65	MtRrna	7	461686
FLASH-seq	single	65	MtTrna	170	461686
FLASH-seq	single	65	ProcessedPseudogene	1680	461686
FLASH-seq	single	65	ProteinCoding	451870	461686
FLASH-seq	single	65	TEC	1728	461686
FLASH-seq	single	65	TranscribedProcessedPseudogene	820	461686
FLASH-seq	single	65	TranscribedUnitaryPseudogene	49	461686
FLASH-seq	single	65	TranscribedUnprocessedPseudogene	223	461686
FLASH-seq	single	65	UnitaryPseudogene	60	461686
FLASH-seq	single	65	UnprocessedPseudogene	41	461686
FLASH-seq	single	65	lncRNA	61869	461686
FLASH-seq	single	65	miRNA	1427	461686
FLASH-seq	single	65	rRNA	39	461686
FLASH-seq	single	65	ribozyme	16	461686
FLASH-seq	single	65	scaRNA	6	461686
FLASH-seq	single	65	snRNA	12	461686
FLASH-seq	single	65	snoRNA	187	461686
FLASH-seq	single	65	tRNA	34	461686
FLASH-seq	single	66	IgVGene	1	481281
FLASH-seq	single	66	MiscRna	67	481281
FLASH-seq	single	66	MtRrna	4	481281
FLASH-seq	single	66	MtTrna	206	481281
FLASH-seq	single	66	ProcessedPseudogene	2080	481281
FLASH-seq	single	66	ProteinCoding	471149	481281
FLASH-seq	single	66	TEC	1891	481281
FLASH-seq	single	66	TranscribedProcessedPseudogene	815	481281
FLASH-seq	single	66	TranscribedUnitaryPseudogene	82	481281
FLASH-seq	single	66	TranscribedUnprocessedPseudogene	219	481281
FLASH-seq	single	66	UnitaryPseudogene	83	481281
FLASH-seq	single	66	UnprocessedPseudogene	29	481281
FLASH-seq	single	66	lncRNA	64186	481281
FLASH-seq	single	66	miRNA	1621	481281
FLASH-seq	single	66	rRNA	132	481281
FLASH-seq	single	66	ribozyme	22	481281
FLASH-seq	single	66	scaRNA	6	481281
FLASH-seq	single	66	snRNA	33	481281
FLASH-seq	single	66	snoRNA	230	481281
FLASH-seq	single	66	tRNA	50	481281
FLASH-seq	single	67	MiscRna	39	491643
FLASH-seq	single	67	MtRrna	7	491643
FLASH-seq	single	67	MtTrna	195	491643
FLASH-seq	single	67	ProcessedPseudogene	2103	491643
FLASH-seq	single	67	ProteinCoding	481115	491643
FLASH-seq	single	67	TEC	2063	491643
FLASH-seq	single	67	TranscribedProcessedPseudogene	726	491643
FLASH-seq	single	67	TranscribedUnitaryPseudogene	79	491643
FLASH-seq	single	67	TranscribedUnprocessedPseudogene	255	491643
FLASH-seq	single	67	UnitaryPseudogene	50	491643
FLASH-seq	single	67	UnprocessedPseudogene	51	491643
FLASH-seq	single	67	lncRNA	67990	491643
FLASH-seq	single	67	miRNA	1622	491643
FLASH-seq	single	67	rRNA	23	491643
FLASH-seq	single	67	ribozyme	14	491643
FLASH-seq	single	67	sRNA	3	491643
FLASH-seq	single	67	scaRNA	6	491643
FLASH-seq	single	67	snRNA	25	491643
FLASH-seq	single	67	snoRNA	272	491643
FLASH-seq	single	67	tRNA	39	491643
FLASH-seq	single	68	MiscRna	49	502953
FLASH-seq	single	68	MtRrna	8	502953
FLASH-seq	single	68	MtTrna	167	502953
FLASH-seq	single	68	ProcessedPseudogene	2091	502953
FLASH-seq	single	68	ProteinCoding	492403	502953
FLASH-seq	single	68	TEC	1982	502953
FLASH-seq	single	68	TranscribedProcessedPseudogene	933	502953
FLASH-seq	single	68	TranscribedUnitaryPseudogene	64	502953
FLASH-seq	single	68	TranscribedUnprocessedPseudogene	258	502953
FLASH-seq	single	68	UnitaryPseudogene	56	502953
FLASH-seq	single	68	UnprocessedPseudogene	40	502953
FLASH-seq	single	68	lncRNA	67616	502953
FLASH-seq	single	68	miRNA	1564	502953
FLASH-seq	single	68	rRNA	18	502953
FLASH-seq	single	68	ribozyme	15	502953
FLASH-seq	single	68	scaRNA	12	502953
FLASH-seq	single	68	snRNA	15	502953
FLASH-seq	single	68	snoRNA	216	502953
FLASH-seq	single	68	tRNA	26	502953
FLASH-seq	single	69	IgVGene	1	509985
FLASH-seq	single	69	MiscRna	35	509985
FLASH-seq	single	69	MtRrna	13	509985
FLASH-seq	single	69	MtTrna	142	509985
FLASH-seq	single	69	ProcessedPseudogene	2078	509985
FLASH-seq	single	69	ProteinCoding	498594	509985
FLASH-seq	single	69	TEC	1808	509985
FLASH-seq	single	69	TranscribedProcessedPseudogene	1524	509985
FLASH-seq	single	69	TranscribedUnitaryPseudogene	57	509985
FLASH-seq	single	69	TranscribedUnprocessedPseudogene	301	509985
FLASH-seq	single	69	UnitaryPseudogene	51	509985
FLASH-seq	single	69	UnprocessedPseudogene	48	509985
FLASH-seq	single	69	lncRNA	71419	509985
FLASH-seq	single	69	miRNA	1494	509985
FLASH-seq	single	69	rRNA	31	509985
FLASH-seq	single	69	ribozyme	32	509985
FLASH-seq	single	69	scaRNA	6	509985
FLASH-seq	single	69	snRNA	13	509985
FLASH-seq	single	69	snoRNA	216	509985
FLASH-seq	single	69	tRNA	26	509985
FLASH-seq	single	70	IgCGene	1	518478
FLASH-seq	single	70	MiscRna	57	518478
FLASH-seq	single	70	MtRrna	6	518478
FLASH-seq	single	70	MtTrna	153	518478
FLASH-seq	single	70	ProcessedPseudogene	2231	518478
FLASH-seq	single	70	ProteinCoding	507635	518478
FLASH-seq	single	70	TEC	1759	518478
FLASH-seq	single	70	TrVGene	1	518478
FLASH-seq	single	70	TranscribedProcessedPseudogene	919	518478
FLASH-seq	single	70	TranscribedUnitaryPseudogene	69	518478
FLASH-seq	single	70	TranscribedUnprocessedPseudogene	275	518478
FLASH-seq	single	70	UnitaryPseudogene	25	518478
FLASH-seq	single	70	UnprocessedPseudogene	60	518478
FLASH-seq	single	70	lncRNA	69490	518478
FLASH-seq	single	70	miRNA	3889	518478
FLASH-seq	single	70	rRNA	5	518478
FLASH-seq	single	70	ribozyme	19	518478
FLASH-seq	single	70	scaRNA	15	518478
FLASH-seq	single	70	snRNA	9	518478
FLASH-seq	single	70	snoRNA	194	518478
FLASH-seq	single	70	tRNA	31	518478
FLASH-seq	single	71	MiscRna	57	516392
FLASH-seq	single	71	MtRrna	3	516392
FLASH-seq	single	71	MtTrna	137	516392
FLASH-seq	single	71	ProcessedPseudogene	2023	516392
FLASH-seq	single	71	ProteinCoding	506148	516392
FLASH-seq	single	71	TEC	1463	516392
FLASH-seq	single	71	TranscribedProcessedPseudogene	1044	516392
FLASH-seq	single	71	TranscribedUnitaryPseudogene	54	516392
FLASH-seq	single	71	TranscribedUnprocessedPseudogene	252	516392
FLASH-seq	single	71	UnitaryPseudogene	41	516392
FLASH-seq	single	71	UnprocessedPseudogene	38	516392
FLASH-seq	single	71	lncRNA	70180	516392
FLASH-seq	single	71	miRNA	1785	516392
FLASH-seq	single	71	rRNA	32	516392
FLASH-seq	single	71	ribozyme	10	516392
FLASH-seq	single	71	scaRNA	4	516392
FLASH-seq	single	71	snRNA	25	516392
FLASH-seq	single	71	snoRNA	201	516392
FLASH-seq	single	71	tRNA	28	516392
FLASH-seq	single	72	MiscRna	50	505568
FLASH-seq	single	72	MtRrna	9	505568
FLASH-seq	single	72	MtTrna	144	505568
FLASH-seq	single	72	ProcessedPseudogene	2462	505568
FLASH-seq	single	72	ProteinCoding	494358	505568
FLASH-seq	single	72	TEC	1915	505568
FLASH-seq	single	72	TranscribedProcessedPseudogene	811	505568
FLASH-seq	single	72	TranscribedUnitaryPseudogene	38	505568
FLASH-seq	single	72	TranscribedUnprocessedPseudogene	348	505568
FLASH-seq	single	72	UnitaryPseudogene	38	505568
FLASH-seq	single	72	UnprocessedPseudogene	38	505568
FLASH-seq	single	72	lncRNA	69675	505568
FLASH-seq	single	72	miRNA	1602	505568
FLASH-seq	single	72	rRNA	33	505568
FLASH-seq	single	72	ribozyme	12	505568
FLASH-seq	single	72	scaRNA	19	505568
FLASH-seq	single	72	snRNA	29	505568
FLASH-seq	single	72	snoRNA	193	505568
FLASH-seq	single	72	tRNA	55	505568
FLASH-seq	single	73	IgVGene	2	501768
FLASH-seq	single	73	MiscRna	52	501768
FLASH-seq	single	73	MtRrna	2	501768
FLASH-seq	single	73	MtTrna	138	501768
FLASH-seq	single	73	ProcessedPseudogene	1952	501768
FLASH-seq	single	73	ProteinCoding	491447	501768
FLASH-seq	single	73	TEC	1794	501768
FLASH-seq	single	73	TranscribedProcessedPseudogene	1057	501768
FLASH-seq	single	73	TranscribedUnitaryPseudogene	28	501768
FLASH-seq	single	73	TranscribedUnprocessedPseudogene	226	501768
FLASH-seq	single	73	UnitaryPseudogene	40	501768
FLASH-seq	single	73	UnprocessedPseudogene	36	501768
FLASH-seq	single	73	lncRNA	68506	501768
FLASH-seq	single	73	miRNA	2061	501768
FLASH-seq	single	73	rRNA	23	501768
FLASH-seq	single	73	ribozyme	16	501768
FLASH-seq	single	73	scaRNA	7	501768
FLASH-seq	single	73	snRNA	22	501768
FLASH-seq	single	73	snoRNA	251	501768
FLASH-seq	single	73	tRNA	29	501768
FLASH-seq	single	74	MiscRna	60	492671
FLASH-seq	single	74	MtRrna	2	492671
FLASH-seq	single	74	MtTrna	132	492671
FLASH-seq	single	74	ProcessedPseudogene	2111	492671
FLASH-seq	single	74	ProteinCoding	482690	492671
FLASH-seq	single	74	TEC	1881	492671
FLASH-seq	single	74	TranscribedProcessedPseudogene	834	492671
FLASH-seq	single	74	TranscribedUnitaryPseudogene	70	492671
FLASH-seq	single	74	TranscribedUnprocessedPseudogene	268	492671
FLASH-seq	single	74	UnitaryPseudogene	18	492671
FLASH-seq	single	74	UnprocessedPseudogene	49	492671
FLASH-seq	single	74	lncRNA	68287	492671
FLASH-seq	single	74	miRNA	1583	492671
FLASH-seq	single	74	rRNA	47	492671
FLASH-seq	single	74	ribozyme	9	492671
FLASH-seq	single	74	scaRNA	2	492671
FLASH-seq	single	74	snRNA	19	492671
FLASH-seq	single	74	snoRNA	173	492671
FLASH-seq	single	74	tRNA	33	492671
FLASH-seq	single	75	MiscRna	37	498722
FLASH-seq	single	75	MtRrna	7	498722
FLASH-seq	single	75	MtTrna	146	498722
FLASH-seq	single	75	ProcessedPseudogene	2224	498722
FLASH-seq	single	75	ProteinCoding	487917	498722
FLASH-seq	single	75	TEC	2355	498722
FLASH-seq	single	75	TranscribedProcessedPseudogene	827	498722
FLASH-seq	single	75	TranscribedUnitaryPseudogene	80	498722
FLASH-seq	single	75	TranscribedUnprocessedPseudogene	300	498722
FLASH-seq	single	75	UnitaryPseudogene	28	498722
FLASH-seq	single	75	UnprocessedPseudogene	64	498722
FLASH-seq	single	75	lncRNA	68906	498722
FLASH-seq	single	75	miRNA	2066	498722
FLASH-seq	single	75	rRNA	4	498722
FLASH-seq	single	75	ribozyme	20	498722
FLASH-seq	single	75	scaRNA	4	498722
FLASH-seq	single	75	snRNA	27	498722
FLASH-seq	single	75	snoRNA	261	498722
FLASH-seq	single	75	tRNA	28	498722
FLASH-seq	single	76	MiscRna	63	507334
FLASH-seq	single	76	MtRrna	3	507334
FLASH-seq	single	76	MtTrna	155	507334
FLASH-seq	single	76	ProcessedPseudogene	2116	507334
FLASH-seq	single	76	ProteinCoding	497197	507334
FLASH-seq	single	76	TEC	1685	507334
FLASH-seq	single	76	TranscribedProcessedPseudogene	1328	507334
FLASH-seq	single	76	TranscribedUnitaryPseudogene	73	507334
FLASH-seq	single	76	TranscribedUnprocessedPseudogene	272	507334
FLASH-seq	single	76	UnitaryPseudogene	34	507334
FLASH-seq	single	76	UnprocessedPseudogene	33	507334
FLASH-seq	single	76	lncRNA	69293	507334
FLASH-seq	single	76	miRNA	1996	507334
FLASH-seq	single	76	rRNA	4	507334
FLASH-seq	single	76	ribozyme	8	507334
FLASH-seq	single	76	sRNA	4	507334
FLASH-seq	single	76	scaRNA	2	507334
FLASH-seq	single	76	snRNA	19	507334
FLASH-seq	single	76	snoRNA	194	507334
FLASH-seq	single	76	tRNA	20	507334
FLASH-seq	single	77	MiscRna	61	523782
FLASH-seq	single	77	MtRrna	13	523782
FLASH-seq	single	77	MtTrna	219	523782
FLASH-seq	single	77	ProcessedPseudogene	2083	523782
FLASH-seq	single	77	ProteinCoding	512588	523782
FLASH-seq	single	77	TEC	1861	523782
FLASH-seq	single	77	TranscribedProcessedPseudogene	847	523782
FLASH-seq	single	77	TranscribedUnitaryPseudogene	81	523782
FLASH-seq	single	77	TranscribedUnprocessedPseudogene	289	523782
FLASH-seq	single	77	UnitaryPseudogene	29	523782
FLASH-seq	single	77	UnprocessedPseudogene	65	523782
FLASH-seq	single	77	lncRNA	73754	523782
FLASH-seq	single	77	miRNA	1864	523782
FLASH-seq	single	77	rRNA	1	523782
FLASH-seq	single	77	ribozyme	9	523782
FLASH-seq	single	77	scaRNA	8	523782
FLASH-seq	single	77	snRNA	22	523782
FLASH-seq	single	77	snoRNA	287	523782
FLASH-seq	single	77	tRNA	34	523782
FLASH-seq	single	78	MiscRna	53	543274
FLASH-seq	single	78	MtRrna	20	543274
FLASH-seq	single	78	MtTrna	297	543274
FLASH-seq	single	78	ProcessedPseudogene	2050	543274
FLASH-seq	single	78	ProteinCoding	532511	543274
FLASH-seq	single	78	TEC	1828	543274
FLASH-seq	single	78	TranscribedProcessedPseudogene	1045	543274
FLASH-seq	single	78	TranscribedUnitaryPseudogene	67	543274
FLASH-seq	single	78	TranscribedUnprocessedPseudogene	302	543274
FLASH-seq	single	78	UnitaryPseudogene	29	543274
FLASH-seq	single	78	UnprocessedPseudogene	51	543274
FLASH-seq	single	78	lncRNA	74417	543274
FLASH-seq	single	78	miRNA	1606	543274
FLASH-seq	single	78	rRNA	3	543274
FLASH-seq	single	78	ribozyme	6	543274
FLASH-seq	single	78	scaRNA	8	543274
FLASH-seq	single	78	snRNA	13	543274
FLASH-seq	single	78	snoRNA	211	543274
FLASH-seq	single	78	tRNA	30	543274
FLASH-seq	single	79	IgVGene	1	547624
FLASH-seq	single	79	MiscRna	73	547624
FLASH-seq	single	79	MtRrna	21	547624
FLASH-seq	single	79	MtTrna	179	547624
FLASH-seq	single	79	ProcessedPseudogene	2150	547624
FLASH-seq	single	79	ProteinCoding	536301	547624
FLASH-seq	single	79	TEC	1965	547624
FLASH-seq	single	79	TranscribedProcessedPseudogene	1116	547624
FLASH-seq	single	79	TranscribedUnitaryPseudogene	65	547624
FLASH-seq	single	79	TranscribedUnprocessedPseudogene	302	547624
FLASH-seq	single	79	UnitaryPseudogene	32	547624
FLASH-seq	single	79	UnprocessedPseudogene	47	547624
FLASH-seq	single	79	lncRNA	74540	547624
FLASH-seq	single	79	miRNA	2006	547624
FLASH-seq	single	79	rRNA	6	547624
FLASH-seq	single	79	ribozyme	22	547624
FLASH-seq	single	79	sRNA	2	547624
FLASH-seq	single	79	scaRNA	3	547624
FLASH-seq	single	79	snRNA	20	547624
FLASH-seq	single	79	snoRNA	206	547624
FLASH-seq	single	79	tRNA	36	547624
FLASH-seq	single	80	MiscRna	43	545472
FLASH-seq	single	80	MtRrna	39	545472
FLASH-seq	single	80	MtTrna	168	545472
FLASH-seq	single	80	ProcessedPseudogene	2181	545472
FLASH-seq	single	80	ProteinCoding	533830	545472
FLASH-seq	single	80	TEC	2184	545472
FLASH-seq	single	80	TranscribedProcessedPseudogene	1201	545472
FLASH-seq	single	80	TranscribedUnitaryPseudogene	75	545472
FLASH-seq	single	80	TranscribedUnprocessedPseudogene	282	545472
FLASH-seq	single	80	UnitaryPseudogene	44	545472
FLASH-seq	single	80	UnprocessedPseudogene	42	545472
FLASH-seq	single	80	lncRNA	75338	545472
FLASH-seq	single	80	miRNA	2401	545472
FLASH-seq	single	80	rRNA	7	545472
FLASH-seq	single	80	ribozyme	8	545472
FLASH-seq	single	80	scaRNA	7	545472
FLASH-seq	single	80	snRNA	26	545472
FLASH-seq	single	80	snoRNA	254	545472
FLASH-seq	single	80	tRNA	38	545472
FLASH-seq	single	81	IgVGene	5	553139
FLASH-seq	single	81	MiscRna	64	553139
FLASH-seq	single	81	MtRrna	6	553139
FLASH-seq	single	81	MtTrna	169	553139
FLASH-seq	single	81	ProcessedPseudogene	2328	553139
FLASH-seq	single	81	ProteinCoding	541534	553139
FLASH-seq	single	81	TEC	1886	553139
FLASH-seq	single	81	TranscribedProcessedPseudogene	1037	553139
FLASH-seq	single	81	TranscribedUnitaryPseudogene	88	553139
FLASH-seq	single	81	TranscribedUnprocessedPseudogene	332	553139
FLASH-seq	single	81	TranslatedUnprocessedPseudogene	1	553139
FLASH-seq	single	81	UnitaryPseudogene	48	553139
FLASH-seq	single	81	UnprocessedPseudogene	54	553139
FLASH-seq	single	81	lncRNA	74943	553139
FLASH-seq	single	81	miRNA	2543	553139
FLASH-seq	single	81	ribozyme	12	553139
FLASH-seq	single	81	scaRNA	6	553139
FLASH-seq	single	81	snRNA	18	553139
FLASH-seq	single	81	snoRNA	199	553139
FLASH-seq	single	81	tRNA	40	553139
FLASH-seq	single	82	MiscRna	51	545225
FLASH-seq	single	82	MtRrna	11	545225
FLASH-seq	single	82	MtTrna	152	545225
FLASH-seq	single	82	ProcessedPseudogene	2437	545225
FLASH-seq	single	82	ProteinCoding	534181	545225
FLASH-seq	single	82	TEC	1834	545225
FLASH-seq	single	82	TrVGene	2	545225
FLASH-seq	single	82	TranscribedProcessedPseudogene	891	545225
FLASH-seq	single	82	TranscribedUnitaryPseudogene	75	545225
FLASH-seq	single	82	TranscribedUnprocessedPseudogene	332	545225
FLASH-seq	single	82	UnitaryPseudogene	40	545225
FLASH-seq	single	82	UnprocessedPseudogene	73	545225
FLASH-seq	single	82	lncRNA	76836	545225
FLASH-seq	single	82	miRNA	2371	545225
FLASH-seq	single	82	rRNA	8	545225
FLASH-seq	single	82	ribozyme	17	545225
FLASH-seq	single	82	scaRNA	8	545225
FLASH-seq	single	82	snRNA	20	545225
FLASH-seq	single	82	snoRNA	301	545225
FLASH-seq	single	82	tRNA	18	545225
FLASH-seq	single	83	IgVGene	1	542871
FLASH-seq	single	83	MiscRna	54	542871
FLASH-seq	single	83	MtRrna	2	542871
FLASH-seq	single	83	MtTrna	181	542871
FLASH-seq	single	83	ProcessedPseudogene	2292	542871
FLASH-seq	single	83	ProteinCoding	531424	542871
FLASH-seq	single	83	TEC	2144	542871
FLASH-seq	single	83	TranscribedProcessedPseudogene	1143	542871
FLASH-seq	single	83	TranscribedUnitaryPseudogene	72	542871
FLASH-seq	single	83	TranscribedUnprocessedPseudogene	318	542871
FLASH-seq	single	83	TranslatedUnprocessedPseudogene	1	542871
FLASH-seq	single	83	UnitaryPseudogene	31	542871
FLASH-seq	single	83	UnprocessedPseudogene	51	542871
FLASH-seq	single	83	lncRNA	77489	542871
FLASH-seq	single	83	miRNA	1683	542871
FLASH-seq	single	83	ribozyme	31	542871
FLASH-seq	single	83	scaRNA	7	542871
FLASH-seq	single	83	snRNA	15	542871
FLASH-seq	single	83	snoRNA	206	542871
FLASH-seq	single	83	tRNA	42	542871
FLASH-seq	single	84	MiscRna	29	528968
FLASH-seq	single	84	MtRrna	7	528968
FLASH-seq	single	84	MtTrna	190	528968
FLASH-seq	single	84	ProcessedPseudogene	2345	528968
FLASH-seq	single	84	ProteinCoding	518445	528968
FLASH-seq	single	84	TEC	1827	528968
FLASH-seq	single	84	TranscribedProcessedPseudogene	1169	528968
FLASH-seq	single	84	TranscribedUnitaryPseudogene	72	528968
FLASH-seq	single	84	TranscribedUnprocessedPseudogene	268	528968
FLASH-seq	single	84	UnitaryPseudogene	29	528968
FLASH-seq	single	84	UnprocessedPseudogene	51	528968
FLASH-seq	single	84	lncRNA	72237	528968
FLASH-seq	single	84	miRNA	2030	528968
FLASH-seq	single	84	rRNA	6	528968
FLASH-seq	single	84	ribozyme	11	528968
FLASH-seq	single	84	scaRNA	10	528968
FLASH-seq	single	84	snRNA	25	528968
FLASH-seq	single	84	snoRNA	187	528968
FLASH-seq	single	84	tRNA	19	528968
FLASH-seq	single	85	MiscRna	47	534250
FLASH-seq	single	85	MtRrna	3	534250
FLASH-seq	single	85	MtTrna	206	534250
FLASH-seq	single	85	ProcessedPseudogene	2544	534250
FLASH-seq	single	85	ProteinCoding	522331	534250
FLASH-seq	single	85	TEC	2136	534250
FLASH-seq	single	85	TranscribedProcessedPseudogene	1045	534250
FLASH-seq	single	85	TranscribedUnitaryPseudogene	76	534250
FLASH-seq	single	85	TranscribedUnprocessedPseudogene	296	534250
FLASH-seq	single	85	UnitaryPseudogene	21	534250
FLASH-seq	single	85	UnprocessedPseudogene	42	534250
FLASH-seq	single	85	lncRNA	75060	534250
FLASH-seq	single	85	miRNA	1774	534250
FLASH-seq	single	85	rRNA	3	534250
FLASH-seq	single	85	ribozyme	15	534250
FLASH-seq	single	85	scaRNA	3	534250
FLASH-seq	single	85	snRNA	7	534250
FLASH-seq	single	85	snoRNA	264	534250
FLASH-seq	single	85	tRNA	37	534250
FLASH-seq	single	86	MiscRna	90	534469
FLASH-seq	single	86	MtRrna	8	534469
FLASH-seq	single	86	MtTrna	230	534469
FLASH-seq	single	86	ProcessedPseudogene	2309	534469
FLASH-seq	single	86	ProteinCoding	522749	534469
FLASH-seq	single	86	TEC	1861	534469
FLASH-seq	single	86	TranscribedProcessedPseudogene	1011	534469
FLASH-seq	single	86	TranscribedUnitaryPseudogene	62	534469
FLASH-seq	single	86	TranscribedUnprocessedPseudogene	359	534469
FLASH-seq	single	86	UnitaryPseudogene	34	534469
FLASH-seq	single	86	UnprocessedPseudogene	43	534469
FLASH-seq	single	86	lncRNA	76690	534469
FLASH-seq	single	86	miRNA	1939	534469
FLASH-seq	single	86	ribozyme	10	534469
FLASH-seq	single	86	scaRNA	2	534469
FLASH-seq	single	86	snRNA	11	534469
FLASH-seq	single	86	snoRNA	237	534469
FLASH-seq	single	86	tRNA	31	534469
FLASH-seq	single	87	MiscRna	61	549667
FLASH-seq	single	87	MtRrna	3	549667
FLASH-seq	single	87	MtTrna	159	549667
FLASH-seq	single	87	ProcessedPseudogene	1877	549667
FLASH-seq	single	87	ProteinCoding	538627	549667
FLASH-seq	single	87	TEC	1857	549667
FLASH-seq	single	87	TranscribedProcessedPseudogene	1016	549667
FLASH-seq	single	87	TranscribedUnitaryPseudogene	64	549667
FLASH-seq	single	87	TranscribedUnprocessedPseudogene	265	549667
FLASH-seq	single	87	UnitaryPseudogene	29	549667
FLASH-seq	single	87	UnprocessedPseudogene	41	549667
FLASH-seq	single	87	lncRNA	77073	549667
FLASH-seq	single	87	miRNA	1665	549667
FLASH-seq	single	87	rRNA	4	549667
FLASH-seq	single	87	ribozyme	12	549667
FLASH-seq	single	87	scaRNA	12	549667
FLASH-seq	single	87	snRNA	24	549667
FLASH-seq	single	87	snoRNA	248	549667
FLASH-seq	single	87	tRNA	29	549667
FLASH-seq	single	88	IgVGene	1	565957
FLASH-seq	single	88	MiscRna	73	565957
FLASH-seq	single	88	MtRrna	3	565957
FLASH-seq	single	88	MtTrna	157	565957
FLASH-seq	single	88	ProcessedPseudogene	2152	565957
FLASH-seq	single	88	ProteinCoding	553912	565957
FLASH-seq	single	88	TEC	2080	565957
FLASH-seq	single	88	TranscribedProcessedPseudogene	1238	565957
FLASH-seq	single	88	TranscribedUnitaryPseudogene	80	565957
FLASH-seq	single	88	TranscribedUnprocessedPseudogene	351	565957
FLASH-seq	single	88	UnitaryPseudogene	53	565957
FLASH-seq	single	88	UnprocessedPseudogene	63	565957
FLASH-seq	single	88	lncRNA	81075	565957
FLASH-seq	single	88	miRNA	1721	565957
FLASH-seq	single	88	ribozyme	10	565957
FLASH-seq	single	88	scaRNA	7	565957
FLASH-seq	single	88	snRNA	14	565957
FLASH-seq	single	88	snoRNA	217	565957
FLASH-seq	single	88	tRNA	32	565957
FLASH-seq	single	89	IgVGene	1	573432
FLASH-seq	single	89	MiscRna	91	573432
FLASH-seq	single	89	MtRrna	7	573432
FLASH-seq	single	89	MtTrna	118	573432
FLASH-seq	single	89	ProcessedPseudogene	2538	573432
FLASH-seq	single	89	ProteinCoding	561625	573432
FLASH-seq	single	89	TEC	1959	573432
FLASH-seq	single	89	TranscribedProcessedPseudogene	1404	573432
FLASH-seq	single	89	TranscribedUnitaryPseudogene	82	573432
FLASH-seq	single	89	TranscribedUnprocessedPseudogene	327	573432
FLASH-seq	single	89	UnitaryPseudogene	27	573432
FLASH-seq	single	89	UnprocessedPseudogene	65	573432
FLASH-seq	single	89	lncRNA	79342	573432
FLASH-seq	single	89	miRNA	2425	573432
FLASH-seq	single	89	rRNA	3	573432
FLASH-seq	single	89	ribozyme	25	573432
FLASH-seq	single	89	scaRNA	7	573432
FLASH-seq	single	89	snRNA	19	573432
FLASH-seq	single	89	snoRNA	226	573432
FLASH-seq	single	89	tRNA	42	573432
FLASH-seq	single	90	MiscRna	35	581153
FLASH-seq	single	90	MtRrna	19	581153
FLASH-seq	single	90	MtTrna	162	581153
FLASH-seq	single	90	ProcessedPseudogene	2359	581153
FLASH-seq	single	90	ProteinCoding	569480	581153
FLASH-seq	single	90	TEC	2106	581153
FLASH-seq	single	90	TranscribedProcessedPseudogene	1186	581153
FLASH-seq	single	90	TranscribedUnitaryPseudogene	84	581153
FLASH-seq	single	90	TranscribedUnprocessedPseudogene	328	581153
FLASH-seq	single	90	UnitaryPseudogene	64	581153
FLASH-seq	single	90	UnprocessedPseudogene	36	581153
FLASH-seq	single	90	lncRNA	82389	581153
FLASH-seq	single	90	miRNA	1780	581153
FLASH-seq	single	90	pseudogene	2	581153
FLASH-seq	single	90	ribozyme	17	581153
FLASH-seq	single	90	scaRNA	8	581153
FLASH-seq	single	90	snRNA	21	581153
FLASH-seq	single	90	snoRNA	219	581153
FLASH-seq	single	90	tRNA	32	581153
FLASH-seq	single	91	IgVGene	1	582358
FLASH-seq	single	91	MiscRna	49	582358
FLASH-seq	single	91	MtRrna	19	582358
FLASH-seq	single	91	MtTrna	122	582358
FLASH-seq	single	91	ProcessedPseudogene	2566	582358
FLASH-seq	single	91	ProteinCoding	570395	582358
FLASH-seq	single	91	TEC	2929	582358
FLASH-seq	single	91	TranscribedProcessedPseudogene	1390	582358
FLASH-seq	single	91	TranscribedUnitaryPseudogene	78	582358
FLASH-seq	single	91	TranscribedUnprocessedPseudogene	307	582358
FLASH-seq	single	91	UnitaryPseudogene	42	582358
FLASH-seq	single	91	UnprocessedPseudogene	44	582358
FLASH-seq	single	91	lncRNA	80806	582358
FLASH-seq	single	91	miRNA	2605	582358
FLASH-seq	single	91	ribozyme	9	582358
FLASH-seq	single	91	scaRNA	9	582358
FLASH-seq	single	91	snRNA	18	582358
FLASH-seq	single	91	snoRNA	219	582358
FLASH-seq	single	91	tRNA	21	582358
FLASH-seq	single	92	MiscRna	56	573512
FLASH-seq	single	92	MtRrna	9	573512
FLASH-seq	single	92	MtTrna	139	573512
FLASH-seq	single	92	ProcessedPseudogene	2321	573512
FLASH-seq	single	92	ProteinCoding	562167	573512
FLASH-seq	single	92	TEC	2437	573512
FLASH-seq	single	92	TranscribedProcessedPseudogene	1265	573512
FLASH-seq	single	92	TranscribedUnitaryPseudogene	80	573512
FLASH-seq	single	92	TranscribedUnprocessedPseudogene	269	573512
FLASH-seq	single	92	UnitaryPseudogene	41	573512
FLASH-seq	single	92	UnprocessedPseudogene	14	573512
FLASH-seq	single	92	lncRNA	79663	573512
FLASH-seq	single	92	miRNA	2061	573512
FLASH-seq	single	92	rRNA	1	573512
FLASH-seq	single	92	ribozyme	7	573512
FLASH-seq	single	92	scaRNA	17	573512
FLASH-seq	single	92	snRNA	13	573512
FLASH-seq	single	92	snoRNA	255	573512
FLASH-seq	single	92	tRNA	18	573512
FLASH-seq	single	93	IgVGene	1	575533
FLASH-seq	single	93	MiscRna	66	575533
FLASH-seq	single	93	MtRrna	12	575533
FLASH-seq	single	93	MtTrna	123	575533
FLASH-seq	single	93	ProcessedPseudogene	2568	575533
FLASH-seq	single	93	ProteinCoding	563030	575533
FLASH-seq	single	93	TEC	3477	575533
FLASH-seq	single	93	TranscribedProcessedPseudogene	1131	575533
FLASH-seq	single	93	TranscribedUnitaryPseudogene	70	575533
FLASH-seq	single	93	TranscribedUnprocessedPseudogene	393	575533
FLASH-seq	single	93	UnitaryPseudogene	45	575533
FLASH-seq	single	93	UnprocessedPseudogene	38	575533
FLASH-seq	single	93	lncRNA	78872	575533
FLASH-seq	single	93	miRNA	2061	575533
FLASH-seq	single	93	ribozyme	12	575533
FLASH-seq	single	93	scaRNA	10	575533
FLASH-seq	single	93	snRNA	28	575533
FLASH-seq	single	93	snoRNA	237	575533
FLASH-seq	single	93	tRNA	38	575533
FLASH-seq	single	94	IgCGene	1	565977
FLASH-seq	single	94	MiscRna	106	565977
FLASH-seq	single	94	MtRrna	8	565977
FLASH-seq	single	94	MtTrna	84	565977
FLASH-seq	single	94	ProcessedPseudogene	2318	565977
FLASH-seq	single	94	ProteinCoding	554669	565977
FLASH-seq	single	94	TEC	2295	565977
FLASH-seq	single	94	TranscribedProcessedPseudogene	1362	565977
FLASH-seq	single	94	TranscribedUnitaryPseudogene	87	565977
FLASH-seq	single	94	TranscribedUnprocessedPseudogene	308	565977
FLASH-seq	single	94	UnitaryPseudogene	29	565977
FLASH-seq	single	94	UnprocessedPseudogene	39	565977
FLASH-seq	single	94	lncRNA	80062	565977
FLASH-seq	single	94	miRNA	2516	565977
FLASH-seq	single	94	ribozyme	15	565977
FLASH-seq	single	94	scaRNA	3	565977
FLASH-seq	single	94	snRNA	6	565977
FLASH-seq	single	94	snoRNA	273	565977
FLASH-seq	single	94	tRNA	11	565977
FLASH-seq	single	95	IgVGene	2	561900
FLASH-seq	single	95	MiscRna	47	561900
FLASH-seq	single	95	MtRrna	49	561900
FLASH-seq	single	95	MtTrna	138	561900
FLASH-seq	single	95	ProcessedPseudogene	2376	561900
FLASH-seq	single	95	ProteinCoding	550341	561900
FLASH-seq	single	95	TEC	1971	561900
FLASH-seq	single	95	TranscribedProcessedPseudogene	1020	561900
FLASH-seq	single	95	TranscribedUnitaryPseudogene	71	561900
FLASH-seq	single	95	TranscribedUnprocessedPseudogene	302	561900
FLASH-seq	single	95	UnitaryPseudogene	43	561900
FLASH-seq	single	95	UnprocessedPseudogene	32	561900
FLASH-seq	single	95	lncRNA	79791	561900
FLASH-seq	single	95	miRNA	2293	561900
FLASH-seq	single	95	rRNA	2	561900
FLASH-seq	single	95	ribozyme	10	561900
FLASH-seq	single	95	scaRNA	6	561900
FLASH-seq	single	95	snRNA	20	561900
FLASH-seq	single	95	snoRNA	240	561900
FLASH-seq	single	95	tRNA	18	561900
FLASH-seq	single	96	IgVGene	2	557939
FLASH-seq	single	96	MiscRna	95	557939
FLASH-seq	single	96	MtRrna	16	557939
FLASH-seq	single	96	MtTrna	117	557939
FLASH-seq	single	96	ProcessedPseudogene	2193	557939
FLASH-seq	single	96	ProteinCoding	546773	557939
FLASH-seq	single	96	TEC	2298	557939
FLASH-seq	single	96	TranscribedProcessedPseudogene	1215	557939
FLASH-seq	single	96	TranscribedUnitaryPseudogene	67	557939
FLASH-seq	single	96	TranscribedUnprocessedPseudogene	304	557939
FLASH-seq	single	96	UnitaryPseudogene	21	557939
FLASH-seq	single	96	UnprocessedPseudogene	63	557939
FLASH-seq	single	96	lncRNA	77672	557939
FLASH-seq	single	96	miRNA	2758	557939
FLASH-seq	single	96	rRNA	1	557939
FLASH-seq	single	96	ribozyme	9	557939
FLASH-seq	single	96	scaRNA	8	557939
FLASH-seq	single	96	snRNA	18	557939
FLASH-seq	single	96	snoRNA	241	557939
FLASH-seq	single	96	tRNA	39	557939
FLASH-seq	single	97	IgVGene	1	562512
FLASH-seq	single	97	MiscRna	88	562512
FLASH-seq	single	97	MtRrna	76	562512
FLASH-seq	single	97	MtTrna	95	562512
FLASH-seq	single	97	ProcessedPseudogene	2295	562512
FLASH-seq	single	97	ProteinCoding	550858	562512
FLASH-seq	single	97	TEC	2137	562512
FLASH-seq	single	97	TranscribedProcessedPseudogene	1177	562512
FLASH-seq	single	97	TranscribedUnitaryPseudogene	59	562512
FLASH-seq	single	97	TranscribedUnprocessedPseudogene	279	562512
FLASH-seq	single	97	UnitaryPseudogene	52	562512
FLASH-seq	single	97	UnprocessedPseudogene	40	562512
FLASH-seq	single	97	lncRNA	79471	562512
FLASH-seq	single	97	miRNA	1707	562512
FLASH-seq	single	97	rRNA	1	562512
FLASH-seq	single	97	ribozyme	21	562512
FLASH-seq	single	97	scaRNA	9	562512
FLASH-seq	single	97	snRNA	39	562512
FLASH-seq	single	97	snoRNA	270	562512
FLASH-seq	single	97	tRNA	29	562512
FLASH-seq	single	98	MiscRna	73	580569
FLASH-seq	single	98	MtRrna	1	580569
FLASH-seq	single	98	MtTrna	79	580569
FLASH-seq	single	98	ProcessedPseudogene	2695	580569
FLASH-seq	single	98	ProteinCoding	567730	580569
FLASH-seq	single	98	TEC	2975	580569
FLASH-seq	single	98	TrCGene	3	580569
FLASH-seq	single	98	TrVGene	4	580569
FLASH-seq	single	98	TranscribedProcessedPseudogene	1439	580569
FLASH-seq	single	98	TranscribedUnitaryPseudogene	67	580569
FLASH-seq	single	98	TranscribedUnprocessedPseudogene	362	580569
FLASH-seq	single	98	UnitaryPseudogene	44	580569
FLASH-seq	single	98	UnprocessedPseudogene	71	580569
FLASH-seq	single	98	lncRNA	82076	580569
FLASH-seq	single	98	miRNA	1946	580569
FLASH-seq	single	98	ribozyme	8	580569
FLASH-seq	single	98	sRNA	7	580569
FLASH-seq	single	98	scaRNA	4	580569
FLASH-seq	single	98	snRNA	19	580569
FLASH-seq	single	98	snoRNA	225	580569
FLASH-seq	single	98	tRNA	45	580569
FLASH-seq	single	99	MiscRna	94	590874
FLASH-seq	single	99	MtTrna	76	590874
FLASH-seq	single	99	ProcessedPseudogene	2714	590874
FLASH-seq	single	99	ProteinCoding	578552	590874
FLASH-seq	single	99	TEC	2266	590874
FLASH-seq	single	99	TranscribedProcessedPseudogene	1491	590874
FLASH-seq	single	99	TranscribedUnitaryPseudogene	81	590874
FLASH-seq	single	99	TranscribedUnprocessedPseudogene	321	590874
FLASH-seq	single	99	UnitaryPseudogene	26	590874
FLASH-seq	single	99	UnprocessedPseudogene	45	590874
FLASH-seq	single	99	lncRNA	80919	590874
FLASH-seq	single	99	miRNA	2220	590874
FLASH-seq	single	99	ribozyme	10	590874
FLASH-seq	single	99	scaRNA	2	590874
FLASH-seq	single	99	snRNA	26	590874
FLASH-seq	single	99	snoRNA	255	590874
FLASH-seq	single	99	tRNA	39	590874
FLASH-seq	single	100	IgVGene	1	599570
FLASH-seq	single	100	MiscRna	61	599570
FLASH-seq	single	100	MtRrna	22	599570
FLASH-seq	single	100	MtTrna	120	599570
FLASH-seq	single	100	ProcessedPseudogene	2298	599570
FLASH-seq	single	100	ProteinCoding	587840	599570
FLASH-seq	single	100	TEC	2395	599570
FLASH-seq	single	100	TrVGene	1	599570
FLASH-seq	single	100	TranscribedProcessedPseudogene	1247	599570
FLASH-seq	single	100	TranscribedUnitaryPseudogene	85	599570
FLASH-seq	single	100	TranscribedUnprocessedPseudogene	380	599570
FLASH-seq	single	100	UnitaryPseudogene	21	599570
FLASH-seq	single	100	UnprocessedPseudogene	68	599570
FLASH-seq	single	100	lncRNA	84635	599570
FLASH-seq	single	100	miRNA	3727	599570
FLASH-seq	single	100	ribozyme	23	599570
FLASH-seq	single	100	sRNA	3	599570
FLASH-seq	single	100	scaRNA	9	599570
FLASH-seq	single	100	snRNA	30	599570
FLASH-seq	single	100	snoRNA	240	599570
FLASH-seq	single	100	tRNA	42	599570
FLASH-seq	single	101	IgVGene	3	603816
FLASH-seq	single	101	MiscRna	72	603816
FLASH-seq	single	101	MtRrna	24	603816
FLASH-seq	single	101	MtTrna	108	603816
FLASH-seq	single	101	ProcessedPseudogene	2198	603816
FLASH-seq	single	101	ProteinCoding	591589	603816
FLASH-seq	single	101	TEC	2492	603816
FLASH-seq	single	101	TranscribedProcessedPseudogene	1234	603816
FLASH-seq	single	101	TranscribedUnitaryPseudogene	77	603816
FLASH-seq	single	101	TranscribedUnprocessedPseudogene	339	603816
FLASH-seq	single	101	UnitaryPseudogene	44	603816
FLASH-seq	single	101	UnprocessedPseudogene	37	603816
FLASH-seq	single	101	lncRNA	83695	603816
FLASH-seq	single	101	miRNA	3517	603816
FLASH-seq	single	101	ribozyme	13	603816
FLASH-seq	single	101	scaRNA	13	603816
FLASH-seq	single	101	snRNA	16	603816
FLASH-seq	single	101	snoRNA	163	603816
FLASH-seq	single	101	tRNA	30	603816
FLASH-seq	single	102	MiscRna	142	610008
FLASH-seq	single	102	MtRrna	7	610008
FLASH-seq	single	102	MtTrna	138	610008
FLASH-seq	single	102	ProcessedPseudogene	2245	610008
FLASH-seq	single	102	ProteinCoding	597747	610008
FLASH-seq	single	102	TEC	2325	610008
FLASH-seq	single	102	TranscribedProcessedPseudogene	1088	610008
FLASH-seq	single	102	TranscribedUnitaryPseudogene	72	610008
FLASH-seq	single	102	TranscribedUnprocessedPseudogene	333	610008
FLASH-seq	single	102	UnitaryPseudogene	33	610008
FLASH-seq	single	102	UnprocessedPseudogene	69	610008
FLASH-seq	single	102	lncRNA	86543	610008
FLASH-seq	single	102	miRNA	2034	610008
FLASH-seq	single	102	ribozyme	21	610008
FLASH-seq	single	102	scaRNA	4	610008
FLASH-seq	single	102	snRNA	10	610008
FLASH-seq	single	102	snoRNA	220	610008
FLASH-seq	single	102	tRNA	58	610008
FLASH-seq	single	103	IgVGene	2	593925
FLASH-seq	single	103	MiscRna	51	593925
FLASH-seq	single	103	MtRrna	29	593925
FLASH-seq	single	103	MtTrna	121	593925
FLASH-seq	single	103	ProcessedPseudogene	2284	593925
FLASH-seq	single	103	ProteinCoding	581189	593925
FLASH-seq	single	103	TEC	2944	593925
FLASH-seq	single	103	TranscribedProcessedPseudogene	1184	593925
FLASH-seq	single	103	TranscribedUnitaryPseudogene	81	593925
FLASH-seq	single	103	TranscribedUnprocessedPseudogene	340	593925
FLASH-seq	single	103	UnitaryPseudogene	36	593925
FLASH-seq	single	103	UnprocessedPseudogene	62	593925
FLASH-seq	single	103	lncRNA	83529	593925
FLASH-seq	single	103	miRNA	1974	593925
FLASH-seq	single	103	ribozyme	7	593925
FLASH-seq	single	103	scaRNA	7	593925
FLASH-seq	single	103	snRNA	35	593925
FLASH-seq	single	103	snoRNA	244	593925
FLASH-seq	single	103	tRNA	58	593925
FLASH-seq	single	104	MiscRna	57	597828
FLASH-seq	single	104	MtRrna	34	597828
FLASH-seq	single	104	MtTrna	156	597828
FLASH-seq	single	104	ProcessedPseudogene	2232	597828
FLASH-seq	single	104	ProteinCoding	585211	597828
FLASH-seq	single	104	TEC	2471	597828
FLASH-seq	single	104	TranscribedProcessedPseudogene	1018	597828
FLASH-seq	single	104	TranscribedUnitaryPseudogene	63	597828
FLASH-seq	single	104	TranscribedUnprocessedPseudogene	421	597828
FLASH-seq	single	104	UnitaryPseudogene	31	597828
FLASH-seq	single	104	UnprocessedPseudogene	55	597828
FLASH-seq	single	104	lncRNA	85264	597828
FLASH-seq	single	104	miRNA	2663	597828
FLASH-seq	single	104	ribozyme	7	597828
FLASH-seq	single	104	scaRNA	6	597828
FLASH-seq	single	104	snRNA	23	597828
FLASH-seq	single	104	snoRNA	209	597828
FLASH-seq	single	104	tRNA	40	597828
FLASH-seq	single	105	MiscRna	50	585060
FLASH-seq	single	105	MtRrna	39	585060
FLASH-seq	single	105	MtTrna	110	585060
FLASH-seq	single	105	ProcessedPseudogene	2359	585060
FLASH-seq	single	105	ProteinCoding	572540	585060
FLASH-seq	single	105	TEC	3031	585060
FLASH-seq	single	105	TranscribedProcessedPseudogene	1064	585060
FLASH-seq	single	105	TranscribedUnitaryPseudogene	73	585060
FLASH-seq	single	105	TranscribedUnprocessedPseudogene	393	585060
FLASH-seq	single	105	UnitaryPseudogene	31	585060
FLASH-seq	single	105	UnprocessedPseudogene	43	585060
FLASH-seq	single	105	lncRNA	82895	585060
FLASH-seq	single	105	miRNA	2123	585060
FLASH-seq	single	105	rRNA	5	585060
FLASH-seq	single	105	ribozyme	13	585060
FLASH-seq	single	105	scaRNA	8	585060
FLASH-seq	single	105	snRNA	22	585060
FLASH-seq	single	105	snoRNA	228	585060
FLASH-seq	single	105	tRNA	41	585060
FLASH-seq	single	106	IgVGene	4	592121
FLASH-seq	single	106	MiscRna	50	592121
FLASH-seq	single	106	MtRrna	7	592121
FLASH-seq	single	106	MtTrna	150	592121
FLASH-seq	single	106	ProcessedPseudogene	2319	592121
FLASH-seq	single	106	ProteinCoding	579085	592121
FLASH-seq	single	106	TEC	3225	592121
FLASH-seq	single	106	TranscribedProcessedPseudogene	1283	592121
FLASH-seq	single	106	TranscribedUnitaryPseudogene	73	592121
FLASH-seq	single	106	TranscribedUnprocessedPseudogene	373	592121
FLASH-seq	single	106	UnitaryPseudogene	27	592121
FLASH-seq	single	106	UnprocessedPseudogene	53	592121
FLASH-seq	single	106	lncRNA	84440	592121
FLASH-seq	single	106	miRNA	2391	592121
FLASH-seq	single	106	rRNA	1	592121
FLASH-seq	single	106	ribozyme	18	592121
FLASH-seq	single	106	scaRNA	3	592121
FLASH-seq	single	106	snRNA	15	592121
FLASH-seq	single	106	snoRNA	187	592121
FLASH-seq	single	106	tRNA	59	592121
FLASH-seq	single	107	MiscRna	73	583313
FLASH-seq	single	107	MtRrna	9	583313
FLASH-seq	single	107	MtTrna	203	583313
FLASH-seq	single	107	ProcessedPseudogene	2402	583313
FLASH-seq	single	107	ProteinCoding	571289	583313
FLASH-seq	single	107	TEC	2107	583313
FLASH-seq	single	107	TranscribedProcessedPseudogene	1321	583313
FLASH-seq	single	107	TranscribedUnitaryPseudogene	92	583313
FLASH-seq	single	107	TranscribedUnprocessedPseudogene	324	583313
FLASH-seq	single	107	TranslatedUnprocessedPseudogene	1	583313
FLASH-seq	single	107	UnitaryPseudogene	32	583313
FLASH-seq	single	107	UnprocessedPseudogene	46	583313
FLASH-seq	single	107	lncRNA	83331	583313
FLASH-seq	single	107	miRNA	1870	583313
FLASH-seq	single	107	rRNA	1	583313
FLASH-seq	single	107	ribozyme	3	583313
FLASH-seq	single	107	scaRNA	16	583313
FLASH-seq	single	107	snRNA	11	583313
FLASH-seq	single	107	snoRNA	276	583313
FLASH-seq	single	107	tRNA	36	583313
FLASH-seq	single	108	MiscRna	57	593291
FLASH-seq	single	108	MtRrna	7	593291
FLASH-seq	single	108	MtTrna	150	593291
FLASH-seq	single	108	ProcessedPseudogene	2460	593291
FLASH-seq	single	108	ProteinCoding	580697	593291
FLASH-seq	single	108	TEC	2392	593291
FLASH-seq	single	108	TranscribedProcessedPseudogene	1280	593291
FLASH-seq	single	108	TranscribedUnitaryPseudogene	80	593291
FLASH-seq	single	108	TranscribedUnprocessedPseudogene	380	593291
FLASH-seq	single	108	UnitaryPseudogene	37	593291
FLASH-seq	single	108	UnprocessedPseudogene	75	593291
FLASH-seq	single	108	lncRNA	82743	593291
FLASH-seq	single	108	miRNA	2229	593291
FLASH-seq	single	108	ribozyme	19	593291
FLASH-seq	single	108	scaRNA	10	593291
FLASH-seq	single	108	snRNA	24	593291
FLASH-seq	single	108	snoRNA	267	593291
FLASH-seq	single	108	tRNA	37	593291
FLASH-seq	single	109	MiscRna	51	598495
FLASH-seq	single	109	MtRrna	3	598495
FLASH-seq	single	109	MtTrna	128	598495
FLASH-seq	single	109	ProcessedPseudogene	2335	598495
FLASH-seq	single	109	ProteinCoding	586072	598495
FLASH-seq	single	109	TEC	2347	598495
FLASH-seq	single	109	TranscribedProcessedPseudogene	1474	598495
FLASH-seq	single	109	TranscribedUnitaryPseudogene	51	598495
FLASH-seq	single	109	TranscribedUnprocessedPseudogene	360	598495
FLASH-seq	single	109	UnitaryPseudogene	19	598495
FLASH-seq	single	109	UnprocessedPseudogene	47	598495
FLASH-seq	single	109	lncRNA	84200	598495
FLASH-seq	single	109	miRNA	2104	598495
FLASH-seq	single	109	rRNA	1	598495
FLASH-seq	single	109	ribozyme	19	598495
FLASH-seq	single	109	scaRNA	11	598495
FLASH-seq	single	109	snRNA	34	598495
FLASH-seq	single	109	snoRNA	204	598495
FLASH-seq	single	109	tRNA	32	598495
FLASH-seq	single	110	IgVGene	1	602063
FLASH-seq	single	110	MiscRna	74	602063
FLASH-seq	single	110	MtRrna	14	602063
FLASH-seq	single	110	MtTrna	115	602063
FLASH-seq	single	110	ProcessedPseudogene	2313	602063
FLASH-seq	single	110	ProteinCoding	590499	602063
FLASH-seq	single	110	TEC	2923	602063
FLASH-seq	single	110	TranscribedProcessedPseudogene	1191	602063
FLASH-seq	single	110	TranscribedUnitaryPseudogene	63	602063
FLASH-seq	single	110	TranscribedUnprocessedPseudogene	347	602063
FLASH-seq	single	110	UnitaryPseudogene	28	602063
FLASH-seq	single	110	UnprocessedPseudogene	52	602063
FLASH-seq	single	110	lncRNA	82400	602063
FLASH-seq	single	110	miRNA	3152	602063
FLASH-seq	single	110	ribozyme	19	602063
FLASH-seq	single	110	scaRNA	1	602063
FLASH-seq	single	110	snRNA	16	602063
FLASH-seq	single	110	snoRNA	270	602063
FLASH-seq	single	110	tRNA	24	602063
FLASH-seq	single	111	IgVGene	2	619003
FLASH-seq	single	111	MiscRna	65	619003
FLASH-seq	single	111	MtRrna	8	619003
FLASH-seq	single	111	MtTrna	118	619003
FLASH-seq	single	111	ProcessedPseudogene	2360	619003
FLASH-seq	single	111	ProteinCoding	606816	619003
FLASH-seq	single	111	TEC	2419	619003
FLASH-seq	single	111	TranscribedProcessedPseudogene	1370	619003
FLASH-seq	single	111	TranscribedUnitaryPseudogene	83	619003
FLASH-seq	single	111	TranscribedUnprocessedPseudogene	405	619003
FLASH-seq	single	111	UnitaryPseudogene	37	619003
FLASH-seq	single	111	UnprocessedPseudogene	43	619003
FLASH-seq	single	111	lncRNA	87201	619003
FLASH-seq	single	111	miRNA	2603	619003
FLASH-seq	single	111	rRNA	1	619003
FLASH-seq	single	111	ribozyme	15	619003
FLASH-seq	single	111	scaRNA	3	619003
FLASH-seq	single	111	snRNA	27	619003
FLASH-seq	single	111	snoRNA	233	619003
FLASH-seq	single	111	tRNA	27	619003
FLASH-seq	single	112	IgCGene	3	622071
FLASH-seq	single	112	MiscRna	42	622071
FLASH-seq	single	112	MtRrna	5	622071
FLASH-seq	single	112	MtTrna	131	622071
FLASH-seq	single	112	ProcessedPseudogene	2520	622071
FLASH-seq	single	112	ProteinCoding	609154	622071
FLASH-seq	single	112	TEC	2440	622071
FLASH-seq	single	112	TranscribedProcessedPseudogene	1274	622071
FLASH-seq	single	112	TranscribedUnitaryPseudogene	73	622071
FLASH-seq	single	112	TranscribedUnprocessedPseudogene	418	622071
FLASH-seq	single	112	UnitaryPseudogene	41	622071
FLASH-seq	single	112	UnprocessedPseudogene	44	622071
FLASH-seq	single	112	lncRNA	88541	622071
FLASH-seq	single	112	miRNA	1753	622071
FLASH-seq	single	112	rRNA	5	622071
FLASH-seq	single	112	ribozyme	25	622071
FLASH-seq	single	112	scaRNA	6	622071
FLASH-seq	single	112	snRNA	18	622071
FLASH-seq	single	112	snoRNA	203	622071
FLASH-seq	single	112	tRNA	35	622071
FLASH-seq	single	113	MiscRna	60	620223
FLASH-seq	single	113	MtRrna	11	620223
FLASH-seq	single	113	MtTrna	127	620223
FLASH-seq	single	113	ProcessedPseudogene	2365	620223
FLASH-seq	single	113	ProteinCoding	607256	620223
FLASH-seq	single	113	TEC	2758	620223
FLASH-seq	single	113	TrVGene	4	620223
FLASH-seq	single	113	TranscribedProcessedPseudogene	1279	620223
FLASH-seq	single	113	TranscribedUnitaryPseudogene	78	620223
FLASH-seq	single	113	TranscribedUnprocessedPseudogene	373	620223
FLASH-seq	single	113	UnitaryPseudogene	55	620223
FLASH-seq	single	113	UnprocessedPseudogene	58	620223
FLASH-seq	single	113	lncRNA	88492	620223
FLASH-seq	single	113	miRNA	2410	620223
FLASH-seq	single	113	rRNA	4	620223
FLASH-seq	single	113	ribozyme	6	620223
FLASH-seq	single	113	scaRNA	1	620223
FLASH-seq	single	113	snRNA	34	620223
FLASH-seq	single	113	snoRNA	258	620223
FLASH-seq	single	113	tRNA	22	620223
FLASH-seq	single	114	MiscRna	45	608265
FLASH-seq	single	114	MtRrna	8	608265
FLASH-seq	single	114	MtTrna	137	608265
FLASH-seq	single	114	ProcessedPseudogene	2494	608265
FLASH-seq	single	114	ProteinCoding	595615	608265
FLASH-seq	single	114	TEC	2354	608265
FLASH-seq	single	114	TranscribedProcessedPseudogene	1426	608265
FLASH-seq	single	114	TranscribedUnitaryPseudogene	82	608265
FLASH-seq	single	114	TranscribedUnprocessedPseudogene	384	608265
FLASH-seq	single	114	UnitaryPseudogene	33	608265
FLASH-seq	single	114	UnprocessedPseudogene	45	608265
FLASH-seq	single	114	lncRNA	86326	608265
FLASH-seq	single	114	miRNA	2087	608265
FLASH-seq	single	114	rRNA	1	608265
FLASH-seq	single	114	ribozyme	3	608265
FLASH-seq	single	114	scaRNA	5	608265
FLASH-seq	single	114	snRNA	23	608265
FLASH-seq	single	114	snoRNA	240	608265
FLASH-seq	single	114	tRNA	28	608265
FLASH-seq	single	115	MiscRna	50	597873
FLASH-seq	single	115	MtRrna	21	597873
FLASH-seq	single	115	MtTrna	99	597873
FLASH-seq	single	115	ProcessedPseudogene	2585	597873
FLASH-seq	single	115	ProteinCoding	585314	597873
FLASH-seq	single	115	TEC	4093	597873
FLASH-seq	single	115	TranscribedProcessedPseudogene	1290	597873
FLASH-seq	single	115	TranscribedUnitaryPseudogene	76	597873
FLASH-seq	single	115	TranscribedUnprocessedPseudogene	346	597873
FLASH-seq	single	115	UnitaryPseudogene	47	597873
FLASH-seq	single	115	UnprocessedPseudogene	53	597873
FLASH-seq	single	115	lncRNA	85425	597873
FLASH-seq	single	115	miRNA	2026	597873
FLASH-seq	single	115	ribozyme	6	597873
FLASH-seq	single	115	scaRNA	12	597873
FLASH-seq	single	115	snRNA	12	597873
FLASH-seq	single	115	snoRNA	225	597873
FLASH-seq	single	115	tRNA	24	597873
FLASH-seq	single	116	IgVGene	1	597548
FLASH-seq	single	116	MiscRna	65	597548
FLASH-seq	single	116	MtRrna	2	597548
FLASH-seq	single	116	MtTrna	85	597548
FLASH-seq	single	116	ProcessedPseudogene	2582	597548
FLASH-seq	single	116	ProteinCoding	585113	597548
FLASH-seq	single	116	TEC	2728	597548
FLASH-seq	single	116	TranscribedProcessedPseudogene	1458	597548
FLASH-seq	single	116	TranscribedUnitaryPseudogene	81	597548
FLASH-seq	single	116	TranscribedUnprocessedPseudogene	333	597548
FLASH-seq	single	116	UnitaryPseudogene	18	597548
FLASH-seq	single	116	UnprocessedPseudogene	73	597548
FLASH-seq	single	116	lncRNA	84788	597548
FLASH-seq	single	116	miRNA	2271	597548
FLASH-seq	single	116	rRNA	2	597548
FLASH-seq	single	116	ribozyme	6	597548
FLASH-seq	single	116	scaRNA	6	597548
FLASH-seq	single	116	snRNA	11	597548
FLASH-seq	single	116	snoRNA	221	597548
FLASH-seq	single	116	tRNA	17	597548
FLASH-seq	single	117	MiscRna	52	600843
FLASH-seq	single	117	MtRrna	3	600843
FLASH-seq	single	117	MtTrna	65	600843
FLASH-seq	single	117	ProcessedPseudogene	2458	600843
FLASH-seq	single	117	ProteinCoding	587494	600843
FLASH-seq	single	117	TEC	2796	600843
FLASH-seq	single	117	TranscribedProcessedPseudogene	1370	600843
FLASH-seq	single	117	TranscribedUnitaryPseudogene	96	600843
FLASH-seq	single	117	TranscribedUnprocessedPseudogene	379	600843
FLASH-seq	single	117	UnitaryPseudogene	35	600843
FLASH-seq	single	117	UnprocessedPseudogene	45	600843
FLASH-seq	single	117	lncRNA	85392	600843
FLASH-seq	single	117	miRNA	2473	600843
FLASH-seq	single	117	ribozyme	14	600843
FLASH-seq	single	117	scaRNA	4	600843
FLASH-seq	single	117	snRNA	12	600843
FLASH-seq	single	117	snoRNA	223	600843
FLASH-seq	single	117	tRNA	35	600843
FLASH-seq	single	118	IgCGene	2	599212
FLASH-seq	single	118	MiscRna	61	599212
FLASH-seq	single	118	MtRrna	10	599212
FLASH-seq	single	118	MtTrna	83	599212
FLASH-seq	single	118	ProcessedPseudogene	2587	599212
FLASH-seq	single	118	ProteinCoding	586625	599212
FLASH-seq	single	118	TEC	3471	599212
FLASH-seq	single	118	TranscribedProcessedPseudogene	1478	599212
FLASH-seq	single	118	TranscribedUnitaryPseudogene	78	599212
FLASH-seq	single	118	TranscribedUnprocessedPseudogene	325	599212
FLASH-seq	single	118	UnitaryPseudogene	25	599212
FLASH-seq	single	118	UnprocessedPseudogene	55	599212
FLASH-seq	single	118	lncRNA	84043	599212
FLASH-seq	single	118	miRNA	2237	599212
FLASH-seq	single	118	pseudogene	1	599212
FLASH-seq	single	118	rRNA	1	599212
FLASH-seq	single	118	ribozyme	10	599212
FLASH-seq	single	118	scaRNA	6	599212
FLASH-seq	single	118	snRNA	21	599212
FLASH-seq	single	118	snoRNA	229	599212
FLASH-seq	single	118	tRNA	16	599212
FLASH-seq	single	119	IgVGene	2	605822
FLASH-seq	single	119	MiscRna	70	605822
FLASH-seq	single	119	MtRrna	19	605822
FLASH-seq	single	119	MtTrna	120	605822
FLASH-seq	single	119	ProcessedPseudogene	2436	605822
FLASH-seq	single	119	ProteinCoding	592892	605822
FLASH-seq	single	119	TEC	2257	605822
FLASH-seq	single	119	TranscribedProcessedPseudogene	1442	605822
FLASH-seq	single	119	TranscribedUnitaryPseudogene	70	605822
FLASH-seq	single	119	TranscribedUnprocessedPseudogene	387	605822
FLASH-seq	single	119	UnitaryPseudogene	24	605822
FLASH-seq	single	119	UnprocessedPseudogene	68	605822
FLASH-seq	single	119	lncRNA	87769	605822
FLASH-seq	single	119	miRNA	2675	605822
FLASH-seq	single	119	rRNA	1	605822
FLASH-seq	single	119	ribozyme	8	605822
FLASH-seq	single	119	scaRNA	11	605822
FLASH-seq	single	119	snRNA	8	605822
FLASH-seq	single	119	snoRNA	215	605822
FLASH-seq	single	119	tRNA	26	605822
FLASH-seq	single	120	MiscRna	62	611624
FLASH-seq	single	120	MtRrna	17	611624
FLASH-seq	single	120	MtTrna	139	611624
FLASH-seq	single	120	ProcessedPseudogene	2155	611624
FLASH-seq	single	120	ProteinCoding	599797	611624
FLASH-seq	single	120	TEC	2577	611624
FLASH-seq	single	120	TranscribedProcessedPseudogene	1205	611624
FLASH-seq	single	120	TranscribedUnitaryPseudogene	87	611624
FLASH-seq	single	120	TranscribedUnprocessedPseudogene	405	611624
FLASH-seq	single	120	UnitaryPseudogene	23	611624
FLASH-seq	single	120	UnprocessedPseudogene	52	611624
FLASH-seq	single	120	lncRNA	87740	611624
FLASH-seq	single	120	miRNA	2072	611624
FLASH-seq	single	120	ribozyme	11	611624
FLASH-seq	single	120	snRNA	47	611624
FLASH-seq	single	120	snoRNA	255	611624
FLASH-seq	single	120	tRNA	35	611624
FLASH-seq	single	121	MiscRna	59	615595
FLASH-seq	single	121	MtRrna	15	615595
FLASH-seq	single	121	MtTrna	94	615595
FLASH-seq	single	121	ProcessedPseudogene	2341	615595
FLASH-seq	single	121	ProteinCoding	602866	615595
FLASH-seq	single	121	TEC	2485	615595
FLASH-seq	single	121	TranscribedProcessedPseudogene	1398	615595
FLASH-seq	single	121	TranscribedUnitaryPseudogene	69	615595
FLASH-seq	single	121	TranscribedUnprocessedPseudogene	390	615595
FLASH-seq	single	121	UnitaryPseudogene	40	615595
FLASH-seq	single	121	UnprocessedPseudogene	57	615595
FLASH-seq	single	121	lncRNA	88253	615595
FLASH-seq	single	121	miRNA	2525	615595
FLASH-seq	single	121	rRNA	2	615595
FLASH-seq	single	121	ribozyme	9	615595
FLASH-seq	single	121	scaRNA	1	615595
FLASH-seq	single	121	snRNA	20	615595
FLASH-seq	single	121	snoRNA	221	615595
FLASH-seq	single	121	tRNA	20	615595
FLASH-seq	single	122	IgVGene	1	621037
FLASH-seq	single	122	MiscRna	73	621037
FLASH-seq	single	122	MtRrna	2	621037
FLASH-seq	single	122	MtTrna	75	621037
FLASH-seq	single	122	ProcessedPseudogene	2394	621037
FLASH-seq	single	122	ProteinCoding	607811	621037
FLASH-seq	single	122	TEC	2438	621037
FLASH-seq	single	122	TranscribedProcessedPseudogene	1373	621037
FLASH-seq	single	122	TranscribedUnitaryPseudogene	97	621037
FLASH-seq	single	122	TranscribedUnprocessedPseudogene	399	621037
FLASH-seq	single	122	UnitaryPseudogene	39	621037
FLASH-seq	single	122	UnprocessedPseudogene	86	621037
FLASH-seq	single	122	lncRNA	88250	621037
FLASH-seq	single	122	miRNA	2210	621037
FLASH-seq	single	122	rRNA	3	621037
FLASH-seq	single	122	ribozyme	8	621037
FLASH-seq	single	122	scaRNA	7	621037
FLASH-seq	single	122	snRNA	13	621037
FLASH-seq	single	122	snoRNA	232	621037
FLASH-seq	single	122	tRNA	29	621037
FLASH-seq	single	123	IgVGene	5	623275
FLASH-seq	single	123	MiscRna	58	623275
FLASH-seq	single	123	MtRrna	11	623275
FLASH-seq	single	123	MtTrna	136	623275
FLASH-seq	single	123	ProcessedPseudogene	2610	623275
FLASH-seq	single	123	ProteinCoding	610079	623275
FLASH-seq	single	123	TEC	3274	623275
FLASH-seq	single	123	TranscribedProcessedPseudogene	1401	623275
FLASH-seq	single	123	TranscribedUnitaryPseudogene	58	623275
FLASH-seq	single	123	TranscribedUnprocessedPseudogene	362	623275
FLASH-seq	single	123	UnitaryPseudogene	22	623275
FLASH-seq	single	123	UnprocessedPseudogene	69	623275
FLASH-seq	single	123	lncRNA	86939	623275
FLASH-seq	single	123	miRNA	2145	623275
FLASH-seq	single	123	ribozyme	10	623275
FLASH-seq	single	123	scaRNA	10	623275
FLASH-seq	single	123	snRNA	10	623275
FLASH-seq	single	123	snoRNA	315	623275
FLASH-seq	single	123	tRNA	29	623275
FLASH-seq	single	124	MiscRna	68	619048
FLASH-seq	single	124	MtTrna	121	619048
FLASH-seq	single	124	ProcessedPseudogene	2479	619048
FLASH-seq	single	124	ProteinCoding	605952	619048
FLASH-seq	single	124	TEC	2878	619048
FLASH-seq	single	124	TranscribedProcessedPseudogene	1322	619048
FLASH-seq	single	124	TranscribedUnitaryPseudogene	77	619048
FLASH-seq	single	124	TranscribedUnprocessedPseudogene	379	619048
FLASH-seq	single	124	UnitaryPseudogene	37	619048
FLASH-seq	single	124	UnprocessedPseudogene	57	619048
FLASH-seq	single	124	lncRNA	89005	619048
FLASH-seq	single	124	miRNA	3292	619048
FLASH-seq	single	124	ribozyme	19	619048
FLASH-seq	single	124	scaRNA	14	619048
FLASH-seq	single	124	snRNA	22	619048
FLASH-seq	single	124	snoRNA	232	619048
FLASH-seq	single	124	tRNA	51	619048
FLASH-seq	single	125	IgVGene	2	614971
FLASH-seq	single	125	MiscRna	50	614971
FLASH-seq	single	125	MtRrna	1	614971
FLASH-seq	single	125	MtTrna	165	614971
FLASH-seq	single	125	ProcessedPseudogene	2457	614971
FLASH-seq	single	125	ProteinCoding	601086	614971
FLASH-seq	single	125	TEC	3071	614971
FLASH-seq	single	125	TranscribedProcessedPseudogene	1148	614971
FLASH-seq	single	125	TranscribedUnitaryPseudogene	62	614971
FLASH-seq	single	125	TranscribedUnprocessedPseudogene	380	614971
FLASH-seq	single	125	UnitaryPseudogene	32	614971
FLASH-seq	single	125	UnprocessedPseudogene	63	614971
FLASH-seq	single	125	lncRNA	88941	614971
FLASH-seq	single	125	miRNA	2295	614971
FLASH-seq	single	125	rRNA	2	614971
FLASH-seq	single	125	ribozyme	13	614971
FLASH-seq	single	125	snRNA	19	614971
FLASH-seq	single	125	snoRNA	220	614971
FLASH-seq	single	125	tRNA	33	614971
FLASH-seq	single	126	MiscRna	65	613637
FLASH-seq	single	126	MtRrna	1	613637
FLASH-seq	single	126	MtTrna	88	613637
FLASH-seq	single	126	ProcessedPseudogene	2602	613637
FLASH-seq	single	126	ProteinCoding	600124	613637
FLASH-seq	single	126	TEC	3106	613637
FLASH-seq	single	126	TranscribedProcessedPseudogene	1807	613637
FLASH-seq	single	126	TranscribedUnitaryPseudogene	82	613637
FLASH-seq	single	126	TranscribedUnprocessedPseudogene	312	613637
FLASH-seq	single	126	UnitaryPseudogene	30	613637
FLASH-seq	single	126	UnprocessedPseudogene	56	613637
FLASH-seq	single	126	lncRNA	88439	613637
FLASH-seq	single	126	miRNA	2865	613637
FLASH-seq	single	126	ribozyme	2	613637
FLASH-seq	single	126	scaRNA	16	613637
FLASH-seq	single	126	snRNA	22	613637
FLASH-seq	single	126	snoRNA	170	613637
FLASH-seq	single	126	tRNA	22	613637
FLASH-seq	single	127	IgCGene	1	609459
FLASH-seq	single	127	MiscRna	74	609459
FLASH-seq	single	127	MtRrna	16	609459
FLASH-seq	single	127	MtTrna	85	609459
FLASH-seq	single	127	ProcessedPseudogene	2536	609459
FLASH-seq	single	127	ProteinCoding	595881	609459
FLASH-seq	single	127	TEC	2576	609459
FLASH-seq	single	127	TrCGene	1	609459
FLASH-seq	single	127	TranscribedProcessedPseudogene	1322	609459
FLASH-seq	single	127	TranscribedUnitaryPseudogene	97	609459
FLASH-seq	single	127	TranscribedUnprocessedPseudogene	371	609459
FLASH-seq	single	127	TranslatedUnprocessedPseudogene	3	609459
FLASH-seq	single	127	UnitaryPseudogene	34	609459
FLASH-seq	single	127	UnprocessedPseudogene	43	609459
FLASH-seq	single	127	lncRNA	89187	609459
FLASH-seq	single	127	miRNA	1896	609459
FLASH-seq	single	127	rRNA	1	609459
FLASH-seq	single	127	ribozyme	9	609459
FLASH-seq	single	127	scaRNA	2	609459
FLASH-seq	single	127	snRNA	11	609459
FLASH-seq	single	127	snoRNA	215	609459
FLASH-seq	single	127	tRNA	33	609459
FLASH-seq	single	128	MiscRna	42	607767
FLASH-seq	single	128	MtRrna	6	607767
FLASH-seq	single	128	MtTrna	86	607767
FLASH-seq	single	128	ProcessedPseudogene	2854	607767
FLASH-seq	single	128	ProteinCoding	595076	607767
FLASH-seq	single	128	TEC	2726	607767
FLASH-seq	single	128	TranscribedProcessedPseudogene	1457	607767
FLASH-seq	single	128	TranscribedUnitaryPseudogene	76	607767
FLASH-seq	single	128	TranscribedUnprocessedPseudogene	345	607767
FLASH-seq	single	128	UnitaryPseudogene	20	607767
FLASH-seq	single	128	UnprocessedPseudogene	47	607767
FLASH-seq	single	128	lncRNA	86237	607767
FLASH-seq	single	128	miRNA	2285	607767
FLASH-seq	single	128	ribozyme	15	607767
FLASH-seq	single	128	scaRNA	5	607767
FLASH-seq	single	128	snRNA	31	607767
FLASH-seq	single	128	snoRNA	226	607767
FLASH-seq	single	128	tRNA	28	607767
FLASH-seq	single	129	IgCGene	1	612081
FLASH-seq	single	129	MiscRna	35	612081
FLASH-seq	single	129	MtRrna	21	612081
FLASH-seq	single	129	MtTrna	114	612081
FLASH-seq	single	129	ProcessedPseudogene	2457	612081
FLASH-seq	single	129	ProteinCoding	599308	612081
FLASH-seq	single	129	TEC	2684	612081
FLASH-seq	single	129	TranscribedProcessedPseudogene	1427	612081
FLASH-seq	single	129	TranscribedUnitaryPseudogene	93	612081
FLASH-seq	single	129	TranscribedUnprocessedPseudogene	397	612081
FLASH-seq	single	129	UnitaryPseudogene	39	612081
FLASH-seq	single	129	UnprocessedPseudogene	46	612081
FLASH-seq	single	129	lncRNA	87627	612081
FLASH-seq	single	129	miRNA	4776	612081
FLASH-seq	single	129	rRNA	1	612081
FLASH-seq	single	129	ribozyme	8	612081
FLASH-seq	single	129	scaRNA	8	612081
FLASH-seq	single	129	snRNA	11	612081
FLASH-seq	single	129	snoRNA	217	612081
FLASH-seq	single	129	tRNA	29	612081
FLASH-seq	single	130	IgVGene	2	609878
FLASH-seq	single	130	MiscRna	20	609878
FLASH-seq	single	130	MtRrna	2	609878
FLASH-seq	single	130	MtTrna	128	609878
FLASH-seq	single	130	ProcessedPseudogene	2552	609878
FLASH-seq	single	130	ProteinCoding	596917	609878
FLASH-seq	single	130	TEC	2780	609878
FLASH-seq	single	130	TranscribedProcessedPseudogene	1198	609878
FLASH-seq	single	130	TranscribedUnitaryPseudogene	89	609878
FLASH-seq	single	130	TranscribedUnprocessedPseudogene	411	609878
FLASH-seq	single	130	UnitaryPseudogene	39	609878
FLASH-seq	single	130	UnprocessedPseudogene	51	609878
FLASH-seq	single	130	lncRNA	91461	609878
FLASH-seq	single	130	miRNA	2453	609878
FLASH-seq	single	130	ribozyme	11	609878
FLASH-seq	single	130	scaRNA	4	609878
FLASH-seq	single	130	snRNA	47	609878
FLASH-seq	single	130	snoRNA	275	609878
FLASH-seq	single	130	tRNA	30	609878
FLASH-seq	single	131	IgVGene	1	613501
FLASH-seq	single	131	MiscRna	58	613501
FLASH-seq	single	131	MtRrna	4	613501
FLASH-seq	single	131	MtTrna	125	613501
FLASH-seq	single	131	ProcessedPseudogene	2749	613501
FLASH-seq	single	131	ProteinCoding	600622	613501
FLASH-seq	single	131	TEC	2654	613501
FLASH-seq	single	131	TrVGene	1	613501
FLASH-seq	single	131	TranscribedProcessedPseudogene	1467	613501
FLASH-seq	single	131	TranscribedUnitaryPseudogene	75	613501
FLASH-seq	single	131	TranscribedUnprocessedPseudogene	426	613501
FLASH-seq	single	131	UnitaryPseudogene	26	613501
FLASH-seq	single	131	UnprocessedPseudogene	60	613501
FLASH-seq	single	131	lncRNA	89321	613501
FLASH-seq	single	131	miRNA	2389	613501
FLASH-seq	single	131	rRNA	2	613501
FLASH-seq	single	131	ribozyme	14	613501
FLASH-seq	single	131	scaRNA	7	613501
FLASH-seq	single	131	snRNA	18	613501
FLASH-seq	single	131	snoRNA	212	613501
FLASH-seq	single	131	tRNA	28	613501
FLASH-seq	single	132	IgCGene	2	624269
FLASH-seq	single	132	IgVGene	1	624269
FLASH-seq	single	132	MiscRna	76	624269
FLASH-seq	single	132	MtRrna	4	624269
FLASH-seq	single	132	MtTrna	149	624269
FLASH-seq	single	132	ProcessedPseudogene	2741	624269
FLASH-seq	single	132	ProteinCoding	610840	624269
FLASH-seq	single	132	TEC	2804	624269
FLASH-seq	single	132	TranscribedProcessedPseudogene	1147	624269
FLASH-seq	single	132	TranscribedUnitaryPseudogene	87	624269
FLASH-seq	single	132	TranscribedUnprocessedPseudogene	383	624269
FLASH-seq	single	132	UnitaryPseudogene	32	624269
FLASH-seq	single	132	UnprocessedPseudogene	37	624269
FLASH-seq	single	132	lncRNA	88880	624269
FLASH-seq	single	132	miRNA	2392	624269
FLASH-seq	single	132	rRNA	2	624269
FLASH-seq	single	132	ribozyme	7	624269
FLASH-seq	single	132	scaRNA	6	624269
FLASH-seq	single	132	snRNA	18	624269
FLASH-seq	single	132	snoRNA	232	624269
FLASH-seq	single	132	tRNA	50	624269
FLASH-seq	single	133	IgVGene	2	632905
FLASH-seq	single	133	MiscRna	88	632905
FLASH-seq	single	133	MtRrna	5	632905
FLASH-seq	single	133	MtTrna	118	632905
FLASH-seq	single	133	ProcessedPseudogene	2925	632905
FLASH-seq	single	133	ProteinCoding	618737	632905
FLASH-seq	single	133	TEC	3116	632905
FLASH-seq	single	133	TranscribedProcessedPseudogene	1374	632905
FLASH-seq	single	133	TranscribedUnitaryPseudogene	78	632905
FLASH-seq	single	133	TranscribedUnprocessedPseudogene	413	632905
FLASH-seq	single	133	UnitaryPseudogene	29	632905
FLASH-seq	single	133	UnprocessedPseudogene	39	632905
FLASH-seq	single	133	lncRNA	90366	632905
FLASH-seq	single	133	miRNA	2501	632905
FLASH-seq	single	133	rRNA	3	632905
FLASH-seq	single	133	ribozyme	8	632905
FLASH-seq	single	133	scaRNA	5	632905
FLASH-seq	single	133	snRNA	20	632905
FLASH-seq	single	133	snoRNA	262	632905
FLASH-seq	single	133	tRNA	51	632905
FLASH-seq	single	134	IgVGene	1	629228
FLASH-seq	single	134	MiscRna	43	629228
FLASH-seq	single	134	MtRrna	5	629228
FLASH-seq	single	134	MtTrna	88	629228
FLASH-seq	single	134	ProcessedPseudogene	2719	629228
FLASH-seq	single	134	ProteinCoding	615725	629228
FLASH-seq	single	134	TEC	3446	629228
FLASH-seq	single	134	TranscribedProcessedPseudogene	1361	629228
FLASH-seq	single	134	TranscribedUnitaryPseudogene	84	629228
FLASH-seq	single	134	TranscribedUnprocessedPseudogene	333	629228
FLASH-seq	single	134	UnitaryPseudogene	42	629228
FLASH-seq	single	134	UnprocessedPseudogene	51	629228
FLASH-seq	single	134	lncRNA	90083	629228
FLASH-seq	single	134	miRNA	2935	629228
FLASH-seq	single	134	ribozyme	6	629228
FLASH-seq	single	134	scaRNA	3	629228
FLASH-seq	single	134	snRNA	23	629228
FLASH-seq	single	134	snoRNA	206	629228
FLASH-seq	single	134	tRNA	24	629228
FLASH-seq	single	135	IgVGene	2	624879
FLASH-seq	single	135	MiscRna	77	624879
FLASH-seq	single	135	MtRrna	7	624879
FLASH-seq	single	135	MtTrna	127	624879
FLASH-seq	single	135	ProcessedPseudogene	2768	624879
FLASH-seq	single	135	ProteinCoding	610781	624879
FLASH-seq	single	135	TEC	2953	624879
FLASH-seq	single	135	TrCGene	2	624879
FLASH-seq	single	135	TrVGene	1	624879
FLASH-seq	single	135	TranscribedProcessedPseudogene	1351	624879
FLASH-seq	single	135	TranscribedUnitaryPseudogene	73	624879
FLASH-seq	single	135	TranscribedUnprocessedPseudogene	412	624879
FLASH-seq	single	135	UnitaryPseudogene	23	624879
FLASH-seq	single	135	UnprocessedPseudogene	49	624879
FLASH-seq	single	135	lncRNA	92086	624879
FLASH-seq	single	135	miRNA	2696	624879
FLASH-seq	single	135	rRNA	5	624879
FLASH-seq	single	135	ribozyme	11	624879
FLASH-seq	single	135	sRNA	2	624879
FLASH-seq	single	135	scaRNA	8	624879
FLASH-seq	single	135	snRNA	31	624879
FLASH-seq	single	135	snoRNA	295	624879
FLASH-seq	single	135	tRNA	23	624879
FLASH-seq	single	136	MiscRna	52	615771
FLASH-seq	single	136	MtRrna	6	615771
FLASH-seq	single	136	MtTrna	127	615771
FLASH-seq	single	136	ProcessedPseudogene	2928	615771
FLASH-seq	single	136	ProteinCoding	602097	615771
FLASH-seq	single	136	TEC	3450	615771
FLASH-seq	single	136	TranscribedProcessedPseudogene	1374	615771
FLASH-seq	single	136	TranscribedUnitaryPseudogene	93	615771
FLASH-seq	single	136	TranscribedUnprocessedPseudogene	387	615771
FLASH-seq	single	136	UnitaryPseudogene	25	615771
FLASH-seq	single	136	UnprocessedPseudogene	55	615771
FLASH-seq	single	136	lncRNA	89694	615771
FLASH-seq	single	136	miRNA	2431	615771
FLASH-seq	single	136	ribozyme	5	615771
FLASH-seq	single	136	scaRNA	6	615771
FLASH-seq	single	136	snRNA	22	615771
FLASH-seq	single	136	snoRNA	245	615771
FLASH-seq	single	136	tRNA	32	615771
FLASH-seq	single	137	MiscRna	37	606097
FLASH-seq	single	137	MtTrna	125	606097
FLASH-seq	single	137	ProcessedPseudogene	2591	606097
FLASH-seq	single	137	ProteinCoding	592174	606097
FLASH-seq	single	137	TEC	2691	606097
FLASH-seq	single	137	TranscribedProcessedPseudogene	1478	606097
FLASH-seq	single	137	TranscribedUnitaryPseudogene	61	606097
FLASH-seq	single	137	TranscribedUnprocessedPseudogene	371	606097
FLASH-seq	single	137	UnitaryPseudogene	25	606097
FLASH-seq	single	137	UnprocessedPseudogene	71	606097
FLASH-seq	single	137	lncRNA	90466	606097
FLASH-seq	single	137	miRNA	2370	606097
FLASH-seq	single	137	rRNA	10	606097
FLASH-seq	single	137	ribozyme	16	606097
FLASH-seq	single	137	scaRNA	2	606097
FLASH-seq	single	137	snRNA	22	606097
FLASH-seq	single	137	snoRNA	192	606097
FLASH-seq	single	137	tRNA	40	606097
FLASH-seq	single	138	IgVGene	4	605479
FLASH-seq	single	138	MiscRna	63	605479
FLASH-seq	single	138	MtRrna	3	605479
FLASH-seq	single	138	MtTrna	103	605479
FLASH-seq	single	138	ProcessedPseudogene	2840	605479
FLASH-seq	single	138	ProteinCoding	592368	605479
FLASH-seq	single	138	TEC	2421	605479
FLASH-seq	single	138	TranscribedProcessedPseudogene	1232	605479
FLASH-seq	single	138	TranscribedUnitaryPseudogene	63	605479
FLASH-seq	single	138	TranscribedUnprocessedPseudogene	334	605479
FLASH-seq	single	138	UnitaryPseudogene	30	605479
FLASH-seq	single	138	UnprocessedPseudogene	44	605479
FLASH-seq	single	138	lncRNA	88682	605479
FLASH-seq	single	138	miRNA	3137	605479
FLASH-seq	single	138	ribozyme	13	605479
FLASH-seq	single	138	scaRNA	2	605479
FLASH-seq	single	138	snRNA	16	605479
FLASH-seq	single	138	snoRNA	224	605479
FLASH-seq	single	138	tRNA	35	605479
FLASH-seq	single	139	IgVPseudogene	1	605543
FLASH-seq	single	139	MiscRna	37	605543
FLASH-seq	single	139	MtTrna	87	605543
FLASH-seq	single	139	ProcessedPseudogene	2773	605543
FLASH-seq	single	139	ProteinCoding	592906	605543
FLASH-seq	single	139	TEC	2993	605543
FLASH-seq	single	139	TranscribedProcessedPseudogene	1188	605543
FLASH-seq	single	139	TranscribedUnitaryPseudogene	91	605543
FLASH-seq	single	139	TranscribedUnprocessedPseudogene	392	605543
FLASH-seq	single	139	UnitaryPseudogene	40	605543
FLASH-seq	single	139	UnprocessedPseudogene	57	605543
FLASH-seq	single	139	lncRNA	87282	605543
FLASH-seq	single	139	miRNA	2106	605543
FLASH-seq	single	139	rRNA	3	605543
FLASH-seq	single	139	ribozyme	13	605543
FLASH-seq	single	139	scaRNA	6	605543
FLASH-seq	single	139	snRNA	19	605543
FLASH-seq	single	139	snoRNA	236	605543
FLASH-seq	single	139	tRNA	28	605543
FLASH-seq	single	140	IgVGene	2	611904
FLASH-seq	single	140	MiscRna	44	611904
FLASH-seq	single	140	MtRrna	8	611904
FLASH-seq	single	140	MtTrna	69	611904
FLASH-seq	single	140	ProcessedPseudogene	2812	611904
FLASH-seq	single	140	ProteinCoding	599266	611904
FLASH-seq	single	140	TEC	2691	611904
FLASH-seq	single	140	TranscribedProcessedPseudogene	1248	611904
FLASH-seq	single	140	TranscribedUnitaryPseudogene	92	611904
FLASH-seq	single	140	TranscribedUnprocessedPseudogene	441	611904
FLASH-seq	single	140	UnitaryPseudogene	44	611904
FLASH-seq	single	140	UnprocessedPseudogene	55	611904
FLASH-seq	single	140	lncRNA	90851	611904
FLASH-seq	single	140	miRNA	3112	611904
FLASH-seq	single	140	pseudogene	1	611904
FLASH-seq	single	140	ribozyme	9	611904
FLASH-seq	single	140	scaRNA	2	611904
FLASH-seq	single	140	snRNA	24	611904
FLASH-seq	single	140	snoRNA	235	611904
FLASH-seq	single	140	tRNA	27	611904
FLASH-seq	single	141	MiscRna	77	621946
FLASH-seq	single	141	MtRrna	5	621946
FLASH-seq	single	141	MtTrna	84	621946
FLASH-seq	single	141	ProcessedPseudogene	3056	621946
FLASH-seq	single	141	ProteinCoding	608629	621946
FLASH-seq	single	141	TEC	4302	621946
FLASH-seq	single	141	TranscribedProcessedPseudogene	1471	621946
FLASH-seq	single	141	TranscribedUnitaryPseudogene	77	621946
FLASH-seq	single	141	TranscribedUnprocessedPseudogene	398	621946
FLASH-seq	single	141	UnitaryPseudogene	20	621946
FLASH-seq	single	141	UnprocessedPseudogene	32	621946
FLASH-seq	single	141	lncRNA	89093	621946
FLASH-seq	single	141	miRNA	2566	621946
FLASH-seq	single	141	rRNA	1	621946
FLASH-seq	single	141	ribozyme	16	621946
FLASH-seq	single	141	scaRNA	11	621946
FLASH-seq	single	141	snRNA	24	621946
FLASH-seq	single	141	snoRNA	274	621946
FLASH-seq	single	141	tRNA	25	621946
FLASH-seq	single	142	MiscRna	53	618712
FLASH-seq	single	142	MtRrna	7	618712
FLASH-seq	single	142	MtTrna	117	618712
FLASH-seq	single	142	ProcessedPseudogene	3193	618712
FLASH-seq	single	142	ProteinCoding	605549	618712
FLASH-seq	single	142	TEC	3335	618712
FLASH-seq	single	142	TranscribedProcessedPseudogene	1509	618712
FLASH-seq	single	142	TranscribedUnitaryPseudogene	70	618712
FLASH-seq	single	142	TranscribedUnprocessedPseudogene	491	618712
FLASH-seq	single	142	UnitaryPseudogene	42	618712
FLASH-seq	single	142	UnprocessedPseudogene	59	618712
FLASH-seq	single	142	lncRNA	89211	618712
FLASH-seq	single	142	miRNA	2429	618712
FLASH-seq	single	142	ribozyme	14	618712
FLASH-seq	single	142	scaRNA	7	618712
FLASH-seq	single	142	snRNA	17	618712
FLASH-seq	single	142	snoRNA	230	618712
FLASH-seq	single	142	tRNA	21	618712
FLASH-seq	single	143	IgVGene	4	622741
FLASH-seq	single	143	MiscRna	61	622741
FLASH-seq	single	143	MtRrna	1	622741
FLASH-seq	single	143	MtTrna	91	622741
FLASH-seq	single	143	ProcessedPseudogene	3039	622741
FLASH-seq	single	143	ProteinCoding	609399	622741
FLASH-seq	single	143	TEC	2898	622741
FLASH-seq	single	143	TranscribedProcessedPseudogene	1604	622741
FLASH-seq	single	143	TranscribedUnitaryPseudogene	67	622741
FLASH-seq	single	143	TranscribedUnprocessedPseudogene	386	622741
FLASH-seq	single	143	UnitaryPseudogene	32	622741
FLASH-seq	single	143	UnprocessedPseudogene	66	622741
FLASH-seq	single	143	lncRNA	91493	622741
FLASH-seq	single	143	miRNA	3094	622741
FLASH-seq	single	143	pseudogene	3	622741
FLASH-seq	single	143	ribozyme	16	622741
FLASH-seq	single	143	scaRNA	2	622741
FLASH-seq	single	143	snRNA	19	622741
FLASH-seq	single	143	snoRNA	195	622741
FLASH-seq	single	143	tRNA	35	622741
FLASH-seq	single	144	MiscRna	45	644383
FLASH-seq	single	144	MtRrna	9	644383
FLASH-seq	single	144	MtTrna	92	644383
FLASH-seq	single	144	ProcessedPseudogene	3085	644383
FLASH-seq	single	144	ProteinCoding	630566	644383
FLASH-seq	single	144	TEC	3064	644383
FLASH-seq	single	144	TranscribedProcessedPseudogene	1500	644383
FLASH-seq	single	144	TranscribedUnitaryPseudogene	73	644383
FLASH-seq	single	144	TranscribedUnprocessedPseudogene	435	644383
FLASH-seq	single	144	TranslatedUnprocessedPseudogene	1	644383
FLASH-seq	single	144	UnitaryPseudogene	44	644383
FLASH-seq	single	144	UnprocessedPseudogene	74	644383
FLASH-seq	single	144	lncRNA	92564	644383
FLASH-seq	single	144	miRNA	2235	644383
FLASH-seq	single	144	rRNA	3	644383
FLASH-seq	single	144	ribozyme	15	644383
FLASH-seq	single	144	scaRNA	7	644383
FLASH-seq	single	144	snRNA	31	644383
FLASH-seq	single	144	snoRNA	237	644383
FLASH-seq	single	144	tRNA	11	644383
FLASH-seq	single	145	IgVGene	2	691171
FLASH-seq	single	145	MiscRna	95	691171
FLASH-seq	single	145	MtRrna	1	691171
FLASH-seq	single	145	MtTrna	98	691171
FLASH-seq	single	145	ProcessedPseudogene	3092	691171
FLASH-seq	single	145	ProteinCoding	676136	691171
FLASH-seq	single	145	TEC	3356	691171
FLASH-seq	single	145	TranscribedProcessedPseudogene	1785	691171
FLASH-seq	single	145	TranscribedUnitaryPseudogene	80	691171
FLASH-seq	single	145	TranscribedUnprocessedPseudogene	511	691171
FLASH-seq	single	145	UnitaryPseudogene	27	691171
FLASH-seq	single	145	UnprocessedPseudogene	115	691171
FLASH-seq	single	145	lncRNA	101055	691171
FLASH-seq	single	145	miRNA	2320	691171
FLASH-seq	single	145	rRNA	6	691171
FLASH-seq	single	145	ribozyme	19	691171
FLASH-seq	single	145	scaRNA	4	691171
FLASH-seq	single	145	snRNA	26	691171
FLASH-seq	single	145	snoRNA	216	691171
FLASH-seq	single	145	tRNA	25	691171
FLASH-seq	single	146	MiscRna	73	805705
FLASH-seq	single	146	MtTrna	115	805705
FLASH-seq	single	146	ProcessedPseudogene	3844	805705
FLASH-seq	single	146	ProteinCoding	788149	805705
FLASH-seq	single	146	TEC	4028	805705
FLASH-seq	single	146	TranscribedProcessedPseudogene	2056	805705
FLASH-seq	single	146	TranscribedUnitaryPseudogene	119	805705
FLASH-seq	single	146	TranscribedUnprocessedPseudogene	511	805705
FLASH-seq	single	146	UnitaryPseudogene	35	805705
FLASH-seq	single	146	UnprocessedPseudogene	70	805705
FLASH-seq	single	146	lncRNA	114802	805705
FLASH-seq	single	146	miRNA	2397	805705
FLASH-seq	single	146	pseudogene	1	805705
FLASH-seq	single	146	rRNA	7	805705
FLASH-seq	single	146	ribozyme	18	805705
FLASH-seq	single	146	scaRNA	6	805705
FLASH-seq	single	146	snRNA	20	805705
FLASH-seq	single	146	snoRNA	307	805705
FLASH-seq	single	146	tRNA	18	805705
FLASH-seq	single	147	IgVGene	2	1328924
FLASH-seq	single	147	MiscRna	130	1328924
FLASH-seq	single	147	MtRrna	4	1328924
FLASH-seq	single	147	MtTrna	142	1328924
FLASH-seq	single	147	ProcessedPseudogene	6344	1328924
FLASH-seq	single	147	ProteinCoding	1303335	1328924
FLASH-seq	single	147	TEC	6444	1328924
FLASH-seq	single	147	TranscribedProcessedPseudogene	2999	1328924
FLASH-seq	single	147	TranscribedUnitaryPseudogene	154	1328924
FLASH-seq	single	147	TranscribedUnprocessedPseudogene	827	1328924
FLASH-seq	single	147	TranslatedUnprocessedPseudogene	2	1328924
FLASH-seq	single	147	UnitaryPseudogene	41	1328924
FLASH-seq	single	147	UnprocessedPseudogene	123	1328924
FLASH-seq	single	147	lncRNA	196376	1328924
FLASH-seq	single	147	miRNA	3275	1328924
FLASH-seq	single	147	rRNA	3	1328924
FLASH-seq	single	147	ribozyme	14	1328924
FLASH-seq	single	147	scaRNA	4	1328924
FLASH-seq	single	147	snRNA	32	1328924
FLASH-seq	single	147	snoRNA	395	1328924
FLASH-seq	single	147	tRNA	19	1328924
FLASH-seq	single	148	IgVGene	3	3586114
FLASH-seq	single	148	MiscRna	316	3586114
FLASH-seq	single	148	MtRrna	8	3586114
FLASH-seq	single	148	MtTrna	269	3586114
FLASH-seq	single	148	ProcessedPseudogene	14370	3586114
FLASH-seq	single	148	ProteinCoding	3527535	3586114
FLASH-seq	single	148	TEC	15056	3586114
FLASH-seq	single	148	TrVGene	1	3586114
FLASH-seq	single	148	TranscribedProcessedPseudogene	7842	3586114
FLASH-seq	single	148	TranscribedUnitaryPseudogene	434	3586114
FLASH-seq	single	148	TranscribedUnprocessedPseudogene	2044	3586114
FLASH-seq	single	148	TranslatedUnprocessedPseudogene	3	3586114
FLASH-seq	single	148	UnitaryPseudogene	118	3586114
FLASH-seq	single	148	UnprocessedPseudogene	273	3586114
FLASH-seq	single	148	lncRNA	509868	3586114
FLASH-seq	single	148	miRNA	13655	3586114
FLASH-seq	single	148	pseudogene	1	3586114
FLASH-seq	single	148	rRNA	1	3586114
FLASH-seq	single	148	ribozyme	29	3586114
FLASH-seq	single	148	scaRNA	22	3586114
FLASH-seq	single	148	snRNA	93	3586114
FLASH-seq	single	148	snoRNA	899	3586114
FLASH-seq	single	148	tRNA	48	3586114
FLASH-seq	single	149	IgCGene	4	8915501
FLASH-seq	single	149	IgVGene	13	8915501
FLASH-seq	single	149	MiscRna	747	8915501
FLASH-seq	single	149	MtRrna	78	8915501
FLASH-seq	single	149	MtTrna	735	8915501
FLASH-seq	single	149	ProcessedPseudogene	38579	8915501
FLASH-seq	single	149	ProteinCoding	8760795	8915501
FLASH-seq	single	149	TEC	47584	8915501
FLASH-seq	single	149	TrCGene	1	8915501
FLASH-seq	single	149	TrVGene	2	8915501
FLASH-seq	single	149	TranscribedProcessedPseudogene	20618	8915501
FLASH-seq	single	149	TranscribedUnitaryPseudogene	1174	8915501
FLASH-seq	single	149	TranscribedUnprocessedPseudogene	5898	8915501
FLASH-seq	single	149	UnitaryPseudogene	379	8915501
FLASH-seq	single	149	UnprocessedPseudogene	809	8915501
FLASH-seq	single	149	lncRNA	1275682	8915501
FLASH-seq	single	149	miRNA	27977	8915501
FLASH-seq	single	149	rRNA	9	8915501
FLASH-seq	single	149	ribozyme	68	8915501
FLASH-seq	single	149	scaRNA	29	8915501
FLASH-seq	single	149	snRNA	175	8915501
FLASH-seq	single	149	snoRNA	2230	8915501
FLASH-seq	single	149	tRNA	155	8915501
FLASH-seq	single	150	IgCGene	6	28010927
FLASH-seq	single	150	IgVGene	40	28010927
FLASH-seq	single	150	IgVPseudogene	3	28010927
FLASH-seq	single	150	MiscRna	2559	28010927
FLASH-seq	single	150	MtRrna	185	28010927
FLASH-seq	single	150	MtTrna	2148	28010927
FLASH-seq	single	150	ProcessedPseudogene	100416	28010927
FLASH-seq	single	150	ProteinCoding	27583196	28010927
FLASH-seq	single	150	TEC	172047	28010927
FLASH-seq	single	150	TrCGene	6	28010927
FLASH-seq	single	150	TrVGene	6	28010927
FLASH-seq	single	150	TranscribedProcessedPseudogene	59404	28010927
FLASH-seq	single	150	TranscribedUnitaryPseudogene	3582	28010927
FLASH-seq	single	150	TranscribedUnprocessedPseudogene	17775	28010927
FLASH-seq	single	150	TranslatedUnprocessedPseudogene	3	28010927
FLASH-seq	single	150	UnitaryPseudogene	1161	28010927
FLASH-seq	single	150	UnprocessedPseudogene	2096	28010927
FLASH-seq	single	150	lncRNA	4020137	28010927
FLASH-seq	single	150	miRNA	129965	28010927
FLASH-seq	single	150	rRNA	26	28010927
FLASH-seq	single	150	ribozyme	280	28010927
FLASH-seq	single	150	scaRNA	113	28010927
FLASH-seq	single	150	snRNA	729	28010927
FLASH-seq	single	150	snoRNA	7003	28010927
FLASH-seq	single	150	tRNA	968	28010927
FLASH-seq	single	151	IgCGene	35	68168338
FLASH-seq	single	151	IgVGene	92	68168338
FLASH-seq	single	151	IgVPseudogene	6	68168338
FLASH-seq	single	151	MiscRna	5740	68168338
FLASH-seq	single	151	MtRrna	206	68168338
FLASH-seq	single	151	MtTrna	6043	68168338
FLASH-seq	single	151	ProcessedPseudogene	245032	68168338
FLASH-seq	single	151	ProteinCoding	67094723	68168338
FLASH-seq	single	151	TEC	393261	68168338
FLASH-seq	single	151	TrCGene	6	68168338
FLASH-seq	single	151	TrVGene	20	68168338
FLASH-seq	single	151	TranscribedProcessedPseudogene	125987	68168338
FLASH-seq	single	151	TranscribedUnitaryPseudogene	8031	68168338
FLASH-seq	single	151	TranscribedUnprocessedPseudogene	43868	68168338
FLASH-seq	single	151	TranslatedUnprocessedPseudogene	4	68168338
FLASH-seq	single	151	UnitaryPseudogene	2662	68168338
FLASH-seq	single	151	UnprocessedPseudogene	5327	68168338
FLASH-seq	single	151	lncRNA	9406367	68168338
FLASH-seq	single	151	miRNA	265062	68168338
FLASH-seq	single	151	pseudogene	21	68168338
FLASH-seq	single	151	rRNA	41	68168338
FLASH-seq	single	151	ribozyme	290	68168338
FLASH-seq	single	151	sRNA	1	68168338
FLASH-seq	single	151	scaRNA	276	68168338
FLASH-seq	single	151	snRNA	1871	68168338
FLASH-seq	single	151	snoRNA	18702	68168338
FLASH-seq	single	151	tRNA	1294	68168338
VASA own, 130 nt	multi	15	IgCGene	10	230534
VASA own, 130 nt	multi	15	IgJGene	1	230534
VASA own, 130 nt	multi	15	IgVGene	20	230534
VASA own, 130 nt	multi	15	IgVPseudogene	16	230534
VASA own, 130 nt	multi	15	MiscRna	947	230534
VASA own, 130 nt	multi	15	MtRrna	19	230534
VASA own, 130 nt	multi	15	MtTrna	7	230534
VASA own, 130 nt	multi	15	ProcessedPseudogene	4875	230534
VASA own, 130 nt	multi	15	ProteinCoding	206949	230534
VASA own, 130 nt	multi	15	TEC	3392	230534
VASA own, 130 nt	multi	15	TrCGene	6	230534
VASA own, 130 nt	multi	15	TrVGene	13	230534
VASA own, 130 nt	multi	15	TrVPseudogene	1	230534
VASA own, 130 nt	multi	15	TranscribedProcessedPseudogene	767	230534
VASA own, 130 nt	multi	15	TranscribedUnitaryPseudogene	795	230534
VASA own, 130 nt	multi	15	TranscribedUnprocessedPseudogene	1164	230534
VASA own, 130 nt	multi	15	TranslatedUnprocessedPseudogene	8	230534
VASA own, 130 nt	multi	15	UnitaryPseudogene	577	230534
VASA own, 130 nt	multi	15	UnprocessedPseudogene	1082	230534
VASA own, 130 nt	multi	15	lncRNA	133223	230534
VASA own, 130 nt	multi	15	miRNA	934	230534
VASA own, 130 nt	multi	15	rRNA	1006	230534
VASA own, 130 nt	multi	15	ribozyme	111	230534
VASA own, 130 nt	multi	15	scaRNA	36	230534
VASA own, 130 nt	multi	15	snRNA	719	230534
VASA own, 130 nt	multi	15	snoRNA	636	230534
VASA own, 130 nt	multi	15	tRNA	161	230534
VASA own, 130 nt	multi	16	IgCGene	8	180133
VASA own, 130 nt	multi	16	IgVGene	9	180133
VASA own, 130 nt	multi	16	IgVPseudogene	8	180133
VASA own, 130 nt	multi	16	MiscRna	1191	180133
VASA own, 130 nt	multi	16	MtRrna	18	180133
VASA own, 130 nt	multi	16	MtTrna	24	180133
VASA own, 130 nt	multi	16	ProcessedPseudogene	3350	180133
VASA own, 130 nt	multi	16	ProteinCoding	155781	180133
VASA own, 130 nt	multi	16	TEC	2026	180133
VASA own, 130 nt	multi	16	TrCGene	2	180133
VASA own, 130 nt	multi	16	TrVGene	11	180133
VASA own, 130 nt	multi	16	TrVPseudogene	1	180133
VASA own, 130 nt	multi	16	TranscribedProcessedPseudogene	864	180133
VASA own, 130 nt	multi	16	TranscribedUnitaryPseudogene	484	180133
VASA own, 130 nt	multi	16	TranscribedUnprocessedPseudogene	915	180133
VASA own, 130 nt	multi	16	TranslatedUnprocessedPseudogene	2	180133
VASA own, 130 nt	multi	16	UnitaryPseudogene	446	180133
VASA own, 130 nt	multi	16	UnprocessedPseudogene	1035	180133
VASA own, 130 nt	multi	16	lncRNA	96202	180133
VASA own, 130 nt	multi	16	miRNA	1099	180133
VASA own, 130 nt	multi	16	rRNA	609	180133
VASA own, 130 nt	multi	16	ribozyme	134	180133
VASA own, 130 nt	multi	16	scaRNA	22	180133
VASA own, 130 nt	multi	16	snRNA	532	180133
VASA own, 130 nt	multi	16	snoRNA	556	180133
VASA own, 130 nt	multi	16	tRNA	148	180133
VASA own, 130 nt	multi	17	IgCGene	10	177780
VASA own, 130 nt	multi	17	IgLvGene	1	177780
VASA own, 130 nt	multi	17	IgVGene	5	177780
VASA own, 130 nt	multi	17	IgVPseudogene	4	177780
VASA own, 130 nt	multi	17	MiscRna	1310	177780
VASA own, 130 nt	multi	17	MtRrna	17	177780
VASA own, 130 nt	multi	17	MtTrna	19	177780
VASA own, 130 nt	multi	17	ProcessedPseudogene	3521	177780
VASA own, 130 nt	multi	17	ProteinCoding	150829	177780
VASA own, 130 nt	multi	17	TEC	1932	177780
VASA own, 130 nt	multi	17	TrCGene	1	177780
VASA own, 130 nt	multi	17	TrVGene	11	177780
VASA own, 130 nt	multi	17	TrVPseudogene	3	177780
VASA own, 130 nt	multi	17	TranscribedProcessedPseudogene	945	177780
VASA own, 130 nt	multi	17	TranscribedUnitaryPseudogene	475	177780
VASA own, 130 nt	multi	17	TranscribedUnprocessedPseudogene	888	177780
VASA own, 130 nt	multi	17	TranslatedUnprocessedPseudogene	1	177780
VASA own, 130 nt	multi	17	UnitaryPseudogene	1152	177780
VASA own, 130 nt	multi	17	UnprocessedPseudogene	1435	177780
VASA own, 130 nt	multi	17	lncRNA	93740	177780
VASA own, 130 nt	multi	17	miRNA	1279	177780
VASA own, 130 nt	multi	17	pseudogene	2	177780
VASA own, 130 nt	multi	17	rRNA	1087	177780
VASA own, 130 nt	multi	17	ribozyme	54	177780
VASA own, 130 nt	multi	17	scaRNA	16	177780
VASA own, 130 nt	multi	17	snRNA	607	177780
VASA own, 130 nt	multi	17	snoRNA	678	177780
VASA own, 130 nt	multi	17	tRNA	342	177780
VASA own, 130 nt	multi	18	IgCGene	3	179122
VASA own, 130 nt	multi	18	IgVGene	7	179122
VASA own, 130 nt	multi	18	IgVPseudogene	3	179122
VASA own, 130 nt	multi	18	MiscRna	1387	179122
VASA own, 130 nt	multi	18	MtRrna	50	179122
VASA own, 130 nt	multi	18	MtTrna	28	179122
VASA own, 130 nt	multi	18	ProcessedPseudogene	3403	179122
VASA own, 130 nt	multi	18	ProteinCoding	146968	179122
VASA own, 130 nt	multi	18	TEC	1826	179122
VASA own, 130 nt	multi	18	TrCGene	3	179122
VASA own, 130 nt	multi	18	TrJGene	1	179122
VASA own, 130 nt	multi	18	TrVGene	15	179122
VASA own, 130 nt	multi	18	TrVPseudogene	3	179122
VASA own, 130 nt	multi	18	TranscribedProcessedPseudogene	965	179122
VASA own, 130 nt	multi	18	TranscribedUnitaryPseudogene	410	179122
VASA own, 130 nt	multi	18	TranscribedUnprocessedPseudogene	1013	179122
VASA own, 130 nt	multi	18	TranslatedUnprocessedPseudogene	1	179122
VASA own, 130 nt	multi	18	UnitaryPseudogene	1160	179122
VASA own, 130 nt	multi	18	UnprocessedPseudogene	1603	179122
VASA own, 130 nt	multi	18	lncRNA	94439	179122
VASA own, 130 nt	multi	18	miRNA	1415	179122
VASA own, 130 nt	multi	18	rRNA	1863	179122
VASA own, 130 nt	multi	18	ribozyme	39	179122
VASA own, 130 nt	multi	18	scaRNA	21	179122
VASA own, 130 nt	multi	18	snRNA	2766	179122
VASA own, 130 nt	multi	18	snoRNA	705	179122
VASA own, 130 nt	multi	18	tRNA	180	179122
VASA own, 130 nt	multi	19	IgCGene	4	202008
VASA own, 130 nt	multi	19	IgVGene	10	202008
VASA own, 130 nt	multi	19	IgVPseudogene	7	202008
VASA own, 130 nt	multi	19	MiscRna	1302	202008
VASA own, 130 nt	multi	19	MtRrna	38	202008
VASA own, 130 nt	multi	19	MtTrna	25	202008
VASA own, 130 nt	multi	19	ProcessedPseudogene	3402	202008
VASA own, 130 nt	multi	19	ProteinCoding	164501	202008
VASA own, 130 nt	multi	19	TEC	2147	202008
VASA own, 130 nt	multi	19	TrCGene	1	202008
VASA own, 130 nt	multi	19	TrVGene	14	202008
VASA own, 130 nt	multi	19	TrVPseudogene	4	202008
VASA own, 130 nt	multi	19	TranscribedProcessedPseudogene	887	202008
VASA own, 130 nt	multi	19	TranscribedUnitaryPseudogene	880	202008
VASA own, 130 nt	multi	19	TranscribedUnprocessedPseudogene	1110	202008
VASA own, 130 nt	multi	19	TranslatedUnprocessedPseudogene	5	202008
VASA own, 130 nt	multi	19	UnitaryPseudogene	628	202008
VASA own, 130 nt	multi	19	UnprocessedPseudogene	1241	202008
VASA own, 130 nt	multi	19	lncRNA	107661	202008
VASA own, 130 nt	multi	19	miRNA	1554	202008
VASA own, 130 nt	multi	19	pseudogene	1	202008
VASA own, 130 nt	multi	19	rRNA	4286	202008
VASA own, 130 nt	multi	19	ribozyme	38	202008
VASA own, 130 nt	multi	19	scaRNA	6	202008
VASA own, 130 nt	multi	19	snRNA	741	202008
VASA own, 130 nt	multi	19	snoRNA	610	202008
VASA own, 130 nt	multi	19	tRNA	173	202008
VASA own, 130 nt	multi	20	IgCGene	2	199999
VASA own, 130 nt	multi	20	IgCPseudogene	1	199999
VASA own, 130 nt	multi	20	IgVGene	7	199999
VASA own, 130 nt	multi	20	IgVPseudogene	12	199999
VASA own, 130 nt	multi	20	MiscRna	1576	199999
VASA own, 130 nt	multi	20	MtRrna	61	199999
VASA own, 130 nt	multi	20	MtTrna	19	199999
VASA own, 130 nt	multi	20	ProcessedPseudogene	3728	199999
VASA own, 130 nt	multi	20	ProteinCoding	161820	199999
VASA own, 130 nt	multi	20	TEC	2100	199999
VASA own, 130 nt	multi	20	TrCGene	5	199999
VASA own, 130 nt	multi	20	TrVGene	4	199999
VASA own, 130 nt	multi	20	TrVPseudogene	3	199999
VASA own, 130 nt	multi	20	TranscribedProcessedPseudogene	896	199999
VASA own, 130 nt	multi	20	TranscribedUnitaryPseudogene	433	199999
VASA own, 130 nt	multi	20	TranscribedUnprocessedPseudogene	1339	199999
VASA own, 130 nt	multi	20	TranslatedUnprocessedPseudogene	7	199999
VASA own, 130 nt	multi	20	UnitaryPseudogene	555	199999
VASA own, 130 nt	multi	20	UnprocessedPseudogene	1282	199999
VASA own, 130 nt	multi	20	lncRNA	105990	199999
VASA own, 130 nt	multi	20	miRNA	2075	199999
VASA own, 130 nt	multi	20	rRNA	5405	199999
VASA own, 130 nt	multi	20	ribozyme	23	199999
VASA own, 130 nt	multi	20	scaRNA	8	199999
VASA own, 130 nt	multi	20	snRNA	689	199999
VASA own, 130 nt	multi	20	snoRNA	510	199999
VASA own, 130 nt	multi	20	tRNA	153	199999
VASA own, 130 nt	multi	21	IgCGene	5	192742
VASA own, 130 nt	multi	21	IgVGene	5	192742
VASA own, 130 nt	multi	21	IgVPseudogene	1	192742
VASA own, 130 nt	multi	21	MiscRna	1999	192742
VASA own, 130 nt	multi	21	MtRrna	40	192742
VASA own, 130 nt	multi	21	MtTrna	10	192742
VASA own, 130 nt	multi	21	ProcessedPseudogene	2841	192742
VASA own, 130 nt	multi	21	ProteinCoding	154667	192742
VASA own, 130 nt	multi	21	TEC	1912	192742
VASA own, 130 nt	multi	21	TrVGene	3	192742
VASA own, 130 nt	multi	21	TrVPseudogene	1	192742
VASA own, 130 nt	multi	21	TranscribedProcessedPseudogene	886	192742
VASA own, 130 nt	multi	21	TranscribedUnitaryPseudogene	405	192742
VASA own, 130 nt	multi	21	TranscribedUnprocessedPseudogene	1002	192742
VASA own, 130 nt	multi	21	TranslatedUnprocessedPseudogene	3	192742
VASA own, 130 nt	multi	21	UnitaryPseudogene	687	192742
VASA own, 130 nt	multi	21	UnprocessedPseudogene	1159	192742
VASA own, 130 nt	multi	21	lncRNA	106693	192742
VASA own, 130 nt	multi	21	miRNA	2616	192742
VASA own, 130 nt	multi	21	pseudogene	1	192742
VASA own, 130 nt	multi	21	rRNA	8590	192742
VASA own, 130 nt	multi	21	ribozyme	36	192742
VASA own, 130 nt	multi	21	scaRNA	4	192742
VASA own, 130 nt	multi	21	snRNA	739	192742
VASA own, 130 nt	multi	21	snoRNA	349	192742
VASA own, 130 nt	multi	21	tRNA	100	192742
VASA own, 130 nt	multi	22	IgCGene	3	193288
VASA own, 130 nt	multi	22	IgVGene	4	193288
VASA own, 130 nt	multi	22	IgVPseudogene	4	193288
VASA own, 130 nt	multi	22	MiscRna	1847	193288
VASA own, 130 nt	multi	22	MtRrna	46	193288
VASA own, 130 nt	multi	22	MtTrna	19	193288
VASA own, 130 nt	multi	22	ProcessedPseudogene	2833	193288
VASA own, 130 nt	multi	22	ProteinCoding	153812	193288
VASA own, 130 nt	multi	22	TEC	1773	193288
VASA own, 130 nt	multi	22	TrCGene	1	193288
VASA own, 130 nt	multi	22	TrVGene	3	193288
VASA own, 130 nt	multi	22	TrVPseudogene	1	193288
VASA own, 130 nt	multi	22	TranscribedProcessedPseudogene	915	193288
VASA own, 130 nt	multi	22	TranscribedUnitaryPseudogene	409	193288
VASA own, 130 nt	multi	22	TranscribedUnprocessedPseudogene	870	193288
VASA own, 130 nt	multi	22	TranslatedUnprocessedPseudogene	4	193288
VASA own, 130 nt	multi	22	UnitaryPseudogene	543	193288
VASA own, 130 nt	multi	22	UnprocessedPseudogene	1312	193288
VASA own, 130 nt	multi	22	lncRNA	106366	193288
VASA own, 130 nt	multi	22	miRNA	2637	193288
VASA own, 130 nt	multi	22	rRNA	11972	193288
VASA own, 130 nt	multi	22	ribozyme	23	193288
VASA own, 130 nt	multi	22	scaRNA	42	193288
VASA own, 130 nt	multi	22	snRNA	770	193288
VASA own, 130 nt	multi	22	snoRNA	417	193288
VASA own, 130 nt	multi	22	tRNA	90	193288
VASA own, 130 nt	multi	23	IgCGene	2	188131
VASA own, 130 nt	multi	23	IgVGene	4	188131
VASA own, 130 nt	multi	23	IgVPseudogene	3	188131
VASA own, 130 nt	multi	23	MiscRna	1387	188131
VASA own, 130 nt	multi	23	MtRrna	55	188131
VASA own, 130 nt	multi	23	MtTrna	23	188131
VASA own, 130 nt	multi	23	ProcessedPseudogene	3090	188131
VASA own, 130 nt	multi	23	ProteinCoding	146685	188131
VASA own, 130 nt	multi	23	TEC	1505	188131
VASA own, 130 nt	multi	23	TrCGene	1	188131
VASA own, 130 nt	multi	23	TrVGene	1	188131
VASA own, 130 nt	multi	23	TranscribedProcessedPseudogene	910	188131
VASA own, 130 nt	multi	23	TranscribedUnitaryPseudogene	382	188131
VASA own, 130 nt	multi	23	TranscribedUnprocessedPseudogene	863	188131
VASA own, 130 nt	multi	23	TranslatedUnprocessedPseudogene	7	188131
VASA own, 130 nt	multi	23	UnitaryPseudogene	310	188131
VASA own, 130 nt	multi	23	UnprocessedPseudogene	1098	188131
VASA own, 130 nt	multi	23	lncRNA	104634	188131
VASA own, 130 nt	multi	23	miRNA	2299	188131
VASA own, 130 nt	multi	23	pseudogene	1	188131
VASA own, 130 nt	multi	23	rRNA	13918	188131
VASA own, 130 nt	multi	23	ribozyme	19	188131
VASA own, 130 nt	multi	23	snRNA	1116	188131
VASA own, 130 nt	multi	23	snoRNA	438	188131
VASA own, 130 nt	multi	23	tRNA	127	188131
VASA own, 130 nt	multi	24	IgCGene	2	164929
VASA own, 130 nt	multi	24	IgVGene	5	164929
VASA own, 130 nt	multi	24	IgVPseudogene	1	164929
VASA own, 130 nt	multi	24	MiscRna	1561	164929
VASA own, 130 nt	multi	24	MtRrna	53	164929
VASA own, 130 nt	multi	24	MtTrna	19	164929
VASA own, 130 nt	multi	24	ProcessedPseudogene	2482	164929
VASA own, 130 nt	multi	24	ProteinCoding	126580	164929
VASA own, 130 nt	multi	24	TEC	1151	164929
VASA own, 130 nt	multi	24	TrVGene	4	164929
VASA own, 130 nt	multi	24	TranscribedProcessedPseudogene	889	164929
VASA own, 130 nt	multi	24	TranscribedUnitaryPseudogene	404	164929
VASA own, 130 nt	multi	24	TranscribedUnprocessedPseudogene	744	164929
VASA own, 130 nt	multi	24	UnitaryPseudogene	239	164929
VASA own, 130 nt	multi	24	UnprocessedPseudogene	908	164929
VASA own, 130 nt	multi	24	lncRNA	90772	164929
VASA own, 130 nt	multi	24	miRNA	2400	164929
VASA own, 130 nt	multi	24	rRNA	14910	164929
VASA own, 130 nt	multi	24	ribozyme	27	164929
VASA own, 130 nt	multi	24	scaRNA	2	164929
VASA own, 130 nt	multi	24	snRNA	958	164929
VASA own, 130 nt	multi	24	snoRNA	487	164929
VASA own, 130 nt	multi	24	tRNA	399	164929
VASA own, 130 nt	multi	25	IgCGene	1	171147
VASA own, 130 nt	multi	25	IgVGene	3	171147
VASA own, 130 nt	multi	25	IgVPseudogene	2	171147
VASA own, 130 nt	multi	25	MiscRna	2882	171147
VASA own, 130 nt	multi	25	MtRrna	58	171147
VASA own, 130 nt	multi	25	MtTrna	15	171147
VASA own, 130 nt	multi	25	ProcessedPseudogene	2861	171147
VASA own, 130 nt	multi	25	ProteinCoding	129461	171147
VASA own, 130 nt	multi	25	TEC	1237	171147
VASA own, 130 nt	multi	25	TrCGene	2	171147
VASA own, 130 nt	multi	25	TrVGene	3	171147
VASA own, 130 nt	multi	25	TranscribedProcessedPseudogene	1080	171147
VASA own, 130 nt	multi	25	TranscribedUnitaryPseudogene	416	171147
VASA own, 130 nt	multi	25	TranscribedUnprocessedPseudogene	667	171147
VASA own, 130 nt	multi	25	UnitaryPseudogene	232	171147
VASA own, 130 nt	multi	25	UnprocessedPseudogene	1213	171147
VASA own, 130 nt	multi	25	lncRNA	94750	171147
VASA own, 130 nt	multi	25	miRNA	4068	171147
VASA own, 130 nt	multi	25	rRNA	17487	171147
VASA own, 130 nt	multi	25	ribozyme	45	171147
VASA own, 130 nt	multi	25	snRNA	1058	171147
VASA own, 130 nt	multi	25	snoRNA	449	171147
VASA own, 130 nt	multi	25	tRNA	188	171147
VASA own, 130 nt	multi	26	MiscRna	3882	152907
VASA own, 130 nt	multi	26	MtRrna	57	152907
VASA own, 130 nt	multi	26	MtTrna	18	152907
VASA own, 130 nt	multi	26	ProcessedPseudogene	2936	152907
VASA own, 130 nt	multi	26	ProteinCoding	113208	152907
VASA own, 130 nt	multi	26	TEC	977	152907
VASA own, 130 nt	multi	26	TranscribedProcessedPseudogene	1277	152907
VASA own, 130 nt	multi	26	TranscribedUnitaryPseudogene	167	152907
VASA own, 130 nt	multi	26	TranscribedUnprocessedPseudogene	596	152907
VASA own, 130 nt	multi	26	UnitaryPseudogene	235	152907
VASA own, 130 nt	multi	26	UnprocessedPseudogene	1088	152907
VASA own, 130 nt	multi	26	lncRNA	84954	152907
VASA own, 130 nt	multi	26	miRNA	4812	152907
VASA own, 130 nt	multi	26	pseudogene	1	152907
VASA own, 130 nt	multi	26	rRNA	17092	152907
VASA own, 130 nt	multi	26	ribozyme	20	152907
VASA own, 130 nt	multi	26	snRNA	1021	152907
VASA own, 130 nt	multi	26	snoRNA	586	152907
VASA own, 130 nt	multi	26	tRNA	130	152907
VASA own, 130 nt	multi	27	IgVGene	1	134152
VASA own, 130 nt	multi	27	MiscRna	2856	134152
VASA own, 130 nt	multi	27	MtRrna	41	134152
VASA own, 130 nt	multi	27	MtTrna	10	134152
VASA own, 130 nt	multi	27	ProcessedPseudogene	2345	134152
VASA own, 130 nt	multi	27	ProteinCoding	97355	134152
VASA own, 130 nt	multi	27	TEC	895	134152
VASA own, 130 nt	multi	27	TranscribedProcessedPseudogene	933	134152
VASA own, 130 nt	multi	27	TranscribedUnitaryPseudogene	120	134152
VASA own, 130 nt	multi	27	TranscribedUnprocessedPseudogene	572	134152
VASA own, 130 nt	multi	27	TranslatedUnprocessedPseudogene	12	134152
VASA own, 130 nt	multi	27	UnitaryPseudogene	310	134152
VASA own, 130 nt	multi	27	UnprocessedPseudogene	4344	134152
VASA own, 130 nt	multi	27	lncRNA	72402	134152
VASA own, 130 nt	multi	27	miRNA	3633	134152
VASA own, 130 nt	multi	27	rRNA	12775	134152
VASA own, 130 nt	multi	27	ribozyme	19	134152
VASA own, 130 nt	multi	27	scaRNA	1	134152
VASA own, 130 nt	multi	27	snRNA	1000	134152
VASA own, 130 nt	multi	27	snoRNA	373	134152
VASA own, 130 nt	multi	27	tRNA	174	134152
VASA own, 130 nt	multi	28	IgVGene	3	125986
VASA own, 130 nt	multi	28	IgVPseudogene	1	125986
VASA own, 130 nt	multi	28	MiscRna	2025	125986
VASA own, 130 nt	multi	28	MtRrna	39	125986
VASA own, 130 nt	multi	28	MtTrna	6	125986
VASA own, 130 nt	multi	28	ProcessedPseudogene	2595	125986
VASA own, 130 nt	multi	28	ProteinCoding	92158	125986
VASA own, 130 nt	multi	28	TEC	877	125986
VASA own, 130 nt	multi	28	TrCGene	2	125986
VASA own, 130 nt	multi	28	TranscribedProcessedPseudogene	949	125986
VASA own, 130 nt	multi	28	TranscribedUnitaryPseudogene	106	125986
VASA own, 130 nt	multi	28	TranscribedUnprocessedPseudogene	385	125986
VASA own, 130 nt	multi	28	TranslatedUnprocessedPseudogene	1	125986
VASA own, 130 nt	multi	28	UnitaryPseudogene	182	125986
VASA own, 130 nt	multi	28	UnprocessedPseudogene	800	125986
VASA own, 130 nt	multi	28	lncRNA	69593	125986
VASA own, 130 nt	multi	28	miRNA	2634	125986
VASA own, 130 nt	multi	28	rRNA	11650	125986
VASA own, 130 nt	multi	28	ribozyme	12	125986
VASA own, 130 nt	multi	28	scaRNA	1	125986
VASA own, 130 nt	multi	28	snRNA	1030	125986
VASA own, 130 nt	multi	28	snoRNA	422	125986
VASA own, 130 nt	multi	28	tRNA	163	125986
VASA own, 130 nt	multi	29	MiscRna	2097	107198
VASA own, 130 nt	multi	29	MtRrna	24	107198
VASA own, 130 nt	multi	29	MtTrna	12	107198
VASA own, 130 nt	multi	29	ProcessedPseudogene	2626	107198
VASA own, 130 nt	multi	29	ProteinCoding	78218	107198
VASA own, 130 nt	multi	29	TEC	823	107198
VASA own, 130 nt	multi	29	TranscribedProcessedPseudogene	1036	107198
VASA own, 130 nt	multi	29	TranscribedUnitaryPseudogene	105	107198
VASA own, 130 nt	multi	29	TranscribedUnprocessedPseudogene	341	107198
VASA own, 130 nt	multi	29	UnitaryPseudogene	88	107198
VASA own, 130 nt	multi	29	UnprocessedPseudogene	1231	107198
VASA own, 130 nt	multi	29	lncRNA	59739	107198
VASA own, 130 nt	multi	29	miRNA	2813	107198
VASA own, 130 nt	multi	29	rRNA	9634	107198
VASA own, 130 nt	multi	29	ribozyme	30	107198
VASA own, 130 nt	multi	29	snRNA	2200	107198
VASA own, 130 nt	multi	29	snoRNA	526	107198
VASA own, 130 nt	multi	29	tRNA	166	107198
VASA own, 130 nt	multi	30	IgVPseudogene	1	88473
VASA own, 130 nt	multi	30	MiscRna	3068	88473
VASA own, 130 nt	multi	30	MtRrna	8	88473
VASA own, 130 nt	multi	30	MtTrna	11	88473
VASA own, 130 nt	multi	30	ProcessedPseudogene	2267	88473
VASA own, 130 nt	multi	30	ProteinCoding	64881	88473
VASA own, 130 nt	multi	30	TEC	558	88473
VASA own, 130 nt	multi	30	TranscribedProcessedPseudogene	869	88473
VASA own, 130 nt	multi	30	TranscribedUnitaryPseudogene	130	88473
VASA own, 130 nt	multi	30	TranscribedUnprocessedPseudogene	259	88473
VASA own, 130 nt	multi	30	UnitaryPseudogene	63	88473
VASA own, 130 nt	multi	30	UnprocessedPseudogene	831	88473
VASA own, 130 nt	multi	30	lncRNA	56776	88473
VASA own, 130 nt	multi	30	miRNA	3683	88473
VASA own, 130 nt	multi	30	rRNA	7975	88473
VASA own, 130 nt	multi	30	ribozyme	4	88473
VASA own, 130 nt	multi	30	snRNA	14274	88473
VASA own, 130 nt	multi	30	snoRNA	563	88473
VASA own, 130 nt	multi	30	tRNA	136	88473
VASA own, 130 nt	multi	31	IgVGene	2	78799
VASA own, 130 nt	multi	31	MiscRna	3024	78799
VASA own, 130 nt	multi	31	MtRrna	19	78799
VASA own, 130 nt	multi	31	MtTrna	14	78799
VASA own, 130 nt	multi	31	ProcessedPseudogene	2343	78799
VASA own, 130 nt	multi	31	ProteinCoding	49890	78799
VASA own, 130 nt	multi	31	TEC	427	78799
VASA own, 130 nt	multi	31	TranscribedProcessedPseudogene	878	78799
VASA own, 130 nt	multi	31	TranscribedUnitaryPseudogene	81	78799
VASA own, 130 nt	multi	31	TranscribedUnprocessedPseudogene	384	78799
VASA own, 130 nt	multi	31	UnitaryPseudogene	62	78799
VASA own, 130 nt	multi	31	UnprocessedPseudogene	1055	78799
VASA own, 130 nt	multi	31	lncRNA	39349	78799
VASA own, 130 nt	multi	31	miRNA	3588	78799
VASA own, 130 nt	multi	31	rRNA	7182	78799
VASA own, 130 nt	multi	31	ribozyme	3	78799
VASA own, 130 nt	multi	31	scaRNA	1	78799
VASA own, 130 nt	multi	31	snRNA	12965	78799
VASA own, 130 nt	multi	31	snoRNA	617	78799
VASA own, 130 nt	multi	31	tRNA	261	78799
VASA own, 130 nt	multi	32	IgVGene	1	59066
VASA own, 130 nt	multi	32	IgVPseudogene	1	59066
VASA own, 130 nt	multi	32	MiscRna	2372	59066
VASA own, 130 nt	multi	32	MtRrna	16	59066
VASA own, 130 nt	multi	32	MtTrna	27	59066
VASA own, 130 nt	multi	32	ProcessedPseudogene	2362	59066
VASA own, 130 nt	multi	32	ProteinCoding	42290	59066
VASA own, 130 nt	multi	32	TEC	226	59066
VASA own, 130 nt	multi	32	TranscribedProcessedPseudogene	917	59066
VASA own, 130 nt	multi	32	TranscribedUnitaryPseudogene	84	59066
VASA own, 130 nt	multi	32	TranscribedUnprocessedPseudogene	297	59066
VASA own, 130 nt	multi	32	UnitaryPseudogene	61	59066
VASA own, 130 nt	multi	32	UnprocessedPseudogene	959	59066
VASA own, 130 nt	multi	32	lncRNA	33428	59066
VASA own, 130 nt	multi	32	miRNA	2950	59066
VASA own, 130 nt	multi	32	rRNA	5568	59066
VASA own, 130 nt	multi	32	ribozyme	4	59066
VASA own, 130 nt	multi	32	scaRNA	1	59066
VASA own, 130 nt	multi	32	snRNA	5244	59066
VASA own, 130 nt	multi	32	snoRNA	540	59066
VASA own, 130 nt	multi	32	tRNA	195	59066
VASA own, 130 nt	multi	33	IgCGene	1	56233
VASA own, 130 nt	multi	33	MiscRna	2844	56233
VASA own, 130 nt	multi	33	MtRrna	12	56233
VASA own, 130 nt	multi	33	MtTrna	19	56233
VASA own, 130 nt	multi	33	ProcessedPseudogene	2301	56233
VASA own, 130 nt	multi	33	ProteinCoding	40137	56233
VASA own, 130 nt	multi	33	TEC	160	56233
VASA own, 130 nt	multi	33	TranscribedProcessedPseudogene	837	56233
VASA own, 130 nt	multi	33	TranscribedUnitaryPseudogene	63	56233
VASA own, 130 nt	multi	33	TranscribedUnprocessedPseudogene	204	56233
VASA own, 130 nt	multi	33	UnitaryPseudogene	61	56233
VASA own, 130 nt	multi	33	UnprocessedPseudogene	1886	56233
VASA own, 130 nt	multi	33	lncRNA	32895	56233
VASA own, 130 nt	multi	33	miRNA	3172	56233
VASA own, 130 nt	multi	33	rRNA	4266	56233
VASA own, 130 nt	multi	33	ribozyme	8	56233
VASA own, 130 nt	multi	33	scaRNA	1	56233
VASA own, 130 nt	multi	33	snRNA	8683	56233
VASA own, 130 nt	multi	33	snoRNA	441	56233
VASA own, 130 nt	multi	33	tRNA	293	56233
VASA own, 130 nt	multi	34	MiscRna	3227	58032
VASA own, 130 nt	multi	34	MtRrna	11	58032
VASA own, 130 nt	multi	34	MtTrna	35	58032
VASA own, 130 nt	multi	34	ProcessedPseudogene	2526	58032
VASA own, 130 nt	multi	34	ProteinCoding	39428	58032
VASA own, 130 nt	multi	34	TEC	158	58032
VASA own, 130 nt	multi	34	TrVGene	1	58032
VASA own, 130 nt	multi	34	TranscribedProcessedPseudogene	915	58032
VASA own, 130 nt	multi	34	TranscribedUnitaryPseudogene	48	58032
VASA own, 130 nt	multi	34	TranscribedUnprocessedPseudogene	220	58032
VASA own, 130 nt	multi	34	UnitaryPseudogene	47	58032
VASA own, 130 nt	multi	34	UnprocessedPseudogene	639	58032
VASA own, 130 nt	multi	34	lncRNA	29474	58032
VASA own, 130 nt	multi	34	miRNA	3606	58032
VASA own, 130 nt	multi	34	rRNA	3594	58032
VASA own, 130 nt	multi	34	ribozyme	5	58032
VASA own, 130 nt	multi	34	snRNA	11048	58032
VASA own, 130 nt	multi	34	snoRNA	496	58032
VASA own, 130 nt	multi	34	tRNA	228	58032
VASA own, 130 nt	multi	35	MiscRna	3139	42348
VASA own, 130 nt	multi	35	MtRrna	7	42348
VASA own, 130 nt	multi	35	MtTrna	29	42348
VASA own, 130 nt	multi	35	ProcessedPseudogene	2650	42348
VASA own, 130 nt	multi	35	ProteinCoding	28678	42348
VASA own, 130 nt	multi	35	TEC	135	42348
VASA own, 130 nt	multi	35	TranscribedProcessedPseudogene	971	42348
VASA own, 130 nt	multi	35	TranscribedUnitaryPseudogene	69	42348
VASA own, 130 nt	multi	35	TranscribedUnprocessedPseudogene	170	42348
VASA own, 130 nt	multi	35	UnitaryPseudogene	55	42348
VASA own, 130 nt	multi	35	UnprocessedPseudogene	867	42348
VASA own, 130 nt	multi	35	lncRNA	20387	42348
VASA own, 130 nt	multi	35	miRNA	3283	42348
VASA own, 130 nt	multi	35	pseudogene	1	42348
VASA own, 130 nt	multi	35	rRNA	2567	42348
VASA own, 130 nt	multi	35	ribozyme	18	42348
VASA own, 130 nt	multi	35	scaRNA	1	42348
VASA own, 130 nt	multi	35	snRNA	4978	42348
VASA own, 130 nt	multi	35	snoRNA	428	42348
VASA own, 130 nt	multi	35	tRNA	197	42348
VASA own, 130 nt	multi	36	MiscRna	3526	31249
VASA own, 130 nt	multi	36	MtRrna	11	31249
VASA own, 130 nt	multi	36	MtTrna	25	31249
VASA own, 130 nt	multi	36	ProcessedPseudogene	2595	31249
VASA own, 130 nt	multi	36	ProteinCoding	22501	31249
VASA own, 130 nt	multi	36	TEC	86	31249
VASA own, 130 nt	multi	36	TranscribedProcessedPseudogene	1019	31249
VASA own, 130 nt	multi	36	TranscribedUnitaryPseudogene	58	31249
VASA own, 130 nt	multi	36	TranscribedUnprocessedPseudogene	139	31249
VASA own, 130 nt	multi	36	UnitaryPseudogene	26	31249
VASA own, 130 nt	multi	36	UnprocessedPseudogene	1233	31249
VASA own, 130 nt	multi	36	lncRNA	17998	31249
VASA own, 130 nt	multi	36	miRNA	3933	31249
VASA own, 130 nt	multi	36	rRNA	1957	31249
VASA own, 130 nt	multi	36	ribozyme	7	31249
VASA own, 130 nt	multi	36	snRNA	1288	31249
VASA own, 130 nt	multi	36	snoRNA	409	31249
VASA own, 130 nt	multi	36	tRNA	237	31249
VASA own, 130 nt	multi	37	MiscRna	4115	28978
VASA own, 130 nt	multi	37	MtRrna	11	28978
VASA own, 130 nt	multi	37	MtTrna	28	28978
VASA own, 130 nt	multi	37	ProcessedPseudogene	2879	28978
VASA own, 130 nt	multi	37	ProteinCoding	20128	28978
VASA own, 130 nt	multi	37	TEC	91	28978
VASA own, 130 nt	multi	37	TranscribedProcessedPseudogene	1344	28978
VASA own, 130 nt	multi	37	TranscribedUnitaryPseudogene	73	28978
VASA own, 130 nt	multi	37	TranscribedUnprocessedPseudogene	159	28978
VASA own, 130 nt	multi	37	UnitaryPseudogene	16	28978
VASA own, 130 nt	multi	37	UnprocessedPseudogene	515	28978
VASA own, 130 nt	multi	37	lncRNA	18067	28978
VASA own, 130 nt	multi	37	miRNA	4654	28978
VASA own, 130 nt	multi	37	rRNA	1713	28978
VASA own, 130 nt	multi	37	ribozyme	12	28978
VASA own, 130 nt	multi	37	snRNA	837	28978
VASA own, 130 nt	multi	37	snoRNA	380	28978
VASA own, 130 nt	multi	37	tRNA	296	28978
VASA own, 130 nt	multi	38	MiscRna	2767	23371
VASA own, 130 nt	multi	38	MtRrna	5	23371
VASA own, 130 nt	multi	38	MtTrna	20	23371
VASA own, 130 nt	multi	38	ProcessedPseudogene	2817	23371
VASA own, 130 nt	multi	38	ProteinCoding	17198	23371
VASA own, 130 nt	multi	38	TEC	64	23371
VASA own, 130 nt	multi	38	TranscribedProcessedPseudogene	1177	23371
VASA own, 130 nt	multi	38	TranscribedUnitaryPseudogene	69	23371
VASA own, 130 nt	multi	38	TranscribedUnprocessedPseudogene	134	23371
VASA own, 130 nt	multi	38	UnitaryPseudogene	11	23371
VASA own, 130 nt	multi	38	UnprocessedPseudogene	348	23371
VASA own, 130 nt	multi	38	lncRNA	14396	23371
VASA own, 130 nt	multi	38	miRNA	3030	23371
VASA own, 130 nt	multi	38	rRNA	1312	23371
VASA own, 130 nt	multi	38	ribozyme	7	23371
VASA own, 130 nt	multi	38	snRNA	846	23371
VASA own, 130 nt	multi	38	snoRNA	415	23371
VASA own, 130 nt	multi	38	tRNA	321	23371
VASA own, 130 nt	multi	39	MiscRna	2838	22523
VASA own, 130 nt	multi	39	MtRrna	6	22523
VASA own, 130 nt	multi	39	MtTrna	18	22523
VASA own, 130 nt	multi	39	ProcessedPseudogene	2631	22523
VASA own, 130 nt	multi	39	ProteinCoding	17229	22523
VASA own, 130 nt	multi	39	TEC	45	22523
VASA own, 130 nt	multi	39	TranscribedProcessedPseudogene	1234	22523
VASA own, 130 nt	multi	39	TranscribedUnitaryPseudogene	53	22523
VASA own, 130 nt	multi	39	TranscribedUnprocessedPseudogene	115	22523
VASA own, 130 nt	multi	39	UnitaryPseudogene	11	22523
VASA own, 130 nt	multi	39	UnprocessedPseudogene	427	22523
VASA own, 130 nt	multi	39	lncRNA	14301	22523
VASA own, 130 nt	multi	39	miRNA	2803	22523
VASA own, 130 nt	multi	39	rRNA	942	22523
VASA own, 130 nt	multi	39	ribozyme	3	22523
VASA own, 130 nt	multi	39	snRNA	1090	22523
VASA own, 130 nt	multi	39	snoRNA	408	22523
VASA own, 130 nt	multi	39	tRNA	235	22523
VASA own, 130 nt	multi	40	MiscRna	3685	21999
VASA own, 130 nt	multi	40	MtRrna	9	21999
VASA own, 130 nt	multi	40	MtTrna	20	21999
VASA own, 130 nt	multi	40	ProcessedPseudogene	2859	21999
VASA own, 130 nt	multi	40	ProteinCoding	16242	21999
VASA own, 130 nt	multi	40	TEC	62	21999
VASA own, 130 nt	multi	40	TranscribedProcessedPseudogene	1196	21999
VASA own, 130 nt	multi	40	TranscribedUnitaryPseudogene	44	21999
VASA own, 130 nt	multi	40	TranscribedUnprocessedPseudogene	112	21999
VASA own, 130 nt	multi	40	UnitaryPseudogene	5	21999
VASA own, 130 nt	multi	40	UnprocessedPseudogene	354	21999
VASA own, 130 nt	multi	40	lncRNA	14300	21999
VASA own, 130 nt	multi	40	miRNA	3648	21999
VASA own, 130 nt	multi	40	rRNA	737	21999
VASA own, 130 nt	multi	40	ribozyme	9	21999
VASA own, 130 nt	multi	40	snRNA	1164	21999
VASA own, 130 nt	multi	40	snoRNA	555	21999
VASA own, 130 nt	multi	40	tRNA	289	21999
VASA own, 130 nt	multi	41	MiscRna	5334	22145
VASA own, 130 nt	multi	41	MtRrna	8	22145
VASA own, 130 nt	multi	41	MtTrna	33	22145
VASA own, 130 nt	multi	41	ProcessedPseudogene	3103	22145
VASA own, 130 nt	multi	41	ProteinCoding	15126	22145
VASA own, 130 nt	multi	41	TEC	41	22145
VASA own, 130 nt	multi	41	TranscribedProcessedPseudogene	1410	22145
VASA own, 130 nt	multi	41	TranscribedUnitaryPseudogene	66	22145
VASA own, 130 nt	multi	41	TranscribedUnprocessedPseudogene	157	22145
VASA own, 130 nt	multi	41	UnitaryPseudogene	12	22145
VASA own, 130 nt	multi	41	UnprocessedPseudogene	425	22145
VASA own, 130 nt	multi	41	lncRNA	15296	22145
VASA own, 130 nt	multi	41	miRNA	5128	22145
VASA own, 130 nt	multi	41	rRNA	649	22145
VASA own, 130 nt	multi	41	ribozyme	5	22145
VASA own, 130 nt	multi	41	snRNA	903	22145
VASA own, 130 nt	multi	41	snoRNA	342	22145
VASA own, 130 nt	multi	41	tRNA	197	22145
VASA own, 130 nt	multi	42	MiscRna	5427	22285
VASA own, 130 nt	multi	42	MtRrna	4	22285
VASA own, 130 nt	multi	42	MtTrna	29	22285
VASA own, 130 nt	multi	42	ProcessedPseudogene	2970	22285
VASA own, 130 nt	multi	42	ProteinCoding	15235	22285
VASA own, 130 nt	multi	42	TEC	48	22285
VASA own, 130 nt	multi	42	TranscribedProcessedPseudogene	1274	22285
VASA own, 130 nt	multi	42	TranscribedUnitaryPseudogene	50	22285
VASA own, 130 nt	multi	42	TranscribedUnprocessedPseudogene	135	22285
VASA own, 130 nt	multi	42	UnitaryPseudogene	8	22285
VASA own, 130 nt	multi	42	UnprocessedPseudogene	407	22285
VASA own, 130 nt	multi	42	lncRNA	15394	22285
VASA own, 130 nt	multi	42	miRNA	5354	22285
VASA own, 130 nt	multi	42	rRNA	498	22285
VASA own, 130 nt	multi	42	ribozyme	6	22285
VASA own, 130 nt	multi	42	snRNA	1114	22285
VASA own, 130 nt	multi	42	snoRNA	333	22285
VASA own, 130 nt	multi	42	tRNA	551	22285
VASA own, 130 nt	multi	43	MiscRna	4143	20674
VASA own, 130 nt	multi	43	MtRrna	5	20674
VASA own, 130 nt	multi	43	MtTrna	15	20674
VASA own, 130 nt	multi	43	ProcessedPseudogene	3232	20674
VASA own, 130 nt	multi	43	ProteinCoding	14866	20674
VASA own, 130 nt	multi	43	TEC	60	20674
VASA own, 130 nt	multi	43	TranscribedProcessedPseudogene	1715	20674
VASA own, 130 nt	multi	43	TranscribedUnitaryPseudogene	103	20674
VASA own, 130 nt	multi	43	TranscribedUnprocessedPseudogene	167	20674
VASA own, 130 nt	multi	43	UnitaryPseudogene	10	20674
VASA own, 130 nt	multi	43	UnprocessedPseudogene	348	20674
VASA own, 130 nt	multi	43	lncRNA	13465	20674
VASA own, 130 nt	multi	43	miRNA	3863	20674
VASA own, 130 nt	multi	43	rRNA	468	20674
VASA own, 130 nt	multi	43	ribozyme	1	20674
VASA own, 130 nt	multi	43	snRNA	1159	20674
VASA own, 130 nt	multi	43	snoRNA	230	20674
VASA own, 130 nt	multi	43	tRNA	135	20674
VASA own, 130 nt	multi	44	MiscRna	3427	19842
VASA own, 130 nt	multi	44	MtTrna	29	19842
VASA own, 130 nt	multi	44	ProcessedPseudogene	3669	19842
VASA own, 130 nt	multi	44	ProteinCoding	15313	19842
VASA own, 130 nt	multi	44	TEC	27	19842
VASA own, 130 nt	multi	44	TranscribedProcessedPseudogene	1679	19842
VASA own, 130 nt	multi	44	TranscribedUnitaryPseudogene	80	19842
VASA own, 130 nt	multi	44	TranscribedUnprocessedPseudogene	182	19842
VASA own, 130 nt	multi	44	UnitaryPseudogene	5	19842
VASA own, 130 nt	multi	44	UnprocessedPseudogene	397	19842
VASA own, 130 nt	multi	44	lncRNA	13172	19842
VASA own, 130 nt	multi	44	miRNA	3074	19842
VASA own, 130 nt	multi	44	rRNA	226	19842
VASA own, 130 nt	multi	44	ribozyme	2	19842
VASA own, 130 nt	multi	44	snRNA	1967	19842
VASA own, 130 nt	multi	44	snoRNA	304	19842
VASA own, 130 nt	multi	44	tRNA	231	19842
VASA own, 130 nt	multi	45	MiscRna	3904	24775
VASA own, 130 nt	multi	45	MtRrna	1	24775
VASA own, 130 nt	multi	45	MtTrna	32	24775
VASA own, 130 nt	multi	45	ProcessedPseudogene	3277	24775
VASA own, 130 nt	multi	45	ProteinCoding	19413	24775
VASA own, 130 nt	multi	45	TEC	34	24775
VASA own, 130 nt	multi	45	TranscribedProcessedPseudogene	1475	24775
VASA own, 130 nt	multi	45	TranscribedUnitaryPseudogene	88	24775
VASA own, 130 nt	multi	45	TranscribedUnprocessedPseudogene	150	24775
VASA own, 130 nt	multi	45	UnitaryPseudogene	7	24775
VASA own, 130 nt	multi	45	UnprocessedPseudogene	470	24775
VASA own, 130 nt	multi	45	lncRNA	18123	24775
VASA own, 130 nt	multi	45	miRNA	3727	24775
VASA own, 130 nt	multi	45	rRNA	175	24775
VASA own, 130 nt	multi	45	ribozyme	7	24775
VASA own, 130 nt	multi	45	snRNA	3975	24775
VASA own, 130 nt	multi	45	snoRNA	314	24775
VASA own, 130 nt	multi	45	tRNA	174	24775
VASA own, 130 nt	multi	46	MiscRna	5726	30894
VASA own, 130 nt	multi	46	MtRrna	4	30894
VASA own, 130 nt	multi	46	MtTrna	39	30894
VASA own, 130 nt	multi	46	ProcessedPseudogene	4440	30894
VASA own, 130 nt	multi	46	ProteinCoding	23553	30894
VASA own, 130 nt	multi	46	TEC	25	30894
VASA own, 130 nt	multi	46	TranscribedProcessedPseudogene	1483	30894
VASA own, 130 nt	multi	46	TranscribedUnitaryPseudogene	75	30894
VASA own, 130 nt	multi	46	TranscribedUnprocessedPseudogene	130	30894
VASA own, 130 nt	multi	46	UnitaryPseudogene	11	30894
VASA own, 130 nt	multi	46	UnprocessedPseudogene	467	30894
VASA own, 130 nt	multi	46	lncRNA	23571	30894
VASA own, 130 nt	multi	46	miRNA	5518	30894
VASA own, 130 nt	multi	46	rRNA	148	30894
VASA own, 130 nt	multi	46	ribozyme	6	30894
VASA own, 130 nt	multi	46	snRNA	1977	30894
VASA own, 130 nt	multi	46	snoRNA	294	30894
VASA own, 130 nt	multi	46	tRNA	181	30894
VASA own, 130 nt	multi	47	MiscRna	8983	38709
VASA own, 130 nt	multi	47	MtTrna	27	38709
VASA own, 130 nt	multi	47	ProcessedPseudogene	3896	38709
VASA own, 130 nt	multi	47	ProteinCoding	28681	38709
VASA own, 130 nt	multi	47	TEC	24	38709
VASA own, 130 nt	multi	47	TranscribedProcessedPseudogene	1581	38709
VASA own, 130 nt	multi	47	TranscribedUnitaryPseudogene	75	38709
VASA own, 130 nt	multi	47	TranscribedUnprocessedPseudogene	172	38709
VASA own, 130 nt	multi	47	UnitaryPseudogene	13	38709
VASA own, 130 nt	multi	47	UnprocessedPseudogene	341	38709
VASA own, 130 nt	multi	47	lncRNA	31701	38709
VASA own, 130 nt	multi	47	miRNA	8486	38709
VASA own, 130 nt	multi	47	rRNA	138	38709
VASA own, 130 nt	multi	47	ribozyme	4	38709
VASA own, 130 nt	multi	47	snRNA	1908	38709
VASA own, 130 nt	multi	47	snoRNA	377	38709
VASA own, 130 nt	multi	47	tRNA	200	38709
VASA own, 130 nt	multi	48	MiscRna	15254	57591
VASA own, 130 nt	multi	48	MtRrna	1	57591
VASA own, 130 nt	multi	48	MtTrna	17	57591
VASA own, 130 nt	multi	48	ProcessedPseudogene	3898	57591
VASA own, 130 nt	multi	48	ProteinCoding	40950	57591
VASA own, 130 nt	multi	48	TEC	32	57591
VASA own, 130 nt	multi	48	TranscribedProcessedPseudogene	1651	57591
VASA own, 130 nt	multi	48	TranscribedUnitaryPseudogene	70	57591
VASA own, 130 nt	multi	48	TranscribedUnprocessedPseudogene	150	57591
VASA own, 130 nt	multi	48	UnitaryPseudogene	12	57591
VASA own, 130 nt	multi	48	UnprocessedPseudogene	415	57591
VASA own, 130 nt	multi	48	lncRNA	50849	57591
VASA own, 130 nt	multi	48	miRNA	15009	57591
VASA own, 130 nt	multi	48	rRNA	109	57591
VASA own, 130 nt	multi	48	ribozyme	7	57591
VASA own, 130 nt	multi	48	snRNA	5591	57591
VASA own, 130 nt	multi	48	snoRNA	447	57591
VASA own, 130 nt	multi	48	tRNA	114	57591
VASA own, 130 nt	multi	49	MiscRna	16659	117513
VASA own, 130 nt	multi	49	MtTrna	30	117513
VASA own, 130 nt	multi	49	ProcessedPseudogene	3722	117513
VASA own, 130 nt	multi	49	ProteinCoding	98511	117513
VASA own, 130 nt	multi	49	TEC	25	117513
VASA own, 130 nt	multi	49	TranscribedProcessedPseudogene	2036	117513
VASA own, 130 nt	multi	49	TranscribedUnitaryPseudogene	58	117513
VASA own, 130 nt	multi	49	TranscribedUnprocessedPseudogene	156	117513
VASA own, 130 nt	multi	49	UnitaryPseudogene	20	117513
VASA own, 130 nt	multi	49	UnprocessedPseudogene	439	117513
VASA own, 130 nt	multi	49	lncRNA	110018	117513
VASA own, 130 nt	multi	49	miRNA	16405	117513
VASA own, 130 nt	multi	49	rRNA	112	117513
VASA own, 130 nt	multi	49	ribozyme	6	117513
VASA own, 130 nt	multi	49	snRNA	18308	117513
VASA own, 130 nt	multi	49	snoRNA	375	117513
VASA own, 130 nt	multi	49	tRNA	176	117513
VASA own, 130 nt	multi	50	MiscRna	10146	64122
VASA own, 130 nt	multi	50	MtTrna	46	64122
VASA own, 130 nt	multi	50	ProcessedPseudogene	4567	64122
VASA own, 130 nt	multi	50	ProteinCoding	49568	64122
VASA own, 130 nt	multi	50	TEC	31	64122
VASA own, 130 nt	multi	50	TranscribedProcessedPseudogene	2284	64122
VASA own, 130 nt	multi	50	TranscribedUnitaryPseudogene	84	64122
VASA own, 130 nt	multi	50	TranscribedUnprocessedPseudogene	120	64122
VASA own, 130 nt	multi	50	UnitaryPseudogene	12	64122
VASA own, 130 nt	multi	50	UnprocessedPseudogene	347	64122
VASA own, 130 nt	multi	50	lncRNA	53371	64122
VASA own, 130 nt	multi	50	miRNA	9897	64122
VASA own, 130 nt	multi	50	rRNA	122	64122
VASA own, 130 nt	multi	50	ribozyme	5	64122
VASA own, 130 nt	multi	50	snRNA	6244	64122
VASA own, 130 nt	multi	50	snoRNA	459	64122
VASA own, 130 nt	multi	50	tRNA	121	64122
VASA own, 130 nt	multi	51	MiscRna	10446	38102
VASA own, 130 nt	multi	51	MtRrna	1	38102
VASA own, 130 nt	multi	51	MtTrna	30	38102
VASA own, 130 nt	multi	51	ProcessedPseudogene	3960	38102
VASA own, 130 nt	multi	51	ProteinCoding	26179	38102
VASA own, 130 nt	multi	51	TEC	16	38102
VASA own, 130 nt	multi	51	TranscribedProcessedPseudogene	1933	38102
VASA own, 130 nt	multi	51	TranscribedUnitaryPseudogene	66	38102
VASA own, 130 nt	multi	51	TranscribedUnprocessedPseudogene	179	38102
VASA own, 130 nt	multi	51	UnitaryPseudogene	10	38102
VASA own, 130 nt	multi	51	UnprocessedPseudogene	314	38102
VASA own, 130 nt	multi	51	lncRNA	29991	38102
VASA own, 130 nt	multi	51	miRNA	10188	38102
VASA own, 130 nt	multi	51	pseudogene	1	38102
VASA own, 130 nt	multi	51	rRNA	95	38102
VASA own, 130 nt	multi	51	ribozyme	4	38102
VASA own, 130 nt	multi	51	snRNA	2461	38102
VASA own, 130 nt	multi	51	snoRNA	958	38102
VASA own, 130 nt	multi	51	tRNA	227	38102
VASA own, 130 nt	multi	52	MiscRna	13861	37904
VASA own, 130 nt	multi	52	MtRrna	1	37904
VASA own, 130 nt	multi	52	MtTrna	24	37904
VASA own, 130 nt	multi	52	ProcessedPseudogene	4530	37904
VASA own, 130 nt	multi	52	ProteinCoding	22356	37904
VASA own, 130 nt	multi	52	TEC	25	37904
VASA own, 130 nt	multi	52	TranscribedProcessedPseudogene	2237	37904
VASA own, 130 nt	multi	52	TranscribedUnitaryPseudogene	76	37904
VASA own, 130 nt	multi	52	TranscribedUnprocessedPseudogene	191	37904
VASA own, 130 nt	multi	52	UnitaryPseudogene	11	37904
VASA own, 130 nt	multi	52	UnprocessedPseudogene	324	37904
VASA own, 130 nt	multi	52	lncRNA	28704	37904
VASA own, 130 nt	multi	52	miRNA	13620	37904
VASA own, 130 nt	multi	52	rRNA	76	37904
VASA own, 130 nt	multi	52	ribozyme	6	37904
VASA own, 130 nt	multi	52	snRNA	2535	37904
VASA own, 130 nt	multi	52	snoRNA	995	37904
VASA own, 130 nt	multi	52	tRNA	331	37904
VASA own, 130 nt	multi	53	MiscRna	10085	39862
VASA own, 130 nt	multi	53	MtTrna	25	39862
VASA own, 130 nt	multi	53	ProcessedPseudogene	4924	39862
VASA own, 130 nt	multi	53	ProteinCoding	28198	39862
VASA own, 130 nt	multi	53	TEC	27	39862
VASA own, 130 nt	multi	53	TranscribedProcessedPseudogene	2421	39862
VASA own, 130 nt	multi	53	TranscribedUnitaryPseudogene	89	39862
VASA own, 130 nt	multi	53	TranscribedUnprocessedPseudogene	154	39862
VASA own, 130 nt	multi	53	UnitaryPseudogene	10	39862
VASA own, 130 nt	multi	53	UnprocessedPseudogene	297	39862
VASA own, 130 nt	multi	53	lncRNA	30935	39862
VASA own, 130 nt	multi	53	miRNA	9860	39862
VASA own, 130 nt	multi	53	rRNA	53	39862
VASA own, 130 nt	multi	53	ribozyme	8	39862
VASA own, 130 nt	multi	53	snRNA	5673	39862
VASA own, 130 nt	multi	53	snoRNA	481	39862
VASA own, 130 nt	multi	53	tRNA	307	39862
VASA own, 130 nt	multi	54	MiscRna	6512	37366
VASA own, 130 nt	multi	54	MtRrna	1	37366
VASA own, 130 nt	multi	54	MtTrna	26	37366
VASA own, 130 nt	multi	54	ProcessedPseudogene	4924	37366
VASA own, 130 nt	multi	54	ProteinCoding	29466	37366
VASA own, 130 nt	multi	54	TEC	21	37366
VASA own, 130 nt	multi	54	TranscribedProcessedPseudogene	2570	37366
VASA own, 130 nt	multi	54	TranscribedUnitaryPseudogene	90	37366
VASA own, 130 nt	multi	54	TranscribedUnprocessedPseudogene	162	37366
VASA own, 130 nt	multi	54	UnitaryPseudogene	13	37366
VASA own, 130 nt	multi	54	UnprocessedPseudogene	408	37366
VASA own, 130 nt	multi	54	lncRNA	29292	37366
VASA own, 130 nt	multi	54	miRNA	6218	37366
VASA own, 130 nt	multi	54	rRNA	61	37366
VASA own, 130 nt	multi	54	ribozyme	9	37366
VASA own, 130 nt	multi	54	snRNA	4020	37366
VASA own, 130 nt	multi	54	snoRNA	679	37366
VASA own, 130 nt	multi	54	tRNA	368	37366
VASA own, 130 nt	multi	55	MiscRna	6234	40801
VASA own, 130 nt	multi	55	MtTrna	32	40801
VASA own, 130 nt	multi	55	ProcessedPseudogene	7761	40801
VASA own, 130 nt	multi	55	ProteinCoding	33065	40801
VASA own, 130 nt	multi	55	TEC	26	40801
VASA own, 130 nt	multi	55	TranscribedProcessedPseudogene	5518	40801
VASA own, 130 nt	multi	55	TranscribedUnitaryPseudogene	92	40801
VASA own, 130 nt	multi	55	TranscribedUnprocessedPseudogene	199	40801
VASA own, 130 nt	multi	55	UnitaryPseudogene	7	40801
VASA own, 130 nt	multi	55	UnprocessedPseudogene	418	40801
VASA own, 130 nt	multi	55	lncRNA	31686	40801
VASA own, 130 nt	multi	55	miRNA	5871	40801
VASA own, 130 nt	multi	55	rRNA	69	40801
VASA own, 130 nt	multi	55	ribozyme	7	40801
VASA own, 130 nt	multi	55	snRNA	2704	40801
VASA own, 130 nt	multi	55	snoRNA	1153	40801
VASA own, 130 nt	multi	55	tRNA	171	40801
VASA own, 130 nt	multi	56	MiscRna	6025	31981
VASA own, 130 nt	multi	56	MtTrna	21	31981
VASA own, 130 nt	multi	56	ProcessedPseudogene	4649	31981
VASA own, 130 nt	multi	56	ProteinCoding	24632	31981
VASA own, 130 nt	multi	56	TEC	25	31981
VASA own, 130 nt	multi	56	TranscribedProcessedPseudogene	2381	31981
VASA own, 130 nt	multi	56	TranscribedUnitaryPseudogene	91	31981
VASA own, 130 nt	multi	56	TranscribedUnprocessedPseudogene	199	31981
VASA own, 130 nt	multi	56	UnitaryPseudogene	4	31981
VASA own, 130 nt	multi	56	UnprocessedPseudogene	445	31981
VASA own, 130 nt	multi	56	lncRNA	23729	31981
VASA own, 130 nt	multi	56	miRNA	5693	31981
VASA own, 130 nt	multi	56	rRNA	36	31981
VASA own, 130 nt	multi	56	ribozyme	10	31981
VASA own, 130 nt	multi	56	snRNA	2305	31981
VASA own, 130 nt	multi	56	snoRNA	857	31981
VASA own, 130 nt	multi	56	tRNA	119	31981
VASA own, 130 nt	multi	57	MiscRna	7920	38608
VASA own, 130 nt	multi	57	MtRrna	1	38608
VASA own, 130 nt	multi	57	MtTrna	24	38608
VASA own, 130 nt	multi	57	ProcessedPseudogene	5535	38608
VASA own, 130 nt	multi	57	ProteinCoding	29317	38608
VASA own, 130 nt	multi	57	TEC	34	38608
VASA own, 130 nt	multi	57	TranscribedProcessedPseudogene	2688	38608
VASA own, 130 nt	multi	57	TranscribedUnitaryPseudogene	92	38608
VASA own, 130 nt	multi	57	TranscribedUnprocessedPseudogene	175	38608
VASA own, 130 nt	multi	57	UnitaryPseudogene	4	38608
VASA own, 130 nt	multi	57	UnprocessedPseudogene	412	38608
VASA own, 130 nt	multi	57	lncRNA	29954	38608
VASA own, 130 nt	multi	57	miRNA	7565	38608
VASA own, 130 nt	multi	57	rRNA	66	38608
VASA own, 130 nt	multi	57	ribozyme	11	38608
VASA own, 130 nt	multi	57	snRNA	2237	38608
VASA own, 130 nt	multi	57	snoRNA	848	38608
VASA own, 130 nt	multi	57	tRNA	197	38608
VASA own, 130 nt	multi	58	MiscRna	8098	44899
VASA own, 130 nt	multi	58	MtRrna	3	44899
VASA own, 130 nt	multi	58	MtTrna	15	44899
VASA own, 130 nt	multi	58	ProcessedPseudogene	5316	44899
VASA own, 130 nt	multi	58	ProteinCoding	35405	44899
VASA own, 130 nt	multi	58	TEC	30	44899
VASA own, 130 nt	multi	58	TranscribedProcessedPseudogene	2598	44899
VASA own, 130 nt	multi	58	TranscribedUnitaryPseudogene	50	44899
VASA own, 130 nt	multi	58	TranscribedUnprocessedPseudogene	165	44899
VASA own, 130 nt	multi	58	UnitaryPseudogene	13	44899
VASA own, 130 nt	multi	58	UnprocessedPseudogene	415	44899
VASA own, 130 nt	multi	58	lncRNA	36084	44899
VASA own, 130 nt	multi	58	miRNA	7787	44899
VASA own, 130 nt	multi	58	rRNA	56	44899
VASA own, 130 nt	multi	58	ribozyme	7	44899
VASA own, 130 nt	multi	58	snRNA	1988	44899
VASA own, 130 nt	multi	58	snoRNA	804	44899
VASA own, 130 nt	multi	58	tRNA	640	44899
VASA own, 130 nt	multi	59	MiscRna	8316	57900
VASA own, 130 nt	multi	59	MtTrna	10	57900
VASA own, 130 nt	multi	59	ProcessedPseudogene	6296	57900
VASA own, 130 nt	multi	59	ProteinCoding	48105	57900
VASA own, 130 nt	multi	59	TEC	28	57900
VASA own, 130 nt	multi	59	TranscribedProcessedPseudogene	3452	57900
VASA own, 130 nt	multi	59	TranscribedUnitaryPseudogene	76	57900
VASA own, 130 nt	multi	59	TranscribedUnprocessedPseudogene	184	57900
VASA own, 130 nt	multi	59	UnitaryPseudogene	5	57900
VASA own, 130 nt	multi	59	UnprocessedPseudogene	322	57900
VASA own, 130 nt	multi	59	lncRNA	49284	57900
VASA own, 130 nt	multi	59	miRNA	8051	57900
VASA own, 130 nt	multi	59	rRNA	75	57900
VASA own, 130 nt	multi	59	ribozyme	11	57900
VASA own, 130 nt	multi	59	snRNA	1582	57900
VASA own, 130 nt	multi	59	snoRNA	994	57900
VASA own, 130 nt	multi	59	tRNA	1299	57900
VASA own, 130 nt	multi	60	MiscRna	7741	41706
VASA own, 130 nt	multi	60	MtTrna	11	41706
VASA own, 130 nt	multi	60	ProcessedPseudogene	8196	41706
VASA own, 130 nt	multi	60	ProteinCoding	32812	41706
VASA own, 130 nt	multi	60	TEC	34	41706
VASA own, 130 nt	multi	60	TranscribedProcessedPseudogene	5087	41706
VASA own, 130 nt	multi	60	TranscribedUnitaryPseudogene	80	41706
VASA own, 130 nt	multi	60	TranscribedUnprocessedPseudogene	156	41706
VASA own, 130 nt	multi	60	UnitaryPseudogene	6	41706
VASA own, 130 nt	multi	60	UnprocessedPseudogene	409	41706
VASA own, 130 nt	multi	60	lncRNA	32398	41706
VASA own, 130 nt	multi	60	miRNA	7455	41706
VASA own, 130 nt	multi	60	rRNA	58	41706
VASA own, 130 nt	multi	60	ribozyme	10	41706
VASA own, 130 nt	multi	60	snRNA	1379	41706
VASA own, 130 nt	multi	60	snoRNA	966	41706
VASA own, 130 nt	multi	60	tRNA	477	41706
VASA own, 130 nt	multi	61	MiscRna	8631	36002
VASA own, 130 nt	multi	61	MtTrna	11	36002
VASA own, 130 nt	multi	61	ProcessedPseudogene	5989	36002
VASA own, 130 nt	multi	61	ProteinCoding	26214	36002
VASA own, 130 nt	multi	61	TEC	24	36002
VASA own, 130 nt	multi	61	TranscribedProcessedPseudogene	2734	36002
VASA own, 130 nt	multi	61	TranscribedUnitaryPseudogene	73	36002
VASA own, 130 nt	multi	61	TranscribedUnprocessedPseudogene	165	36002
VASA own, 130 nt	multi	61	UnitaryPseudogene	7	36002
VASA own, 130 nt	multi	61	UnprocessedPseudogene	433	36002
VASA own, 130 nt	multi	61	lncRNA	27461	36002
VASA own, 130 nt	multi	61	miRNA	8384	36002
VASA own, 130 nt	multi	61	rRNA	72	36002
VASA own, 130 nt	multi	61	ribozyme	6	36002
VASA own, 130 nt	multi	61	snRNA	1607	36002
VASA own, 130 nt	multi	61	snoRNA	1149	36002
VASA own, 130 nt	multi	61	tRNA	1549	36002
VASA own, 130 nt	multi	62	MiscRna	9927	38173
VASA own, 130 nt	multi	62	MtTrna	12	38173
VASA own, 130 nt	multi	62	ProcessedPseudogene	6499	38173
VASA own, 130 nt	multi	62	ProteinCoding	26837	38173
VASA own, 130 nt	multi	62	TEC	31	38173
VASA own, 130 nt	multi	62	TranscribedProcessedPseudogene	2528	38173
VASA own, 130 nt	multi	62	TranscribedUnitaryPseudogene	76	38173
VASA own, 130 nt	multi	62	TranscribedUnprocessedPseudogene	195	38173
VASA own, 130 nt	multi	62	UnitaryPseudogene	13	38173
VASA own, 130 nt	multi	62	UnprocessedPseudogene	441	38173
VASA own, 130 nt	multi	62	lncRNA	29014	38173
VASA own, 130 nt	multi	62	miRNA	9585	38173
VASA own, 130 nt	multi	62	rRNA	77	38173
VASA own, 130 nt	multi	62	ribozyme	10	38173
VASA own, 130 nt	multi	62	snRNA	1802	38173
VASA own, 130 nt	multi	62	snoRNA	1428	38173
VASA own, 130 nt	multi	62	tRNA	374	38173
VASA own, 130 nt	multi	63	MiscRna	7068	34705
VASA own, 130 nt	multi	63	MtTrna	10	34705
VASA own, 130 nt	multi	63	ProcessedPseudogene	5610	34705
VASA own, 130 nt	multi	63	ProteinCoding	26209	34705
VASA own, 130 nt	multi	63	TEC	24	34705
VASA own, 130 nt	multi	63	TranscribedProcessedPseudogene	2517	34705
VASA own, 130 nt	multi	63	TranscribedUnitaryPseudogene	99	34705
VASA own, 130 nt	multi	63	TranscribedUnprocessedPseudogene	154	34705
VASA own, 130 nt	multi	63	UnitaryPseudogene	8	34705
VASA own, 130 nt	multi	63	UnprocessedPseudogene	513	34705
VASA own, 130 nt	multi	63	lncRNA	25071	34705
VASA own, 130 nt	multi	63	miRNA	6762	34705
VASA own, 130 nt	multi	63	rRNA	47	34705
VASA own, 130 nt	multi	63	ribozyme	12	34705
VASA own, 130 nt	multi	63	snRNA	1700	34705
VASA own, 130 nt	multi	63	snoRNA	1638	34705
VASA own, 130 nt	multi	63	tRNA	115	34705
VASA own, 130 nt	multi	64	MiscRna	4498	34966
VASA own, 130 nt	multi	64	MtTrna	14	34966
VASA own, 130 nt	multi	64	ProcessedPseudogene	4767	34966
VASA own, 130 nt	multi	64	ProteinCoding	29133	34966
VASA own, 130 nt	multi	64	TEC	28	34966
VASA own, 130 nt	multi	64	TranscribedProcessedPseudogene	1888	34966
VASA own, 130 nt	multi	64	TranscribedUnitaryPseudogene	76	34966
VASA own, 130 nt	multi	64	TranscribedUnprocessedPseudogene	195	34966
VASA own, 130 nt	multi	64	UnitaryPseudogene	10	34966
VASA own, 130 nt	multi	64	UnprocessedPseudogene	553	34966
VASA own, 130 nt	multi	64	lncRNA	23025	34966
VASA own, 130 nt	multi	64	miRNA	4157	34966
VASA own, 130 nt	multi	64	rRNA	138	34966
VASA own, 130 nt	multi	64	ribozyme	16	34966
VASA own, 130 nt	multi	64	snRNA	1680	34966
VASA own, 130 nt	multi	64	snoRNA	4141	34966
VASA own, 130 nt	multi	64	tRNA	153	34966
VASA own, 130 nt	multi	65	MiscRna	4938	28862
VASA own, 130 nt	multi	65	MtTrna	12	28862
VASA own, 130 nt	multi	65	ProcessedPseudogene	4274	28862
VASA own, 130 nt	multi	65	ProteinCoding	21805	28862
VASA own, 130 nt	multi	65	TEC	33	28862
VASA own, 130 nt	multi	65	TranscribedProcessedPseudogene	1777	28862
VASA own, 130 nt	multi	65	TranscribedUnitaryPseudogene	90	28862
VASA own, 130 nt	multi	65	TranscribedUnprocessedPseudogene	199	28862
VASA own, 130 nt	multi	65	UnitaryPseudogene	19	28862
VASA own, 130 nt	multi	65	UnprocessedPseudogene	574	28862
VASA own, 130 nt	multi	65	lncRNA	19967	28862
VASA own, 130 nt	multi	65	miRNA	4595	28862
VASA own, 130 nt	multi	65	rRNA	67	28862
VASA own, 130 nt	multi	65	ribozyme	7	28862
VASA own, 130 nt	multi	65	snRNA	1493	28862
VASA own, 130 nt	multi	65	snoRNA	1617	28862
VASA own, 130 nt	multi	65	tRNA	128	28862
VASA own, 130 nt	multi	66	MiscRna	11418	34581
VASA own, 130 nt	multi	66	MtTrna	10	34581
VASA own, 130 nt	multi	66	ProcessedPseudogene	4126	34581
VASA own, 130 nt	multi	66	ProteinCoding	21534	34581
VASA own, 130 nt	multi	66	TEC	29	34581
VASA own, 130 nt	multi	66	TranscribedProcessedPseudogene	2162	34581
VASA own, 130 nt	multi	66	TranscribedUnitaryPseudogene	94	34581
VASA own, 130 nt	multi	66	TranscribedUnprocessedPseudogene	153	34581
VASA own, 130 nt	multi	66	UnitaryPseudogene	6	34581
VASA own, 130 nt	multi	66	UnprocessedPseudogene	531	34581
VASA own, 130 nt	multi	66	lncRNA	24703	34581
VASA own, 130 nt	multi	66	miRNA	11059	34581
VASA own, 130 nt	multi	66	rRNA	75	34581
VASA own, 130 nt	multi	66	ribozyme	3	34581
VASA own, 130 nt	multi	66	snRNA	1584	34581
VASA own, 130 nt	multi	66	snoRNA	2620	34581
VASA own, 130 nt	multi	66	tRNA	163	34581
VASA own, 130 nt	multi	67	MiscRna	13205	49451
VASA own, 130 nt	multi	67	MtTrna	4	49451
VASA own, 130 nt	multi	67	ProcessedPseudogene	3982	49451
VASA own, 130 nt	multi	67	ProteinCoding	31629	49451
VASA own, 130 nt	multi	67	TEC	29	49451
VASA own, 130 nt	multi	67	TranscribedProcessedPseudogene	1878	49451
VASA own, 130 nt	multi	67	TranscribedUnitaryPseudogene	94	49451
VASA own, 130 nt	multi	67	TranscribedUnprocessedPseudogene	228	49451
VASA own, 130 nt	multi	67	UnitaryPseudogene	8	49451
VASA own, 130 nt	multi	67	UnprocessedPseudogene	394	49451
VASA own, 130 nt	multi	67	lncRNA	39995	49451
VASA own, 130 nt	multi	67	miRNA	12826	49451
VASA own, 130 nt	multi	67	rRNA	109	49451
VASA own, 130 nt	multi	67	ribozyme	10	49451
VASA own, 130 nt	multi	67	scaRNA	2	49451
VASA own, 130 nt	multi	67	snRNA	1553	49451
VASA own, 130 nt	multi	67	snoRNA	1549	49451
VASA own, 130 nt	multi	67	tRNA	111	49451
VASA own, 130 nt	multi	68	MiscRna	7891	57209
VASA own, 130 nt	multi	68	MtTrna	4	57209
VASA own, 130 nt	multi	68	ProcessedPseudogene	4418	57209
VASA own, 130 nt	multi	68	ProteinCoding	47853	57209
VASA own, 130 nt	multi	68	TEC	22	57209
VASA own, 130 nt	multi	68	TranscribedProcessedPseudogene	2929	57209
VASA own, 130 nt	multi	68	TranscribedUnitaryPseudogene	69	57209
VASA own, 130 nt	multi	68	TranscribedUnprocessedPseudogene	191	57209
VASA own, 130 nt	multi	68	UnitaryPseudogene	20	57209
VASA own, 130 nt	multi	68	UnprocessedPseudogene	482	57209
VASA own, 130 nt	multi	68	lncRNA	47267	57209
VASA own, 130 nt	multi	68	miRNA	7459	57209
VASA own, 130 nt	multi	68	rRNA	69	57209
VASA own, 130 nt	multi	68	ribozyme	5	57209
VASA own, 130 nt	multi	68	snRNA	1551	57209
VASA own, 130 nt	multi	68	snoRNA	1311	57209
VASA own, 130 nt	multi	68	tRNA	74	57209
VASA own, 130 nt	multi	69	MiscRna	10392	47394
VASA own, 130 nt	multi	69	MtTrna	5	47394
VASA own, 130 nt	multi	69	ProcessedPseudogene	3981	47394
VASA own, 130 nt	multi	69	ProteinCoding	35037	47394
VASA own, 130 nt	multi	69	TEC	38	47394
VASA own, 130 nt	multi	69	TranscribedProcessedPseudogene	1867	47394
VASA own, 130 nt	multi	69	TranscribedUnitaryPseudogene	85	47394
VASA own, 130 nt	multi	69	TranscribedUnprocessedPseudogene	192	47394
VASA own, 130 nt	multi	69	UnitaryPseudogene	27	47394
VASA own, 130 nt	multi	69	UnprocessedPseudogene	484	47394
VASA own, 130 nt	multi	69	lncRNA	38304	47394
VASA own, 130 nt	multi	69	miRNA	9875	47394
VASA own, 130 nt	multi	69	rRNA	60	47394
VASA own, 130 nt	multi	69	ribozyme	8	47394
VASA own, 130 nt	multi	69	scaRNA	1	47394
VASA own, 130 nt	multi	69	snRNA	1346	47394
VASA own, 130 nt	multi	69	snoRNA	1945	47394
VASA own, 130 nt	multi	69	tRNA	77	47394
VASA own, 130 nt	multi	70	MiscRna	12132	38305
VASA own, 130 nt	multi	70	MtTrna	6	38305
VASA own, 130 nt	multi	70	ProcessedPseudogene	4217	38305
VASA own, 130 nt	multi	70	ProteinCoding	24198	38305
VASA own, 130 nt	multi	70	TEC	29	38305
VASA own, 130 nt	multi	70	TranscribedProcessedPseudogene	1979	38305
VASA own, 130 nt	multi	70	TranscribedUnitaryPseudogene	68	38305
VASA own, 130 nt	multi	70	TranscribedUnprocessedPseudogene	182	38305
VASA own, 130 nt	multi	70	UnitaryPseudogene	8	38305
VASA own, 130 nt	multi	70	UnprocessedPseudogene	618	38305
VASA own, 130 nt	multi	70	lncRNA	29452	38305
VASA own, 130 nt	multi	70	miRNA	11733	38305
VASA own, 130 nt	multi	70	rRNA	77	38305
VASA own, 130 nt	multi	70	ribozyme	9	38305
VASA own, 130 nt	multi	70	snRNA	1750	38305
VASA own, 130 nt	multi	70	snoRNA	1253	38305
VASA own, 130 nt	multi	70	tRNA	62	38305
VASA own, 130 nt	multi	71	MiscRna	10437	44251
VASA own, 130 nt	multi	71	MtTrna	12	44251
VASA own, 130 nt	multi	71	ProcessedPseudogene	4409	44251
VASA own, 130 nt	multi	71	ProteinCoding	27181	44251
VASA own, 130 nt	multi	71	TEC	30	44251
VASA own, 130 nt	multi	71	TranscribedProcessedPseudogene	1946	44251
VASA own, 130 nt	multi	71	TranscribedUnitaryPseudogene	81	44251
VASA own, 130 nt	multi	71	TranscribedUnprocessedPseudogene	186	44251
VASA own, 130 nt	multi	71	UnitaryPseudogene	9	44251
VASA own, 130 nt	multi	71	UnprocessedPseudogene	888	44251
VASA own, 130 nt	multi	71	lncRNA	33687	44251
VASA own, 130 nt	multi	71	miRNA	10023	44251
VASA own, 130 nt	multi	71	rRNA	91	44251
VASA own, 130 nt	multi	71	ribozyme	4	44251
VASA own, 130 nt	multi	71	snRNA	2943	44251
VASA own, 130 nt	multi	71	snoRNA	1596	44251
VASA own, 130 nt	multi	71	tRNA	63	44251
VASA own, 130 nt	multi	72	MiscRna	9471	58714
VASA own, 130 nt	multi	72	MtTrna	17	58714
VASA own, 130 nt	multi	72	ProcessedPseudogene	4433	58714
VASA own, 130 nt	multi	72	ProteinCoding	38069	58714
VASA own, 130 nt	multi	72	TEC	44	58714
VASA own, 130 nt	multi	72	TranscribedProcessedPseudogene	1883	58714
VASA own, 130 nt	multi	72	TranscribedUnitaryPseudogene	115	58714
VASA own, 130 nt	multi	72	TranscribedUnprocessedPseudogene	173	58714
VASA own, 130 nt	multi	72	UnitaryPseudogene	18	58714
VASA own, 130 nt	multi	72	UnprocessedPseudogene	704	58714
VASA own, 130 nt	multi	72	lncRNA	48157	58714
VASA own, 130 nt	multi	72	miRNA	8983	58714
VASA own, 130 nt	multi	72	rRNA	65	58714
VASA own, 130 nt	multi	72	ribozyme	4	58714
VASA own, 130 nt	multi	72	snRNA	4247	58714
VASA own, 130 nt	multi	72	snoRNA	1039	58714
VASA own, 130 nt	multi	72	tRNA	63	58714
VASA own, 130 nt	multi	73	MiscRna	11900	66969
VASA own, 130 nt	multi	73	MtTrna	7	66969
VASA own, 130 nt	multi	73	ProcessedPseudogene	4397	66969
VASA own, 130 nt	multi	73	ProteinCoding	46131	66969
VASA own, 130 nt	multi	73	TEC	29	66969
VASA own, 130 nt	multi	73	TranscribedProcessedPseudogene	2201	66969
VASA own, 130 nt	multi	73	TranscribedUnitaryPseudogene	146	66969
VASA own, 130 nt	multi	73	TranscribedUnprocessedPseudogene	194	66969
VASA own, 130 nt	multi	73	UnitaryPseudogene	22	66969
VASA own, 130 nt	multi	73	UnprocessedPseudogene	626	66969
VASA own, 130 nt	multi	73	lncRNA	53772	66969
VASA own, 130 nt	multi	73	miRNA	11426	66969
VASA own, 130 nt	multi	73	rRNA	124	66969
VASA own, 130 nt	multi	73	ribozyme	9	66969
VASA own, 130 nt	multi	73	snRNA	3287	66969
VASA own, 130 nt	multi	73	snoRNA	2292	66969
VASA own, 130 nt	multi	73	tRNA	189	66969
VASA own, 130 nt	multi	74	MiscRna	11409	66151
VASA own, 130 nt	multi	74	MtTrna	6	66151
VASA own, 130 nt	multi	74	ProcessedPseudogene	5058	66151
VASA own, 130 nt	multi	74	ProteinCoding	50462	66151
VASA own, 130 nt	multi	74	TEC	33	66151
VASA own, 130 nt	multi	74	TranscribedProcessedPseudogene	1881	66151
VASA own, 130 nt	multi	74	TranscribedUnitaryPseudogene	107	66151
VASA own, 130 nt	multi	74	TranscribedUnprocessedPseudogene	189	66151
VASA own, 130 nt	multi	74	UnitaryPseudogene	9	66151
VASA own, 130 nt	multi	74	UnprocessedPseudogene	430	66151
VASA own, 130 nt	multi	74	lncRNA	54980	66151
VASA own, 130 nt	multi	74	miRNA	10901	66151
VASA own, 130 nt	multi	74	rRNA	91	66151
VASA own, 130 nt	multi	74	ribozyme	9	66151
VASA own, 130 nt	multi	74	snRNA	3956	66151
VASA own, 130 nt	multi	74	snoRNA	2093	66151
VASA own, 130 nt	multi	74	tRNA	141	66151
VASA own, 130 nt	multi	75	MiscRna	8079	59890
VASA own, 130 nt	multi	75	MtTrna	5	59890
VASA own, 130 nt	multi	75	ProcessedPseudogene	4998	59890
VASA own, 130 nt	multi	75	ProteinCoding	46725	59890
VASA own, 130 nt	multi	75	TEC	44	59890
VASA own, 130 nt	multi	75	TranscribedProcessedPseudogene	1826	59890
VASA own, 130 nt	multi	75	TranscribedUnitaryPseudogene	110	59890
VASA own, 130 nt	multi	75	TranscribedUnprocessedPseudogene	180	59890
VASA own, 130 nt	multi	75	UnitaryPseudogene	20	59890
VASA own, 130 nt	multi	75	UnprocessedPseudogene	433	59890
VASA own, 130 nt	multi	75	lncRNA	48875	59890
VASA own, 130 nt	multi	75	miRNA	7736	59890
VASA own, 130 nt	multi	75	rRNA	89	59890
VASA own, 130 nt	multi	75	ribozyme	7	59890
VASA own, 130 nt	multi	75	snRNA	2910	59890
VASA own, 130 nt	multi	75	snoRNA	1302	59890
VASA own, 130 nt	multi	75	tRNA	133	59890
VASA own, 130 nt	multi	76	MiscRna	9768	49274
VASA own, 130 nt	multi	76	MtRrna	2	49274
VASA own, 130 nt	multi	76	MtTrna	3	49274
VASA own, 130 nt	multi	76	ProcessedPseudogene	5057	49274
VASA own, 130 nt	multi	76	ProteinCoding	33720	49274
VASA own, 130 nt	multi	76	TEC	35	49274
VASA own, 130 nt	multi	76	TranscribedProcessedPseudogene	1852	49274
VASA own, 130 nt	multi	76	TranscribedUnitaryPseudogene	89	49274
VASA own, 130 nt	multi	76	TranscribedUnprocessedPseudogene	204	49274
VASA own, 130 nt	multi	76	UnitaryPseudogene	14	49274
VASA own, 130 nt	multi	76	UnprocessedPseudogene	549	49274
VASA own, 130 nt	multi	76	lncRNA	39157	49274
VASA own, 130 nt	multi	76	miRNA	9362	49274
VASA own, 130 nt	multi	76	rRNA	81	49274
VASA own, 130 nt	multi	76	ribozyme	15	49274
VASA own, 130 nt	multi	76	snRNA	2882	49274
VASA own, 130 nt	multi	76	snoRNA	1116	49274
VASA own, 130 nt	multi	76	tRNA	106	49274
VASA own, 130 nt	multi	77	MiscRna	12434	45184
VASA own, 130 nt	multi	77	MtRrna	1	45184
VASA own, 130 nt	multi	77	MtTrna	8	45184
VASA own, 130 nt	multi	77	ProcessedPseudogene	5039	45184
VASA own, 130 nt	multi	77	ProteinCoding	26785	45184
VASA own, 130 nt	multi	77	TEC	29	45184
VASA own, 130 nt	multi	77	TranscribedProcessedPseudogene	1955	45184
VASA own, 130 nt	multi	77	TranscribedUnitaryPseudogene	96	45184
VASA own, 130 nt	multi	77	TranscribedUnprocessedPseudogene	199	45184
VASA own, 130 nt	multi	77	UnitaryPseudogene	25	45184
VASA own, 130 nt	multi	77	UnprocessedPseudogene	639	45184
VASA own, 130 nt	multi	77	lncRNA	35080	45184
VASA own, 130 nt	multi	77	miRNA	11883	45184
VASA own, 130 nt	multi	77	rRNA	57	45184
VASA own, 130 nt	multi	77	ribozyme	24	45184
VASA own, 130 nt	multi	77	snRNA	4709	45184
VASA own, 130 nt	multi	77	snoRNA	1417	45184
VASA own, 130 nt	multi	77	tRNA	78	45184
VASA own, 130 nt	multi	78	MiscRna	13854	46914
VASA own, 130 nt	multi	78	MtTrna	6	46914
VASA own, 130 nt	multi	78	ProcessedPseudogene	4396	46914
VASA own, 130 nt	multi	78	ProteinCoding	25386	46914
VASA own, 130 nt	multi	78	TEC	30	46914
VASA own, 130 nt	multi	78	TranscribedProcessedPseudogene	1779	46914
VASA own, 130 nt	multi	78	TranscribedUnitaryPseudogene	77	46914
VASA own, 130 nt	multi	78	TranscribedUnprocessedPseudogene	166	46914
VASA own, 130 nt	multi	78	UnitaryPseudogene	10	46914
VASA own, 130 nt	multi	78	UnprocessedPseudogene	682	46914
VASA own, 130 nt	multi	78	lncRNA	36892	46914
VASA own, 130 nt	multi	78	miRNA	13263	46914
VASA own, 130 nt	multi	78	rRNA	55	46914
VASA own, 130 nt	multi	78	ribozyme	14	46914
VASA own, 130 nt	multi	78	snRNA	4040	46914
VASA own, 130 nt	multi	78	snoRNA	977	46914
VASA own, 130 nt	multi	78	tRNA	97	46914
VASA own, 130 nt	multi	79	MiscRna	19265	70674
VASA own, 130 nt	multi	79	MtTrna	7	70674
VASA own, 130 nt	multi	79	ProcessedPseudogene	4510	70674
VASA own, 130 nt	multi	79	ProteinCoding	44011	70674
VASA own, 130 nt	multi	79	TEC	35	70674
VASA own, 130 nt	multi	79	TranscribedProcessedPseudogene	1933	70674
VASA own, 130 nt	multi	79	TranscribedUnitaryPseudogene	95	70674
VASA own, 130 nt	multi	79	TranscribedUnprocessedPseudogene	214	70674
VASA own, 130 nt	multi	79	UnitaryPseudogene	15	70674
VASA own, 130 nt	multi	79	UnprocessedPseudogene	711	70674
VASA own, 130 nt	multi	79	lncRNA	60015	70674
VASA own, 130 nt	multi	79	miRNA	18706	70674
VASA own, 130 nt	multi	79	rRNA	61	70674
VASA own, 130 nt	multi	79	ribozyme	10	70674
VASA own, 130 nt	multi	79	snRNA	3746	70674
VASA own, 130 nt	multi	79	snoRNA	1656	70674
VASA own, 130 nt	multi	79	tRNA	119	70674
VASA own, 130 nt	multi	80	MiscRna	34430	159443
VASA own, 130 nt	multi	80	MtRrna	1	159443
VASA own, 130 nt	multi	80	MtTrna	10	159443
VASA own, 130 nt	multi	80	ProcessedPseudogene	4797	159443
VASA own, 130 nt	multi	80	ProteinCoding	113931	159443
VASA own, 130 nt	multi	80	TEC	47	159443
VASA own, 130 nt	multi	80	TranscribedProcessedPseudogene	2002	159443
VASA own, 130 nt	multi	80	TranscribedUnitaryPseudogene	85	159443
VASA own, 130 nt	multi	80	TranscribedUnprocessedPseudogene	197	159443
VASA own, 130 nt	multi	80	UnitaryPseudogene	2	159443
VASA own, 130 nt	multi	80	UnprocessedPseudogene	811	159443
VASA own, 130 nt	multi	80	lncRNA	147140	159443
VASA own, 130 nt	multi	80	miRNA	33756	159443
VASA own, 130 nt	multi	80	rRNA	52	159443
VASA own, 130 nt	multi	80	ribozyme	27	159443
VASA own, 130 nt	multi	80	snRNA	7626	159443
VASA own, 130 nt	multi	80	snoRNA	1615	159443
VASA own, 130 nt	multi	80	tRNA	56	159443
VASA own, 130 nt	multi	81	MiscRna	33466	131336
VASA own, 130 nt	multi	81	MtTrna	5	131336
VASA own, 130 nt	multi	81	ProcessedPseudogene	5043	131336
VASA own, 130 nt	multi	81	ProteinCoding	81771	131336
VASA own, 130 nt	multi	81	TEC	32	131336
VASA own, 130 nt	multi	81	TranscribedProcessedPseudogene	1859	131336
VASA own, 130 nt	multi	81	TranscribedUnitaryPseudogene	116	131336
VASA own, 130 nt	multi	81	TranscribedUnprocessedPseudogene	169	131336
VASA own, 130 nt	multi	81	UnitaryPseudogene	12	131336
VASA own, 130 nt	multi	81	UnprocessedPseudogene	631	131336
VASA own, 130 nt	multi	81	lncRNA	118681	131336
VASA own, 130 nt	multi	81	miRNA	32822	131336
VASA own, 130 nt	multi	81	rRNA	81	131336
VASA own, 130 nt	multi	81	ribozyme	18	131336
VASA own, 130 nt	multi	81	snRNA	10271	131336
VASA own, 130 nt	multi	81	snoRNA	1220	131336
VASA own, 130 nt	multi	81	tRNA	87	131336
VASA own, 130 nt	multi	82	MiscRna	16367	117177
VASA own, 130 nt	multi	82	MtTrna	2	117177
VASA own, 130 nt	multi	82	ProcessedPseudogene	4888	117177
VASA own, 130 nt	multi	82	ProteinCoding	82788	117177
VASA own, 130 nt	multi	82	TEC	54	117177
VASA own, 130 nt	multi	82	TranscribedProcessedPseudogene	1801	117177
VASA own, 130 nt	multi	82	TranscribedUnitaryPseudogene	78	117177
VASA own, 130 nt	multi	82	TranscribedUnprocessedPseudogene	182	117177
VASA own, 130 nt	multi	82	UnitaryPseudogene	16	117177
VASA own, 130 nt	multi	82	UnprocessedPseudogene	630	117177
VASA own, 130 nt	multi	82	lncRNA	104667	117177
VASA own, 130 nt	multi	82	miRNA	15580	117177
VASA own, 130 nt	multi	82	rRNA	59	117177
VASA own, 130 nt	multi	82	ribozyme	15	117177
VASA own, 130 nt	multi	82	snRNA	37284	117177
VASA own, 130 nt	multi	82	snoRNA	927	117177
VASA own, 130 nt	multi	82	tRNA	57	117177
VASA own, 130 nt	multi	83	MiscRna	13979	104142
VASA own, 130 nt	multi	83	MtRrna	2	104142
VASA own, 130 nt	multi	83	MtTrna	4	104142
VASA own, 130 nt	multi	83	ProcessedPseudogene	4697	104142
VASA own, 130 nt	multi	83	ProteinCoding	66145	104142
VASA own, 130 nt	multi	83	TEC	49	104142
VASA own, 130 nt	multi	83	TranscribedProcessedPseudogene	1991	104142
VASA own, 130 nt	multi	83	TranscribedUnitaryPseudogene	92	104142
VASA own, 130 nt	multi	83	TranscribedUnprocessedPseudogene	191	104142
VASA own, 130 nt	multi	83	UnitaryPseudogene	16	104142
VASA own, 130 nt	multi	83	UnprocessedPseudogene	505	104142
VASA own, 130 nt	multi	83	lncRNA	84399	104142
VASA own, 130 nt	multi	83	miRNA	13015	104142
VASA own, 130 nt	multi	83	rRNA	41	104142
VASA own, 130 nt	multi	83	ribozyme	25	104142
VASA own, 130 nt	multi	83	snRNA	27208	104142
VASA own, 130 nt	multi	83	snoRNA	1232	104142
VASA own, 130 nt	multi	83	tRNA	42	104142
VASA own, 130 nt	multi	84	MiscRna	18988	103281
VASA own, 130 nt	multi	84	MtRrna	1	103281
VASA own, 130 nt	multi	84	MtTrna	7	103281
VASA own, 130 nt	multi	84	ProcessedPseudogene	4924	103281
VASA own, 130 nt	multi	84	ProteinCoding	68114	103281
VASA own, 130 nt	multi	84	TEC	81	103281
VASA own, 130 nt	multi	84	TranscribedProcessedPseudogene	1941	103281
VASA own, 130 nt	multi	84	TranscribedUnitaryPseudogene	84	103281
VASA own, 130 nt	multi	84	TranscribedUnprocessedPseudogene	207	103281
VASA own, 130 nt	multi	84	UnitaryPseudogene	28	103281
VASA own, 130 nt	multi	84	UnprocessedPseudogene	683	103281
VASA own, 130 nt	multi	84	lncRNA	86477	103281
VASA own, 130 nt	multi	84	miRNA	17985	103281
VASA own, 130 nt	multi	84	rRNA	30	103281
VASA own, 130 nt	multi	84	ribozyme	19	103281
VASA own, 130 nt	multi	84	snRNA	13663	103281
VASA own, 130 nt	multi	84	snoRNA	1517	103281
VASA own, 130 nt	multi	84	tRNA	41	103281
VASA own, 130 nt	multi	85	MiscRna	26666	115504
VASA own, 130 nt	multi	85	MtTrna	9	115504
VASA own, 130 nt	multi	85	ProcessedPseudogene	5372	115504
VASA own, 130 nt	multi	85	ProteinCoding	80181	115504
VASA own, 130 nt	multi	85	TEC	75	115504
VASA own, 130 nt	multi	85	TranscribedProcessedPseudogene	1875	115504
VASA own, 130 nt	multi	85	TranscribedUnitaryPseudogene	98	115504
VASA own, 130 nt	multi	85	TranscribedUnprocessedPseudogene	220	115504
VASA own, 130 nt	multi	85	UnitaryPseudogene	15	115504
VASA own, 130 nt	multi	85	UnprocessedPseudogene	659	115504
VASA own, 130 nt	multi	85	lncRNA	102439	115504
VASA own, 130 nt	multi	85	miRNA	25650	115504
VASA own, 130 nt	multi	85	rRNA	33	115504
VASA own, 130 nt	multi	85	ribozyme	16	115504
VASA own, 130 nt	multi	85	scaRNA	3	115504
VASA own, 130 nt	multi	85	snRNA	7852	115504
VASA own, 130 nt	multi	85	snoRNA	942	115504
VASA own, 130 nt	multi	85	tRNA	45	115504
VASA own, 130 nt	multi	86	MiscRna	35028	134012
VASA own, 130 nt	multi	86	MtTrna	4	134012
VASA own, 130 nt	multi	86	ProcessedPseudogene	5435	134012
VASA own, 130 nt	multi	86	ProteinCoding	92978	134012
VASA own, 130 nt	multi	86	TEC	87	134012
VASA own, 130 nt	multi	86	TranscribedProcessedPseudogene	1886	134012
VASA own, 130 nt	multi	86	TranscribedUnitaryPseudogene	106	134012
VASA own, 130 nt	multi	86	TranscribedUnprocessedPseudogene	216	134012
VASA own, 130 nt	multi	86	UnitaryPseudogene	12	134012
VASA own, 130 nt	multi	86	UnprocessedPseudogene	538	134012
VASA own, 130 nt	multi	86	lncRNA	120923	134012
VASA own, 130 nt	multi	86	miRNA	33893	134012
VASA own, 130 nt	multi	86	rRNA	33	134012
VASA own, 130 nt	multi	86	ribozyme	17	134012
VASA own, 130 nt	multi	86	scaRNA	2	134012
VASA own, 130 nt	multi	86	snRNA	5334	134012
VASA own, 130 nt	multi	86	snoRNA	1194	134012
VASA own, 130 nt	multi	86	tRNA	41	134012
VASA own, 130 nt	multi	87	MiscRna	38206	150783
VASA own, 130 nt	multi	87	MtTrna	2	150783
VASA own, 130 nt	multi	87	ProcessedPseudogene	6639	150783
VASA own, 130 nt	multi	87	ProteinCoding	108014	150783
VASA own, 130 nt	multi	87	TEC	68	150783
VASA own, 130 nt	multi	87	TranscribedProcessedPseudogene	1977	150783
VASA own, 130 nt	multi	87	TranscribedUnitaryPseudogene	118	150783
VASA own, 130 nt	multi	87	TranscribedUnprocessedPseudogene	262	150783
VASA own, 130 nt	multi	87	UnitaryPseudogene	8	150783
VASA own, 130 nt	multi	87	UnprocessedPseudogene	793	150783
VASA own, 130 nt	multi	87	lncRNA	136951	150783
VASA own, 130 nt	multi	87	miRNA	37157	150783
VASA own, 130 nt	multi	87	rRNA	25	150783
VASA own, 130 nt	multi	87	ribozyme	42	150783
VASA own, 130 nt	multi	87	snRNA	4617	150783
VASA own, 130 nt	multi	87	snoRNA	1458	150783
VASA own, 130 nt	multi	87	tRNA	61	150783
VASA own, 130 nt	multi	88	MiscRna	41699	141346
VASA own, 130 nt	multi	88	MtTrna	4	141346
VASA own, 130 nt	multi	88	ProcessedPseudogene	5357	141346
VASA own, 130 nt	multi	88	ProteinCoding	95980	141346
VASA own, 130 nt	multi	88	TEC	68	141346
VASA own, 130 nt	multi	88	TranscribedProcessedPseudogene	1969	141346
VASA own, 130 nt	multi	88	TranscribedUnitaryPseudogene	92	141346
VASA own, 130 nt	multi	88	TranscribedUnprocessedPseudogene	220	141346
VASA own, 130 nt	multi	88	UnitaryPseudogene	26	141346
VASA own, 130 nt	multi	88	UnprocessedPseudogene	620	141346
VASA own, 130 nt	multi	88	lncRNA	126478	141346
VASA own, 130 nt	multi	88	miRNA	40693	141346
VASA own, 130 nt	multi	88	rRNA	35	141346
VASA own, 130 nt	multi	88	ribozyme	21	141346
VASA own, 130 nt	multi	88	snRNA	4223	141346
VASA own, 130 nt	multi	88	snoRNA	3952	141346
VASA own, 130 nt	multi	88	tRNA	19	141346
VASA own, 130 nt	multi	89	MiscRna	34958	113994
VASA own, 130 nt	multi	89	MtTrna	4	113994
VASA own, 130 nt	multi	89	ProcessedPseudogene	6331	113994
VASA own, 130 nt	multi	89	ProteinCoding	75255	113994
VASA own, 130 nt	multi	89	TEC	75	113994
VASA own, 130 nt	multi	89	TranscribedProcessedPseudogene	1917	113994
VASA own, 130 nt	multi	89	TranscribedUnitaryPseudogene	99	113994
VASA own, 130 nt	multi	89	TranscribedUnprocessedPseudogene	202	113994
VASA own, 130 nt	multi	89	UnitaryPseudogene	27	113994
VASA own, 130 nt	multi	89	UnprocessedPseudogene	615	113994
VASA own, 130 nt	multi	89	lncRNA	100173	113994
VASA own, 130 nt	multi	89	miRNA	33894	113994
VASA own, 130 nt	multi	89	rRNA	31	113994
VASA own, 130 nt	multi	89	ribozyme	22	113994
VASA own, 130 nt	multi	89	snRNA	4658	113994
VASA own, 130 nt	multi	89	snoRNA	1334	113994
VASA own, 130 nt	multi	89	tRNA	17	113994
VASA own, 130 nt	multi	90	MiscRna	24514	88418
VASA own, 130 nt	multi	90	MtTrna	8	88418
VASA own, 130 nt	multi	90	ProcessedPseudogene	5073	88418
VASA own, 130 nt	multi	90	ProteinCoding	59372	88418
VASA own, 130 nt	multi	90	TEC	62	88418
VASA own, 130 nt	multi	90	TranscribedProcessedPseudogene	1875	88418
VASA own, 130 nt	multi	90	TranscribedUnitaryPseudogene	68	88418
VASA own, 130 nt	multi	90	TranscribedUnprocessedPseudogene	213	88418
VASA own, 130 nt	multi	90	UnitaryPseudogene	29	88418
VASA own, 130 nt	multi	90	UnprocessedPseudogene	802	88418
VASA own, 130 nt	multi	90	lncRNA	74531	88418
VASA own, 130 nt	multi	90	miRNA	23457	88418
VASA own, 130 nt	multi	90	rRNA	32	88418
VASA own, 130 nt	multi	90	ribozyme	16	88418
VASA own, 130 nt	multi	90	scaRNA	1	88418
VASA own, 130 nt	multi	90	snRNA	6488	88418
VASA own, 130 nt	multi	90	snoRNA	2125	88418
VASA own, 130 nt	multi	90	tRNA	9	88418
VASA own, 130 nt	multi	91	MiscRna	33456	90529
VASA own, 130 nt	multi	91	MtRrna	1	90529
VASA own, 130 nt	multi	91	MtTrna	12	90529
VASA own, 130 nt	multi	91	ProcessedPseudogene	5642	90529
VASA own, 130 nt	multi	91	ProteinCoding	52987	90529
VASA own, 130 nt	multi	91	TEC	82	90529
VASA own, 130 nt	multi	91	TranscribedProcessedPseudogene	2181	90529
VASA own, 130 nt	multi	91	TranscribedUnitaryPseudogene	76	90529
VASA own, 130 nt	multi	91	TranscribedUnprocessedPseudogene	194	90529
VASA own, 130 nt	multi	91	UnitaryPseudogene	44	90529
VASA own, 130 nt	multi	91	UnprocessedPseudogene	630	90529
VASA own, 130 nt	multi	91	lncRNA	76510	90529
VASA own, 130 nt	multi	91	miRNA	32549	90529
VASA own, 130 nt	multi	91	rRNA	33	90529
VASA own, 130 nt	multi	91	ribozyme	9	90529
VASA own, 130 nt	multi	91	snRNA	6664	90529
VASA own, 130 nt	multi	91	snoRNA	1640	90529
VASA own, 130 nt	multi	91	tRNA	7	90529
VASA own, 130 nt	multi	92	MiscRna	32372	97886
VASA own, 130 nt	multi	92	MtTrna	11	97886
VASA own, 130 nt	multi	92	ProcessedPseudogene	5321	97886
VASA own, 130 nt	multi	92	ProteinCoding	61064	97886
VASA own, 130 nt	multi	92	TEC	163	97886
VASA own, 130 nt	multi	92	TranscribedProcessedPseudogene	2085	97886
VASA own, 130 nt	multi	92	TranscribedUnitaryPseudogene	72	97886
VASA own, 130 nt	multi	92	TranscribedUnprocessedPseudogene	202	97886
VASA own, 130 nt	multi	92	UnitaryPseudogene	27	97886
VASA own, 130 nt	multi	92	UnprocessedPseudogene	671	97886
VASA own, 130 nt	multi	92	lncRNA	85242	97886
VASA own, 130 nt	multi	92	miRNA	31233	97886
VASA own, 130 nt	multi	92	rRNA	35	97886
VASA own, 130 nt	multi	92	ribozyme	19	97886
VASA own, 130 nt	multi	92	scaRNA	1	97886
VASA own, 130 nt	multi	92	snRNA	6830	97886
VASA own, 130 nt	multi	92	snoRNA	1182	97886
VASA own, 130 nt	multi	92	tRNA	12	97886
VASA own, 130 nt	multi	93	MiscRna	19677	139485
VASA own, 130 nt	multi	93	MtTrna	9	139485
VASA own, 130 nt	multi	93	ProcessedPseudogene	5369	139485
VASA own, 130 nt	multi	93	ProteinCoding	113566	139485
VASA own, 130 nt	multi	93	TEC	142	139485
VASA own, 130 nt	multi	93	TranscribedProcessedPseudogene	2112	139485
VASA own, 130 nt	multi	93	TranscribedUnitaryPseudogene	85	139485
VASA own, 130 nt	multi	93	TranscribedUnprocessedPseudogene	228	139485
VASA own, 130 nt	multi	93	UnitaryPseudogene	52	139485
VASA own, 130 nt	multi	93	UnprocessedPseudogene	760	139485
VASA own, 130 nt	multi	93	lncRNA	126769	139485
VASA own, 130 nt	multi	93	miRNA	18583	139485
VASA own, 130 nt	multi	93	rRNA	38	139485
VASA own, 130 nt	multi	93	ribozyme	23	139485
VASA own, 130 nt	multi	93	scaRNA	1	139485
VASA own, 130 nt	multi	93	snRNA	6328	139485
VASA own, 130 nt	multi	93	snoRNA	1234	139485
VASA own, 130 nt	multi	93	tRNA	14	139485
VASA own, 130 nt	multi	94	MiscRna	17145	211079
VASA own, 130 nt	multi	94	MtRrna	1	211079
VASA own, 130 nt	multi	94	MtTrna	7	211079
VASA own, 130 nt	multi	94	ProcessedPseudogene	5360	211079
VASA own, 130 nt	multi	94	ProteinCoding	189050	211079
VASA own, 130 nt	multi	94	TEC	78	211079
VASA own, 130 nt	multi	94	TranscribedProcessedPseudogene	2286	211079
VASA own, 130 nt	multi	94	TranscribedUnitaryPseudogene	86	211079
VASA own, 130 nt	multi	94	TranscribedUnprocessedPseudogene	208	211079
VASA own, 130 nt	multi	94	UnitaryPseudogene	40	211079
VASA own, 130 nt	multi	94	UnprocessedPseudogene	868	211079
VASA own, 130 nt	multi	94	lncRNA	197542	211079
VASA own, 130 nt	multi	94	miRNA	15852	211079
VASA own, 130 nt	multi	94	rRNA	31	211079
VASA own, 130 nt	multi	94	ribozyme	28	211079
VASA own, 130 nt	multi	94	snRNA	5382	211079
VASA own, 130 nt	multi	94	snoRNA	1664	211079
VASA own, 130 nt	multi	94	tRNA	7	211079
VASA own, 130 nt	multi	95	MiscRna	16499	211310
VASA own, 130 nt	multi	95	MtTrna	12	211310
VASA own, 130 nt	multi	95	ProcessedPseudogene	5059	211310
VASA own, 130 nt	multi	95	ProteinCoding	189741	211310
VASA own, 130 nt	multi	95	TEC	81	211310
VASA own, 130 nt	multi	95	TranscribedProcessedPseudogene	2120	211310
VASA own, 130 nt	multi	95	TranscribedUnitaryPseudogene	83	211310
VASA own, 130 nt	multi	95	TranscribedUnprocessedPseudogene	199	211310
VASA own, 130 nt	multi	95	UnitaryPseudogene	28	211310
VASA own, 130 nt	multi	95	UnprocessedPseudogene	826	211310
VASA own, 130 nt	multi	95	lncRNA	196140	211310
VASA own, 130 nt	multi	95	miRNA	15353	211310
VASA own, 130 nt	multi	95	rRNA	35	211310
VASA own, 130 nt	multi	95	ribozyme	26	211310
VASA own, 130 nt	multi	95	snRNA	5726	211310
VASA own, 130 nt	multi	95	snoRNA	1665	211310
VASA own, 130 nt	multi	95	tRNA	3	211310
VASA own, 130 nt	multi	96	MiscRna	19460	207389
VASA own, 130 nt	multi	96	MtTrna	6	207389
VASA own, 130 nt	multi	96	ProcessedPseudogene	5242	207389
VASA own, 130 nt	multi	96	ProteinCoding	182446	207389
VASA own, 130 nt	multi	96	TEC	68	207389
VASA own, 130 nt	multi	96	TranscribedProcessedPseudogene	2209	207389
VASA own, 130 nt	multi	96	TranscribedUnitaryPseudogene	100	207389
VASA own, 130 nt	multi	96	TranscribedUnprocessedPseudogene	195	207389
VASA own, 130 nt	multi	96	UnitaryPseudogene	35	207389
VASA own, 130 nt	multi	96	UnprocessedPseudogene	735	207389
VASA own, 130 nt	multi	96	lncRNA	194520	207389
VASA own, 130 nt	multi	96	miRNA	18446	207389
VASA own, 130 nt	multi	96	rRNA	26	207389
VASA own, 130 nt	multi	96	ribozyme	16	207389
VASA own, 130 nt	multi	96	snRNA	6904	207389
VASA own, 130 nt	multi	96	snoRNA	1992	207389
VASA own, 130 nt	multi	96	tRNA	13	207389
VASA own, 130 nt	multi	97	MiscRna	20440	214866
VASA own, 130 nt	multi	97	MtTrna	3	214866
VASA own, 130 nt	multi	97	ProcessedPseudogene	6255	214866
VASA own, 130 nt	multi	97	ProteinCoding	188474	214866
VASA own, 130 nt	multi	97	TEC	88	214866
VASA own, 130 nt	multi	97	TranscribedProcessedPseudogene	2400	214866
VASA own, 130 nt	multi	97	TranscribedUnitaryPseudogene	92	214866
VASA own, 130 nt	multi	97	TranscribedUnprocessedPseudogene	255	214866
VASA own, 130 nt	multi	97	UnitaryPseudogene	57	214866
VASA own, 130 nt	multi	97	UnprocessedPseudogene	665	214866
VASA own, 130 nt	multi	97	lncRNA	200264	214866
VASA own, 130 nt	multi	97	miRNA	19369	214866
VASA own, 130 nt	multi	97	rRNA	14	214866
VASA own, 130 nt	multi	97	ribozyme	18	214866
VASA own, 130 nt	multi	97	snRNA	8051	214866
VASA own, 130 nt	multi	97	snoRNA	2784	214866
VASA own, 130 nt	multi	97	tRNA	5	214866
VASA own, 130 nt	multi	98	MiscRna	17117	194434
VASA own, 130 nt	multi	98	MtTrna	6	194434
VASA own, 130 nt	multi	98	ProcessedPseudogene	7256	194434
VASA own, 130 nt	multi	98	ProteinCoding	169424	194434
VASA own, 130 nt	multi	98	TEC	87	194434
VASA own, 130 nt	multi	98	TranscribedProcessedPseudogene	2854	194434
VASA own, 130 nt	multi	98	TranscribedUnitaryPseudogene	77	194434
VASA own, 130 nt	multi	98	TranscribedUnprocessedPseudogene	184	194434
VASA own, 130 nt	multi	98	UnitaryPseudogene	51	194434
VASA own, 130 nt	multi	98	UnprocessedPseudogene	585	194434
VASA own, 130 nt	multi	98	lncRNA	180534	194434
VASA own, 130 nt	multi	98	miRNA	15737	194434
VASA own, 130 nt	multi	98	rRNA	13	194434
VASA own, 130 nt	multi	98	ribozyme	27	194434
VASA own, 130 nt	multi	98	snRNA	11350	194434
VASA own, 130 nt	multi	98	snoRNA	1191	194434
VASA own, 130 nt	multi	98	tRNA	3	194434
VASA own, 130 nt	multi	99	MiscRna	14541	150415
VASA own, 130 nt	multi	99	MtTrna	4	150415
VASA own, 130 nt	multi	99	ProcessedPseudogene	6822	150415
VASA own, 130 nt	multi	99	ProteinCoding	126569	150415
VASA own, 130 nt	multi	99	TEC	84	150415
VASA own, 130 nt	multi	99	TranscribedProcessedPseudogene	3082	150415
VASA own, 130 nt	multi	99	TranscribedUnitaryPseudogene	93	150415
VASA own, 130 nt	multi	99	TranscribedUnprocessedPseudogene	203	150415
VASA own, 130 nt	multi	99	UnitaryPseudogene	34	150415
VASA own, 130 nt	multi	99	UnprocessedPseudogene	679	150415
VASA own, 130 nt	multi	99	lncRNA	134485	150415
VASA own, 130 nt	multi	99	miRNA	13210	150415
VASA own, 130 nt	multi	99	rRNA	18	150415
VASA own, 130 nt	multi	99	ribozyme	17	150415
VASA own, 130 nt	multi	99	scaRNA	2	150415
VASA own, 130 nt	multi	99	snRNA	13403	150415
VASA own, 130 nt	multi	99	snoRNA	1237	150415
VASA own, 130 nt	multi	99	tRNA	6	150415
VASA own, 130 nt	multi	100	MiscRna	14524	162315
VASA own, 130 nt	multi	100	MtTrna	2	162315
VASA own, 130 nt	multi	100	ProcessedPseudogene	7245	162315
VASA own, 130 nt	multi	100	ProteinCoding	140904	162315
VASA own, 130 nt	multi	100	TEC	133	162315
VASA own, 130 nt	multi	100	TranscribedProcessedPseudogene	3375	162315
VASA own, 130 nt	multi	100	TranscribedUnitaryPseudogene	122	162315
VASA own, 130 nt	multi	100	TranscribedUnprocessedPseudogene	196	162315
VASA own, 130 nt	multi	100	UnitaryPseudogene	22	162315
VASA own, 130 nt	multi	100	UnprocessedPseudogene	801	162315
VASA own, 130 nt	multi	100	lncRNA	145772	162315
VASA own, 130 nt	multi	100	miRNA	13133	162315
VASA own, 130 nt	multi	100	rRNA	38	162315
VASA own, 130 nt	multi	100	ribozyme	16	162315
VASA own, 130 nt	multi	100	snRNA	12778	162315
VASA own, 130 nt	multi	100	snoRNA	1514	162315
VASA own, 130 nt	multi	100	tRNA	6	162315
VASA own, 130 nt	multi	101	MiscRna	10653	123039
VASA own, 130 nt	multi	101	MtRrna	2	123039
VASA own, 130 nt	multi	101	MtTrna	5	123039
VASA own, 130 nt	multi	101	ProcessedPseudogene	5527	123039
VASA own, 130 nt	multi	101	ProteinCoding	105999	123039
VASA own, 130 nt	multi	101	TEC	72	123039
VASA own, 130 nt	multi	101	TranscribedProcessedPseudogene	2660	123039
VASA own, 130 nt	multi	101	TranscribedUnitaryPseudogene	157	123039
VASA own, 130 nt	multi	101	TranscribedUnprocessedPseudogene	258	123039
VASA own, 130 nt	multi	101	UnitaryPseudogene	33	123039
VASA own, 130 nt	multi	101	UnprocessedPseudogene	663	123039
VASA own, 130 nt	multi	101	lncRNA	106824	123039
VASA own, 130 nt	multi	101	miRNA	9464	123039
VASA own, 130 nt	multi	101	rRNA	29	123039
VASA own, 130 nt	multi	101	ribozyme	51	123039
VASA own, 130 nt	multi	101	scaRNA	1	123039
VASA own, 130 nt	multi	101	snRNA	15174	123039
VASA own, 130 nt	multi	101	snoRNA	4422	123039
VASA own, 130 nt	multi	101	tRNA	3	123039
VASA own, 130 nt	multi	102	MiscRna	10206	111611
VASA own, 130 nt	multi	102	MtTrna	7	111611
VASA own, 130 nt	multi	102	ProcessedPseudogene	5755	111611
VASA own, 130 nt	multi	102	ProteinCoding	95106	111611
VASA own, 130 nt	multi	102	TEC	83	111611
VASA own, 130 nt	multi	102	TranscribedProcessedPseudogene	2531	111611
VASA own, 130 nt	multi	102	TranscribedUnitaryPseudogene	120	111611
VASA own, 130 nt	multi	102	TranscribedUnprocessedPseudogene	213	111611
VASA own, 130 nt	multi	102	UnitaryPseudogene	37	111611
VASA own, 130 nt	multi	102	UnprocessedPseudogene	634	111611
VASA own, 130 nt	multi	102	lncRNA	97859	111611
VASA own, 130 nt	multi	102	miRNA	9063	111611
VASA own, 130 nt	multi	102	rRNA	18	111611
VASA own, 130 nt	multi	102	ribozyme	21	111611
VASA own, 130 nt	multi	102	snRNA	12501	111611
VASA own, 130 nt	multi	102	snoRNA	2750	111611
VASA own, 130 nt	multi	102	tRNA	15	111611
VASA own, 130 nt	multi	103	MiscRna	11203	198015
VASA own, 130 nt	multi	103	MtTrna	6	198015
VASA own, 130 nt	multi	103	ProcessedPseudogene	5740	198015
VASA own, 130 nt	multi	103	ProteinCoding	180523	198015
VASA own, 130 nt	multi	103	TEC	88	198015
VASA own, 130 nt	multi	103	TranscribedProcessedPseudogene	2706	198015
VASA own, 130 nt	multi	103	TranscribedUnitaryPseudogene	108	198015
VASA own, 130 nt	multi	103	TranscribedUnprocessedPseudogene	251	198015
VASA own, 130 nt	multi	103	UnitaryPseudogene	39	198015
VASA own, 130 nt	multi	103	UnprocessedPseudogene	623	198015
VASA own, 130 nt	multi	103	lncRNA	183413	198015
VASA own, 130 nt	multi	103	miRNA	9986	198015
VASA own, 130 nt	multi	103	rRNA	24	198015
VASA own, 130 nt	multi	103	ribozyme	19	198015
VASA own, 130 nt	multi	103	scaRNA	3	198015
VASA own, 130 nt	multi	103	snRNA	10552	198015
VASA own, 130 nt	multi	103	snoRNA	3170	198015
VASA own, 130 nt	multi	103	tRNA	11	198015
VASA own, 130 nt	multi	104	MiscRna	12338	205708
VASA own, 130 nt	multi	104	MtTrna	12	205708
VASA own, 130 nt	multi	104	ProcessedPseudogene	6058	205708
VASA own, 130 nt	multi	104	ProteinCoding	187545	205708
VASA own, 130 nt	multi	104	TEC	78	205708
VASA own, 130 nt	multi	104	TranscribedProcessedPseudogene	2760	205708
VASA own, 130 nt	multi	104	TranscribedUnitaryPseudogene	90	205708
VASA own, 130 nt	multi	104	TranscribedUnprocessedPseudogene	218	205708
VASA own, 130 nt	multi	104	UnitaryPseudogene	48	205708
VASA own, 130 nt	multi	104	UnprocessedPseudogene	877	205708
VASA own, 130 nt	multi	104	lncRNA	185225	205708
VASA own, 130 nt	multi	104	miRNA	11080	205708
VASA own, 130 nt	multi	104	rRNA	11	205708
VASA own, 130 nt	multi	104	ribozyme	47	205708
VASA own, 130 nt	multi	104	snRNA	11155	205708
VASA own, 130 nt	multi	104	snoRNA	8108	205708
VASA own, 130 nt	multi	104	tRNA	6	205708
VASA own, 130 nt	multi	105	MiscRna	10864	208599
VASA own, 130 nt	multi	105	MtRrna	2	208599
VASA own, 130 nt	multi	105	MtTrna	10	208599
VASA own, 130 nt	multi	105	ProcessedPseudogene	8632	208599
VASA own, 130 nt	multi	105	ProteinCoding	191163	208599
VASA own, 130 nt	multi	105	TEC	107	208599
VASA own, 130 nt	multi	105	TranscribedProcessedPseudogene	5568	208599
VASA own, 130 nt	multi	105	TranscribedUnitaryPseudogene	88	208599
VASA own, 130 nt	multi	105	TranscribedUnprocessedPseudogene	204	208599
VASA own, 130 nt	multi	105	UnitaryPseudogene	32	208599
VASA own, 130 nt	multi	105	UnprocessedPseudogene	1151	208599
VASA own, 130 nt	multi	105	lncRNA	190752	208599
VASA own, 130 nt	multi	105	miRNA	9347	208599
VASA own, 130 nt	multi	105	rRNA	18	208599
VASA own, 130 nt	multi	105	ribozyme	38	208599
VASA own, 130 nt	multi	105	snRNA	17725	208599
VASA own, 130 nt	multi	105	snoRNA	2600	208599
VASA own, 130 nt	multi	105	tRNA	3	208599
VASA own, 130 nt	multi	106	MiscRna	11163	120731
VASA own, 130 nt	multi	106	MtTrna	12	120731
VASA own, 130 nt	multi	106	ProcessedPseudogene	5879	120731
VASA own, 130 nt	multi	106	ProteinCoding	102542	120731
VASA own, 130 nt	multi	106	TEC	120	120731
VASA own, 130 nt	multi	106	TranscribedProcessedPseudogene	3062	120731
VASA own, 130 nt	multi	106	TranscribedUnitaryPseudogene	157	120731
VASA own, 130 nt	multi	106	TranscribedUnprocessedPseudogene	228	120731
VASA own, 130 nt	multi	106	UnitaryPseudogene	60	120731
VASA own, 130 nt	multi	106	UnprocessedPseudogene	1033	120731
VASA own, 130 nt	multi	106	lncRNA	104929	120731
VASA own, 130 nt	multi	106	miRNA	9879	120731
VASA own, 130 nt	multi	106	rRNA	23	120731
VASA own, 130 nt	multi	106	ribozyme	22	120731
VASA own, 130 nt	multi	106	snRNA	12385	120731
VASA own, 130 nt	multi	106	snoRNA	3127	120731
VASA own, 130 nt	multi	106	tRNA	4	120731
VASA own, 130 nt	multi	107	MiscRna	17781	161997
VASA own, 130 nt	multi	107	MtTrna	16	161997
VASA own, 130 nt	multi	107	ProcessedPseudogene	6063	161997
VASA own, 130 nt	multi	107	ProteinCoding	136553	161997
VASA own, 130 nt	multi	107	TEC	126	161997
VASA own, 130 nt	multi	107	TranscribedProcessedPseudogene	2819	161997
VASA own, 130 nt	multi	107	TranscribedUnitaryPseudogene	128	161997
VASA own, 130 nt	multi	107	TranscribedUnprocessedPseudogene	194	161997
VASA own, 130 nt	multi	107	UnitaryPseudogene	45	161997
VASA own, 130 nt	multi	107	UnprocessedPseudogene	753	161997
VASA own, 130 nt	multi	107	lncRNA	147418	161997
VASA own, 130 nt	multi	107	miRNA	16643	161997
VASA own, 130 nt	multi	107	rRNA	42	161997
VASA own, 130 nt	multi	107	ribozyme	6	161997
VASA own, 130 nt	multi	107	snRNA	11065	161997
VASA own, 130 nt	multi	107	snoRNA	1761	161997
VASA own, 130 nt	multi	107	tRNA	5	161997
VASA own, 130 nt	multi	108	MiscRna	21439	168720
VASA own, 130 nt	multi	108	MtTrna	23	168720
VASA own, 130 nt	multi	108	ProcessedPseudogene	5360	168720
VASA own, 130 nt	multi	108	ProteinCoding	138172	168720
VASA own, 130 nt	multi	108	TEC	171	168720
VASA own, 130 nt	multi	108	TranscribedProcessedPseudogene	2533	168720
VASA own, 130 nt	multi	108	TranscribedUnitaryPseudogene	129	168720
VASA own, 130 nt	multi	108	TranscribedUnprocessedPseudogene	216	168720
VASA own, 130 nt	multi	108	UnitaryPseudogene	49	168720
VASA own, 130 nt	multi	108	UnprocessedPseudogene	815	168720
VASA own, 130 nt	multi	108	lncRNA	152941	168720
VASA own, 130 nt	multi	108	miRNA	20183	168720
VASA own, 130 nt	multi	108	rRNA	21	168720
VASA own, 130 nt	multi	108	ribozyme	13	168720
VASA own, 130 nt	multi	108	snRNA	13346	168720
VASA own, 130 nt	multi	108	snoRNA	1631	168720
VASA own, 130 nt	multi	108	tRNA	6	168720
VASA own, 130 nt	multi	109	MiscRna	14778	104660
VASA own, 130 nt	multi	109	MtTrna	4	104660
VASA own, 130 nt	multi	109	ProcessedPseudogene	6112	104660
VASA own, 130 nt	multi	109	ProteinCoding	82334	104660
VASA own, 130 nt	multi	109	TEC	99	104660
VASA own, 130 nt	multi	109	TranscribedProcessedPseudogene	2764	104660
VASA own, 130 nt	multi	109	TranscribedUnitaryPseudogene	158	104660
VASA own, 130 nt	multi	109	TranscribedUnprocessedPseudogene	264	104660
VASA own, 130 nt	multi	109	UnitaryPseudogene	29	104660
VASA own, 130 nt	multi	109	UnprocessedPseudogene	968	104660
VASA own, 130 nt	multi	109	lncRNA	88370	104660
VASA own, 130 nt	multi	109	miRNA	13161	104660
VASA own, 130 nt	multi	109	rRNA	42	104660
VASA own, 130 nt	multi	109	ribozyme	15	104660
VASA own, 130 nt	multi	109	snRNA	12913	104660
VASA own, 130 nt	multi	109	snoRNA	1263	104660
VASA own, 130 nt	multi	109	tRNA	10	104660
VASA own, 130 nt	multi	110	IgVPseudogene	1	109875
VASA own, 130 nt	multi	110	MiscRna	10467	109875
VASA own, 130 nt	multi	110	MtTrna	11	109875
VASA own, 130 nt	multi	110	ProcessedPseudogene	9197	109875
VASA own, 130 nt	multi	110	ProteinCoding	91330	109875
VASA own, 130 nt	multi	110	TEC	57	109875
VASA own, 130 nt	multi	110	TranscribedProcessedPseudogene	3358	109875
VASA own, 130 nt	multi	110	TranscribedUnitaryPseudogene	153	109875
VASA own, 130 nt	multi	110	TranscribedUnprocessedPseudogene	340	109875
VASA own, 130 nt	multi	110	UnitaryPseudogene	37	109875
VASA own, 130 nt	multi	110	UnprocessedPseudogene	1177	109875
VASA own, 130 nt	multi	110	lncRNA	89875	109875
VASA own, 130 nt	multi	110	miRNA	8924	109875
VASA own, 130 nt	multi	110	rRNA	32	109875
VASA own, 130 nt	multi	110	ribozyme	8	109875
VASA own, 130 nt	multi	110	snRNA	21338	109875
VASA own, 130 nt	multi	110	snoRNA	1481	109875
VASA own, 130 nt	multi	110	tRNA	5	109875
VASA own, 130 nt	multi	111	MiscRna	8226	115637
VASA own, 130 nt	multi	111	MtTrna	10	115637
VASA own, 130 nt	multi	111	ProcessedPseudogene	7238	115637
VASA own, 130 nt	multi	111	ProteinCoding	99524	115637
VASA own, 130 nt	multi	111	TEC	36	115637
VASA own, 130 nt	multi	111	TranscribedProcessedPseudogene	3111	115637
VASA own, 130 nt	multi	111	TranscribedUnitaryPseudogene	107	115637
VASA own, 130 nt	multi	111	TranscribedUnprocessedPseudogene	265	115637
VASA own, 130 nt	multi	111	UnitaryPseudogene	38	115637
VASA own, 130 nt	multi	111	UnprocessedPseudogene	1255	115637
VASA own, 130 nt	multi	111	lncRNA	98594	115637
VASA own, 130 nt	multi	111	miRNA	6255	115637
VASA own, 130 nt	multi	111	rRNA	41	115637
VASA own, 130 nt	multi	111	ribozyme	16	115637
VASA own, 130 nt	multi	111	snRNA	16087	115637
VASA own, 130 nt	multi	111	snoRNA	1342	115637
VASA own, 130 nt	multi	111	tRNA	6	115637
VASA own, 130 nt	multi	112	MiscRna	5741	105271
VASA own, 130 nt	multi	112	MtTrna	5	105271
VASA own, 130 nt	multi	112	ProcessedPseudogene	5783	105271
VASA own, 130 nt	multi	112	ProteinCoding	91770	105271
VASA own, 130 nt	multi	112	TEC	40	105271
VASA own, 130 nt	multi	112	TranscribedProcessedPseudogene	2443	105271
VASA own, 130 nt	multi	112	TranscribedUnitaryPseudogene	134	105271
VASA own, 130 nt	multi	112	TranscribedUnprocessedPseudogene	188	105271
VASA own, 130 nt	multi	112	UnitaryPseudogene	38	105271
VASA own, 130 nt	multi	112	UnprocessedPseudogene	932	105271
VASA own, 130 nt	multi	112	lncRNA	89948	105271
VASA own, 130 nt	multi	112	miRNA	4403	105271
VASA own, 130 nt	multi	112	rRNA	48	105271
VASA own, 130 nt	multi	112	ribozyme	14	105271
VASA own, 130 nt	multi	112	snRNA	12959	105271
VASA own, 130 nt	multi	112	snoRNA	1548	105271
VASA own, 130 nt	multi	112	tRNA	1	105271
VASA own, 130 nt	multi	113	MiscRna	5259	87977
VASA own, 130 nt	multi	113	MtTrna	11	87977
VASA own, 130 nt	multi	113	ProcessedPseudogene	6035	87977
VASA own, 130 nt	multi	113	ProteinCoding	75379	87977
VASA own, 130 nt	multi	113	TEC	34	87977
VASA own, 130 nt	multi	113	TranscribedProcessedPseudogene	2867	87977
VASA own, 130 nt	multi	113	TranscribedUnitaryPseudogene	256	87977
VASA own, 130 nt	multi	113	TranscribedUnprocessedPseudogene	245	87977
VASA own, 130 nt	multi	113	UnitaryPseudogene	25	87977
VASA own, 130 nt	multi	113	UnprocessedPseudogene	945	87977
VASA own, 130 nt	multi	113	lncRNA	73573	87977
VASA own, 130 nt	multi	113	miRNA	3925	87977
VASA own, 130 nt	multi	113	rRNA	37	87977
VASA own, 130 nt	multi	113	ribozyme	2	87977
VASA own, 130 nt	multi	113	snRNA	12943	87977
VASA own, 130 nt	multi	113	snoRNA	1307	87977
VASA own, 130 nt	multi	113	tRNA	8	87977
VASA own, 130 nt	multi	114	MiscRna	5168	103715
VASA own, 130 nt	multi	114	MtTrna	4	103715
VASA own, 130 nt	multi	114	ProcessedPseudogene	10677	103715
VASA own, 130 nt	multi	114	ProteinCoding	90388	103715
VASA own, 130 nt	multi	114	TEC	64	103715
VASA own, 130 nt	multi	114	TranscribedProcessedPseudogene	2716	103715
VASA own, 130 nt	multi	114	TranscribedUnitaryPseudogene	330	103715
VASA own, 130 nt	multi	114	TranscribedUnprocessedPseudogene	237	103715
VASA own, 130 nt	multi	114	UnitaryPseudogene	35	103715
VASA own, 130 nt	multi	114	UnprocessedPseudogene	1189	103715
VASA own, 130 nt	multi	114	lncRNA	84717	103715
VASA own, 130 nt	multi	114	miRNA	4042	103715
VASA own, 130 nt	multi	114	rRNA	26	103715
VASA own, 130 nt	multi	114	ribozyme	9	103715
VASA own, 130 nt	multi	114	snRNA	14408	103715
VASA own, 130 nt	multi	114	snoRNA	1179	103715
VASA own, 130 nt	multi	114	tRNA	2	103715
VASA own, 130 nt	multi	115	MiscRna	5694	69371
VASA own, 130 nt	multi	115	MtTrna	4	69371
VASA own, 130 nt	multi	115	ProcessedPseudogene	8471	69371
VASA own, 130 nt	multi	115	ProteinCoding	55672	69371
VASA own, 130 nt	multi	115	TEC	28	69371
VASA own, 130 nt	multi	115	TranscribedProcessedPseudogene	3793	69371
VASA own, 130 nt	multi	115	TranscribedUnitaryPseudogene	124	69371
VASA own, 130 nt	multi	115	TranscribedUnprocessedPseudogene	266	69371
VASA own, 130 nt	multi	115	UnitaryPseudogene	51	69371
VASA own, 130 nt	multi	115	UnprocessedPseudogene	1060	69371
VASA own, 130 nt	multi	115	lncRNA	53048	69371
VASA own, 130 nt	multi	115	miRNA	4428	69371
VASA own, 130 nt	multi	115	rRNA	23	69371
VASA own, 130 nt	multi	115	ribozyme	6	69371
VASA own, 130 nt	multi	115	snRNA	14821	69371
VASA own, 130 nt	multi	115	snoRNA	1472	69371
VASA own, 130 nt	multi	115	tRNA	9	69371
VASA own, 130 nt	multi	116	MiscRna	9739	56904
VASA own, 130 nt	multi	116	MtTrna	3	56904
VASA own, 130 nt	multi	116	ProcessedPseudogene	6284	56904
VASA own, 130 nt	multi	116	ProteinCoding	37926	56904
VASA own, 130 nt	multi	116	TEC	31	56904
VASA own, 130 nt	multi	116	TranscribedProcessedPseudogene	2773	56904
VASA own, 130 nt	multi	116	TranscribedUnitaryPseudogene	106	56904
VASA own, 130 nt	multi	116	TranscribedUnprocessedPseudogene	248	56904
VASA own, 130 nt	multi	116	UnitaryPseudogene	49	56904
VASA own, 130 nt	multi	116	UnprocessedPseudogene	1135	56904
VASA own, 130 nt	multi	116	lncRNA	39656	56904
VASA own, 130 nt	multi	116	miRNA	8340	56904
VASA own, 130 nt	multi	116	rRNA	41	56904
VASA own, 130 nt	multi	116	ribozyme	16	56904
VASA own, 130 nt	multi	116	snRNA	14632	56904
VASA own, 130 nt	multi	116	snoRNA	1166	56904
VASA own, 130 nt	multi	116	tRNA	8	56904
VASA own, 130 nt	multi	117	MiscRna	19737	60205
VASA own, 130 nt	multi	117	MtTrna	2	60205
VASA own, 130 nt	multi	117	ProcessedPseudogene	6084	60205
VASA own, 130 nt	multi	117	ProteinCoding	33351	60205
VASA own, 130 nt	multi	117	TEC	23	60205
VASA own, 130 nt	multi	117	TranscribedProcessedPseudogene	2595	60205
VASA own, 130 nt	multi	117	TranscribedUnitaryPseudogene	123	60205
VASA own, 130 nt	multi	117	TranscribedUnprocessedPseudogene	294	60205
VASA own, 130 nt	multi	117	UnitaryPseudogene	47	60205
VASA own, 130 nt	multi	117	UnprocessedPseudogene	1127	60205
VASA own, 130 nt	multi	117	lncRNA	44300	60205
VASA own, 130 nt	multi	117	miRNA	18242	60205
VASA own, 130 nt	multi	117	rRNA	28	60205
VASA own, 130 nt	multi	117	ribozyme	7	60205
VASA own, 130 nt	multi	117	snRNA	9943	60205
VASA own, 130 nt	multi	117	snoRNA	1103	60205
VASA own, 130 nt	multi	117	tRNA	5	60205
VASA own, 130 nt	multi	118	MiscRna	27488	71160
VASA own, 130 nt	multi	118	MtTrna	5	71160
VASA own, 130 nt	multi	118	ProcessedPseudogene	6824	71160
VASA own, 130 nt	multi	118	ProteinCoding	38060	71160
VASA own, 130 nt	multi	118	TEC	43	71160
VASA own, 130 nt	multi	118	TranscribedProcessedPseudogene	3408	71160
VASA own, 130 nt	multi	118	TranscribedUnitaryPseudogene	155	71160
VASA own, 130 nt	multi	118	TranscribedUnprocessedPseudogene	249	71160
VASA own, 130 nt	multi	118	UnitaryPseudogene	48	71160
VASA own, 130 nt	multi	118	UnprocessedPseudogene	1254	71160
VASA own, 130 nt	multi	118	lncRNA	55487	71160
VASA own, 130 nt	multi	118	miRNA	26122	71160
VASA own, 130 nt	multi	118	rRNA	27	71160
VASA own, 130 nt	multi	118	ribozyme	27	71160
VASA own, 130 nt	multi	118	snRNA	8825	71160
VASA own, 130 nt	multi	118	snoRNA	1377	71160
VASA own, 130 nt	multi	118	tRNA	9	71160
VASA own, 130 nt	multi	119	MiscRna	51759	101207
VASA own, 130 nt	multi	119	MtTrna	2	101207
VASA own, 130 nt	multi	119	ProcessedPseudogene	6839	101207
VASA own, 130 nt	multi	119	ProteinCoding	44277	101207
VASA own, 130 nt	multi	119	TEC	35	101207
VASA own, 130 nt	multi	119	TranscribedProcessedPseudogene	3234	101207
VASA own, 130 nt	multi	119	TranscribedUnitaryPseudogene	240	101207
VASA own, 130 nt	multi	119	TranscribedUnprocessedPseudogene	360	101207
VASA own, 130 nt	multi	119	UnitaryPseudogene	50	101207
VASA own, 130 nt	multi	119	UnprocessedPseudogene	1679	101207
VASA own, 130 nt	multi	119	lncRNA	85040	101207
VASA own, 130 nt	multi	119	miRNA	50800	101207
VASA own, 130 nt	multi	119	rRNA	51	101207
VASA own, 130 nt	multi	119	ribozyme	10	101207
VASA own, 130 nt	multi	119	snRNA	9408	101207
VASA own, 130 nt	multi	119	snoRNA	2060	101207
VASA own, 130 nt	multi	119	tRNA	2	101207
VASA own, 130 nt	multi	120	MiscRna	83913	155561
VASA own, 130 nt	multi	120	MtTrna	22	155561
VASA own, 130 nt	multi	120	ProcessedPseudogene	12130	155561
VASA own, 130 nt	multi	120	ProteinCoding	58580	155561
VASA own, 130 nt	multi	120	TEC	76	155561
VASA own, 130 nt	multi	120	TranscribedProcessedPseudogene	5169	155561
VASA own, 130 nt	multi	120	TranscribedUnitaryPseudogene	343	155561
VASA own, 130 nt	multi	120	TranscribedUnprocessedPseudogene	456	155561
VASA own, 130 nt	multi	120	UnitaryPseudogene	304	155561
VASA own, 130 nt	multi	120	UnprocessedPseudogene	2087	155561
VASA own, 130 nt	multi	120	lncRNA	125075	155561
VASA own, 130 nt	multi	120	miRNA	81692	155561
VASA own, 130 nt	multi	120	rRNA	56	155561
VASA own, 130 nt	multi	120	ribozyme	14	155561
VASA own, 130 nt	multi	120	scaRNA	1	155561
VASA own, 130 nt	multi	120	snRNA	24175	155561
VASA own, 130 nt	multi	120	snoRNA	4551	155561
VASA own, 130 nt	multi	120	tRNA	10	155561
VASA own, 130 nt	multi	121	MiscRna	1947	7676
VASA own, 130 nt	multi	121	ProcessedPseudogene	1348	7676
VASA own, 130 nt	multi	121	ProteinCoding	4882	7676
VASA own, 130 nt	multi	121	TEC	3	7676
VASA own, 130 nt	multi	121	TranscribedProcessedPseudogene	428	7676
VASA own, 130 nt	multi	121	TranscribedUnitaryPseudogene	16	7676
VASA own, 130 nt	multi	121	TranscribedUnprocessedPseudogene	82	7676
VASA own, 130 nt	multi	121	UnitaryPseudogene	7	7676
VASA own, 130 nt	multi	121	UnprocessedPseudogene	303	7676
VASA own, 130 nt	multi	121	lncRNA	4974	7676
VASA own, 130 nt	multi	121	miRNA	1842	7676
VASA own, 130 nt	multi	121	rRNA	1	7676
VASA own, 130 nt	multi	121	ribozyme	1	7676
VASA own, 130 nt	multi	121	snRNA	778	7676
VASA own, 130 nt	multi	121	snoRNA	146	7676
VASA own, 130 nt	multi	121	tRNA	4	7676
VASA own, 130 nt	multi	122	MiscRna	33107	66993
VASA own, 130 nt	multi	122	MtTrna	10	66993
VASA own, 130 nt	multi	122	ProcessedPseudogene	7984	66993
VASA own, 130 nt	multi	122	ProteinCoding	26339	66993
VASA own, 130 nt	multi	122	TEC	31	66993
VASA own, 130 nt	multi	122	TranscribedProcessedPseudogene	3146	66993
VASA own, 130 nt	multi	122	TranscribedUnitaryPseudogene	79	66993
VASA own, 130 nt	multi	122	TranscribedUnprocessedPseudogene	236	66993
VASA own, 130 nt	multi	122	UnitaryPseudogene	89	66993
VASA own, 130 nt	multi	122	UnprocessedPseudogene	827	66993
VASA own, 130 nt	multi	122	lncRNA	50238	66993
VASA own, 130 nt	multi	122	miRNA	31531	66993
VASA own, 130 nt	multi	122	rRNA	36	66993
VASA own, 130 nt	multi	122	ribozyme	4	66993
VASA own, 130 nt	multi	122	snRNA	10746	66993
VASA own, 130 nt	multi	122	snoRNA	967	66993
VASA own, 130 nt	multi	122	tRNA	18	66993
VASA own, 130 nt	multi	123	MiscRna	19966	63609
VASA own, 130 nt	multi	123	MtTrna	8	63609
VASA own, 130 nt	multi	123	ProcessedPseudogene	9095	63609
VASA own, 130 nt	multi	123	ProteinCoding	37727	63609
VASA own, 130 nt	multi	123	TEC	82	63609
VASA own, 130 nt	multi	123	TranscribedProcessedPseudogene	4278	63609
VASA own, 130 nt	multi	123	TranscribedUnitaryPseudogene	148	63609
VASA own, 130 nt	multi	123	TranscribedUnprocessedPseudogene	511	63609
VASA own, 130 nt	multi	123	UnitaryPseudogene	439	63609
VASA own, 130 nt	multi	123	UnprocessedPseudogene	1179	63609
VASA own, 130 nt	multi	123	lncRNA	40836	63609
VASA own, 130 nt	multi	123	miRNA	17076	63609
VASA own, 130 nt	multi	123	rRNA	23	63609
VASA own, 130 nt	multi	123	ribozyme	5	63609
VASA own, 130 nt	multi	123	snRNA	10887	63609
VASA own, 130 nt	multi	123	snoRNA	1639	63609
VASA own, 130 nt	multi	123	tRNA	31	63609
VASA own, 130 nt	multi	124	MiscRna	30478	90760
VASA own, 130 nt	multi	124	MtRrna	2	90760
VASA own, 130 nt	multi	124	MtTrna	12	90760
VASA own, 130 nt	multi	124	ProcessedPseudogene	14217	90760
VASA own, 130 nt	multi	124	ProteinCoding	59549	90760
VASA own, 130 nt	multi	124	TEC	75	90760
VASA own, 130 nt	multi	124	TranscribedProcessedPseudogene	6997	90760
VASA own, 130 nt	multi	124	TranscribedUnitaryPseudogene	432	90760
VASA own, 130 nt	multi	124	TranscribedUnprocessedPseudogene	777	90760
VASA own, 130 nt	multi	124	UnitaryPseudogene	84	90760
VASA own, 130 nt	multi	124	UnprocessedPseudogene	1492	90760
VASA own, 130 nt	multi	124	lncRNA	56019	90760
VASA own, 130 nt	multi	124	miRNA	21149	90760
VASA own, 130 nt	multi	124	rRNA	24	90760
VASA own, 130 nt	multi	124	ribozyme	25	90760
VASA own, 130 nt	multi	124	scaRNA	1	90760
VASA own, 130 nt	multi	124	snRNA	17576	90760
VASA own, 130 nt	multi	124	snoRNA	2569	90760
VASA own, 130 nt	multi	124	tRNA	31	90760
VASA own, 130 nt	multi	125	MiscRna	33629	127963
VASA own, 130 nt	multi	125	MtTrna	5	127963
VASA own, 130 nt	multi	125	ProcessedPseudogene	19032	127963
VASA own, 130 nt	multi	125	ProteinCoding	90125	127963
VASA own, 130 nt	multi	125	TEC	89	127963
VASA own, 130 nt	multi	125	TranscribedProcessedPseudogene	8905	127963
VASA own, 130 nt	multi	125	TranscribedUnitaryPseudogene	898	127963
VASA own, 130 nt	multi	125	TranscribedUnprocessedPseudogene	981	127963
VASA own, 130 nt	multi	125	UnitaryPseudogene	117	127963
VASA own, 130 nt	multi	125	UnprocessedPseudogene	2826	127963
VASA own, 130 nt	multi	125	lncRNA	78346	127963
VASA own, 130 nt	multi	125	miRNA	22157	127963
VASA own, 130 nt	multi	125	rRNA	17	127963
VASA own, 130 nt	multi	125	ribozyme	6	127963
VASA own, 130 nt	multi	125	snRNA	33520	127963
VASA own, 130 nt	multi	125	snoRNA	6536	127963
VASA own, 130 nt	multi	125	tRNA	28	127963
VASA own, 130 nt	multi	126	MiscRna	25532	133126
VASA own, 130 nt	multi	126	MtTrna	13	133126
VASA own, 130 nt	multi	126	ProcessedPseudogene	24189	133126
VASA own, 130 nt	multi	126	ProteinCoding	85899	133126
VASA own, 130 nt	multi	126	TEC	171	133126
VASA own, 130 nt	multi	126	TranscribedProcessedPseudogene	13088	133126
VASA own, 130 nt	multi	126	TranscribedUnitaryPseudogene	444	133126
VASA own, 130 nt	multi	126	TranscribedUnprocessedPseudogene	1084	133126
VASA own, 130 nt	multi	126	UnitaryPseudogene	209	133126
VASA own, 130 nt	multi	126	UnprocessedPseudogene	2817	133126
VASA own, 130 nt	multi	126	lncRNA	85025	133126
VASA own, 130 nt	multi	126	miRNA	21103	133126
VASA own, 130 nt	multi	126	rRNA	25	133126
VASA own, 130 nt	multi	126	ribozyme	65	133126
VASA own, 130 nt	multi	126	snRNA	32698	133126
VASA own, 130 nt	multi	126	snoRNA	4187	133126
VASA own, 130 nt	multi	126	tRNA	8	133126
VASA own, 130 nt	multi	127	IgVPseudogene	1	421380
VASA own, 130 nt	multi	127	MiscRna	43367	421380
VASA own, 130 nt	multi	127	MtTrna	61	421380
VASA own, 130 nt	multi	127	ProcessedPseudogene	44282	421380
VASA own, 130 nt	multi	127	ProteinCoding	254596	421380
VASA own, 130 nt	multi	127	TEC	309	421380
VASA own, 130 nt	multi	127	TrVGene	2	421380
VASA own, 130 nt	multi	127	TranscribedProcessedPseudogene	23741	421380
VASA own, 130 nt	multi	127	TranscribedUnitaryPseudogene	1241	421380
VASA own, 130 nt	multi	127	TranscribedUnprocessedPseudogene	2288	421380
VASA own, 130 nt	multi	127	UnitaryPseudogene	356	421380
VASA own, 130 nt	multi	127	UnprocessedPseudogene	3673	421380
VASA own, 130 nt	multi	127	lncRNA	231003	421380
VASA own, 130 nt	multi	127	miRNA	36033	421380
VASA own, 130 nt	multi	127	rRNA	17	421380
VASA own, 130 nt	multi	127	ribozyme	43	421380
VASA own, 130 nt	multi	127	scaRNA	2	421380
VASA own, 130 nt	multi	127	snRNA	157556	421380
VASA own, 130 nt	multi	127	snoRNA	100192	421380
VASA own, 130 nt	multi	127	tRNA	61	421380
VASA own, 130 nt	multi	128	MiscRna	210467	617816
VASA own, 130 nt	multi	128	MtRrna	2	617816
VASA own, 130 nt	multi	128	MtTrna	54	617816
VASA own, 130 nt	multi	128	ProcessedPseudogene	51888	617816
VASA own, 130 nt	multi	128	ProteinCoding	359776	617816
VASA own, 130 nt	multi	128	TEC	512	617816
VASA own, 130 nt	multi	128	TranscribedProcessedPseudogene	27216	617816
VASA own, 130 nt	multi	128	TranscribedUnitaryPseudogene	1385	617816
VASA own, 130 nt	multi	128	TranscribedUnprocessedPseudogene	2849	617816
VASA own, 130 nt	multi	128	UnitaryPseudogene	534	617816
VASA own, 130 nt	multi	128	UnprocessedPseudogene	9814	617816
VASA own, 130 nt	multi	128	lncRNA	334531	617816
VASA own, 130 nt	multi	128	miRNA	70667	617816
VASA own, 130 nt	multi	128	rRNA	11	617816
VASA own, 130 nt	multi	128	ribozyme	137	617816
VASA own, 130 nt	multi	128	snRNA	143437	617816
VASA own, 130 nt	multi	128	snoRNA	111797	617816
VASA own, 130 nt	multi	128	tRNA	42	617816
VASA own, 130 nt	multi	129	MiscRna	880667	2104146
VASA own, 130 nt	multi	129	MtRrna	2	2104146
VASA own, 130 nt	multi	129	MtTrna	71	2104146
VASA own, 130 nt	multi	129	ProcessedPseudogene	178496	2104146
VASA own, 130 nt	multi	129	ProteinCoding	1156666	2104146
VASA own, 130 nt	multi	129	TEC	1270	2104146
VASA own, 130 nt	multi	129	TrVGene	2	2104146
VASA own, 130 nt	multi	129	TranscribedProcessedPseudogene	82097	2104146
VASA own, 130 nt	multi	129	TranscribedUnitaryPseudogene	7486	2104146
VASA own, 130 nt	multi	129	TranscribedUnprocessedPseudogene	10821	2104146
VASA own, 130 nt	multi	129	UnitaryPseudogene	1594	2104146
VASA own, 130 nt	multi	129	UnprocessedPseudogene	27481	2104146
VASA own, 130 nt	multi	129	lncRNA	1247034	2104146
VASA own, 130 nt	multi	129	miRNA	326028	2104146
VASA own, 130 nt	multi	129	rRNA	128	2104146
VASA own, 130 nt	multi	129	ribozyme	253	2104146
VASA own, 130 nt	multi	129	scaRNA	19	2104146
VASA own, 130 nt	multi	129	snRNA	543323	2104146
VASA own, 130 nt	multi	129	snoRNA	191313	2104146
VASA own, 130 nt	multi	129	tRNA	240	2104146
VASA own, 130 nt	multi	130	IgVGene	1	5525432
VASA own, 130 nt	multi	130	MiscRna	1984778	5525432
VASA own, 130 nt	multi	130	MtRrna	11	5525432
VASA own, 130 nt	multi	130	MtTrna	298	5525432
VASA own, 130 nt	multi	130	ProcessedPseudogene	525596	5525432
VASA own, 130 nt	multi	130	ProteinCoding	2702202	5525432
VASA own, 130 nt	multi	130	TEC	3411	5525432
VASA own, 130 nt	multi	130	TranscribedProcessedPseudogene	230036	5525432
VASA own, 130 nt	multi	130	TranscribedUnitaryPseudogene	16893	5525432
VASA own, 130 nt	multi	130	TranscribedUnprocessedPseudogene	28510	5525432
VASA own, 130 nt	multi	130	TranslatedUnprocessedPseudogene	1	5525432
VASA own, 130 nt	multi	130	UnitaryPseudogene	4776	5525432
VASA own, 130 nt	multi	130	UnprocessedPseudogene	70693	5525432
VASA own, 130 nt	multi	130	lncRNA	3997683	5525432
VASA own, 130 nt	multi	130	miRNA	722356	5525432
VASA own, 130 nt	multi	130	rRNA	298	5525432
VASA own, 130 nt	multi	130	ribozyme	644	5525432
VASA own, 130 nt	multi	130	scaRNA	23	5525432
VASA own, 130 nt	multi	130	snRNA	1909640	5525432
VASA own, 130 nt	multi	130	snoRNA	212910	5525432
VASA own, 130 nt	multi	130	tRNA	624	5525432
VASA own, 130 nt	single	15	IgVGene	1	19439
VASA own, 130 nt	single	15	MiscRna	5	19439
VASA own, 130 nt	single	15	MtRrna	1	19439
VASA own, 130 nt	single	15	ProcessedPseudogene	54	19439
VASA own, 130 nt	single	15	ProteinCoding	13709	19439
VASA own, 130 nt	single	15	TEC	55	19439
VASA own, 130 nt	single	15	TranscribedProcessedPseudogene	10	19439
VASA own, 130 nt	single	15	TranscribedUnitaryPseudogene	15	19439
VASA own, 130 nt	single	15	TranscribedUnprocessedPseudogene	22	19439
VASA own, 130 nt	single	15	UnitaryPseudogene	10	19439
VASA own, 130 nt	single	15	UnprocessedPseudogene	8	19439
VASA own, 130 nt	single	15	lncRNA	5748	19439
VASA own, 130 nt	single	15	miRNA	9	19439
VASA own, 130 nt	single	15	rRNA	24	19439
VASA own, 130 nt	single	15	ribozyme	614	19439
VASA own, 130 nt	single	15	scaRNA	7	19439
VASA own, 130 nt	single	15	snRNA	27	19439
VASA own, 130 nt	single	15	snoRNA	50	19439
VASA own, 130 nt	single	15	tRNA	5	19439
VASA own, 130 nt	single	16	IgVGene	1	20371
VASA own, 130 nt	single	16	MiscRna	5	20371
VASA own, 130 nt	single	16	MtRrna	1	20371
VASA own, 130 nt	single	16	MtTrna	2	20371
VASA own, 130 nt	single	16	ProcessedPseudogene	50	20371
VASA own, 130 nt	single	16	ProteinCoding	14774	20371
VASA own, 130 nt	single	16	TEC	86	20371
VASA own, 130 nt	single	16	TranscribedProcessedPseudogene	9	20371
VASA own, 130 nt	single	16	TranscribedUnitaryPseudogene	24	20371
VASA own, 130 nt	single	16	TranscribedUnprocessedPseudogene	31	20371
VASA own, 130 nt	single	16	TranslatedUnprocessedPseudogene	2	20371
VASA own, 130 nt	single	16	UnitaryPseudogene	15	20371
VASA own, 130 nt	single	16	UnprocessedPseudogene	13	20371
VASA own, 130 nt	single	16	lncRNA	5242	20371
VASA own, 130 nt	single	16	miRNA	15	20371
VASA own, 130 nt	single	16	rRNA	80	20371
VASA own, 130 nt	single	16	ribozyme	485	20371
VASA own, 130 nt	single	16	scaRNA	14	20371
VASA own, 130 nt	single	16	snRNA	358	20371
VASA own, 130 nt	single	16	snoRNA	67	20371
VASA own, 130 nt	single	16	tRNA	21	20371
VASA own, 130 nt	single	17	MiscRna	19	27012
VASA own, 130 nt	single	17	MtRrna	5	27012
VASA own, 130 nt	single	17	MtTrna	5	27012
VASA own, 130 nt	single	17	ProcessedPseudogene	53	27012
VASA own, 130 nt	single	17	ProteinCoding	20547	27012
VASA own, 130 nt	single	17	TEC	112	27012
VASA own, 130 nt	single	17	TrCGene	2	27012
VASA own, 130 nt	single	17	TranscribedProcessedPseudogene	10	27012
VASA own, 130 nt	single	17	TranscribedUnitaryPseudogene	27	27012
VASA own, 130 nt	single	17	TranscribedUnprocessedPseudogene	65	27012
VASA own, 130 nt	single	17	TranslatedUnprocessedPseudogene	1	27012
VASA own, 130 nt	single	17	UnitaryPseudogene	17	27012
VASA own, 130 nt	single	17	UnprocessedPseudogene	21	27012
VASA own, 130 nt	single	17	lncRNA	6437	27012
VASA own, 130 nt	single	17	miRNA	29	27012
VASA own, 130 nt	single	17	rRNA	55	27012
VASA own, 130 nt	single	17	ribozyme	305	27012
VASA own, 130 nt	single	17	scaRNA	6	27012
VASA own, 130 nt	single	17	snRNA	100	27012
VASA own, 130 nt	single	17	snoRNA	135	27012
VASA own, 130 nt	single	17	tRNA	40	27012
VASA own, 130 nt	single	18	IgCGene	1	30930
VASA own, 130 nt	single	18	IgVPseudogene	1	30930
VASA own, 130 nt	single	18	MiscRna	42	30930
VASA own, 130 nt	single	18	MtRrna	7	30930
VASA own, 130 nt	single	18	MtTrna	11	30930
VASA own, 130 nt	single	18	ProcessedPseudogene	106	30930
VASA own, 130 nt	single	18	ProteinCoding	23823	30930
VASA own, 130 nt	single	18	TEC	139	30930
VASA own, 130 nt	single	18	TranscribedProcessedPseudogene	13	30930
VASA own, 130 nt	single	18	TranscribedUnitaryPseudogene	23	30930
VASA own, 130 nt	single	18	TranscribedUnprocessedPseudogene	79	30930
VASA own, 130 nt	single	18	UnitaryPseudogene	22	30930
VASA own, 130 nt	single	18	UnprocessedPseudogene	26	30930
VASA own, 130 nt	single	18	lncRNA	6806	30930
VASA own, 130 nt	single	18	miRNA	26	30930
VASA own, 130 nt	single	18	rRNA	275	30930
VASA own, 130 nt	single	18	ribozyme	301	30930
VASA own, 130 nt	single	18	scaRNA	16	30930
VASA own, 130 nt	single	18	snRNA	113	30930
VASA own, 130 nt	single	18	snoRNA	319	30930
VASA own, 130 nt	single	18	tRNA	23	30930
VASA own, 130 nt	single	19	MiscRna	55	39831
VASA own, 130 nt	single	19	MtRrna	12	39831
VASA own, 130 nt	single	19	MtTrna	12	39831
VASA own, 130 nt	single	19	ProcessedPseudogene	119	39831
VASA own, 130 nt	single	19	ProteinCoding	30103	39831
VASA own, 130 nt	single	19	TEC	150	39831
VASA own, 130 nt	single	19	TrVGene	1	39831
VASA own, 130 nt	single	19	TranscribedProcessedPseudogene	13	39831
VASA own, 130 nt	single	19	TranscribedUnitaryPseudogene	25	39831
VASA own, 130 nt	single	19	TranscribedUnprocessedPseudogene	49	39831
VASA own, 130 nt	single	19	UnitaryPseudogene	10	39831
VASA own, 130 nt	single	19	UnprocessedPseudogene	24	39831
VASA own, 130 nt	single	19	lncRNA	9582	39831
VASA own, 130 nt	single	19	miRNA	45	39831
VASA own, 130 nt	single	19	rRNA	207	39831
VASA own, 130 nt	single	19	ribozyme	263	39831
VASA own, 130 nt	single	19	scaRNA	23	39831
VASA own, 130 nt	single	19	snRNA	81	39831
VASA own, 130 nt	single	19	snoRNA	303	39831
VASA own, 130 nt	single	19	tRNA	33	39831
VASA own, 130 nt	single	20	MiscRna	55	48172
VASA own, 130 nt	single	20	MtRrna	55	48172
VASA own, 130 nt	single	20	MtTrna	35	48172
VASA own, 130 nt	single	20	ProcessedPseudogene	108	48172
VASA own, 130 nt	single	20	ProteinCoding	36552	48172
VASA own, 130 nt	single	20	TEC	170	48172
VASA own, 130 nt	single	20	TrVGene	1	48172
VASA own, 130 nt	single	20	TranscribedProcessedPseudogene	15	48172
VASA own, 130 nt	single	20	TranscribedUnitaryPseudogene	40	48172
VASA own, 130 nt	single	20	TranscribedUnprocessedPseudogene	54	48172
VASA own, 130 nt	single	20	UnitaryPseudogene	30	48172
VASA own, 130 nt	single	20	UnprocessedPseudogene	38	48172
VASA own, 130 nt	single	20	lncRNA	11151	48172
VASA own, 130 nt	single	20	miRNA	275	48172
VASA own, 130 nt	single	20	rRNA	455	48172
VASA own, 130 nt	single	20	ribozyme	311	48172
VASA own, 130 nt	single	20	scaRNA	21	48172
VASA own, 130 nt	single	20	snRNA	115	48172
VASA own, 130 nt	single	20	snoRNA	347	48172
VASA own, 130 nt	single	20	tRNA	17	48172
VASA own, 130 nt	single	21	IgVPseudogene	2	48212
VASA own, 130 nt	single	21	MiscRna	95	48212
VASA own, 130 nt	single	21	MtRrna	44	48212
VASA own, 130 nt	single	21	MtTrna	21	48212
VASA own, 130 nt	single	21	ProcessedPseudogene	103	48212
VASA own, 130 nt	single	21	ProteinCoding	36126	48212
VASA own, 130 nt	single	21	TEC	262	48212
VASA own, 130 nt	single	21	TrVGene	1	48212
VASA own, 130 nt	single	21	TranscribedProcessedPseudogene	35	48212
VASA own, 130 nt	single	21	TranscribedUnitaryPseudogene	29	48212
VASA own, 130 nt	single	21	TranscribedUnprocessedPseudogene	78	48212
VASA own, 130 nt	single	21	TranslatedUnprocessedPseudogene	2	48212
VASA own, 130 nt	single	21	UnitaryPseudogene	42	48212
VASA own, 130 nt	single	21	UnprocessedPseudogene	58	48212
VASA own, 130 nt	single	21	lncRNA	11618	48212
VASA own, 130 nt	single	21	miRNA	129	48212
VASA own, 130 nt	single	21	rRNA	732	48212
VASA own, 130 nt	single	21	ribozyme	337	48212
VASA own, 130 nt	single	21	scaRNA	29	48212
VASA own, 130 nt	single	21	snRNA	108	48212
VASA own, 130 nt	single	21	snoRNA	370	48212
VASA own, 130 nt	single	21	tRNA	27	48212
VASA own, 130 nt	single	22	MiscRna	84	53063
VASA own, 130 nt	single	22	MtRrna	47	53063
VASA own, 130 nt	single	22	MtTrna	26	53063
VASA own, 130 nt	single	22	ProcessedPseudogene	102	53063
VASA own, 130 nt	single	22	ProteinCoding	38824	53063
VASA own, 130 nt	single	22	TEC	276	53063
VASA own, 130 nt	single	22	TranscribedProcessedPseudogene	22	53063
VASA own, 130 nt	single	22	TranscribedUnitaryPseudogene	63	53063
VASA own, 130 nt	single	22	TranscribedUnprocessedPseudogene	59	53063
VASA own, 130 nt	single	22	TranslatedUnprocessedPseudogene	1	53063
VASA own, 130 nt	single	22	UnitaryPseudogene	42	53063
VASA own, 130 nt	single	22	UnprocessedPseudogene	35	53063
VASA own, 130 nt	single	22	lncRNA	13262	53063
VASA own, 130 nt	single	22	miRNA	95	53063
VASA own, 130 nt	single	22	rRNA	1511	53063
VASA own, 130 nt	single	22	ribozyme	333	53063
VASA own, 130 nt	single	22	scaRNA	27	53063
VASA own, 130 nt	single	22	snRNA	95	53063
VASA own, 130 nt	single	22	snoRNA	541	53063
VASA own, 130 nt	single	22	tRNA	18	53063
VASA own, 130 nt	single	23	IgVGene	1	57490
VASA own, 130 nt	single	23	IgVPseudogene	1	57490
VASA own, 130 nt	single	23	MiscRna	113	57490
VASA own, 130 nt	single	23	MtRrna	81	57490
VASA own, 130 nt	single	23	MtTrna	34	57490
VASA own, 130 nt	single	23	ProcessedPseudogene	103	57490
VASA own, 130 nt	single	23	ProteinCoding	41589	57490
VASA own, 130 nt	single	23	TEC	277	57490
VASA own, 130 nt	single	23	TranscribedProcessedPseudogene	13	57490
VASA own, 130 nt	single	23	TranscribedUnitaryPseudogene	91	57490
VASA own, 130 nt	single	23	TranscribedUnprocessedPseudogene	72	57490
VASA own, 130 nt	single	23	UnitaryPseudogene	40	57490
VASA own, 130 nt	single	23	UnprocessedPseudogene	97	57490
VASA own, 130 nt	single	23	lncRNA	15627	57490
VASA own, 130 nt	single	23	miRNA	99	57490
VASA own, 130 nt	single	23	rRNA	1218	57490
VASA own, 130 nt	single	23	ribozyme	386	57490
VASA own, 130 nt	single	23	scaRNA	37	57490
VASA own, 130 nt	single	23	snRNA	81	57490
VASA own, 130 nt	single	23	snoRNA	594	57490
VASA own, 130 nt	single	23	tRNA	27	57490
VASA own, 130 nt	single	24	MiscRna	110	58641
VASA own, 130 nt	single	24	MtRrna	94	58641
VASA own, 130 nt	single	24	MtTrna	46	58641
VASA own, 130 nt	single	24	ProcessedPseudogene	168	58641
VASA own, 130 nt	single	24	ProteinCoding	41658	58641
VASA own, 130 nt	single	24	TEC	274	58641
VASA own, 130 nt	single	24	TrVGene	1	58641
VASA own, 130 nt	single	24	TranscribedProcessedPseudogene	23	58641
VASA own, 130 nt	single	24	TranscribedUnitaryPseudogene	46	58641
VASA own, 130 nt	single	24	TranscribedUnprocessedPseudogene	80	58641
VASA own, 130 nt	single	24	UnitaryPseudogene	61	58641
VASA own, 130 nt	single	24	UnprocessedPseudogene	87	58641
VASA own, 130 nt	single	24	lncRNA	16189	58641
VASA own, 130 nt	single	24	miRNA	109	58641
VASA own, 130 nt	single	24	rRNA	1468	58641
VASA own, 130 nt	single	24	ribozyme	263	58641
VASA own, 130 nt	single	24	scaRNA	33	58641
VASA own, 130 nt	single	24	snRNA	106	58641
VASA own, 130 nt	single	24	snoRNA	573	58641
VASA own, 130 nt	single	24	tRNA	55	58641
VASA own, 130 nt	single	25	IgCGene	1	63789
VASA own, 130 nt	single	25	IgVGene	1	63789
VASA own, 130 nt	single	25	MiscRna	141	63789
VASA own, 130 nt	single	25	MtRrna	73	63789
VASA own, 130 nt	single	25	MtTrna	32	63789
VASA own, 130 nt	single	25	ProcessedPseudogene	132	63789
VASA own, 130 nt	single	25	ProteinCoding	45636	63789
VASA own, 130 nt	single	25	TEC	270	63789
VASA own, 130 nt	single	25	TrCGene	1	63789
VASA own, 130 nt	single	25	TranscribedProcessedPseudogene	17	63789
VASA own, 130 nt	single	25	TranscribedUnitaryPseudogene	57	63789
VASA own, 130 nt	single	25	TranscribedUnprocessedPseudogene	85	63789
VASA own, 130 nt	single	25	UnitaryPseudogene	68	63789
VASA own, 130 nt	single	25	UnprocessedPseudogene	97	63789
VASA own, 130 nt	single	25	lncRNA	17747	63789
VASA own, 130 nt	single	25	miRNA	154	63789
VASA own, 130 nt	single	25	rRNA	1548	63789
VASA own, 130 nt	single	25	ribozyme	274	63789
VASA own, 130 nt	single	25	scaRNA	46	63789
VASA own, 130 nt	single	25	snRNA	92	63789
VASA own, 130 nt	single	25	snoRNA	613	63789
VASA own, 130 nt	single	25	tRNA	29	63789
VASA own, 130 nt	single	26	MiscRna	138	65617
VASA own, 130 nt	single	26	MtRrna	309	65617
VASA own, 130 nt	single	26	MtTrna	241	65617
VASA own, 130 nt	single	26	ProcessedPseudogene	132	65617
VASA own, 130 nt	single	26	ProteinCoding	47367	65617
VASA own, 130 nt	single	26	TEC	281	65617
VASA own, 130 nt	single	26	TrCGene	1	65617
VASA own, 130 nt	single	26	TranscribedProcessedPseudogene	18	65617
VASA own, 130 nt	single	26	TranscribedUnitaryPseudogene	27	65617
VASA own, 130 nt	single	26	TranscribedUnprocessedPseudogene	121	65617
VASA own, 130 nt	single	26	TranslatedUnprocessedPseudogene	1	65617
VASA own, 130 nt	single	26	UnitaryPseudogene	67	65617
VASA own, 130 nt	single	26	UnprocessedPseudogene	54	65617
VASA own, 130 nt	single	26	lncRNA	17397	65617
VASA own, 130 nt	single	26	miRNA	101	65617
VASA own, 130 nt	single	26	rRNA	1506	65617
VASA own, 130 nt	single	26	ribozyme	315	65617
VASA own, 130 nt	single	26	scaRNA	34	65617
VASA own, 130 nt	single	26	snRNA	150	65617
VASA own, 130 nt	single	26	snoRNA	689	65617
VASA own, 130 nt	single	26	tRNA	19	65617
VASA own, 130 nt	single	27	IgVPseudogene	1	64411
VASA own, 130 nt	single	27	MiscRna	134	64411
VASA own, 130 nt	single	27	MtRrna	248	64411
VASA own, 130 nt	single	27	MtTrna	141	64411
VASA own, 130 nt	single	27	ProcessedPseudogene	87	64411
VASA own, 130 nt	single	27	ProteinCoding	45907	64411
VASA own, 130 nt	single	27	TEC	248	64411
VASA own, 130 nt	single	27	TrVPseudogene	1	64411
VASA own, 130 nt	single	27	TranscribedProcessedPseudogene	13	64411
VASA own, 130 nt	single	27	TranscribedUnitaryPseudogene	24	64411
VASA own, 130 nt	single	27	TranscribedUnprocessedPseudogene	136	64411
VASA own, 130 nt	single	27	TranslatedUnprocessedPseudogene	1	64411
VASA own, 130 nt	single	27	UnitaryPseudogene	178	64411
VASA own, 130 nt	single	27	UnprocessedPseudogene	40	64411
VASA own, 130 nt	single	27	lncRNA	17326	64411
VASA own, 130 nt	single	27	miRNA	105	64411
VASA own, 130 nt	single	27	rRNA	1330	64411
VASA own, 130 nt	single	27	ribozyme	249	64411
VASA own, 130 nt	single	27	scaRNA	42	64411
VASA own, 130 nt	single	27	snRNA	156	64411
VASA own, 130 nt	single	27	snoRNA	639	64411
VASA own, 130 nt	single	27	tRNA	29	64411
VASA own, 130 nt	single	28	MiscRna	127	62946
VASA own, 130 nt	single	28	MtRrna	340	62946
VASA own, 130 nt	single	28	MtTrna	262	62946
VASA own, 130 nt	single	28	ProcessedPseudogene	122	62946
VASA own, 130 nt	single	28	ProteinCoding	45888	62946
VASA own, 130 nt	single	28	TEC	363	62946
VASA own, 130 nt	single	28	TrCGene	1	62946
VASA own, 130 nt	single	28	TranscribedProcessedPseudogene	15	62946
VASA own, 130 nt	single	28	TranscribedUnitaryPseudogene	21	62946
VASA own, 130 nt	single	28	TranscribedUnprocessedPseudogene	69	62946
VASA own, 130 nt	single	28	UnitaryPseudogene	44	62946
VASA own, 130 nt	single	28	UnprocessedPseudogene	49	62946
VASA own, 130 nt	single	28	lncRNA	15672	62946
VASA own, 130 nt	single	28	miRNA	144	62946
VASA own, 130 nt	single	28	rRNA	1498	62946
VASA own, 130 nt	single	28	ribozyme	326	62946
VASA own, 130 nt	single	28	scaRNA	63	62946
VASA own, 130 nt	single	28	snRNA	131	62946
VASA own, 130 nt	single	28	snoRNA	640	62946
VASA own, 130 nt	single	28	tRNA	34	62946
VASA own, 130 nt	single	29	MiscRna	160	61283
VASA own, 130 nt	single	29	MtRrna	213	61283
VASA own, 130 nt	single	29	MtTrna	143	61283
VASA own, 130 nt	single	29	ProcessedPseudogene	94	61283
VASA own, 130 nt	single	29	ProteinCoding	45484	61283
VASA own, 130 nt	single	29	TEC	231	61283
VASA own, 130 nt	single	29	TrVGene	1	61283
VASA own, 130 nt	single	29	TranscribedProcessedPseudogene	18	61283
VASA own, 130 nt	single	29	TranscribedUnitaryPseudogene	27	61283
VASA own, 130 nt	single	29	TranscribedUnprocessedPseudogene	78	61283
VASA own, 130 nt	single	29	UnitaryPseudogene	22	61283
VASA own, 130 nt	single	29	UnprocessedPseudogene	94	61283
VASA own, 130 nt	single	29	lncRNA	14581	61283
VASA own, 130 nt	single	29	miRNA	104	61283
VASA own, 130 nt	single	29	rRNA	1388	61283
VASA own, 130 nt	single	29	ribozyme	305	61283
VASA own, 130 nt	single	29	scaRNA	43	61283
VASA own, 130 nt	single	29	snRNA	168	61283
VASA own, 130 nt	single	29	snoRNA	612	61283
VASA own, 130 nt	single	29	tRNA	32	61283
VASA own, 130 nt	single	30	MiscRna	164	50027
VASA own, 130 nt	single	30	MtRrna	204	50027
VASA own, 130 nt	single	30	MtTrna	117	50027
VASA own, 130 nt	single	30	ProcessedPseudogene	60	50027
VASA own, 130 nt	single	30	ProteinCoding	38489	50027
VASA own, 130 nt	single	30	TEC	272	50027
VASA own, 130 nt	single	30	TranscribedProcessedPseudogene	19	50027
VASA own, 130 nt	single	30	TranscribedUnitaryPseudogene	26	50027
VASA own, 130 nt	single	30	TranscribedUnprocessedPseudogene	54	50027
VASA own, 130 nt	single	30	UnitaryPseudogene	16	50027
VASA own, 130 nt	single	30	UnprocessedPseudogene	54	50027
VASA own, 130 nt	single	30	lncRNA	10703	50027
VASA own, 130 nt	single	30	miRNA	112	50027
VASA own, 130 nt	single	30	rRNA	1094	50027
VASA own, 130 nt	single	30	ribozyme	322	50027
VASA own, 130 nt	single	30	scaRNA	38	50027
VASA own, 130 nt	single	30	snRNA	144	50027
VASA own, 130 nt	single	30	snoRNA	695	50027
VASA own, 130 nt	single	30	tRNA	40	50027
VASA own, 130 nt	single	31	MiscRna	143	47029
VASA own, 130 nt	single	31	MtRrna	183	47029
VASA own, 130 nt	single	31	MtTrna	105	47029
VASA own, 130 nt	single	31	ProcessedPseudogene	64	47029
VASA own, 130 nt	single	31	ProteinCoding	37032	47029
VASA own, 130 nt	single	31	TEC	209	47029
VASA own, 130 nt	single	31	TranscribedProcessedPseudogene	10	47029
VASA own, 130 nt	single	31	TranscribedUnitaryPseudogene	12	47029
VASA own, 130 nt	single	31	TranscribedUnprocessedPseudogene	37	47029
VASA own, 130 nt	single	31	UnitaryPseudogene	19	47029
VASA own, 130 nt	single	31	UnprocessedPseudogene	14	47029
VASA own, 130 nt	single	31	lncRNA	8744	47029
VASA own, 130 nt	single	31	miRNA	87	47029
VASA own, 130 nt	single	31	rRNA	1252	47029
VASA own, 130 nt	single	31	ribozyme	417	47029
VASA own, 130 nt	single	31	scaRNA	48	47029
VASA own, 130 nt	single	31	snRNA	167	47029
VASA own, 130 nt	single	31	snoRNA	774	47029
VASA own, 130 nt	single	31	tRNA	36	47029
VASA own, 130 nt	single	32	MiscRna	144	46131
VASA own, 130 nt	single	32	MtRrna	165	46131
VASA own, 130 nt	single	32	MtTrna	76	46131
VASA own, 130 nt	single	32	ProcessedPseudogene	47	46131
VASA own, 130 nt	single	32	ProteinCoding	36719	46131
VASA own, 130 nt	single	32	TEC	101	46131
VASA own, 130 nt	single	32	TranscribedProcessedPseudogene	9	46131
VASA own, 130 nt	single	32	TranscribedUnitaryPseudogene	12	46131
VASA own, 130 nt	single	32	TranscribedUnprocessedPseudogene	92	46131
VASA own, 130 nt	single	32	UnitaryPseudogene	15	46131
VASA own, 130 nt	single	32	UnprocessedPseudogene	19	46131
VASA own, 130 nt	single	32	lncRNA	8180	46131
VASA own, 130 nt	single	32	miRNA	134	46131
VASA own, 130 nt	single	32	rRNA	1197	46131
VASA own, 130 nt	single	32	ribozyme	541	46131
VASA own, 130 nt	single	32	scaRNA	122	46131
VASA own, 130 nt	single	32	snRNA	203	46131
VASA own, 130 nt	single	32	snoRNA	822	46131
VASA own, 130 nt	single	32	tRNA	59	46131
VASA own, 130 nt	single	33	MiscRna	117	42795
VASA own, 130 nt	single	33	MtRrna	154	42795
VASA own, 130 nt	single	33	MtTrna	61	42795
VASA own, 130 nt	single	33	ProcessedPseudogene	54	42795
VASA own, 130 nt	single	33	ProteinCoding	35225	42795
VASA own, 130 nt	single	33	TEC	86	42795
VASA own, 130 nt	single	33	TranscribedProcessedPseudogene	20	42795
VASA own, 130 nt	single	33	TranscribedUnitaryPseudogene	8	42795
VASA own, 130 nt	single	33	TranscribedUnprocessedPseudogene	84	42795
VASA own, 130 nt	single	33	UnitaryPseudogene	12	42795
VASA own, 130 nt	single	33	UnprocessedPseudogene	8	42795
VASA own, 130 nt	single	33	lncRNA	6681	42795
VASA own, 130 nt	single	33	miRNA	95	42795
VASA own, 130 nt	single	33	rRNA	1007	42795
VASA own, 130 nt	single	33	ribozyme	390	42795
VASA own, 130 nt	single	33	scaRNA	48	42795
VASA own, 130 nt	single	33	snRNA	274	42795
VASA own, 130 nt	single	33	snoRNA	777	42795
VASA own, 130 nt	single	33	tRNA	39	42795
VASA own, 130 nt	single	34	MiscRna	128	39958
VASA own, 130 nt	single	34	MtRrna	123	39958
VASA own, 130 nt	single	34	MtTrna	47	39958
VASA own, 130 nt	single	34	ProcessedPseudogene	54	39958
VASA own, 130 nt	single	34	ProteinCoding	33175	39958
VASA own, 130 nt	single	34	TEC	83	39958
VASA own, 130 nt	single	34	TranscribedProcessedPseudogene	13	39958
VASA own, 130 nt	single	34	TranscribedUnitaryPseudogene	10	39958
VASA own, 130 nt	single	34	TranscribedUnprocessedPseudogene	109	39958
VASA own, 130 nt	single	34	UnitaryPseudogene	11	39958
VASA own, 130 nt	single	34	UnprocessedPseudogene	15	39958
VASA own, 130 nt	single	34	lncRNA	5888	39958
VASA own, 130 nt	single	34	miRNA	99	39958
VASA own, 130 nt	single	34	rRNA	973	39958
VASA own, 130 nt	single	34	ribozyme	553	39958
VASA own, 130 nt	single	34	scaRNA	48	39958
VASA own, 130 nt	single	34	snRNA	192	39958
VASA own, 130 nt	single	34	snoRNA	977	39958
VASA own, 130 nt	single	34	tRNA	30	39958
VASA own, 130 nt	single	35	MiscRna	82	37514
VASA own, 130 nt	single	35	MtRrna	86	37514
VASA own, 130 nt	single	35	MtTrna	37	37514
VASA own, 130 nt	single	35	ProcessedPseudogene	44	37514
VASA own, 130 nt	single	35	ProteinCoding	31725	37514
VASA own, 130 nt	single	35	TEC	73	37514
VASA own, 130 nt	single	35	TranscribedProcessedPseudogene	16	37514
VASA own, 130 nt	single	35	TranscribedUnitaryPseudogene	13	37514
VASA own, 130 nt	single	35	TranscribedUnprocessedPseudogene	25	37514
VASA own, 130 nt	single	35	UnitaryPseudogene	9	37514
VASA own, 130 nt	single	35	UnprocessedPseudogene	8	37514
VASA own, 130 nt	single	35	lncRNA	4965	37514
VASA own, 130 nt	single	35	miRNA	75	37514
VASA own, 130 nt	single	35	rRNA	953	37514
VASA own, 130 nt	single	35	ribozyme	571	37514
VASA own, 130 nt	single	35	scaRNA	59	37514
VASA own, 130 nt	single	35	snRNA	146	37514
VASA own, 130 nt	single	35	snoRNA	1150	37514
VASA own, 130 nt	single	35	tRNA	37	37514
VASA own, 130 nt	single	36	MiscRna	196	35775
VASA own, 130 nt	single	36	MtRrna	88	35775
VASA own, 130 nt	single	36	MtTrna	38	35775
VASA own, 130 nt	single	36	ProcessedPseudogene	62	35775
VASA own, 130 nt	single	36	ProteinCoding	30259	35775
VASA own, 130 nt	single	36	TEC	64	35775
VASA own, 130 nt	single	36	TranscribedProcessedPseudogene	7	35775
VASA own, 130 nt	single	36	TranscribedUnitaryPseudogene	10	35775
VASA own, 130 nt	single	36	TranscribedUnprocessedPseudogene	23	35775
VASA own, 130 nt	single	36	UnitaryPseudogene	5	35775
VASA own, 130 nt	single	36	UnprocessedPseudogene	5	35775
VASA own, 130 nt	single	36	lncRNA	4633	35775
VASA own, 130 nt	single	36	miRNA	99	35775
VASA own, 130 nt	single	36	rRNA	826	35775
VASA own, 130 nt	single	36	ribozyme	667	35775
VASA own, 130 nt	single	36	scaRNA	83	35775
VASA own, 130 nt	single	36	snRNA	193	35775
VASA own, 130 nt	single	36	snoRNA	1152	35775
VASA own, 130 nt	single	36	tRNA	41	35775
VASA own, 130 nt	single	37	MiscRna	235	36592
VASA own, 130 nt	single	37	MtRrna	82	36592
VASA own, 130 nt	single	37	MtTrna	47	36592
VASA own, 130 nt	single	37	ProcessedPseudogene	71	36592
VASA own, 130 nt	single	37	ProteinCoding	30937	36592
VASA own, 130 nt	single	37	TEC	75	36592
VASA own, 130 nt	single	37	TranscribedProcessedPseudogene	12	36592
VASA own, 130 nt	single	37	TranscribedUnitaryPseudogene	4	36592
VASA own, 130 nt	single	37	TranscribedUnprocessedPseudogene	15	36592
VASA own, 130 nt	single	37	UnitaryPseudogene	11	36592
VASA own, 130 nt	single	37	UnprocessedPseudogene	7	36592
VASA own, 130 nt	single	37	lncRNA	4817	36592
VASA own, 130 nt	single	37	miRNA	97	36592
VASA own, 130 nt	single	37	rRNA	692	36592
VASA own, 130 nt	single	37	ribozyme	786	36592
VASA own, 130 nt	single	37	scaRNA	45	36592
VASA own, 130 nt	single	37	snRNA	193	36592
VASA own, 130 nt	single	37	snoRNA	1264	36592
VASA own, 130 nt	single	37	tRNA	46	36592
VASA own, 130 nt	single	38	MiscRna	211	36864
VASA own, 130 nt	single	38	MtRrna	72	36864
VASA own, 130 nt	single	38	MtTrna	32	36864
VASA own, 130 nt	single	38	ProcessedPseudogene	64	36864
VASA own, 130 nt	single	38	ProteinCoding	31545	36864
VASA own, 130 nt	single	38	TEC	73	36864
VASA own, 130 nt	single	38	TranscribedProcessedPseudogene	24	36864
VASA own, 130 nt	single	38	TranscribedUnitaryPseudogene	8	36864
VASA own, 130 nt	single	38	TranscribedUnprocessedPseudogene	12	36864
VASA own, 130 nt	single	38	UnitaryPseudogene	15	36864
VASA own, 130 nt	single	38	UnprocessedPseudogene	4	36864
VASA own, 130 nt	single	38	lncRNA	4724	36864
VASA own, 130 nt	single	38	miRNA	112	36864
VASA own, 130 nt	single	38	rRNA	625	36864
VASA own, 130 nt	single	38	ribozyme	572	36864
VASA own, 130 nt	single	38	scaRNA	50	36864
VASA own, 130 nt	single	38	snRNA	225	36864
VASA own, 130 nt	single	38	snoRNA	1668	36864
VASA own, 130 nt	single	38	tRNA	53	36864
VASA own, 130 nt	single	39	MiscRna	277	36660
VASA own, 130 nt	single	39	MtRrna	78	36660
VASA own, 130 nt	single	39	MtTrna	49	36660
VASA own, 130 nt	single	39	ProcessedPseudogene	50	36660
VASA own, 130 nt	single	39	ProteinCoding	31395	36660
VASA own, 130 nt	single	39	TEC	63	36660
VASA own, 130 nt	single	39	TranscribedProcessedPseudogene	15	36660
VASA own, 130 nt	single	39	TranscribedUnitaryPseudogene	4	36660
VASA own, 130 nt	single	39	TranscribedUnprocessedPseudogene	14	36660
VASA own, 130 nt	single	39	UnitaryPseudogene	10	36660
VASA own, 130 nt	single	39	UnprocessedPseudogene	5	36660
VASA own, 130 nt	single	39	lncRNA	4636	36660
VASA own, 130 nt	single	39	miRNA	154	36660
VASA own, 130 nt	single	39	rRNA	473	36660
VASA own, 130 nt	single	39	ribozyme	782	36660
VASA own, 130 nt	single	39	scaRNA	106	36660
VASA own, 130 nt	single	39	snRNA	209	36660
VASA own, 130 nt	single	39	snoRNA	1746	36660
VASA own, 130 nt	single	39	tRNA	42	36660
VASA own, 130 nt	single	40	IgCGene	1	36978
VASA own, 130 nt	single	40	MiscRna	377	36978
VASA own, 130 nt	single	40	MtRrna	64	36978
VASA own, 130 nt	single	40	MtTrna	44	36978
VASA own, 130 nt	single	40	ProcessedPseudogene	44	36978
VASA own, 130 nt	single	40	ProteinCoding	32004	36978
VASA own, 130 nt	single	40	TEC	73	36978
VASA own, 130 nt	single	40	TranscribedProcessedPseudogene	13	36978
VASA own, 130 nt	single	40	TranscribedUnitaryPseudogene	6	36978
VASA own, 130 nt	single	40	TranscribedUnprocessedPseudogene	13	36978
VASA own, 130 nt	single	40	TranslatedUnprocessedPseudogene	1	36978
VASA own, 130 nt	single	40	UnitaryPseudogene	8	36978
VASA own, 130 nt	single	40	UnprocessedPseudogene	5	36978
VASA own, 130 nt	single	40	lncRNA	4319	36978
VASA own, 130 nt	single	40	miRNA	74	36978
VASA own, 130 nt	single	40	rRNA	484	36978
VASA own, 130 nt	single	40	ribozyme	843	36978
VASA own, 130 nt	single	40	scaRNA	63	36978
VASA own, 130 nt	single	40	snRNA	214	36978
VASA own, 130 nt	single	40	snoRNA	1266	36978
VASA own, 130 nt	single	40	tRNA	41	36978
VASA own, 130 nt	single	41	MiscRna	521	37518
VASA own, 130 nt	single	41	MtRrna	36	37518
VASA own, 130 nt	single	41	MtTrna	28	37518
VASA own, 130 nt	single	41	ProcessedPseudogene	45	37518
VASA own, 130 nt	single	41	ProteinCoding	32488	37518
VASA own, 130 nt	single	41	TEC	83	37518
VASA own, 130 nt	single	41	TranscribedProcessedPseudogene	17	37518
VASA own, 130 nt	single	41	TranscribedUnitaryPseudogene	5	37518
VASA own, 130 nt	single	41	TranscribedUnprocessedPseudogene	15	37518
VASA own, 130 nt	single	41	UnitaryPseudogene	3	37518
VASA own, 130 nt	single	41	UnprocessedPseudogene	6	37518
VASA own, 130 nt	single	41	lncRNA	4323	37518
VASA own, 130 nt	single	41	miRNA	157	37518
VASA own, 130 nt	single	41	rRNA	412	37518
VASA own, 130 nt	single	41	ribozyme	866	37518
VASA own, 130 nt	single	41	scaRNA	99	37518
VASA own, 130 nt	single	41	snRNA	217	37518
VASA own, 130 nt	single	41	snoRNA	1387	37518
VASA own, 130 nt	single	41	tRNA	34	37518
VASA own, 130 nt	single	42	MiscRna	926	38421
VASA own, 130 nt	single	42	MtRrna	88	38421
VASA own, 130 nt	single	42	MtTrna	41	38421
VASA own, 130 nt	single	42	ProcessedPseudogene	51	38421
VASA own, 130 nt	single	42	ProteinCoding	32916	38421
VASA own, 130 nt	single	42	TEC	72	38421
VASA own, 130 nt	single	42	TranscribedProcessedPseudogene	15	38421
VASA own, 130 nt	single	42	TranscribedUnitaryPseudogene	7	38421
VASA own, 130 nt	single	42	TranscribedUnprocessedPseudogene	11	38421
VASA own, 130 nt	single	42	UnitaryPseudogene	1	38421
VASA own, 130 nt	single	42	UnprocessedPseudogene	3	38421
VASA own, 130 nt	single	42	lncRNA	4266	38421
VASA own, 130 nt	single	42	miRNA	100	38421
VASA own, 130 nt	single	42	rRNA	406	38421
VASA own, 130 nt	single	42	ribozyme	916	38421
VASA own, 130 nt	single	42	scaRNA	45	38421
VASA own, 130 nt	single	42	snRNA	223	38421
VASA own, 130 nt	single	42	snoRNA	1400	38421
VASA own, 130 nt	single	42	tRNA	32	38421
VASA own, 130 nt	single	43	MiscRna	535	38683
VASA own, 130 nt	single	43	MtRrna	49	38683
VASA own, 130 nt	single	43	MtTrna	30	38683
VASA own, 130 nt	single	43	ProcessedPseudogene	71	38683
VASA own, 130 nt	single	43	ProteinCoding	33804	38683
VASA own, 130 nt	single	43	TEC	63	38683
VASA own, 130 nt	single	43	TranscribedProcessedPseudogene	18	38683
VASA own, 130 nt	single	43	TranscribedUnitaryPseudogene	5	38683
VASA own, 130 nt	single	43	TranscribedUnprocessedPseudogene	30	38683
VASA own, 130 nt	single	43	UnitaryPseudogene	2	38683
VASA own, 130 nt	single	43	UnprocessedPseudogene	9	38683
VASA own, 130 nt	single	43	lncRNA	4087	38683
VASA own, 130 nt	single	43	miRNA	118	38683
VASA own, 130 nt	single	43	rRNA	466	38683
VASA own, 130 nt	single	43	ribozyme	825	38683
VASA own, 130 nt	single	43	scaRNA	49	38683
VASA own, 130 nt	single	43	snRNA	251	38683
VASA own, 130 nt	single	43	snoRNA	1363	38683
VASA own, 130 nt	single	43	tRNA	48	38683
VASA own, 130 nt	single	44	MiscRna	618	41123
VASA own, 130 nt	single	44	MtRrna	19	41123
VASA own, 130 nt	single	44	MtTrna	29	41123
VASA own, 130 nt	single	44	ProcessedPseudogene	62	41123
VASA own, 130 nt	single	44	ProteinCoding	36006	41123
VASA own, 130 nt	single	44	TEC	78	41123
VASA own, 130 nt	single	44	TranscribedProcessedPseudogene	13	41123
VASA own, 130 nt	single	44	TranscribedUnitaryPseudogene	11	41123
VASA own, 130 nt	single	44	TranscribedUnprocessedPseudogene	18	41123
VASA own, 130 nt	single	44	TranslatedUnprocessedPseudogene	1	41123
VASA own, 130 nt	single	44	UnitaryPseudogene	3	41123
VASA own, 130 nt	single	44	UnprocessedPseudogene	2	41123
VASA own, 130 nt	single	44	lncRNA	4421	41123
VASA own, 130 nt	single	44	miRNA	104	41123
VASA own, 130 nt	single	44	rRNA	300	41123
VASA own, 130 nt	single	44	ribozyme	1297	41123
VASA own, 130 nt	single	44	scaRNA	48	41123
VASA own, 130 nt	single	44	snRNA	245	41123
VASA own, 130 nt	single	44	snoRNA	1402	41123
VASA own, 130 nt	single	44	tRNA	34	41123
VASA own, 130 nt	single	45	MiscRna	1249	41901
VASA own, 130 nt	single	45	MtRrna	17	41901
VASA own, 130 nt	single	45	MtTrna	21	41901
VASA own, 130 nt	single	45	ProcessedPseudogene	56	41901
VASA own, 130 nt	single	45	ProteinCoding	36222	41901
VASA own, 130 nt	single	45	TEC	57	41901
VASA own, 130 nt	single	45	TranscribedProcessedPseudogene	12	41901
VASA own, 130 nt	single	45	TranscribedUnitaryPseudogene	4	41901
VASA own, 130 nt	single	45	TranscribedUnprocessedPseudogene	24	41901
VASA own, 130 nt	single	45	UnitaryPseudogene	1	41901
VASA own, 130 nt	single	45	UnprocessedPseudogene	8	41901
VASA own, 130 nt	single	45	lncRNA	4291	41901
VASA own, 130 nt	single	45	miRNA	101	41901
VASA own, 130 nt	single	45	rRNA	270	41901
VASA own, 130 nt	single	45	ribozyme	869	41901
VASA own, 130 nt	single	45	scaRNA	74	41901
VASA own, 130 nt	single	45	snRNA	548	41901
VASA own, 130 nt	single	45	snoRNA	1558	41901
VASA own, 130 nt	single	45	tRNA	43	41901
VASA own, 130 nt	single	46	MiscRna	782	43380
VASA own, 130 nt	single	46	MtRrna	25	43380
VASA own, 130 nt	single	46	MtTrna	17	43380
VASA own, 130 nt	single	46	ProcessedPseudogene	60	43380
VASA own, 130 nt	single	46	ProteinCoding	37326	43380
VASA own, 130 nt	single	46	TEC	71	43380
VASA own, 130 nt	single	46	TranscribedProcessedPseudogene	9	43380
VASA own, 130 nt	single	46	TranscribedUnitaryPseudogene	5	43380
VASA own, 130 nt	single	46	TranscribedUnprocessedPseudogene	12	43380
VASA own, 130 nt	single	46	UnprocessedPseudogene	2	43380
VASA own, 130 nt	single	46	lncRNA	5175	43380
VASA own, 130 nt	single	46	miRNA	132	43380
VASA own, 130 nt	single	46	rRNA	227	43380
VASA own, 130 nt	single	46	ribozyme	1763	43380
VASA own, 130 nt	single	46	scaRNA	104	43380
VASA own, 130 nt	single	46	snRNA	361	43380
VASA own, 130 nt	single	46	snoRNA	2033	43380
VASA own, 130 nt	single	46	tRNA	63	43380
VASA own, 130 nt	single	47	MiscRna	528	44773
VASA own, 130 nt	single	47	MtRrna	8	44773
VASA own, 130 nt	single	47	MtTrna	37	44773
VASA own, 130 nt	single	47	ProcessedPseudogene	83	44773
VASA own, 130 nt	single	47	ProteinCoding	39248	44773
VASA own, 130 nt	single	47	TEC	78	44773
VASA own, 130 nt	single	47	TranscribedProcessedPseudogene	10	44773
VASA own, 130 nt	single	47	TranscribedUnitaryPseudogene	6	44773
VASA own, 130 nt	single	47	TranscribedUnprocessedPseudogene	33	44773
VASA own, 130 nt	single	47	UnitaryPseudogene	2	44773
VASA own, 130 nt	single	47	UnprocessedPseudogene	5	44773
VASA own, 130 nt	single	47	lncRNA	4917	44773
VASA own, 130 nt	single	47	miRNA	79	44773
VASA own, 130 nt	single	47	rRNA	229	44773
VASA own, 130 nt	single	47	ribozyme	1334	44773
VASA own, 130 nt	single	47	scaRNA	114	44773
VASA own, 130 nt	single	47	snRNA	355	44773
VASA own, 130 nt	single	47	snoRNA	1822	44773
VASA own, 130 nt	single	47	tRNA	36	44773
VASA own, 130 nt	single	48	MiscRna	538	45649
VASA own, 130 nt	single	48	MtRrna	19	45649
VASA own, 130 nt	single	48	MtTrna	41	45649
VASA own, 130 nt	single	48	ProcessedPseudogene	74	45649
VASA own, 130 nt	single	48	ProteinCoding	40000	45649
VASA own, 130 nt	single	48	TEC	62	45649
VASA own, 130 nt	single	48	TranscribedProcessedPseudogene	19	45649
VASA own, 130 nt	single	48	TranscribedUnitaryPseudogene	8	45649
VASA own, 130 nt	single	48	TranscribedUnprocessedPseudogene	26	45649
VASA own, 130 nt	single	48	UnitaryPseudogene	7	45649
VASA own, 130 nt	single	48	UnprocessedPseudogene	3	45649
VASA own, 130 nt	single	48	lncRNA	4813	45649
VASA own, 130 nt	single	48	miRNA	153	45649
VASA own, 130 nt	single	48	rRNA	206	45649
VASA own, 130 nt	single	48	ribozyme	1197	45649
VASA own, 130 nt	single	48	scaRNA	99	45649
VASA own, 130 nt	single	48	snRNA	753	45649
VASA own, 130 nt	single	48	snoRNA	1814	45649
VASA own, 130 nt	single	48	tRNA	43	45649
VASA own, 130 nt	single	49	MiscRna	438	48564
VASA own, 130 nt	single	49	MtRrna	13	48564
VASA own, 130 nt	single	49	MtTrna	50	48564
VASA own, 130 nt	single	49	ProcessedPseudogene	84	48564
VASA own, 130 nt	single	49	ProteinCoding	42643	48564
VASA own, 130 nt	single	49	TEC	71	48564
VASA own, 130 nt	single	49	TranscribedProcessedPseudogene	20	48564
VASA own, 130 nt	single	49	TranscribedUnitaryPseudogene	14	48564
VASA own, 130 nt	single	49	TranscribedUnprocessedPseudogene	20	48564
VASA own, 130 nt	single	49	UnitaryPseudogene	6	48564
VASA own, 130 nt	single	49	UnprocessedPseudogene	7	48564
VASA own, 130 nt	single	49	lncRNA	5367	48564
VASA own, 130 nt	single	49	miRNA	115	48564
VASA own, 130 nt	single	49	rRNA	192	48564
VASA own, 130 nt	single	49	ribozyme	1337	48564
VASA own, 130 nt	single	49	scaRNA	102	48564
VASA own, 130 nt	single	49	snRNA	497	48564
VASA own, 130 nt	single	49	snoRNA	2219	48564
VASA own, 130 nt	single	49	tRNA	86	48564
VASA own, 130 nt	single	50	MiscRna	496	48591
VASA own, 130 nt	single	50	MtRrna	14	48591
VASA own, 130 nt	single	50	MtTrna	19	48591
VASA own, 130 nt	single	50	ProcessedPseudogene	81	48591
VASA own, 130 nt	single	50	ProteinCoding	42270	48591
VASA own, 130 nt	single	50	TEC	79	48591
VASA own, 130 nt	single	50	TranscribedProcessedPseudogene	20	48591
VASA own, 130 nt	single	50	TranscribedUnitaryPseudogene	11	48591
VASA own, 130 nt	single	50	TranscribedUnprocessedPseudogene	28	48591
VASA own, 130 nt	single	50	UnitaryPseudogene	1	48591
VASA own, 130 nt	single	50	UnprocessedPseudogene	1	48591
VASA own, 130 nt	single	50	lncRNA	5758	48591
VASA own, 130 nt	single	50	miRNA	118	48591
VASA own, 130 nt	single	50	rRNA	162	48591
VASA own, 130 nt	single	50	ribozyme	1357	48591
VASA own, 130 nt	single	50	scaRNA	118	48591
VASA own, 130 nt	single	50	snRNA	524	48591
VASA own, 130 nt	single	50	snoRNA	2729	48591
VASA own, 130 nt	single	50	tRNA	37	48591
VASA own, 130 nt	single	51	MiscRna	666	48395
VASA own, 130 nt	single	51	MtRrna	18	48395
VASA own, 130 nt	single	51	MtTrna	53	48395
VASA own, 130 nt	single	51	ProcessedPseudogene	77	48395
VASA own, 130 nt	single	51	ProteinCoding	42506	48395
VASA own, 130 nt	single	51	TEC	95	48395
VASA own, 130 nt	single	51	TranscribedProcessedPseudogene	26	48395
VASA own, 130 nt	single	51	TranscribedUnitaryPseudogene	13	48395
VASA own, 130 nt	single	51	TranscribedUnprocessedPseudogene	14	48395
VASA own, 130 nt	single	51	UnitaryPseudogene	6	48395
VASA own, 130 nt	single	51	UnprocessedPseudogene	4	48395
VASA own, 130 nt	single	51	lncRNA	5142	48395
VASA own, 130 nt	single	51	miRNA	121	48395
VASA own, 130 nt	single	51	rRNA	168	48395
VASA own, 130 nt	single	51	ribozyme	1338	48395
VASA own, 130 nt	single	51	scaRNA	132	48395
VASA own, 130 nt	single	51	snRNA	417	48395
VASA own, 130 nt	single	51	snoRNA	2196	48395
VASA own, 130 nt	single	51	tRNA	41	48395
VASA own, 130 nt	single	52	MiscRna	817	49133
VASA own, 130 nt	single	52	MtRrna	10	49133
VASA own, 130 nt	single	52	MtTrna	29	49133
VASA own, 130 nt	single	52	ProcessedPseudogene	76	49133
VASA own, 130 nt	single	52	ProteinCoding	43119	49133
VASA own, 130 nt	single	52	TEC	78	49133
VASA own, 130 nt	single	52	TranscribedProcessedPseudogene	22	49133
VASA own, 130 nt	single	52	TranscribedUnitaryPseudogene	11	49133
VASA own, 130 nt	single	52	TranscribedUnprocessedPseudogene	24	49133
VASA own, 130 nt	single	52	UnitaryPseudogene	5	49133
VASA own, 130 nt	single	52	UnprocessedPseudogene	2	49133
VASA own, 130 nt	single	52	lncRNA	5225	49133
VASA own, 130 nt	single	52	miRNA	146	49133
VASA own, 130 nt	single	52	rRNA	142	49133
VASA own, 130 nt	single	52	ribozyme	1519	49133
VASA own, 130 nt	single	52	scaRNA	104	49133
VASA own, 130 nt	single	52	snRNA	441	49133
VASA own, 130 nt	single	52	snoRNA	1942	49133
VASA own, 130 nt	single	52	tRNA	34	49133
VASA own, 130 nt	single	53	MiscRna	1204	52216
VASA own, 130 nt	single	53	MtRrna	10	52216
VASA own, 130 nt	single	53	MtTrna	26	52216
VASA own, 130 nt	single	53	ProcessedPseudogene	75	52216
VASA own, 130 nt	single	53	ProteinCoding	45334	52216
VASA own, 130 nt	single	53	TEC	76	52216
VASA own, 130 nt	single	53	TranscribedProcessedPseudogene	17	52216
VASA own, 130 nt	single	53	TranscribedUnitaryPseudogene	3	52216
VASA own, 130 nt	single	53	TranscribedUnprocessedPseudogene	23	52216
VASA own, 130 nt	single	53	UnitaryPseudogene	5	52216
VASA own, 130 nt	single	53	UnprocessedPseudogene	2	52216
VASA own, 130 nt	single	53	lncRNA	5313	52216
VASA own, 130 nt	single	53	miRNA	162	52216
VASA own, 130 nt	single	53	rRNA	142	52216
VASA own, 130 nt	single	53	ribozyme	1241	52216
VASA own, 130 nt	single	53	scaRNA	107	52216
VASA own, 130 nt	single	53	snRNA	1134	52216
VASA own, 130 nt	single	53	snoRNA	2172	52216
VASA own, 130 nt	single	53	tRNA	27	52216
VASA own, 130 nt	single	54	MiscRna	1104	52658
VASA own, 130 nt	single	54	MtRrna	12	52658
VASA own, 130 nt	single	54	MtTrna	30	52658
VASA own, 130 nt	single	54	ProcessedPseudogene	95	52658
VASA own, 130 nt	single	54	ProteinCoding	46257	52658
VASA own, 130 nt	single	54	TEC	99	52658
VASA own, 130 nt	single	54	TranscribedProcessedPseudogene	25	52658
VASA own, 130 nt	single	54	TranscribedUnitaryPseudogene	16	52658
VASA own, 130 nt	single	54	TranscribedUnprocessedPseudogene	9	52658
VASA own, 130 nt	single	54	UnitaryPseudogene	5	52658
VASA own, 130 nt	single	54	UnprocessedPseudogene	3	52658
VASA own, 130 nt	single	54	lncRNA	5147	52658
VASA own, 130 nt	single	54	miRNA	146	52658
VASA own, 130 nt	single	54	rRNA	129	52658
VASA own, 130 nt	single	54	ribozyme	943	52658
VASA own, 130 nt	single	54	scaRNA	69	52658
VASA own, 130 nt	single	54	snRNA	749	52658
VASA own, 130 nt	single	54	snoRNA	2397	52658
VASA own, 130 nt	single	54	tRNA	52	52658
VASA own, 130 nt	single	55	MiscRna	981	52220
VASA own, 130 nt	single	55	MtRrna	12	52220
VASA own, 130 nt	single	55	MtTrna	21	52220
VASA own, 130 nt	single	55	ProcessedPseudogene	61	52220
VASA own, 130 nt	single	55	ProteinCoding	46445	52220
VASA own, 130 nt	single	55	TEC	95	52220
VASA own, 130 nt	single	55	TranscribedProcessedPseudogene	18	52220
VASA own, 130 nt	single	55	TranscribedUnitaryPseudogene	6	52220
VASA own, 130 nt	single	55	TranscribedUnprocessedPseudogene	29	52220
VASA own, 130 nt	single	55	UnitaryPseudogene	4	52220
VASA own, 130 nt	single	55	UnprocessedPseudogene	4	52220
VASA own, 130 nt	single	55	lncRNA	4747	52220
VASA own, 130 nt	single	55	miRNA	149	52220
VASA own, 130 nt	single	55	rRNA	218	52220
VASA own, 130 nt	single	55	ribozyme	1073	52220
VASA own, 130 nt	single	55	scaRNA	74	52220
VASA own, 130 nt	single	55	snRNA	495	52220
VASA own, 130 nt	single	55	snoRNA	1902	52220
VASA own, 130 nt	single	55	tRNA	34	52220
VASA own, 130 nt	single	56	MiscRna	598	54718
VASA own, 130 nt	single	56	MtRrna	8	54718
VASA own, 130 nt	single	56	MtTrna	27	54718
VASA own, 130 nt	single	56	ProcessedPseudogene	69	54718
VASA own, 130 nt	single	56	ProteinCoding	49017	54718
VASA own, 130 nt	single	56	TEC	108	54718
VASA own, 130 nt	single	56	TranscribedProcessedPseudogene	23	54718
VASA own, 130 nt	single	56	TranscribedUnitaryPseudogene	6	54718
VASA own, 130 nt	single	56	TranscribedUnprocessedPseudogene	23	54718
VASA own, 130 nt	single	56	UnitaryPseudogene	3	54718
VASA own, 130 nt	single	56	UnprocessedPseudogene	7	54718
VASA own, 130 nt	single	56	lncRNA	5302	54718
VASA own, 130 nt	single	56	miRNA	250	54718
VASA own, 130 nt	single	56	rRNA	110	54718
VASA own, 130 nt	single	56	ribozyme	999	54718
VASA own, 130 nt	single	56	scaRNA	49	54718
VASA own, 130 nt	single	56	snRNA	554	54718
VASA own, 130 nt	single	56	snoRNA	2338	54718
VASA own, 130 nt	single	56	tRNA	31	54718
VASA own, 130 nt	single	57	MiscRna	511	55514
VASA own, 130 nt	single	57	MtRrna	9	55514
VASA own, 130 nt	single	57	MtTrna	12	55514
VASA own, 130 nt	single	57	ProcessedPseudogene	70	55514
VASA own, 130 nt	single	57	ProteinCoding	49407	55514
VASA own, 130 nt	single	57	TEC	90	55514
VASA own, 130 nt	single	57	TranscribedProcessedPseudogene	26	55514
VASA own, 130 nt	single	57	TranscribedUnitaryPseudogene	18	55514
VASA own, 130 nt	single	57	TranscribedUnprocessedPseudogene	28	55514
VASA own, 130 nt	single	57	UnitaryPseudogene	2	55514
VASA own, 130 nt	single	57	UnprocessedPseudogene	4	55514
VASA own, 130 nt	single	57	lncRNA	6050	55514
VASA own, 130 nt	single	57	miRNA	151	55514
VASA own, 130 nt	single	57	rRNA	169	55514
VASA own, 130 nt	single	57	ribozyme	1387	55514
VASA own, 130 nt	single	57	scaRNA	81	55514
VASA own, 130 nt	single	57	snRNA	614	55514
VASA own, 130 nt	single	57	snoRNA	2257	55514
VASA own, 130 nt	single	57	tRNA	39	55514
VASA own, 130 nt	single	58	MiscRna	642	55568
VASA own, 130 nt	single	58	MtRrna	19	55568
VASA own, 130 nt	single	58	MtTrna	10	55568
VASA own, 130 nt	single	58	ProcessedPseudogene	88	55568
VASA own, 130 nt	single	58	ProteinCoding	50054	55568
VASA own, 130 nt	single	58	TEC	101	55568
VASA own, 130 nt	single	58	TranscribedProcessedPseudogene	21	55568
VASA own, 130 nt	single	58	TranscribedUnitaryPseudogene	17	55568
VASA own, 130 nt	single	58	TranscribedUnprocessedPseudogene	29	55568
VASA own, 130 nt	single	58	UnitaryPseudogene	6	55568
VASA own, 130 nt	single	58	UnprocessedPseudogene	3	55568
VASA own, 130 nt	single	58	lncRNA	5077	55568
VASA own, 130 nt	single	58	miRNA	177	55568
VASA own, 130 nt	single	58	rRNA	152	55568
VASA own, 130 nt	single	58	ribozyme	730	55568
VASA own, 130 nt	single	58	scaRNA	81	55568
VASA own, 130 nt	single	58	snRNA	604	55568
VASA own, 130 nt	single	58	snoRNA	1949	55568
VASA own, 130 nt	single	58	tRNA	31	55568
VASA own, 130 nt	single	59	MiscRna	773	57768
VASA own, 130 nt	single	59	MtRrna	14	57768
VASA own, 130 nt	single	59	MtTrna	7	57768
VASA own, 130 nt	single	59	ProcessedPseudogene	100	57768
VASA own, 130 nt	single	59	ProteinCoding	52346	57768
VASA own, 130 nt	single	59	TEC	120	57768
VASA own, 130 nt	single	59	TranscribedProcessedPseudogene	25	57768
VASA own, 130 nt	single	59	TranscribedUnitaryPseudogene	6	57768
VASA own, 130 nt	single	59	TranscribedUnprocessedPseudogene	35	57768
VASA own, 130 nt	single	59	UnitaryPseudogene	4	57768
VASA own, 130 nt	single	59	UnprocessedPseudogene	1	57768
VASA own, 130 nt	single	59	lncRNA	4845	57768
VASA own, 130 nt	single	59	miRNA	208	57768
VASA own, 130 nt	single	59	rRNA	118	57768
VASA own, 130 nt	single	59	ribozyme	783	57768
VASA own, 130 nt	single	59	scaRNA	153	57768
VASA own, 130 nt	single	59	snRNA	534	57768
VASA own, 130 nt	single	59	snoRNA	1937	57768
VASA own, 130 nt	single	59	tRNA	60	57768
VASA own, 130 nt	single	60	MiscRna	1139	58449
VASA own, 130 nt	single	60	MtRrna	15	58449
VASA own, 130 nt	single	60	MtTrna	17	58449
VASA own, 130 nt	single	60	ProcessedPseudogene	93	58449
VASA own, 130 nt	single	60	ProteinCoding	52794	58449
VASA own, 130 nt	single	60	TEC	79	58449
VASA own, 130 nt	single	60	TranscribedProcessedPseudogene	39	58449
VASA own, 130 nt	single	60	TranscribedUnitaryPseudogene	22	58449
VASA own, 130 nt	single	60	TranscribedUnprocessedPseudogene	34	58449
VASA own, 130 nt	single	60	UnitaryPseudogene	6	58449
VASA own, 130 nt	single	60	UnprocessedPseudogene	2	58449
VASA own, 130 nt	single	60	lncRNA	4791	58449
VASA own, 130 nt	single	60	miRNA	165	58449
VASA own, 130 nt	single	60	rRNA	109	58449
VASA own, 130 nt	single	60	ribozyme	728	58449
VASA own, 130 nt	single	60	scaRNA	90	58449
VASA own, 130 nt	single	60	snRNA	452	58449
VASA own, 130 nt	single	60	snoRNA	1917	58449
VASA own, 130 nt	single	60	tRNA	40	58449
VASA own, 130 nt	single	61	MiscRna	1730	62653
VASA own, 130 nt	single	61	MtRrna	17	62653
VASA own, 130 nt	single	61	MtTrna	16	62653
VASA own, 130 nt	single	61	ProcessedPseudogene	94	62653
VASA own, 130 nt	single	61	ProteinCoding	55651	62653
VASA own, 130 nt	single	61	TEC	137	62653
VASA own, 130 nt	single	61	TranscribedProcessedPseudogene	40	62653
VASA own, 130 nt	single	61	TranscribedUnitaryPseudogene	11	62653
VASA own, 130 nt	single	61	TranscribedUnprocessedPseudogene	25	62653
VASA own, 130 nt	single	61	UnitaryPseudogene	1	62653
VASA own, 130 nt	single	61	UnprocessedPseudogene	5	62653
VASA own, 130 nt	single	61	lncRNA	5468	62653
VASA own, 130 nt	single	61	miRNA	174	62653
VASA own, 130 nt	single	61	rRNA	126	62653
VASA own, 130 nt	single	61	ribozyme	1146	62653
VASA own, 130 nt	single	61	scaRNA	120	62653
VASA own, 130 nt	single	61	snRNA	675	62653
VASA own, 130 nt	single	61	snoRNA	1925	62653
VASA own, 130 nt	single	61	tRNA	48	62653
VASA own, 130 nt	single	62	MiscRna	1097	63057
VASA own, 130 nt	single	62	MtRrna	18	63057
VASA own, 130 nt	single	62	MtTrna	10	63057
VASA own, 130 nt	single	62	ProcessedPseudogene	106	63057
VASA own, 130 nt	single	62	ProteinCoding	56127	63057
VASA own, 130 nt	single	62	TEC	103	63057
VASA own, 130 nt	single	62	TranscribedProcessedPseudogene	23	63057
VASA own, 130 nt	single	62	TranscribedUnitaryPseudogene	19	63057
VASA own, 130 nt	single	62	TranscribedUnprocessedPseudogene	35	63057
VASA own, 130 nt	single	62	UnitaryPseudogene	2	63057
VASA own, 130 nt	single	62	UnprocessedPseudogene	3	63057
VASA own, 130 nt	single	62	lncRNA	6197	63057
VASA own, 130 nt	single	62	miRNA	249	63057
VASA own, 130 nt	single	62	rRNA	151	63057
VASA own, 130 nt	single	62	ribozyme	1202	63057
VASA own, 130 nt	single	62	scaRNA	158	63057
VASA own, 130 nt	single	62	snRNA	1295	63057
VASA own, 130 nt	single	62	snoRNA	1970	63057
VASA own, 130 nt	single	62	tRNA	59	63057
VASA own, 130 nt	single	63	MiscRna	1107	62762
VASA own, 130 nt	single	63	MtRrna	16	62762
VASA own, 130 nt	single	63	MtTrna	11	62762
VASA own, 130 nt	single	63	ProcessedPseudogene	81	62762
VASA own, 130 nt	single	63	ProteinCoding	56594	62762
VASA own, 130 nt	single	63	TEC	108	62762
VASA own, 130 nt	single	63	TranscribedProcessedPseudogene	28	62762
VASA own, 130 nt	single	63	TranscribedUnitaryPseudogene	27	62762
VASA own, 130 nt	single	63	TranscribedUnprocessedPseudogene	30	62762
VASA own, 130 nt	single	63	UnitaryPseudogene	2	62762
VASA own, 130 nt	single	63	UnprocessedPseudogene	1	62762
VASA own, 130 nt	single	63	lncRNA	5279	62762
VASA own, 130 nt	single	63	miRNA	170	62762
VASA own, 130 nt	single	63	rRNA	173	62762
VASA own, 130 nt	single	63	ribozyme	796	62762
VASA own, 130 nt	single	63	scaRNA	137	62762
VASA own, 130 nt	single	63	snRNA	542	62762
VASA own, 130 nt	single	63	snoRNA	2178	62762
VASA own, 130 nt	single	63	tRNA	41	62762
VASA own, 130 nt	single	64	MiscRna	1022	66764
VASA own, 130 nt	single	64	MtRrna	21	66764
VASA own, 130 nt	single	64	MtTrna	18	66764
VASA own, 130 nt	single	64	ProcessedPseudogene	99	66764
VASA own, 130 nt	single	64	ProteinCoding	59220	66764
VASA own, 130 nt	single	64	TEC	125	66764
VASA own, 130 nt	single	64	TranscribedProcessedPseudogene	51	66764
VASA own, 130 nt	single	64	TranscribedUnitaryPseudogene	22	66764
VASA own, 130 nt	single	64	TranscribedUnprocessedPseudogene	28	66764
VASA own, 130 nt	single	64	TranslatedUnprocessedPseudogene	2	66764
VASA own, 130 nt	single	64	UnitaryPseudogene	2	66764
VASA own, 130 nt	single	64	UnprocessedPseudogene	9	66764
VASA own, 130 nt	single	64	lncRNA	6730	66764
VASA own, 130 nt	single	64	miRNA	245	66764
VASA own, 130 nt	single	64	rRNA	208	66764
VASA own, 130 nt	single	64	ribozyme	1905	66764
VASA own, 130 nt	single	64	scaRNA	122	66764
VASA own, 130 nt	single	64	snRNA	711	66764
VASA own, 130 nt	single	64	snoRNA	2350	66764
VASA own, 130 nt	single	64	tRNA	35	66764
VASA own, 130 nt	single	65	MiscRna	1112	70162
VASA own, 130 nt	single	65	MtRrna	11	70162
VASA own, 130 nt	single	65	MtTrna	4	70162
VASA own, 130 nt	single	65	ProcessedPseudogene	81	70162
VASA own, 130 nt	single	65	ProteinCoding	63526	70162
VASA own, 130 nt	single	65	TEC	91	70162
VASA own, 130 nt	single	65	TranscribedProcessedPseudogene	28	70162
VASA own, 130 nt	single	65	TranscribedUnitaryPseudogene	20	70162
VASA own, 130 nt	single	65	TranscribedUnprocessedPseudogene	35	70162
VASA own, 130 nt	single	65	UnitaryPseudogene	1	70162
VASA own, 130 nt	single	65	UnprocessedPseudogene	7	70162
VASA own, 130 nt	single	65	lncRNA	6059	70162
VASA own, 130 nt	single	65	miRNA	228	70162
VASA own, 130 nt	single	65	rRNA	116	70162
VASA own, 130 nt	single	65	ribozyme	1113	70162
VASA own, 130 nt	single	65	scaRNA	145	70162
VASA own, 130 nt	single	65	snRNA	745	70162
VASA own, 130 nt	single	65	snoRNA	2440	70162
VASA own, 130 nt	single	65	tRNA	37	70162
VASA own, 130 nt	single	66	MiscRna	2355	71733
VASA own, 130 nt	single	66	MtRrna	11	71733
VASA own, 130 nt	single	66	MtTrna	14	71733
VASA own, 130 nt	single	66	ProcessedPseudogene	111	71733
VASA own, 130 nt	single	66	ProteinCoding	63738	71733
VASA own, 130 nt	single	66	TEC	106	71733
VASA own, 130 nt	single	66	TranscribedProcessedPseudogene	35	71733
VASA own, 130 nt	single	66	TranscribedUnitaryPseudogene	18	71733
VASA own, 130 nt	single	66	TranscribedUnprocessedPseudogene	37	71733
VASA own, 130 nt	single	66	UnitaryPseudogene	1	71733
VASA own, 130 nt	single	66	UnprocessedPseudogene	1	71733
VASA own, 130 nt	single	66	lncRNA	5766	71733
VASA own, 130 nt	single	66	miRNA	261	71733
VASA own, 130 nt	single	66	rRNA	171	71733
VASA own, 130 nt	single	66	ribozyme	760	71733
VASA own, 130 nt	single	66	scaRNA	98	71733
VASA own, 130 nt	single	66	snRNA	894	71733
VASA own, 130 nt	single	66	snoRNA	2502	71733
VASA own, 130 nt	single	66	tRNA	47	71733
VASA own, 130 nt	single	67	MiscRna	1447	72547
VASA own, 130 nt	single	67	MtRrna	6	72547
VASA own, 130 nt	single	67	MtTrna	9	72547
VASA own, 130 nt	single	67	ProcessedPseudogene	133	72547
VASA own, 130 nt	single	67	ProteinCoding	64918	72547
VASA own, 130 nt	single	67	TEC	127	72547
VASA own, 130 nt	single	67	TranscribedProcessedPseudogene	39	72547
VASA own, 130 nt	single	67	TranscribedUnitaryPseudogene	19	72547
VASA own, 130 nt	single	67	TranscribedUnprocessedPseudogene	34	72547
VASA own, 130 nt	single	67	UnitaryPseudogene	2	72547
VASA own, 130 nt	single	67	UnprocessedPseudogene	7	72547
VASA own, 130 nt	single	67	lncRNA	6602	72547
VASA own, 130 nt	single	67	miRNA	278	72547
VASA own, 130 nt	single	67	rRNA	145	72547
VASA own, 130 nt	single	67	ribozyme	948	72547
VASA own, 130 nt	single	67	scaRNA	195	72547
VASA own, 130 nt	single	67	snRNA	626	72547
VASA own, 130 nt	single	67	snoRNA	2499	72547
VASA own, 130 nt	single	67	tRNA	40	72547
VASA own, 130 nt	single	68	MiscRna	1161	72923
VASA own, 130 nt	single	68	MtRrna	13	72923
VASA own, 130 nt	single	68	MtTrna	8	72923
VASA own, 130 nt	single	68	ProcessedPseudogene	121	72923
VASA own, 130 nt	single	68	ProteinCoding	65594	72923
VASA own, 130 nt	single	68	TEC	140	72923
VASA own, 130 nt	single	68	TranscribedProcessedPseudogene	29	72923
VASA own, 130 nt	single	68	TranscribedUnitaryPseudogene	14	72923
VASA own, 130 nt	single	68	TranscribedUnprocessedPseudogene	50	72923
VASA own, 130 nt	single	68	UnitaryPseudogene	6	72923
VASA own, 130 nt	single	68	UnprocessedPseudogene	3	72923
VASA own, 130 nt	single	68	lncRNA	6589	72923
VASA own, 130 nt	single	68	miRNA	225	72923
VASA own, 130 nt	single	68	rRNA	210	72923
VASA own, 130 nt	single	68	ribozyme	927	72923
VASA own, 130 nt	single	68	scaRNA	102	72923
VASA own, 130 nt	single	68	snRNA	669	72923
VASA own, 130 nt	single	68	snoRNA	2502	72923
VASA own, 130 nt	single	68	tRNA	24	72923
VASA own, 130 nt	single	69	MiscRna	1413	74357
VASA own, 130 nt	single	69	MtRrna	10	74357
VASA own, 130 nt	single	69	MtTrna	5	74357
VASA own, 130 nt	single	69	ProcessedPseudogene	160	74357
VASA own, 130 nt	single	69	ProteinCoding	66385	74357
VASA own, 130 nt	single	69	TEC	141	74357
VASA own, 130 nt	single	69	TranscribedProcessedPseudogene	29	74357
VASA own, 130 nt	single	69	TranscribedUnitaryPseudogene	25	74357
VASA own, 130 nt	single	69	TranscribedUnprocessedPseudogene	47	74357
VASA own, 130 nt	single	69	TranslatedUnprocessedPseudogene	1	74357
VASA own, 130 nt	single	69	UnitaryPseudogene	12	74357
VASA own, 130 nt	single	69	UnprocessedPseudogene	3	74357
VASA own, 130 nt	single	69	lncRNA	7503	74357
VASA own, 130 nt	single	69	miRNA	258	74357
VASA own, 130 nt	single	69	rRNA	164	74357
VASA own, 130 nt	single	69	ribozyme	1140	74357
VASA own, 130 nt	single	69	scaRNA	137	74357
VASA own, 130 nt	single	69	snRNA	709	74357
VASA own, 130 nt	single	69	snoRNA	2452	74357
VASA own, 130 nt	single	69	tRNA	32	74357
VASA own, 130 nt	single	70	MiscRna	1038	77040
VASA own, 130 nt	single	70	MtRrna	8	77040
VASA own, 130 nt	single	70	MtTrna	6	77040
VASA own, 130 nt	single	70	ProcessedPseudogene	141	77040
VASA own, 130 nt	single	70	ProteinCoding	68071	77040
VASA own, 130 nt	single	70	TEC	105	77040
VASA own, 130 nt	single	70	TranscribedProcessedPseudogene	41	77040
VASA own, 130 nt	single	70	TranscribedUnitaryPseudogene	18	77040
VASA own, 130 nt	single	70	TranscribedUnprocessedPseudogene	48	77040
VASA own, 130 nt	single	70	UnitaryPseudogene	2	77040
VASA own, 130 nt	single	70	UnprocessedPseudogene	5	77040
VASA own, 130 nt	single	70	lncRNA	8410	77040
VASA own, 130 nt	single	70	miRNA	264	77040
VASA own, 130 nt	single	70	rRNA	157	77040
VASA own, 130 nt	single	70	ribozyme	1509	77040
VASA own, 130 nt	single	70	scaRNA	207	77040
VASA own, 130 nt	single	70	snRNA	1817	77040
VASA own, 130 nt	single	70	snoRNA	2520	77040
VASA own, 130 nt	single	70	tRNA	39	77040
VASA own, 130 nt	single	71	MiscRna	877	78628
VASA own, 130 nt	single	71	MtRrna	10	78628
VASA own, 130 nt	single	71	MtTrna	6	78628
VASA own, 130 nt	single	71	ProcessedPseudogene	160	78628
VASA own, 130 nt	single	71	ProteinCoding	71120	78628
VASA own, 130 nt	single	71	TEC	144	78628
VASA own, 130 nt	single	71	TranscribedProcessedPseudogene	24	78628
VASA own, 130 nt	single	71	TranscribedUnitaryPseudogene	26	78628
VASA own, 130 nt	single	71	TranscribedUnprocessedPseudogene	34	78628
VASA own, 130 nt	single	71	UnitaryPseudogene	6	78628
VASA own, 130 nt	single	71	UnprocessedPseudogene	3	78628
VASA own, 130 nt	single	71	lncRNA	7084	78628
VASA own, 130 nt	single	71	miRNA	253	78628
VASA own, 130 nt	single	71	rRNA	134	78628
VASA own, 130 nt	single	71	ribozyme	1365	78628
VASA own, 130 nt	single	71	scaRNA	103	78628
VASA own, 130 nt	single	71	snRNA	750	78628
VASA own, 130 nt	single	71	snoRNA	2689	78628
VASA own, 130 nt	single	71	tRNA	60	78628
VASA own, 130 nt	single	72	MiscRna	691	79609
VASA own, 130 nt	single	72	MtRrna	14	79609
VASA own, 130 nt	single	72	MtTrna	13	79609
VASA own, 130 nt	single	72	ProcessedPseudogene	127	79609
VASA own, 130 nt	single	72	ProteinCoding	71918	79609
VASA own, 130 nt	single	72	TEC	147	79609
VASA own, 130 nt	single	72	TranscribedProcessedPseudogene	49	79609
VASA own, 130 nt	single	72	TranscribedUnitaryPseudogene	39	79609
VASA own, 130 nt	single	72	TranscribedUnprocessedPseudogene	36	79609
VASA own, 130 nt	single	72	UnitaryPseudogene	6	79609
VASA own, 130 nt	single	72	UnprocessedPseudogene	5	79609
VASA own, 130 nt	single	72	lncRNA	7443	79609
VASA own, 130 nt	single	72	miRNA	236	79609
VASA own, 130 nt	single	72	rRNA	201	79609
VASA own, 130 nt	single	72	ribozyme	1809	79609
VASA own, 130 nt	single	72	scaRNA	157	79609
VASA own, 130 nt	single	72	snRNA	464	79609
VASA own, 130 nt	single	72	snoRNA	2815	79609
VASA own, 130 nt	single	72	tRNA	42	79609
VASA own, 130 nt	single	73	MiscRna	592	82078
VASA own, 130 nt	single	73	MtRrna	9	82078
VASA own, 130 nt	single	73	MtTrna	14	82078
VASA own, 130 nt	single	73	ProcessedPseudogene	155	82078
VASA own, 130 nt	single	73	ProteinCoding	74019	82078
VASA own, 130 nt	single	73	TEC	140	82078
VASA own, 130 nt	single	73	TranscribedProcessedPseudogene	63	82078
VASA own, 130 nt	single	73	TranscribedUnitaryPseudogene	37	82078
VASA own, 130 nt	single	73	TranscribedUnprocessedPseudogene	52	82078
VASA own, 130 nt	single	73	UnitaryPseudogene	7	82078
VASA own, 130 nt	single	73	UnprocessedPseudogene	5	82078
VASA own, 130 nt	single	73	lncRNA	7713	82078
VASA own, 130 nt	single	73	miRNA	275	82078
VASA own, 130 nt	single	73	rRNA	233	82078
VASA own, 130 nt	single	73	ribozyme	1983	82078
VASA own, 130 nt	single	73	scaRNA	142	82078
VASA own, 130 nt	single	73	snRNA	554	82078
VASA own, 130 nt	single	73	snoRNA	3006	82078
VASA own, 130 nt	single	73	tRNA	50	82078
VASA own, 130 nt	single	74	MiscRna	952	83832
VASA own, 130 nt	single	74	MtRrna	23	83832
VASA own, 130 nt	single	74	MtTrna	25	83832
VASA own, 130 nt	single	74	ProcessedPseudogene	148	83832
VASA own, 130 nt	single	74	ProteinCoding	75263	83832
VASA own, 130 nt	single	74	TEC	180	83832
VASA own, 130 nt	single	74	TranscribedProcessedPseudogene	36	83832
VASA own, 130 nt	single	74	TranscribedUnitaryPseudogene	11	83832
VASA own, 130 nt	single	74	TranscribedUnprocessedPseudogene	45	83832
VASA own, 130 nt	single	74	UnitaryPseudogene	4	83832
VASA own, 130 nt	single	74	UnprocessedPseudogene	6	83832
VASA own, 130 nt	single	74	lncRNA	7938	83832
VASA own, 130 nt	single	74	miRNA	287	83832
VASA own, 130 nt	single	74	rRNA	170	83832
VASA own, 130 nt	single	74	ribozyme	2183	83832
VASA own, 130 nt	single	74	scaRNA	110	83832
VASA own, 130 nt	single	74	snRNA	751	83832
VASA own, 130 nt	single	74	snoRNA	3570	83832
VASA own, 130 nt	single	74	tRNA	40	83832
VASA own, 130 nt	single	75	MiscRna	916	84477
VASA own, 130 nt	single	75	MtRrna	14	84477
VASA own, 130 nt	single	75	MtTrna	20	84477
VASA own, 130 nt	single	75	ProcessedPseudogene	172	84477
VASA own, 130 nt	single	75	ProteinCoding	75944	84477
VASA own, 130 nt	single	75	TEC	143	84477
VASA own, 130 nt	single	75	TranscribedProcessedPseudogene	60	84477
VASA own, 130 nt	single	75	TranscribedUnitaryPseudogene	26	84477
VASA own, 130 nt	single	75	TranscribedUnprocessedPseudogene	48	84477
VASA own, 130 nt	single	75	UnitaryPseudogene	3	84477
VASA own, 130 nt	single	75	UnprocessedPseudogene	4	84477
VASA own, 130 nt	single	75	lncRNA	7941	84477
VASA own, 130 nt	single	75	miRNA	244	84477
VASA own, 130 nt	single	75	rRNA	142	84477
VASA own, 130 nt	single	75	ribozyme	2190	84477
VASA own, 130 nt	single	75	scaRNA	128	84477
VASA own, 130 nt	single	75	snRNA	616	84477
VASA own, 130 nt	single	75	snoRNA	3367	84477
VASA own, 130 nt	single	75	tRNA	37	84477
VASA own, 130 nt	single	76	MiscRna	843	87185
VASA own, 130 nt	single	76	MtRrna	9	87185
VASA own, 130 nt	single	76	MtTrna	13	87185
VASA own, 130 nt	single	76	ProcessedPseudogene	137	87185
VASA own, 130 nt	single	76	ProteinCoding	78518	87185
VASA own, 130 nt	single	76	TEC	124	87185
VASA own, 130 nt	single	76	TranscribedProcessedPseudogene	47	87185
VASA own, 130 nt	single	76	TranscribedUnitaryPseudogene	17	87185
VASA own, 130 nt	single	76	TranscribedUnprocessedPseudogene	41	87185
VASA own, 130 nt	single	76	UnitaryPseudogene	6	87185
VASA own, 130 nt	single	76	UnprocessedPseudogene	3	87185
VASA own, 130 nt	single	76	lncRNA	8371	87185
VASA own, 130 nt	single	76	miRNA	329	87185
VASA own, 130 nt	single	76	rRNA	206	87185
VASA own, 130 nt	single	76	ribozyme	2067	87185
VASA own, 130 nt	single	76	scaRNA	167	87185
VASA own, 130 nt	single	76	snRNA	641	87185
VASA own, 130 nt	single	76	snoRNA	3776	87185
VASA own, 130 nt	single	76	tRNA	79	87185
VASA own, 130 nt	single	77	MiscRna	1012	91976
VASA own, 130 nt	single	77	MtRrna	16	91976
VASA own, 130 nt	single	77	MtTrna	19	91976
VASA own, 130 nt	single	77	ProcessedPseudogene	158	91976
VASA own, 130 nt	single	77	ProteinCoding	82059	91976
VASA own, 130 nt	single	77	TEC	152	91976
VASA own, 130 nt	single	77	TranscribedProcessedPseudogene	63	91976
VASA own, 130 nt	single	77	TranscribedUnitaryPseudogene	13	91976
VASA own, 130 nt	single	77	TranscribedUnprocessedPseudogene	44	91976
VASA own, 130 nt	single	77	UnitaryPseudogene	1	91976
VASA own, 130 nt	single	77	UnprocessedPseudogene	5	91976
VASA own, 130 nt	single	77	lncRNA	9343	91976
VASA own, 130 nt	single	77	miRNA	260	91976
VASA own, 130 nt	single	77	rRNA	144	91976
VASA own, 130 nt	single	77	ribozyme	2827	91976
VASA own, 130 nt	single	77	scaRNA	206	91976
VASA own, 130 nt	single	77	snRNA	665	91976
VASA own, 130 nt	single	77	snoRNA	4548	91976
VASA own, 130 nt	single	77	tRNA	69	91976
VASA own, 130 nt	single	78	MiscRna	1396	93157
VASA own, 130 nt	single	78	MtRrna	15	93157
VASA own, 130 nt	single	78	MtTrna	9	93157
VASA own, 130 nt	single	78	ProcessedPseudogene	141	93157
VASA own, 130 nt	single	78	ProteinCoding	83427	93157
VASA own, 130 nt	single	78	TEC	151	93157
VASA own, 130 nt	single	78	TranscribedProcessedPseudogene	44	93157
VASA own, 130 nt	single	78	TranscribedUnitaryPseudogene	21	93157
VASA own, 130 nt	single	78	TranscribedUnprocessedPseudogene	51	93157
VASA own, 130 nt	single	78	UnitaryPseudogene	9	93157
VASA own, 130 nt	single	78	UnprocessedPseudogene	4	93157
VASA own, 130 nt	single	78	lncRNA	8835	93157
VASA own, 130 nt	single	78	miRNA	362	93157
VASA own, 130 nt	single	78	rRNA	129	93157
VASA own, 130 nt	single	78	ribozyme	2230	93157
VASA own, 130 nt	single	78	scaRNA	173	93157
VASA own, 130 nt	single	78	snRNA	637	93157
VASA own, 130 nt	single	78	snoRNA	4051	93157
VASA own, 130 nt	single	78	tRNA	72	93157
VASA own, 130 nt	single	79	MiscRna	1113	94182
VASA own, 130 nt	single	79	MtRrna	7	94182
VASA own, 130 nt	single	79	MtTrna	44	94182
VASA own, 130 nt	single	79	ProcessedPseudogene	192	94182
VASA own, 130 nt	single	79	ProteinCoding	83875	94182
VASA own, 130 nt	single	79	TEC	142	94182
VASA own, 130 nt	single	79	TranscribedProcessedPseudogene	51	94182
VASA own, 130 nt	single	79	TranscribedUnitaryPseudogene	22	94182
VASA own, 130 nt	single	79	TranscribedUnprocessedPseudogene	40	94182
VASA own, 130 nt	single	79	UnitaryPseudogene	9	94182
VASA own, 130 nt	single	79	UnprocessedPseudogene	5	94182
VASA own, 130 nt	single	79	lncRNA	9742	94182
VASA own, 130 nt	single	79	miRNA	280	94182
VASA own, 130 nt	single	79	rRNA	116	94182
VASA own, 130 nt	single	79	ribozyme	3220	94182
VASA own, 130 nt	single	79	scaRNA	193	94182
VASA own, 130 nt	single	79	snRNA	617	94182
VASA own, 130 nt	single	79	snoRNA	3362	94182
VASA own, 130 nt	single	79	tRNA	87	94182
VASA own, 130 nt	single	80	MiscRna	1236	97212
VASA own, 130 nt	single	80	MtRrna	10	97212
VASA own, 130 nt	single	80	MtTrna	18	97212
VASA own, 130 nt	single	80	ProcessedPseudogene	180	97212
VASA own, 130 nt	single	80	ProteinCoding	85525	97212
VASA own, 130 nt	single	80	TEC	187	97212
VASA own, 130 nt	single	80	TranscribedProcessedPseudogene	46	97212
VASA own, 130 nt	single	80	TranscribedUnitaryPseudogene	28	97212
VASA own, 130 nt	single	80	TranscribedUnprocessedPseudogene	39	97212
VASA own, 130 nt	single	80	UnitaryPseudogene	5	97212
VASA own, 130 nt	single	80	UnprocessedPseudogene	12	97212
VASA own, 130 nt	single	80	lncRNA	10710	97212
VASA own, 130 nt	single	80	miRNA	343	97212
VASA own, 130 nt	single	80	rRNA	166	97212
VASA own, 130 nt	single	80	ribozyme	3690	97212
VASA own, 130 nt	single	80	scaRNA	241	97212
VASA own, 130 nt	single	80	snRNA	973	97212
VASA own, 130 nt	single	80	snoRNA	3912	97212
VASA own, 130 nt	single	80	tRNA	76	97212
VASA own, 130 nt	single	81	MiscRna	1163	102229
VASA own, 130 nt	single	81	MtRrna	16	102229
VASA own, 130 nt	single	81	MtTrna	19	102229
VASA own, 130 nt	single	81	ProcessedPseudogene	190	102229
VASA own, 130 nt	single	81	ProteinCoding	87997	102229
VASA own, 130 nt	single	81	TEC	197	102229
VASA own, 130 nt	single	81	TranscribedProcessedPseudogene	65	102229
VASA own, 130 nt	single	81	TranscribedUnitaryPseudogene	39	102229
VASA own, 130 nt	single	81	TranscribedUnprocessedPseudogene	44	102229
VASA own, 130 nt	single	81	UnitaryPseudogene	4	102229
VASA own, 130 nt	single	81	UnprocessedPseudogene	15	102229
VASA own, 130 nt	single	81	lncRNA	13828	102229
VASA own, 130 nt	single	81	miRNA	320	102229
VASA own, 130 nt	single	81	rRNA	143	102229
VASA own, 130 nt	single	81	ribozyme	5683	102229
VASA own, 130 nt	single	81	scaRNA	172	102229
VASA own, 130 nt	single	81	snRNA	788	102229
VASA own, 130 nt	single	81	snoRNA	3584	102229
VASA own, 130 nt	single	81	tRNA	98	102229
VASA own, 130 nt	single	82	MiscRna	1094	102843
VASA own, 130 nt	single	82	MtRrna	20	102843
VASA own, 130 nt	single	82	MtTrna	44	102843
VASA own, 130 nt	single	82	ProcessedPseudogene	221	102843
VASA own, 130 nt	single	82	ProteinCoding	87975	102843
VASA own, 130 nt	single	82	TEC	164	102843
VASA own, 130 nt	single	82	TranscribedProcessedPseudogene	65	102843
VASA own, 130 nt	single	82	TranscribedUnitaryPseudogene	29	102843
VASA own, 130 nt	single	82	TranscribedUnprocessedPseudogene	59	102843
VASA own, 130 nt	single	82	UnitaryPseudogene	9	102843
VASA own, 130 nt	single	82	lncRNA	14122	102843
VASA own, 130 nt	single	82	miRNA	416	102843
VASA own, 130 nt	single	82	rRNA	172	102843
VASA own, 130 nt	single	82	ribozyme	6162	102843
VASA own, 130 nt	single	82	scaRNA	123	102843
VASA own, 130 nt	single	82	snRNA	874	102843
VASA own, 130 nt	single	82	snoRNA	3773	102843
VASA own, 130 nt	single	82	tRNA	63	102843
VASA own, 130 nt	single	83	MiscRna	926	106862
VASA own, 130 nt	single	83	MtRrna	19	106862
VASA own, 130 nt	single	83	MtTrna	13	106862
VASA own, 130 nt	single	83	ProcessedPseudogene	236	106862
VASA own, 130 nt	single	83	ProteinCoding	92027	106862
VASA own, 130 nt	single	83	TEC	181	106862
VASA own, 130 nt	single	83	TranscribedProcessedPseudogene	65	106862
VASA own, 130 nt	single	83	TranscribedUnitaryPseudogene	20	106862
VASA own, 130 nt	single	83	TranscribedUnprocessedPseudogene	53	106862
VASA own, 130 nt	single	83	UnitaryPseudogene	7	106862
VASA own, 130 nt	single	83	UnprocessedPseudogene	6	106862
VASA own, 130 nt	single	83	lncRNA	14270	106862
VASA own, 130 nt	single	83	miRNA	511	106862
VASA own, 130 nt	single	83	rRNA	186	106862
VASA own, 130 nt	single	83	ribozyme	4934	106862
VASA own, 130 nt	single	83	scaRNA	175	106862
VASA own, 130 nt	single	83	snRNA	926	106862
VASA own, 130 nt	single	83	snoRNA	3935	106862
VASA own, 130 nt	single	83	tRNA	58	106862
VASA own, 130 nt	single	84	MiscRna	1047	111856
VASA own, 130 nt	single	84	MtRrna	15	111856
VASA own, 130 nt	single	84	MtTrna	6	111856
VASA own, 130 nt	single	84	ProcessedPseudogene	298	111856
VASA own, 130 nt	single	84	ProteinCoding	94347	111856
VASA own, 130 nt	single	84	TEC	215	111856
VASA own, 130 nt	single	84	TranscribedProcessedPseudogene	56	111856
VASA own, 130 nt	single	84	TranscribedUnitaryPseudogene	24	111856
VASA own, 130 nt	single	84	TranscribedUnprocessedPseudogene	41	111856
VASA own, 130 nt	single	84	UnitaryPseudogene	10	111856
VASA own, 130 nt	single	84	UnprocessedPseudogene	6	111856
VASA own, 130 nt	single	84	lncRNA	17161	111856
VASA own, 130 nt	single	84	miRNA	518	111856
VASA own, 130 nt	single	84	rRNA	240	111856
VASA own, 130 nt	single	84	ribozyme	6671	111856
VASA own, 130 nt	single	84	scaRNA	128	111856
VASA own, 130 nt	single	84	snRNA	955	111856
VASA own, 130 nt	single	84	snoRNA	5107	111856
VASA own, 130 nt	single	84	tRNA	77	111856
VASA own, 130 nt	single	85	MiscRna	1053	111982
VASA own, 130 nt	single	85	MtRrna	28	111982
VASA own, 130 nt	single	85	MtTrna	6	111982
VASA own, 130 nt	single	85	ProcessedPseudogene	226	111982
VASA own, 130 nt	single	85	ProteinCoding	96548	111982
VASA own, 130 nt	single	85	TEC	225	111982
VASA own, 130 nt	single	85	TranscribedProcessedPseudogene	77	111982
VASA own, 130 nt	single	85	TranscribedUnitaryPseudogene	27	111982
VASA own, 130 nt	single	85	TranscribedUnprocessedPseudogene	66	111982
VASA own, 130 nt	single	85	UnitaryPseudogene	18	111982
VASA own, 130 nt	single	85	UnprocessedPseudogene	7	111982
VASA own, 130 nt	single	85	lncRNA	15824	111982
VASA own, 130 nt	single	85	miRNA	693	111982
VASA own, 130 nt	single	85	rRNA	264	111982
VASA own, 130 nt	single	85	ribozyme	4381	111982
VASA own, 130 nt	single	85	scaRNA	153	111982
VASA own, 130 nt	single	85	snRNA	750	111982
VASA own, 130 nt	single	85	snoRNA	4619	111982
VASA own, 130 nt	single	85	tRNA	92	111982
VASA own, 130 nt	single	86	MiscRna	1227	114795
VASA own, 130 nt	single	86	MtRrna	18	114795
VASA own, 130 nt	single	86	MtTrna	8	114795
VASA own, 130 nt	single	86	ProcessedPseudogene	340	114795
VASA own, 130 nt	single	86	ProteinCoding	98591	114795
VASA own, 130 nt	single	86	TEC	196	114795
VASA own, 130 nt	single	86	TranscribedProcessedPseudogene	71	114795
VASA own, 130 nt	single	86	TranscribedUnitaryPseudogene	20	114795
VASA own, 130 nt	single	86	TranscribedUnprocessedPseudogene	61	114795
VASA own, 130 nt	single	86	UnitaryPseudogene	13	114795
VASA own, 130 nt	single	86	UnprocessedPseudogene	8	114795
VASA own, 130 nt	single	86	lncRNA	15604	114795
VASA own, 130 nt	single	86	miRNA	605	114795
VASA own, 130 nt	single	86	rRNA	135	114795
VASA own, 130 nt	single	86	ribozyme	5460	114795
VASA own, 130 nt	single	86	scaRNA	203	114795
VASA own, 130 nt	single	86	snRNA	734	114795
VASA own, 130 nt	single	86	snoRNA	3954	114795
VASA own, 130 nt	single	86	tRNA	95	114795
VASA own, 130 nt	single	87	MiscRna	1097	113206
VASA own, 130 nt	single	87	MtRrna	13	113206
VASA own, 130 nt	single	87	MtTrna	21	113206
VASA own, 130 nt	single	87	ProcessedPseudogene	256	113206
VASA own, 130 nt	single	87	ProteinCoding	98096	113206
VASA own, 130 nt	single	87	TEC	198	113206
VASA own, 130 nt	single	87	TranscribedProcessedPseudogene	57	113206
VASA own, 130 nt	single	87	TranscribedUnitaryPseudogene	24	113206
VASA own, 130 nt	single	87	TranscribedUnprocessedPseudogene	48	113206
VASA own, 130 nt	single	87	UnitaryPseudogene	22	113206
VASA own, 130 nt	single	87	UnprocessedPseudogene	5	113206
VASA own, 130 nt	single	87	lncRNA	14462	113206
VASA own, 130 nt	single	87	miRNA	602	113206
VASA own, 130 nt	single	87	rRNA	123	113206
VASA own, 130 nt	single	87	ribozyme	4673	113206
VASA own, 130 nt	single	87	scaRNA	238	113206
VASA own, 130 nt	single	87	snRNA	848	113206
VASA own, 130 nt	single	87	snoRNA	6427	113206
VASA own, 130 nt	single	87	tRNA	67	113206
VASA own, 130 nt	single	88	MiscRna	1208	113718
VASA own, 130 nt	single	88	MtRrna	15	113718
VASA own, 130 nt	single	88	MtTrna	10	113718
VASA own, 130 nt	single	88	ProcessedPseudogene	305	113718
VASA own, 130 nt	single	88	ProteinCoding	97602	113718
VASA own, 130 nt	single	88	TEC	196	113718
VASA own, 130 nt	single	88	TranscribedProcessedPseudogene	74	113718
VASA own, 130 nt	single	88	TranscribedUnitaryPseudogene	31	113718
VASA own, 130 nt	single	88	TranscribedUnprocessedPseudogene	76	113718
VASA own, 130 nt	single	88	UnitaryPseudogene	8	113718
VASA own, 130 nt	single	88	UnprocessedPseudogene	10	113718
VASA own, 130 nt	single	88	lncRNA	15281	113718
VASA own, 130 nt	single	88	miRNA	428	113718
VASA own, 130 nt	single	88	rRNA	209	113718
VASA own, 130 nt	single	88	ribozyme	4565	113718
VASA own, 130 nt	single	88	scaRNA	227	113718
VASA own, 130 nt	single	88	snRNA	617	113718
VASA own, 130 nt	single	88	snoRNA	6237	113718
VASA own, 130 nt	single	88	tRNA	118	113718
VASA own, 130 nt	single	89	MiscRna	1208	116967
VASA own, 130 nt	single	89	MtRrna	22	116967
VASA own, 130 nt	single	89	MtTrna	12	116967
VASA own, 130 nt	single	89	ProcessedPseudogene	311	116967
VASA own, 130 nt	single	89	ProteinCoding	100915	116967
VASA own, 130 nt	single	89	TEC	193	116967
VASA own, 130 nt	single	89	TranscribedProcessedPseudogene	82	116967
VASA own, 130 nt	single	89	TranscribedUnitaryPseudogene	22	116967
VASA own, 130 nt	single	89	TranscribedUnprocessedPseudogene	68	116967
VASA own, 130 nt	single	89	UnitaryPseudogene	6	116967
VASA own, 130 nt	single	89	UnprocessedPseudogene	2	116967
VASA own, 130 nt	single	89	lncRNA	15496	116967
VASA own, 130 nt	single	89	miRNA	565	116967
VASA own, 130 nt	single	89	rRNA	184	116967
VASA own, 130 nt	single	89	ribozyme	5546	116967
VASA own, 130 nt	single	89	scaRNA	284	116967
VASA own, 130 nt	single	89	snRNA	698	116967
VASA own, 130 nt	single	89	snoRNA	5126	116967
VASA own, 130 nt	single	89	tRNA	88	116967
VASA own, 130 nt	single	90	MiscRna	2022	116679
VASA own, 130 nt	single	90	MtRrna	24	116679
VASA own, 130 nt	single	90	MtTrna	14	116679
VASA own, 130 nt	single	90	ProcessedPseudogene	329	116679
VASA own, 130 nt	single	90	ProteinCoding	101588	116679
VASA own, 130 nt	single	90	TEC	267	116679
VASA own, 130 nt	single	90	TranscribedProcessedPseudogene	73	116679
VASA own, 130 nt	single	90	TranscribedUnitaryPseudogene	33	116679
VASA own, 130 nt	single	90	TranscribedUnprocessedPseudogene	65	116679
VASA own, 130 nt	single	90	UnitaryPseudogene	8	116679
VASA own, 130 nt	single	90	UnprocessedPseudogene	15	116679
VASA own, 130 nt	single	90	lncRNA	13346	116679
VASA own, 130 nt	single	90	miRNA	479	116679
VASA own, 130 nt	single	90	rRNA	142	116679
VASA own, 130 nt	single	90	ribozyme	3302	116679
VASA own, 130 nt	single	90	scaRNA	291	116679
VASA own, 130 nt	single	90	snRNA	1031	116679
VASA own, 130 nt	single	90	snoRNA	4215	116679
VASA own, 130 nt	single	90	tRNA	47	116679
VASA own, 130 nt	single	91	MiscRna	3355	123952
VASA own, 130 nt	single	91	MtRrna	25	123952
VASA own, 130 nt	single	91	MtTrna	15	123952
VASA own, 130 nt	single	91	ProcessedPseudogene	308	123952
VASA own, 130 nt	single	91	ProteinCoding	103789	123952
VASA own, 130 nt	single	91	TEC	231	123952
VASA own, 130 nt	single	91	TranscribedProcessedPseudogene	84	123952
VASA own, 130 nt	single	91	TranscribedUnitaryPseudogene	23	123952
VASA own, 130 nt	single	91	TranscribedUnprocessedPseudogene	81	123952
VASA own, 130 nt	single	91	TranslatedUnprocessedPseudogene	1	123952
VASA own, 130 nt	single	91	UnitaryPseudogene	10	123952
VASA own, 130 nt	single	91	UnprocessedPseudogene	7	123952
VASA own, 130 nt	single	91	lncRNA	16972	123952
VASA own, 130 nt	single	91	miRNA	534	123952
VASA own, 130 nt	single	91	rRNA	177	123952
VASA own, 130 nt	single	91	ribozyme	6393	123952
VASA own, 130 nt	single	91	scaRNA	420	123952
VASA own, 130 nt	single	91	snRNA	1152	123952
VASA own, 130 nt	single	91	snoRNA	4348	123952
VASA own, 130 nt	single	91	tRNA	54	123952
VASA own, 130 nt	single	92	MiscRna	2954	127194
VASA own, 130 nt	single	92	MtRrna	26	127194
VASA own, 130 nt	single	92	MtTrna	15	127194
VASA own, 130 nt	single	92	ProcessedPseudogene	317	127194
VASA own, 130 nt	single	92	ProteinCoding	107229	127194
VASA own, 130 nt	single	92	TEC	214	127194
VASA own, 130 nt	single	92	TranscribedProcessedPseudogene	73	127194
VASA own, 130 nt	single	92	TranscribedUnitaryPseudogene	22	127194
VASA own, 130 nt	single	92	TranscribedUnprocessedPseudogene	70	127194
VASA own, 130 nt	single	92	UnitaryPseudogene	7	127194
VASA own, 130 nt	single	92	UnprocessedPseudogene	5	127194
VASA own, 130 nt	single	92	lncRNA	17185	127194
VASA own, 130 nt	single	92	miRNA	529	127194
VASA own, 130 nt	single	92	rRNA	194	127194
VASA own, 130 nt	single	92	ribozyme	4610	127194
VASA own, 130 nt	single	92	scaRNA	980	127194
VASA own, 130 nt	single	92	snRNA	1064	127194
VASA own, 130 nt	single	92	snoRNA	4529	127194
VASA own, 130 nt	single	92	tRNA	78	127194
VASA own, 130 nt	single	93	MiscRna	3194	125441
VASA own, 130 nt	single	93	MtRrna	21	125441
VASA own, 130 nt	single	93	MtTrna	12	125441
VASA own, 130 nt	single	93	ProcessedPseudogene	285	125441
VASA own, 130 nt	single	93	ProteinCoding	107793	125441
VASA own, 130 nt	single	93	TEC	192	125441
VASA own, 130 nt	single	93	TrCGene	1	125441
VASA own, 130 nt	single	93	TranscribedProcessedPseudogene	68	125441
VASA own, 130 nt	single	93	TranscribedUnitaryPseudogene	28	125441
VASA own, 130 nt	single	93	TranscribedUnprocessedPseudogene	91	125441
VASA own, 130 nt	single	93	UnitaryPseudogene	14	125441
VASA own, 130 nt	single	93	UnprocessedPseudogene	12	125441
VASA own, 130 nt	single	93	lncRNA	14890	125441
VASA own, 130 nt	single	93	miRNA	485	125441
VASA own, 130 nt	single	93	rRNA	177	125441
VASA own, 130 nt	single	93	ribozyme	3992	125441
VASA own, 130 nt	single	93	scaRNA	359	125441
VASA own, 130 nt	single	93	snRNA	839	125441
VASA own, 130 nt	single	93	snoRNA	4512	125441
VASA own, 130 nt	single	93	tRNA	94	125441
VASA own, 130 nt	single	94	MiscRna	4137	129356
VASA own, 130 nt	single	94	MtRrna	25	129356
VASA own, 130 nt	single	94	MtTrna	7	129356
VASA own, 130 nt	single	94	ProcessedPseudogene	267	129356
VASA own, 130 nt	single	94	ProteinCoding	109221	129356
VASA own, 130 nt	single	94	TEC	233	129356
VASA own, 130 nt	single	94	TranscribedProcessedPseudogene	87	129356
VASA own, 130 nt	single	94	TranscribedUnitaryPseudogene	20	129356
VASA own, 130 nt	single	94	TranscribedUnprocessedPseudogene	82	129356
VASA own, 130 nt	single	94	UnitaryPseudogene	11	129356
VASA own, 130 nt	single	94	UnprocessedPseudogene	14	129356
VASA own, 130 nt	single	94	lncRNA	16458	129356
VASA own, 130 nt	single	94	miRNA	522	129356
VASA own, 130 nt	single	94	rRNA	210	129356
VASA own, 130 nt	single	94	ribozyme	4526	129356
VASA own, 130 nt	single	94	scaRNA	677	129356
VASA own, 130 nt	single	94	snRNA	1052	129356
VASA own, 130 nt	single	94	snoRNA	4130	129356
VASA own, 130 nt	single	94	tRNA	63	129356
VASA own, 130 nt	single	95	MiscRna	4540	129830
VASA own, 130 nt	single	95	MtRrna	31	129830
VASA own, 130 nt	single	95	MtTrna	9	129830
VASA own, 130 nt	single	95	ProcessedPseudogene	315	129830
VASA own, 130 nt	single	95	ProteinCoding	111638	129830
VASA own, 130 nt	single	95	TEC	242	129830
VASA own, 130 nt	single	95	TrJGene	1	129830
VASA own, 130 nt	single	95	TranscribedProcessedPseudogene	71	129830
VASA own, 130 nt	single	95	TranscribedUnitaryPseudogene	41	129830
VASA own, 130 nt	single	95	TranscribedUnprocessedPseudogene	58	129830
VASA own, 130 nt	single	95	UnitaryPseudogene	7	129830
VASA own, 130 nt	single	95	UnprocessedPseudogene	7	129830
VASA own, 130 nt	single	95	lncRNA	14102	129830
VASA own, 130 nt	single	95	miRNA	587	129830
VASA own, 130 nt	single	95	rRNA	219	129830
VASA own, 130 nt	single	95	ribozyme	3507	129830
VASA own, 130 nt	single	95	scaRNA	246	129830
VASA own, 130 nt	single	95	snRNA	971	129830
VASA own, 130 nt	single	95	snoRNA	4715	129830
VASA own, 130 nt	single	95	tRNA	54	129830
VASA own, 130 nt	single	96	MiscRna	3544	128038
VASA own, 130 nt	single	96	MtRrna	20	128038
VASA own, 130 nt	single	96	ProcessedPseudogene	340	128038
VASA own, 130 nt	single	96	ProteinCoding	112307	128038
VASA own, 130 nt	single	96	TEC	214	128038
VASA own, 130 nt	single	96	TranscribedProcessedPseudogene	97	128038
VASA own, 130 nt	single	96	TranscribedUnitaryPseudogene	31	128038
VASA own, 130 nt	single	96	TranscribedUnprocessedPseudogene	47	128038
VASA own, 130 nt	single	96	UnitaryPseudogene	5	128038
VASA own, 130 nt	single	96	UnprocessedPseudogene	11	128038
VASA own, 130 nt	single	96	lncRNA	12495	128038
VASA own, 130 nt	single	96	miRNA	527	128038
VASA own, 130 nt	single	96	rRNA	219	128038
VASA own, 130 nt	single	96	ribozyme	3081	128038
VASA own, 130 nt	single	96	scaRNA	215	128038
VASA own, 130 nt	single	96	snRNA	935	128038
VASA own, 130 nt	single	96	snoRNA	5117	128038
VASA own, 130 nt	single	96	tRNA	51	128038
VASA own, 130 nt	single	97	MiscRna	6181	130636
VASA own, 130 nt	single	97	MtRrna	14	130636
VASA own, 130 nt	single	97	MtTrna	6	130636
VASA own, 130 nt	single	97	ProcessedPseudogene	307	130636
VASA own, 130 nt	single	97	ProteinCoding	112451	130636
VASA own, 130 nt	single	97	TEC	208	130636
VASA own, 130 nt	single	97	TranscribedProcessedPseudogene	83	130636
VASA own, 130 nt	single	97	TranscribedUnitaryPseudogene	34	130636
VASA own, 130 nt	single	97	TranscribedUnprocessedPseudogene	62	130636
VASA own, 130 nt	single	97	UnitaryPseudogene	11	130636
VASA own, 130 nt	single	97	UnprocessedPseudogene	10	130636
VASA own, 130 nt	single	97	lncRNA	12347	130636
VASA own, 130 nt	single	97	miRNA	746	130636
VASA own, 130 nt	single	97	rRNA	149	130636
VASA own, 130 nt	single	97	ribozyme	2383	130636
VASA own, 130 nt	single	97	scaRNA	199	130636
VASA own, 130 nt	single	97	snRNA	951	130636
VASA own, 130 nt	single	97	snoRNA	4876	130636
VASA own, 130 nt	single	97	tRNA	32	130636
VASA own, 130 nt	single	98	MiscRna	3477	132556
VASA own, 130 nt	single	98	MtRrna	16	132556
VASA own, 130 nt	single	98	MtTrna	1	132556
VASA own, 130 nt	single	98	ProcessedPseudogene	339	132556
VASA own, 130 nt	single	98	ProteinCoding	115753	132556
VASA own, 130 nt	single	98	TEC	203	132556
VASA own, 130 nt	single	98	TranscribedProcessedPseudogene	67	132556
VASA own, 130 nt	single	98	TranscribedUnitaryPseudogene	13	132556
VASA own, 130 nt	single	98	TranscribedUnprocessedPseudogene	77	132556
VASA own, 130 nt	single	98	UnitaryPseudogene	5	132556
VASA own, 130 nt	single	98	UnprocessedPseudogene	10	132556
VASA own, 130 nt	single	98	lncRNA	13724	132556
VASA own, 130 nt	single	98	miRNA	659	132556
VASA own, 130 nt	single	98	rRNA	170	132556
VASA own, 130 nt	single	98	ribozyme	2737	132556
VASA own, 130 nt	single	98	scaRNA	215	132556
VASA own, 130 nt	single	98	snRNA	1266	132556
VASA own, 130 nt	single	98	snoRNA	5450	132556
VASA own, 130 nt	single	98	tRNA	47	132556
VASA own, 130 nt	single	99	MiscRna	6044	134784
VASA own, 130 nt	single	99	MtRrna	27	134784
VASA own, 130 nt	single	99	MtTrna	4	134784
VASA own, 130 nt	single	99	ProcessedPseudogene	298	134784
VASA own, 130 nt	single	99	ProteinCoding	114360	134784
VASA own, 130 nt	single	99	TEC	271	134784
VASA own, 130 nt	single	99	TranscribedProcessedPseudogene	74	134784
VASA own, 130 nt	single	99	TranscribedUnitaryPseudogene	34	134784
VASA own, 130 nt	single	99	TranscribedUnprocessedPseudogene	86	134784
VASA own, 130 nt	single	99	UnitaryPseudogene	12	134784
VASA own, 130 nt	single	99	UnprocessedPseudogene	14	134784
VASA own, 130 nt	single	99	lncRNA	14547	134784
VASA own, 130 nt	single	99	miRNA	573	134784
VASA own, 130 nt	single	99	rRNA	143	134784
VASA own, 130 nt	single	99	ribozyme	3216	134784
VASA own, 130 nt	single	99	scaRNA	173	134784
VASA own, 130 nt	single	99	snRNA	1325	134784
VASA own, 130 nt	single	99	snoRNA	4990	134784
VASA own, 130 nt	single	99	tRNA	50	134784
VASA own, 130 nt	single	100	MiscRna	6191	136521
VASA own, 130 nt	single	100	MtRrna	27	136521
VASA own, 130 nt	single	100	MtTrna	7	136521
VASA own, 130 nt	single	100	ProcessedPseudogene	305	136521
VASA own, 130 nt	single	100	ProteinCoding	116143	136521
VASA own, 130 nt	single	100	TEC	241	136521
VASA own, 130 nt	single	100	TranscribedProcessedPseudogene	74	136521
VASA own, 130 nt	single	100	TranscribedUnitaryPseudogene	27	136521
VASA own, 130 nt	single	100	TranscribedUnprocessedPseudogene	63	136521
VASA own, 130 nt	single	100	UnitaryPseudogene	16	136521
VASA own, 130 nt	single	100	UnprocessedPseudogene	14	136521
VASA own, 130 nt	single	100	lncRNA	14205	136521
VASA own, 130 nt	single	100	miRNA	935	136521
VASA own, 130 nt	single	100	rRNA	141	136521
VASA own, 130 nt	single	100	ribozyme	2889	136521
VASA own, 130 nt	single	100	scaRNA	478	136521
VASA own, 130 nt	single	100	snRNA	1591	136521
VASA own, 130 nt	single	100	snoRNA	4823	136521
VASA own, 130 nt	single	100	tRNA	40	136521
VASA own, 130 nt	single	101	MiscRna	6007	140381
VASA own, 130 nt	single	101	MtRrna	20	140381
VASA own, 130 nt	single	101	MtTrna	6	140381
VASA own, 130 nt	single	101	ProcessedPseudogene	301	140381
VASA own, 130 nt	single	101	ProteinCoding	118692	140381
VASA own, 130 nt	single	101	TEC	269	140381
VASA own, 130 nt	single	101	TranscribedProcessedPseudogene	88	140381
VASA own, 130 nt	single	101	TranscribedUnitaryPseudogene	42	140381
VASA own, 130 nt	single	101	TranscribedUnprocessedPseudogene	91	140381
VASA own, 130 nt	single	101	UnitaryPseudogene	16	140381
VASA own, 130 nt	single	101	UnprocessedPseudogene	6	140381
VASA own, 130 nt	single	101	lncRNA	15599	140381
VASA own, 130 nt	single	101	miRNA	616	140381
VASA own, 130 nt	single	101	rRNA	140	140381
VASA own, 130 nt	single	101	ribozyme	3810	140381
VASA own, 130 nt	single	101	scaRNA	149	140381
VASA own, 130 nt	single	101	snRNA	1928	140381
VASA own, 130 nt	single	101	snoRNA	5500	140381
VASA own, 130 nt	single	101	tRNA	54	140381
VASA own, 130 nt	single	102	MiscRna	8863	143405
VASA own, 130 nt	single	102	MtRrna	46	143405
VASA own, 130 nt	single	102	MtTrna	4	143405
VASA own, 130 nt	single	102	ProcessedPseudogene	387	143405
VASA own, 130 nt	single	102	ProteinCoding	119567	143405
VASA own, 130 nt	single	102	TEC	251	143405
VASA own, 130 nt	single	102	TranscribedProcessedPseudogene	92	143405
VASA own, 130 nt	single	102	TranscribedUnitaryPseudogene	46	143405
VASA own, 130 nt	single	102	TranscribedUnprocessedPseudogene	92	143405
VASA own, 130 nt	single	102	UnitaryPseudogene	9	143405
VASA own, 130 nt	single	102	UnprocessedPseudogene	8	143405
VASA own, 130 nt	single	102	lncRNA	14703	143405
VASA own, 130 nt	single	102	miRNA	577	143405
VASA own, 130 nt	single	102	rRNA	155	143405
VASA own, 130 nt	single	102	ribozyme	2534	143405
VASA own, 130 nt	single	102	scaRNA	163	143405
VASA own, 130 nt	single	102	snRNA	1646	143405
VASA own, 130 nt	single	102	snoRNA	6148	143405
VASA own, 130 nt	single	102	tRNA	53	143405
VASA own, 130 nt	single	103	MiscRna	8451	147160
VASA own, 130 nt	single	103	MtRrna	24	147160
VASA own, 130 nt	single	103	MtTrna	7	147160
VASA own, 130 nt	single	103	ProcessedPseudogene	319	147160
VASA own, 130 nt	single	103	ProteinCoding	122354	147160
VASA own, 130 nt	single	103	TEC	260	147160
VASA own, 130 nt	single	103	TranscribedProcessedPseudogene	89	147160
VASA own, 130 nt	single	103	TranscribedUnitaryPseudogene	31	147160
VASA own, 130 nt	single	103	TranscribedUnprocessedPseudogene	96	147160
VASA own, 130 nt	single	103	UnitaryPseudogene	21	147160
VASA own, 130 nt	single	103	UnprocessedPseudogene	16	147160
VASA own, 130 nt	single	103	lncRNA	16281	147160
VASA own, 130 nt	single	103	miRNA	571	147160
VASA own, 130 nt	single	103	rRNA	160	147160
VASA own, 130 nt	single	103	ribozyme	3829	147160
VASA own, 130 nt	single	103	scaRNA	154	147160
VASA own, 130 nt	single	103	snRNA	1473	147160
VASA own, 130 nt	single	103	snoRNA	4713	147160
VASA own, 130 nt	single	103	tRNA	40	147160
VASA own, 130 nt	single	104	MiscRna	9561	150290
VASA own, 130 nt	single	104	MtRrna	37	150290
VASA own, 130 nt	single	104	MtTrna	7	150290
VASA own, 130 nt	single	104	ProcessedPseudogene	334	150290
VASA own, 130 nt	single	104	ProteinCoding	124829	150290
VASA own, 130 nt	single	104	TEC	270	150290
VASA own, 130 nt	single	104	TranscribedProcessedPseudogene	113	150290
VASA own, 130 nt	single	104	TranscribedUnitaryPseudogene	34	150290
VASA own, 130 nt	single	104	TranscribedUnprocessedPseudogene	102	150290
VASA own, 130 nt	single	104	UnitaryPseudogene	27	150290
VASA own, 130 nt	single	104	UnprocessedPseudogene	15	150290
VASA own, 130 nt	single	104	lncRNA	15524	150290
VASA own, 130 nt	single	104	miRNA	650	150290
VASA own, 130 nt	single	104	rRNA	161	150290
VASA own, 130 nt	single	104	ribozyme	2325	150290
VASA own, 130 nt	single	104	scaRNA	148	150290
VASA own, 130 nt	single	104	snRNA	1826	150290
VASA own, 130 nt	single	104	snoRNA	5467	150290
VASA own, 130 nt	single	104	tRNA	30	150290
VASA own, 130 nt	single	105	MiscRna	10081	153804
VASA own, 130 nt	single	105	MtRrna	33	153804
VASA own, 130 nt	single	105	MtTrna	8	153804
VASA own, 130 nt	single	105	ProcessedPseudogene	606	153804
VASA own, 130 nt	single	105	ProteinCoding	126851	153804
VASA own, 130 nt	single	105	TEC	253	153804
VASA own, 130 nt	single	105	TranscribedProcessedPseudogene	108	153804
VASA own, 130 nt	single	105	TranscribedUnitaryPseudogene	30	153804
VASA own, 130 nt	single	105	TranscribedUnprocessedPseudogene	58	153804
VASA own, 130 nt	single	105	UnitaryPseudogene	7	153804
VASA own, 130 nt	single	105	UnprocessedPseudogene	12	153804
VASA own, 130 nt	single	105	lncRNA	16117	153804
VASA own, 130 nt	single	105	miRNA	688	153804
VASA own, 130 nt	single	105	rRNA	149	153804
VASA own, 130 nt	single	105	ribozyme	1974	153804
VASA own, 130 nt	single	105	scaRNA	205	153804
VASA own, 130 nt	single	105	snRNA	2157	153804
VASA own, 130 nt	single	105	snoRNA	5739	153804
VASA own, 130 nt	single	105	tRNA	63	153804
VASA own, 130 nt	single	106	MiscRna	7416	153050
VASA own, 130 nt	single	106	MtRrna	30	153050
VASA own, 130 nt	single	106	MtTrna	5	153050
VASA own, 130 nt	single	106	ProcessedPseudogene	387	153050
VASA own, 130 nt	single	106	ProteinCoding	127767	153050
VASA own, 130 nt	single	106	TEC	264	153050
VASA own, 130 nt	single	106	TranscribedProcessedPseudogene	124	153050
VASA own, 130 nt	single	106	TranscribedUnitaryPseudogene	32	153050
VASA own, 130 nt	single	106	TranscribedUnprocessedPseudogene	71	153050
VASA own, 130 nt	single	106	UnitaryPseudogene	6	153050
VASA own, 130 nt	single	106	UnprocessedPseudogene	25	153050
VASA own, 130 nt	single	106	lncRNA	17130	153050
VASA own, 130 nt	single	106	miRNA	778	153050
VASA own, 130 nt	single	106	rRNA	141	153050
VASA own, 130 nt	single	106	ribozyme	2702	153050
VASA own, 130 nt	single	106	scaRNA	270	153050
VASA own, 130 nt	single	106	snRNA	2390	153050
VASA own, 130 nt	single	106	snoRNA	6760	153050
VASA own, 130 nt	single	106	tRNA	49	153050
VASA own, 130 nt	single	107	MiscRna	5546	159261
VASA own, 130 nt	single	107	MtRrna	23	159261
VASA own, 130 nt	single	107	MtTrna	4	159261
VASA own, 130 nt	single	107	ProcessedPseudogene	448	159261
VASA own, 130 nt	single	107	ProteinCoding	135270	159261
VASA own, 130 nt	single	107	TEC	316	159261
VASA own, 130 nt	single	107	TranscribedProcessedPseudogene	106	159261
VASA own, 130 nt	single	107	TranscribedUnitaryPseudogene	38	159261
VASA own, 130 nt	single	107	TranscribedUnprocessedPseudogene	106	159261
VASA own, 130 nt	single	107	UnitaryPseudogene	12	159261
VASA own, 130 nt	single	107	UnprocessedPseudogene	9	159261
VASA own, 130 nt	single	107	lncRNA	17834	159261
VASA own, 130 nt	single	107	miRNA	822	159261
VASA own, 130 nt	single	107	rRNA	112	159261
VASA own, 130 nt	single	107	ribozyme	1779	159261
VASA own, 130 nt	single	107	scaRNA	222	159261
VASA own, 130 nt	single	107	snRNA	2481	159261
VASA own, 130 nt	single	107	snoRNA	5436	159261
VASA own, 130 nt	single	107	tRNA	61	159261
VASA own, 130 nt	single	108	MiscRna	4852	165040
VASA own, 130 nt	single	108	MtRrna	87	165040
VASA own, 130 nt	single	108	MtTrna	8	165040
VASA own, 130 nt	single	108	ProcessedPseudogene	678	165040
VASA own, 130 nt	single	108	ProteinCoding	137551	165040
VASA own, 130 nt	single	108	TEC	344	165040
VASA own, 130 nt	single	108	TranscribedProcessedPseudogene	105	165040
VASA own, 130 nt	single	108	TranscribedUnitaryPseudogene	38	165040
VASA own, 130 nt	single	108	TranscribedUnprocessedPseudogene	108	165040
VASA own, 130 nt	single	108	UnitaryPseudogene	14	165040
VASA own, 130 nt	single	108	UnprocessedPseudogene	9	165040
VASA own, 130 nt	single	108	lncRNA	21734	165040
VASA own, 130 nt	single	108	miRNA	1005	165040
VASA own, 130 nt	single	108	rRNA	163	165040
VASA own, 130 nt	single	108	ribozyme	2324	165040
VASA own, 130 nt	single	108	scaRNA	202	165040
VASA own, 130 nt	single	108	snRNA	2931	165040
VASA own, 130 nt	single	108	snoRNA	5438	165040
VASA own, 130 nt	single	108	tRNA	34	165040
VASA own, 130 nt	single	109	MiscRna	4117	170455
VASA own, 130 nt	single	109	MtRrna	39	170455
VASA own, 130 nt	single	109	MtTrna	8	170455
VASA own, 130 nt	single	109	ProcessedPseudogene	668	170455
VASA own, 130 nt	single	109	ProteinCoding	146475	170455
VASA own, 130 nt	single	109	TEC	291	170455
VASA own, 130 nt	single	109	TranscribedProcessedPseudogene	113	170455
VASA own, 130 nt	single	109	TranscribedUnitaryPseudogene	52	170455
VASA own, 130 nt	single	109	TranscribedUnprocessedPseudogene	80	170455
VASA own, 130 nt	single	109	UnitaryPseudogene	13	170455
VASA own, 130 nt	single	109	UnprocessedPseudogene	10	170455
VASA own, 130 nt	single	109	lncRNA	19357	170455
VASA own, 130 nt	single	109	miRNA	856	170455
VASA own, 130 nt	single	109	rRNA	121	170455
VASA own, 130 nt	single	109	ribozyme	2322	170455
VASA own, 130 nt	single	109	scaRNA	219	170455
VASA own, 130 nt	single	109	snRNA	3354	170455
VASA own, 130 nt	single	109	snoRNA	5984	170455
VASA own, 130 nt	single	109	tRNA	33	170455
VASA own, 130 nt	single	110	MiscRna	4941	203488
VASA own, 130 nt	single	110	MtRrna	41	203488
VASA own, 130 nt	single	110	MtTrna	18	203488
VASA own, 130 nt	single	110	ProcessedPseudogene	641	203488
VASA own, 130 nt	single	110	ProteinCoding	175936	203488
VASA own, 130 nt	single	110	TEC	315	203488
VASA own, 130 nt	single	110	TranscribedProcessedPseudogene	126	203488
VASA own, 130 nt	single	110	TranscribedUnitaryPseudogene	35	203488
VASA own, 130 nt	single	110	TranscribedUnprocessedPseudogene	136	203488
VASA own, 130 nt	single	110	UnitaryPseudogene	10	203488
VASA own, 130 nt	single	110	UnprocessedPseudogene	20	203488
VASA own, 130 nt	single	110	lncRNA	22328	203488
VASA own, 130 nt	single	110	miRNA	884	203488
VASA own, 130 nt	single	110	rRNA	219	203488
VASA own, 130 nt	single	110	ribozyme	4003	203488
VASA own, 130 nt	single	110	scaRNA	309	203488
VASA own, 130 nt	single	110	snRNA	3284	203488
VASA own, 130 nt	single	110	snoRNA	8858	203488
VASA own, 130 nt	single	110	tRNA	44	203488
VASA own, 130 nt	single	111	MiscRna	5771	186267
VASA own, 130 nt	single	111	MtRrna	33	186267
VASA own, 130 nt	single	111	MtTrna	11	186267
VASA own, 130 nt	single	111	ProcessedPseudogene	698	186267
VASA own, 130 nt	single	111	ProteinCoding	161880	186267
VASA own, 130 nt	single	111	TEC	271	186267
VASA own, 130 nt	single	111	TrVPseudogene	1	186267
VASA own, 130 nt	single	111	TranscribedProcessedPseudogene	131	186267
VASA own, 130 nt	single	111	TranscribedUnitaryPseudogene	47	186267
VASA own, 130 nt	single	111	TranscribedUnprocessedPseudogene	114	186267
VASA own, 130 nt	single	111	UnitaryPseudogene	6	186267
VASA own, 130 nt	single	111	UnprocessedPseudogene	12	186267
VASA own, 130 nt	single	111	lncRNA	18413	186267
VASA own, 130 nt	single	111	miRNA	904	186267
VASA own, 130 nt	single	111	rRNA	185	186267
VASA own, 130 nt	single	111	ribozyme	4052	186267
VASA own, 130 nt	single	111	scaRNA	292	186267
VASA own, 130 nt	single	111	snRNA	4289	186267
VASA own, 130 nt	single	111	snoRNA	8296	186267
VASA own, 130 nt	single	111	tRNA	24	186267
VASA own, 130 nt	single	112	MiscRna	5039	144951
VASA own, 130 nt	single	112	MtRrna	10	144951
VASA own, 130 nt	single	112	MtTrna	11	144951
VASA own, 130 nt	single	112	ProcessedPseudogene	434	144951
VASA own, 130 nt	single	112	ProteinCoding	123625	144951
VASA own, 130 nt	single	112	TEC	265	144951
VASA own, 130 nt	single	112	TranscribedProcessedPseudogene	84	144951
VASA own, 130 nt	single	112	TranscribedUnitaryPseudogene	28	144951
VASA own, 130 nt	single	112	TranscribedUnprocessedPseudogene	76	144951
VASA own, 130 nt	single	112	UnitaryPseudogene	3	144951
VASA own, 130 nt	single	112	UnprocessedPseudogene	3	144951
VASA own, 130 nt	single	112	lncRNA	16152	144951
VASA own, 130 nt	single	112	miRNA	455	144951
VASA own, 130 nt	single	112	rRNA	103	144951
VASA own, 130 nt	single	112	ribozyme	5198	144951
VASA own, 130 nt	single	112	scaRNA	176	144951
VASA own, 130 nt	single	112	snRNA	2902	144951
VASA own, 130 nt	single	112	snoRNA	6580	144951
VASA own, 130 nt	single	112	tRNA	44	144951
VASA own, 130 nt	single	113	MiscRna	7152	161275
VASA own, 130 nt	single	113	MtRrna	15	161275
VASA own, 130 nt	single	113	MtTrna	7	161275
VASA own, 130 nt	single	113	ProcessedPseudogene	1134	161275
VASA own, 130 nt	single	113	ProteinCoding	134946	161275
VASA own, 130 nt	single	113	TEC	263	161275
VASA own, 130 nt	single	113	TranscribedProcessedPseudogene	101	161275
VASA own, 130 nt	single	113	TranscribedUnitaryPseudogene	36	161275
VASA own, 130 nt	single	113	TranscribedUnprocessedPseudogene	93	161275
VASA own, 130 nt	single	113	UnitaryPseudogene	14	161275
VASA own, 130 nt	single	113	UnprocessedPseudogene	3	161275
VASA own, 130 nt	single	113	lncRNA	19022	161275
VASA own, 130 nt	single	113	miRNA	650	161275
VASA own, 130 nt	single	113	rRNA	96	161275
VASA own, 130 nt	single	113	ribozyme	3637	161275
VASA own, 130 nt	single	113	scaRNA	230	161275
VASA own, 130 nt	single	113	snRNA	2831	161275
VASA own, 130 nt	single	113	snoRNA	10633	161275
VASA own, 130 nt	single	113	tRNA	47	161275
VASA own, 130 nt	single	114	MiscRna	12627	164318
VASA own, 130 nt	single	114	MtRrna	20	164318
VASA own, 130 nt	single	114	MtTrna	27	164318
VASA own, 130 nt	single	114	ProcessedPseudogene	1781	164318
VASA own, 130 nt	single	114	ProteinCoding	136721	164318
VASA own, 130 nt	single	114	TEC	258	164318
VASA own, 130 nt	single	114	TranscribedProcessedPseudogene	105	164318
VASA own, 130 nt	single	114	TranscribedUnitaryPseudogene	22	164318
VASA own, 130 nt	single	114	TranscribedUnprocessedPseudogene	91	164318
VASA own, 130 nt	single	114	UnitaryPseudogene	3	164318
VASA own, 130 nt	single	114	UnprocessedPseudogene	15	164318
VASA own, 130 nt	single	114	lncRNA	15186	164318
VASA own, 130 nt	single	114	miRNA	538	164318
VASA own, 130 nt	single	114	rRNA	97	164318
VASA own, 130 nt	single	114	ribozyme	2963	164318
VASA own, 130 nt	single	114	scaRNA	232	164318
VASA own, 130 nt	single	114	snRNA	2180	164318
VASA own, 130 nt	single	114	snoRNA	8192	164318
VASA own, 130 nt	single	114	tRNA	50	164318
VASA own, 130 nt	single	115	MiscRna	9463	180705
VASA own, 130 nt	single	115	MtRrna	23	180705
VASA own, 130 nt	single	115	MtTrna	7	180705
VASA own, 130 nt	single	115	ProcessedPseudogene	448	180705
VASA own, 130 nt	single	115	ProteinCoding	143731	180705
VASA own, 130 nt	single	115	TEC	298	180705
VASA own, 130 nt	single	115	TranscribedProcessedPseudogene	137	180705
VASA own, 130 nt	single	115	TranscribedUnitaryPseudogene	33	180705
VASA own, 130 nt	single	115	TranscribedUnprocessedPseudogene	83	180705
VASA own, 130 nt	single	115	UnitaryPseudogene	7	180705
VASA own, 130 nt	single	115	UnprocessedPseudogene	24	180705
VASA own, 130 nt	single	115	lncRNA	28524	180705
VASA own, 130 nt	single	115	miRNA	1242	180705
VASA own, 130 nt	single	115	rRNA	100	180705
VASA own, 130 nt	single	115	ribozyme	15131	180705
VASA own, 130 nt	single	115	sRNA	2	180705
VASA own, 130 nt	single	115	scaRNA	253	180705
VASA own, 130 nt	single	115	snRNA	2041	180705
VASA own, 130 nt	single	115	snoRNA	8491	180705
VASA own, 130 nt	single	115	tRNA	50	180705
VASA own, 130 nt	single	116	MiscRna	3585	164347
VASA own, 130 nt	single	116	MtRrna	21	164347
VASA own, 130 nt	single	116	MtTrna	7	164347
VASA own, 130 nt	single	116	ProcessedPseudogene	463	164347
VASA own, 130 nt	single	116	ProteinCoding	145210	164347
VASA own, 130 nt	single	116	TEC	275	164347
VASA own, 130 nt	single	116	TranscribedProcessedPseudogene	131	164347
VASA own, 130 nt	single	116	TranscribedUnitaryPseudogene	29	164347
VASA own, 130 nt	single	116	TranscribedUnprocessedPseudogene	96	164347
VASA own, 130 nt	single	116	UnitaryPseudogene	3	164347
VASA own, 130 nt	single	116	UnprocessedPseudogene	14	164347
VASA own, 130 nt	single	116	lncRNA	16417	164347
VASA own, 130 nt	single	116	miRNA	771	164347
VASA own, 130 nt	single	116	rRNA	76	164347
VASA own, 130 nt	single	116	ribozyme	3117	164347
VASA own, 130 nt	single	116	scaRNA	242	164347
VASA own, 130 nt	single	116	snRNA	2148	164347
VASA own, 130 nt	single	116	snoRNA	9195	164347
VASA own, 130 nt	single	116	tRNA	49	164347
VASA own, 130 nt	single	117	MiscRna	4160	175757
VASA own, 130 nt	single	117	MtRrna	16	175757
VASA own, 130 nt	single	117	MtTrna	25	175757
VASA own, 130 nt	single	117	ProcessedPseudogene	419	175757
VASA own, 130 nt	single	117	ProteinCoding	152987	175757
VASA own, 130 nt	single	117	TEC	319	175757
VASA own, 130 nt	single	117	TrVGene	2	175757
VASA own, 130 nt	single	117	TranscribedProcessedPseudogene	154	175757
VASA own, 130 nt	single	117	TranscribedUnitaryPseudogene	24	175757
VASA own, 130 nt	single	117	TranscribedUnprocessedPseudogene	109	175757
VASA own, 130 nt	single	117	UnitaryPseudogene	12	175757
VASA own, 130 nt	single	117	UnprocessedPseudogene	13	175757
VASA own, 130 nt	single	117	lncRNA	19657	175757
VASA own, 130 nt	single	117	miRNA	626	175757
VASA own, 130 nt	single	117	rRNA	88	175757
VASA own, 130 nt	single	117	ribozyme	2910	175757
VASA own, 130 nt	single	117	scaRNA	227	175757
VASA own, 130 nt	single	117	snRNA	1997	175757
VASA own, 130 nt	single	117	snoRNA	12642	175757
VASA own, 130 nt	single	117	tRNA	41	175757
VASA own, 130 nt	single	118	MiscRna	3735	175484
VASA own, 130 nt	single	118	MtRrna	11	175484
VASA own, 130 nt	single	118	MtTrna	13	175484
VASA own, 130 nt	single	118	ProcessedPseudogene	479	175484
VASA own, 130 nt	single	118	ProteinCoding	155218	175484
VASA own, 130 nt	single	118	TEC	284	175484
VASA own, 130 nt	single	118	TranscribedProcessedPseudogene	143	175484
VASA own, 130 nt	single	118	TranscribedUnitaryPseudogene	23	175484
VASA own, 130 nt	single	118	TranscribedUnprocessedPseudogene	108	175484
VASA own, 130 nt	single	118	UnitaryPseudogene	18	175484
VASA own, 130 nt	single	118	UnprocessedPseudogene	10	175484
VASA own, 130 nt	single	118	lncRNA	17465	175484
VASA own, 130 nt	single	118	miRNA	984	175484
VASA own, 130 nt	single	118	rRNA	93	175484
VASA own, 130 nt	single	118	ribozyme	2954	175484
VASA own, 130 nt	single	118	scaRNA	431	175484
VASA own, 130 nt	single	118	snRNA	1729	175484
VASA own, 130 nt	single	118	snoRNA	9936	175484
VASA own, 130 nt	single	118	tRNA	77	175484
VASA own, 130 nt	single	119	MiscRna	2712	184259
VASA own, 130 nt	single	119	MtRrna	12	184259
VASA own, 130 nt	single	119	MtTrna	13	184259
VASA own, 130 nt	single	119	ProcessedPseudogene	494	184259
VASA own, 130 nt	single	119	ProteinCoding	165596	184259
VASA own, 130 nt	single	119	TEC	282	184259
VASA own, 130 nt	single	119	TranscribedProcessedPseudogene	176	184259
VASA own, 130 nt	single	119	TranscribedUnitaryPseudogene	35	184259
VASA own, 130 nt	single	119	TranscribedUnprocessedPseudogene	124	184259
VASA own, 130 nt	single	119	UnitaryPseudogene	42	184259
VASA own, 130 nt	single	119	UnprocessedPseudogene	17	184259
VASA own, 130 nt	single	119	lncRNA	16395	184259
VASA own, 130 nt	single	119	miRNA	1745	184259
VASA own, 130 nt	single	119	pseudogene	1	184259
VASA own, 130 nt	single	119	rRNA	77	184259
VASA own, 130 nt	single	119	ribozyme	2804	184259
VASA own, 130 nt	single	119	scaRNA	496	184259
VASA own, 130 nt	single	119	snRNA	1860	184259
VASA own, 130 nt	single	119	snoRNA	10150	184259
VASA own, 130 nt	single	119	tRNA	92	184259
VASA own, 130 nt	single	120	MiscRna	7035	302952
VASA own, 130 nt	single	120	MtRrna	22	302952
VASA own, 130 nt	single	120	MtTrna	8	302952
VASA own, 130 nt	single	120	ProcessedPseudogene	779	302952
VASA own, 130 nt	single	120	ProteinCoding	269962	302952
VASA own, 130 nt	single	120	TEC	557	302952
VASA own, 130 nt	single	120	TranscribedProcessedPseudogene	225	302952
VASA own, 130 nt	single	120	TranscribedUnitaryPseudogene	47	302952
VASA own, 130 nt	single	120	TranscribedUnprocessedPseudogene	177	302952
VASA own, 130 nt	single	120	UnitaryPseudogene	14	302952
VASA own, 130 nt	single	120	UnprocessedPseudogene	29	302952
VASA own, 130 nt	single	120	lncRNA	27313	302952
VASA own, 130 nt	single	120	miRNA	2127	302952
VASA own, 130 nt	single	120	rRNA	94	302952
VASA own, 130 nt	single	120	ribozyme	3320	302952
VASA own, 130 nt	single	120	scaRNA	739	302952
VASA own, 130 nt	single	120	snRNA	4029	302952
VASA own, 130 nt	single	120	snoRNA	15162	302952
VASA own, 130 nt	single	120	tRNA	99	302952
VASA own, 130 nt	single	121	MiscRna	287	32735
VASA own, 130 nt	single	121	MtRrna	4	32735
VASA own, 130 nt	single	121	ProcessedPseudogene	108	32735
VASA own, 130 nt	single	121	ProteinCoding	29694	32735
VASA own, 130 nt	single	121	TEC	68	32735
VASA own, 130 nt	single	121	TranscribedProcessedPseudogene	37	32735
VASA own, 130 nt	single	121	TranscribedUnitaryPseudogene	6	32735
VASA own, 130 nt	single	121	TranscribedUnprocessedPseudogene	16	32735
VASA own, 130 nt	single	121	UnitaryPseudogene	5	32735
VASA own, 130 nt	single	121	lncRNA	3059	32735
VASA own, 130 nt	single	121	miRNA	94	32735
VASA own, 130 nt	single	121	rRNA	63	32735
VASA own, 130 nt	single	121	ribozyme	142	32735
VASA own, 130 nt	single	121	scaRNA	36	32735
VASA own, 130 nt	single	121	snRNA	134	32735
VASA own, 130 nt	single	121	snoRNA	485	32735
VASA own, 130 nt	single	121	tRNA	6	32735
VASA own, 130 nt	single	122	MiscRna	2225	175158
VASA own, 130 nt	single	122	MtRrna	5	175158
VASA own, 130 nt	single	122	MtTrna	11	175158
VASA own, 130 nt	single	122	ProcessedPseudogene	524	175158
VASA own, 130 nt	single	122	ProteinCoding	158146	175158
VASA own, 130 nt	single	122	TEC	329	175158
VASA own, 130 nt	single	122	TranscribedProcessedPseudogene	143	175158
VASA own, 130 nt	single	122	TranscribedUnitaryPseudogene	47	175158
VASA own, 130 nt	single	122	TranscribedUnprocessedPseudogene	119	175158
VASA own, 130 nt	single	122	TranslatedUnprocessedPseudogene	1	175158
VASA own, 130 nt	single	122	UnitaryPseudogene	4	175158
VASA own, 130 nt	single	122	UnprocessedPseudogene	10	175158
VASA own, 130 nt	single	122	lncRNA	15870	175158
VASA own, 130 nt	single	122	miRNA	1101	175158
VASA own, 130 nt	single	122	rRNA	70	175158
VASA own, 130 nt	single	122	ribozyme	2665	175158
VASA own, 130 nt	single	122	scaRNA	312	175158
VASA own, 130 nt	single	122	snRNA	2330	175158
VASA own, 130 nt	single	122	snoRNA	8243	175158
VASA own, 130 nt	single	122	tRNA	41	175158
VASA own, 130 nt	single	123	MiscRna	2974	240890
VASA own, 130 nt	single	123	MtRrna	12	240890
VASA own, 130 nt	single	123	MtTrna	11	240890
VASA own, 130 nt	single	123	ProcessedPseudogene	535	240890
VASA own, 130 nt	single	123	ProteinCoding	218095	240890
VASA own, 130 nt	single	123	TEC	445	240890
VASA own, 130 nt	single	123	TranscribedProcessedPseudogene	212	240890
VASA own, 130 nt	single	123	TranscribedUnitaryPseudogene	30	240890
VASA own, 130 nt	single	123	TranscribedUnprocessedPseudogene	188	240890
VASA own, 130 nt	single	123	UnitaryPseudogene	11	240890
VASA own, 130 nt	single	123	UnprocessedPseudogene	14	240890
VASA own, 130 nt	single	123	lncRNA	20501	240890
VASA own, 130 nt	single	123	miRNA	1024	240890
VASA own, 130 nt	single	123	rRNA	84	240890
VASA own, 130 nt	single	123	ribozyme	1989	240890
VASA own, 130 nt	single	123	scaRNA	416	240890
VASA own, 130 nt	single	123	snRNA	3677	240890
VASA own, 130 nt	single	123	snoRNA	10207	240890
VASA own, 130 nt	single	123	tRNA	76	240890
VASA own, 130 nt	single	124	MiscRna	3382	339919
VASA own, 130 nt	single	124	MtRrna	18	339919
VASA own, 130 nt	single	124	MtTrna	11	339919
VASA own, 130 nt	single	124	ProcessedPseudogene	967	339919
VASA own, 130 nt	single	124	ProteinCoding	311468	339919
VASA own, 130 nt	single	124	TEC	672	339919
VASA own, 130 nt	single	124	TranscribedProcessedPseudogene	304	339919
VASA own, 130 nt	single	124	TranscribedUnitaryPseudogene	80	339919
VASA own, 130 nt	single	124	TranscribedUnprocessedPseudogene	248	339919
VASA own, 130 nt	single	124	UnitaryPseudogene	18	339919
VASA own, 130 nt	single	124	UnprocessedPseudogene	26	339919
VASA own, 130 nt	single	124	lncRNA	24868	339919
VASA own, 130 nt	single	124	miRNA	1175	339919
VASA own, 130 nt	single	124	rRNA	42	339919
VASA own, 130 nt	single	124	ribozyme	1935	339919
VASA own, 130 nt	single	124	scaRNA	440	339919
VASA own, 130 nt	single	124	snRNA	5272	339919
VASA own, 130 nt	single	124	snoRNA	11191	339919
VASA own, 130 nt	single	124	tRNA	66	339919
VASA own, 130 nt	single	125	MiscRna	4876	468709
VASA own, 130 nt	single	125	MtRrna	27	468709
VASA own, 130 nt	single	125	MtTrna	13	468709
VASA own, 130 nt	single	125	ProcessedPseudogene	1059	468709
VASA own, 130 nt	single	125	ProteinCoding	432082	468709
VASA own, 130 nt	single	125	TEC	873	468709
VASA own, 130 nt	single	125	TranscribedProcessedPseudogene	432	468709
VASA own, 130 nt	single	125	TranscribedUnitaryPseudogene	71	468709
VASA own, 130 nt	single	125	TranscribedUnprocessedPseudogene	308	468709
VASA own, 130 nt	single	125	UnitaryPseudogene	22	468709
VASA own, 130 nt	single	125	UnprocessedPseudogene	30	468709
VASA own, 130 nt	single	125	lncRNA	32567	468709
VASA own, 130 nt	single	125	miRNA	1527	468709
VASA own, 130 nt	single	125	rRNA	221	468709
VASA own, 130 nt	single	125	ribozyme	1981	468709
VASA own, 130 nt	single	125	scaRNA	508	468709
VASA own, 130 nt	single	125	snRNA	6184	468709
VASA own, 130 nt	single	125	snoRNA	11810	468709
VASA own, 130 nt	single	125	tRNA	97	468709
VASA own, 130 nt	single	126	MiscRna	5509	570798
VASA own, 130 nt	single	126	MtRrna	65	570798
VASA own, 130 nt	single	126	MtTrna	21	570798
VASA own, 130 nt	single	126	ProcessedPseudogene	1289	570798
VASA own, 130 nt	single	126	ProteinCoding	515821	570798
VASA own, 130 nt	single	126	TEC	1113	570798
VASA own, 130 nt	single	126	TranscribedProcessedPseudogene	450	570798
VASA own, 130 nt	single	126	TranscribedUnitaryPseudogene	101	570798
VASA own, 130 nt	single	126	TranscribedUnprocessedPseudogene	344	570798
VASA own, 130 nt	single	126	TranslatedUnprocessedPseudogene	3	570798
VASA own, 130 nt	single	126	UnitaryPseudogene	29	570798
VASA own, 130 nt	single	126	UnprocessedPseudogene	60	570798
VASA own, 130 nt	single	126	lncRNA	52359	570798
VASA own, 130 nt	single	126	miRNA	1542	570798
VASA own, 130 nt	single	126	rRNA	165	570798
VASA own, 130 nt	single	126	ribozyme	17073	570798
VASA own, 130 nt	single	126	scaRNA	678	570798
VASA own, 130 nt	single	126	snRNA	4989	570798
VASA own, 130 nt	single	126	snoRNA	12779	570798
VASA own, 130 nt	single	126	tRNA	92	570798
VASA own, 130 nt	single	127	MiscRna	13096	1207144
VASA own, 130 nt	single	127	MtRrna	165	1207144
VASA own, 130 nt	single	127	MtTrna	28	1207144
VASA own, 130 nt	single	127	ProcessedPseudogene	2655	1207144
VASA own, 130 nt	single	127	ProteinCoding	1094424	1207144
VASA own, 130 nt	single	127	TEC	2106	1207144
VASA own, 130 nt	single	127	TrJGene	1	1207144
VASA own, 130 nt	single	127	TrVPseudogene	1	1207144
VASA own, 130 nt	single	127	TranscribedProcessedPseudogene	1236	1207144
VASA own, 130 nt	single	127	TranscribedUnitaryPseudogene	245	1207144
VASA own, 130 nt	single	127	TranscribedUnprocessedPseudogene	801	1207144
VASA own, 130 nt	single	127	TranslatedUnprocessedPseudogene	2	1207144
VASA own, 130 nt	single	127	UnitaryPseudogene	36	1207144
VASA own, 130 nt	single	127	UnprocessedPseudogene	76	1207144
VASA own, 130 nt	single	127	lncRNA	103991	1207144
VASA own, 130 nt	single	127	miRNA	3089	1207144
VASA own, 130 nt	single	127	rRNA	171	1207144
VASA own, 130 nt	single	127	ribozyme	31447	1207144
VASA own, 130 nt	single	127	scaRNA	823	1207144
VASA own, 130 nt	single	127	snRNA	11954	1207144
VASA own, 130 nt	single	127	snoRNA	26068	1207144
VASA own, 130 nt	single	127	tRNA	155	1207144
VASA own, 130 nt	single	128	MiscRna	22919	1756230
VASA own, 130 nt	single	128	MtRrna	379	1756230
VASA own, 130 nt	single	128	MtTrna	34	1756230
VASA own, 130 nt	single	128	ProcessedPseudogene	3975	1756230
VASA own, 130 nt	single	128	ProteinCoding	1610022	1756230
VASA own, 130 nt	single	128	TEC	3541	1756230
VASA own, 130 nt	single	128	TrJGene	1	1756230
VASA own, 130 nt	single	128	TrVGene	1	1756230
VASA own, 130 nt	single	128	TranscribedProcessedPseudogene	1596	1756230
VASA own, 130 nt	single	128	TranscribedUnitaryPseudogene	313	1756230
VASA own, 130 nt	single	128	TranscribedUnprocessedPseudogene	938	1756230
VASA own, 130 nt	single	128	UnitaryPseudogene	68	1756230
VASA own, 130 nt	single	128	UnprocessedPseudogene	116	1756230
VASA own, 130 nt	single	128	lncRNA	129188	1756230
VASA own, 130 nt	single	128	miRNA	5467	1756230
VASA own, 130 nt	single	128	rRNA	300	1756230
VASA own, 130 nt	single	128	ribozyme	26518	1756230
VASA own, 130 nt	single	128	scaRNA	656	1756230
VASA own, 130 nt	single	128	snRNA	19874	1756230
VASA own, 130 nt	single	128	snoRNA	23894	1756230
VASA own, 130 nt	single	128	tRNA	187	1756230
VASA own, 130 nt	single	129	IgVGene	2	5580088
VASA own, 130 nt	single	129	MiscRna	94032	5580088
VASA own, 130 nt	single	129	MtRrna	728	5580088
VASA own, 130 nt	single	129	MtTrna	63	5580088
VASA own, 130 nt	single	129	ProcessedPseudogene	12544	5580088
VASA own, 130 nt	single	129	ProteinCoding	5019761	5580088
VASA own, 130 nt	single	129	TEC	10287	5580088
VASA own, 130 nt	single	129	TrVGene	1	5580088
VASA own, 130 nt	single	129	TrVPseudogene	3	5580088
VASA own, 130 nt	single	129	TranscribedProcessedPseudogene	5958	5580088
VASA own, 130 nt	single	129	TranscribedUnitaryPseudogene	1088	5580088
VASA own, 130 nt	single	129	TranscribedUnprocessedPseudogene	3321	5580088
VASA own, 130 nt	single	129	TranslatedUnprocessedPseudogene	23	5580088
VASA own, 130 nt	single	129	UnitaryPseudogene	207	5580088
VASA own, 130 nt	single	129	UnprocessedPseudogene	406	5580088
VASA own, 130 nt	single	129	lncRNA	477569	5580088
VASA own, 130 nt	single	129	miRNA	24444	5580088
VASA own, 130 nt	single	129	pseudogene	1	5580088
VASA own, 130 nt	single	129	rRNA	1306	5580088
VASA own, 130 nt	single	129	ribozyme	162487	5580088
VASA own, 130 nt	single	129	scaRNA	4041	5580088
VASA own, 130 nt	single	129	snRNA	79728	5580088
VASA own, 130 nt	single	129	snoRNA	71053	5580088
VASA own, 130 nt	single	129	tRNA	675	5580088
VASA own, 130 nt	single	130	IgVGene	2	15442256
VASA own, 130 nt	single	130	MiscRna	320796	15442256
VASA own, 130 nt	single	130	MtRrna	3228	15442256
VASA own, 130 nt	single	130	MtTrna	351	15442256
VASA own, 130 nt	single	130	ProcessedPseudogene	37302	15442256
VASA own, 130 nt	single	130	ProteinCoding	14041106	15442256
VASA own, 130 nt	single	130	TEC	28958	15442256
VASA own, 130 nt	single	130	TrVGene	2	15442256
VASA own, 130 nt	single	130	TrVPseudogene	6	15442256
VASA own, 130 nt	single	130	TranscribedProcessedPseudogene	20856	15442256
VASA own, 130 nt	single	130	TranscribedUnitaryPseudogene	2753	15442256
VASA own, 130 nt	single	130	TranscribedUnprocessedPseudogene	9790	15442256
VASA own, 130 nt	single	130	TranslatedUnprocessedPseudogene	12	15442256
VASA own, 130 nt	single	130	UnitaryPseudogene	608	15442256
VASA own, 130 nt	single	130	UnprocessedPseudogene	1203	15442256
VASA own, 130 nt	single	130	lncRNA	1106842	15442256
VASA own, 130 nt	single	130	miRNA	63277	15442256
VASA own, 130 nt	single	130	pseudogene	3	15442256
VASA own, 130 nt	single	130	rRNA	3592	15442256
VASA own, 130 nt	single	130	ribozyme	268360	15442256
VASA own, 130 nt	single	130	sRNA	4	15442256
VASA own, 130 nt	single	130	scaRNA	10527	15442256
VASA own, 130 nt	single	130	snRNA	169489	15442256
VASA own, 130 nt	single	130	snoRNA	187869	15442256
VASA own, 130 nt	single	130	tRNA	2232	15442256
VASA own, 75 nt	multi	15	IgCGene	9	243851
VASA own, 75 nt	multi	15	IgVGene	20	243851
VASA own, 75 nt	multi	15	IgVPseudogene	13	243851
VASA own, 75 nt	multi	15	MiscRna	970	243851
VASA own, 75 nt	multi	15	MtRrna	19	243851
VASA own, 75 nt	multi	15	MtTrna	7	243851
VASA own, 75 nt	multi	15	ProcessedPseudogene	5041	243851
VASA own, 75 nt	multi	15	ProteinCoding	218615	243851
VASA own, 75 nt	multi	15	TEC	3610	243851
VASA own, 75 nt	multi	15	TrCGene	8	243851
VASA own, 75 nt	multi	15	TrVGene	14	243851
VASA own, 75 nt	multi	15	TrVPseudogene	2	243851
VASA own, 75 nt	multi	15	TranscribedProcessedPseudogene	785	243851
VASA own, 75 nt	multi	15	TranscribedUnitaryPseudogene	840	243851
VASA own, 75 nt	multi	15	TranscribedUnprocessedPseudogene	1281	243851
VASA own, 75 nt	multi	15	TranslatedUnprocessedPseudogene	9	243851
VASA own, 75 nt	multi	15	UnitaryPseudogene	622	243851
VASA own, 75 nt	multi	15	UnprocessedPseudogene	1173	243851
VASA own, 75 nt	multi	15	lncRNA	141940	243851
VASA own, 75 nt	multi	15	miRNA	969	243851
VASA own, 75 nt	multi	15	rRNA	1009	243851
VASA own, 75 nt	multi	15	ribozyme	109	243851
VASA own, 75 nt	multi	15	scaRNA	36	243851
VASA own, 75 nt	multi	15	snRNA	734	243851
VASA own, 75 nt	multi	15	snoRNA	642	243851
VASA own, 75 nt	multi	15	tRNA	163	243851
VASA own, 75 nt	multi	16	IgCGene	8	188847
VASA own, 75 nt	multi	16	IgVGene	10	188847
VASA own, 75 nt	multi	16	IgVPseudogene	8	188847
VASA own, 75 nt	multi	16	MiscRna	1244	188847
VASA own, 75 nt	multi	16	MtRrna	17	188847
VASA own, 75 nt	multi	16	MtTrna	22	188847
VASA own, 75 nt	multi	16	ProcessedPseudogene	3479	188847
VASA own, 75 nt	multi	16	ProteinCoding	162745	188847
VASA own, 75 nt	multi	16	TEC	2144	188847
VASA own, 75 nt	multi	16	TrCGene	2	188847
VASA own, 75 nt	multi	16	TrJGene	1	188847
VASA own, 75 nt	multi	16	TrJPseudogene	1	188847
VASA own, 75 nt	multi	16	TrVGene	11	188847
VASA own, 75 nt	multi	16	TrVPseudogene	1	188847
VASA own, 75 nt	multi	16	TranscribedProcessedPseudogene	862	188847
VASA own, 75 nt	multi	16	TranscribedUnitaryPseudogene	516	188847
VASA own, 75 nt	multi	16	TranscribedUnprocessedPseudogene	936	188847
VASA own, 75 nt	multi	16	TranslatedUnprocessedPseudogene	4	188847
VASA own, 75 nt	multi	16	UnitaryPseudogene	474	188847
VASA own, 75 nt	multi	16	UnprocessedPseudogene	1078	188847
VASA own, 75 nt	multi	16	lncRNA	101158	188847
VASA own, 75 nt	multi	16	miRNA	1149	188847
VASA own, 75 nt	multi	16	rRNA	631	188847
VASA own, 75 nt	multi	16	ribozyme	136	188847
VASA own, 75 nt	multi	16	scaRNA	22	188847
VASA own, 75 nt	multi	16	snRNA	539	188847
VASA own, 75 nt	multi	16	snoRNA	554	188847
VASA own, 75 nt	multi	16	tRNA	151	188847
VASA own, 75 nt	multi	17	IgCGene	10	188252
VASA own, 75 nt	multi	17	IgLvGene	1	188252
VASA own, 75 nt	multi	17	IgVGene	5	188252
VASA own, 75 nt	multi	17	IgVPseudogene	5	188252
VASA own, 75 nt	multi	17	MiscRna	1316	188252
VASA own, 75 nt	multi	17	MtRrna	17	188252
VASA own, 75 nt	multi	17	MtTrna	19	188252
VASA own, 75 nt	multi	17	ProcessedPseudogene	3618	188252
VASA own, 75 nt	multi	17	ProteinCoding	159322	188252
VASA own, 75 nt	multi	17	TEC	2049	188252
VASA own, 75 nt	multi	17	TrCGene	3	188252
VASA own, 75 nt	multi	17	TrVGene	10	188252
VASA own, 75 nt	multi	17	TrVPseudogene	3	188252
VASA own, 75 nt	multi	17	TranscribedProcessedPseudogene	968	188252
VASA own, 75 nt	multi	17	TranscribedUnitaryPseudogene	502	188252
VASA own, 75 nt	multi	17	TranscribedUnprocessedPseudogene	1003	188252
VASA own, 75 nt	multi	17	TranslatedUnprocessedPseudogene	1	188252
VASA own, 75 nt	multi	17	UnitaryPseudogene	1190	188252
VASA own, 75 nt	multi	17	UnprocessedPseudogene	1496	188252
VASA own, 75 nt	multi	17	lncRNA	99697	188252
VASA own, 75 nt	multi	17	miRNA	1288	188252
VASA own, 75 nt	multi	17	pseudogene	2	188252
VASA own, 75 nt	multi	17	rRNA	1105	188252
VASA own, 75 nt	multi	17	ribozyme	54	188252
VASA own, 75 nt	multi	17	scaRNA	16	188252
VASA own, 75 nt	multi	17	snRNA	614	188252
VASA own, 75 nt	multi	17	snoRNA	671	188252
VASA own, 75 nt	multi	17	tRNA	344	188252
VASA own, 75 nt	multi	18	IgCGene	3	191335
VASA own, 75 nt	multi	18	IgCPseudogene	1	191335
VASA own, 75 nt	multi	18	IgVGene	6	191335
VASA own, 75 nt	multi	18	IgVPseudogene	6	191335
VASA own, 75 nt	multi	18	MiscRna	1388	191335
VASA own, 75 nt	multi	18	MtRrna	52	191335
VASA own, 75 nt	multi	18	MtTrna	29	191335
VASA own, 75 nt	multi	18	ProcessedPseudogene	3519	191335
VASA own, 75 nt	multi	18	ProteinCoding	156843	191335
VASA own, 75 nt	multi	18	TEC	1977	191335
VASA own, 75 nt	multi	18	TrCGene	2	191335
VASA own, 75 nt	multi	18	TrJGene	1	191335
VASA own, 75 nt	multi	18	TrVGene	16	191335
VASA own, 75 nt	multi	18	TrVPseudogene	3	191335
VASA own, 75 nt	multi	18	TranscribedProcessedPseudogene	974	191335
VASA own, 75 nt	multi	18	TranscribedUnitaryPseudogene	431	191335
VASA own, 75 nt	multi	18	TranscribedUnprocessedPseudogene	1104	191335
VASA own, 75 nt	multi	18	TranslatedUnprocessedPseudogene	2	191335
VASA own, 75 nt	multi	18	UnitaryPseudogene	1169	191335
VASA own, 75 nt	multi	18	UnprocessedPseudogene	1669	191335
VASA own, 75 nt	multi	18	lncRNA	101106	191335
VASA own, 75 nt	multi	18	miRNA	1405	191335
VASA own, 75 nt	multi	18	rRNA	1879	191335
VASA own, 75 nt	multi	18	ribozyme	39	191335
VASA own, 75 nt	multi	18	scaRNA	22	191335
VASA own, 75 nt	multi	18	snRNA	2798	191335
VASA own, 75 nt	multi	18	snoRNA	713	191335
VASA own, 75 nt	multi	18	tRNA	178	191335
VASA own, 75 nt	multi	19	IgCGene	5	218429
VASA own, 75 nt	multi	19	IgVGene	10	218429
VASA own, 75 nt	multi	19	IgVPseudogene	7	218429
VASA own, 75 nt	multi	19	MiscRna	1329	218429
VASA own, 75 nt	multi	19	MtRrna	39	218429
VASA own, 75 nt	multi	19	MtTrna	25	218429
VASA own, 75 nt	multi	19	ProcessedPseudogene	3541	218429
VASA own, 75 nt	multi	19	ProteinCoding	177360	218429
VASA own, 75 nt	multi	19	TEC	2275	218429
VASA own, 75 nt	multi	19	TrCGene	2	218429
VASA own, 75 nt	multi	19	TrVGene	16	218429
VASA own, 75 nt	multi	19	TrVPseudogene	6	218429
VASA own, 75 nt	multi	19	TranscribedProcessedPseudogene	914	218429
VASA own, 75 nt	multi	19	TranscribedUnitaryPseudogene	909	218429
VASA own, 75 nt	multi	19	TranscribedUnprocessedPseudogene	1224	218429
VASA own, 75 nt	multi	19	TranslatedUnprocessedPseudogene	4	218429
VASA own, 75 nt	multi	19	UnitaryPseudogene	651	218429
VASA own, 75 nt	multi	19	UnprocessedPseudogene	1341	218429
VASA own, 75 nt	multi	19	lncRNA	116454	218429
VASA own, 75 nt	multi	19	miRNA	1557	218429
VASA own, 75 nt	multi	19	pseudogene	1	218429
VASA own, 75 nt	multi	19	rRNA	4314	218429
VASA own, 75 nt	multi	19	ribozyme	37	218429
VASA own, 75 nt	multi	19	scaRNA	6	218429
VASA own, 75 nt	multi	19	snRNA	754	218429
VASA own, 75 nt	multi	19	snoRNA	621	218429
VASA own, 75 nt	multi	19	tRNA	174	218429
VASA own, 75 nt	multi	20	IgCGene	4	219549
VASA own, 75 nt	multi	20	IgVGene	7	219549
VASA own, 75 nt	multi	20	IgVPseudogene	12	219549
VASA own, 75 nt	multi	20	MiscRna	1607	219549
VASA own, 75 nt	multi	20	MtRrna	63	219549
VASA own, 75 nt	multi	20	MtTrna	19	219549
VASA own, 75 nt	multi	20	ProcessedPseudogene	3826	219549
VASA own, 75 nt	multi	20	ProteinCoding	177104	219549
VASA own, 75 nt	multi	20	TEC	2279	219549
VASA own, 75 nt	multi	20	TrCGene	5	219549
VASA own, 75 nt	multi	20	TrDGene	1	219549
VASA own, 75 nt	multi	20	TrVGene	6	219549
VASA own, 75 nt	multi	20	TrVPseudogene	3	219549
VASA own, 75 nt	multi	20	TranscribedProcessedPseudogene	901	219549
VASA own, 75 nt	multi	20	TranscribedUnitaryPseudogene	465	219549
VASA own, 75 nt	multi	20	TranscribedUnprocessedPseudogene	1447	219549
VASA own, 75 nt	multi	20	TranslatedUnprocessedPseudogene	9	219549
VASA own, 75 nt	multi	20	UnitaryPseudogene	583	219549
VASA own, 75 nt	multi	20	UnprocessedPseudogene	1419	219549
VASA own, 75 nt	multi	20	lncRNA	116724	219549
VASA own, 75 nt	multi	20	miRNA	2082	219549
VASA own, 75 nt	multi	20	rRNA	5416	219549
VASA own, 75 nt	multi	20	ribozyme	23	219549
VASA own, 75 nt	multi	20	scaRNA	7	219549
VASA own, 75 nt	multi	20	snRNA	688	219549
VASA own, 75 nt	multi	20	snoRNA	511	219549
VASA own, 75 nt	multi	20	tRNA	162	219549
VASA own, 75 nt	multi	21	IgCGene	7	210701
VASA own, 75 nt	multi	21	IgJGene	1	210701
VASA own, 75 nt	multi	21	IgVGene	4	210701
VASA own, 75 nt	multi	21	IgVPseudogene	1	210701
VASA own, 75 nt	multi	21	MiscRna	2003	210701
VASA own, 75 nt	multi	21	MtRrna	40	210701
VASA own, 75 nt	multi	21	MtTrna	11	210701
VASA own, 75 nt	multi	21	ProcessedPseudogene	3058	210701
VASA own, 75 nt	multi	21	ProteinCoding	168719	210701
VASA own, 75 nt	multi	21	TEC	2078	210701
VASA own, 75 nt	multi	21	TrCGene	1	210701
VASA own, 75 nt	multi	21	TrVGene	2	210701
VASA own, 75 nt	multi	21	TranscribedProcessedPseudogene	899	210701
VASA own, 75 nt	multi	21	TranscribedUnitaryPseudogene	416	210701
VASA own, 75 nt	multi	21	TranscribedUnprocessedPseudogene	1090	210701
VASA own, 75 nt	multi	21	TranslatedUnprocessedPseudogene	3	210701
VASA own, 75 nt	multi	21	UnitaryPseudogene	722	210701
VASA own, 75 nt	multi	21	UnprocessedPseudogene	1279	210701
VASA own, 75 nt	multi	21	lncRNA	116259	210701
VASA own, 75 nt	multi	21	miRNA	2623	210701
VASA own, 75 nt	multi	21	rRNA	8615	210701
VASA own, 75 nt	multi	21	ribozyme	37	210701
VASA own, 75 nt	multi	21	scaRNA	5	210701
VASA own, 75 nt	multi	21	snRNA	753	210701
VASA own, 75 nt	multi	21	snoRNA	349	210701
VASA own, 75 nt	multi	21	tRNA	104	210701
VASA own, 75 nt	multi	22	IgCGene	3	210985
VASA own, 75 nt	multi	22	IgVGene	6	210985
VASA own, 75 nt	multi	22	IgVPseudogene	8	210985
VASA own, 75 nt	multi	22	MiscRna	1844	210985
VASA own, 75 nt	multi	22	MtRrna	46	210985
VASA own, 75 nt	multi	22	MtTrna	20	210985
VASA own, 75 nt	multi	22	ProcessedPseudogene	3006	210985
VASA own, 75 nt	multi	22	ProteinCoding	167511	210985
VASA own, 75 nt	multi	22	TEC	1961	210985
VASA own, 75 nt	multi	22	TrCGene	1	210985
VASA own, 75 nt	multi	22	TrVGene	6	210985
VASA own, 75 nt	multi	22	TrVPseudogene	1	210985
VASA own, 75 nt	multi	22	TranscribedProcessedPseudogene	935	210985
VASA own, 75 nt	multi	22	TranscribedUnitaryPseudogene	429	210985
VASA own, 75 nt	multi	22	TranscribedUnprocessedPseudogene	970	210985
VASA own, 75 nt	multi	22	TranslatedUnprocessedPseudogene	5	210985
VASA own, 75 nt	multi	22	UnitaryPseudogene	584	210985
VASA own, 75 nt	multi	22	UnprocessedPseudogene	1442	210985
VASA own, 75 nt	multi	22	lncRNA	115733	210985
VASA own, 75 nt	multi	22	miRNA	2622	210985
VASA own, 75 nt	multi	22	rRNA	11994	210985
VASA own, 75 nt	multi	22	ribozyme	23	210985
VASA own, 75 nt	multi	22	scaRNA	43	210985
VASA own, 75 nt	multi	22	snRNA	782	210985
VASA own, 75 nt	multi	22	snoRNA	424	210985
VASA own, 75 nt	multi	22	tRNA	92	210985
VASA own, 75 nt	multi	23	IgCGene	1	210125
VASA own, 75 nt	multi	23	IgVGene	6	210125
VASA own, 75 nt	multi	23	IgVPseudogene	3	210125
VASA own, 75 nt	multi	23	MiscRna	1396	210125
VASA own, 75 nt	multi	23	MtRrna	56	210125
VASA own, 75 nt	multi	23	MtTrna	23	210125
VASA own, 75 nt	multi	23	ProcessedPseudogene	3313	210125
VASA own, 75 nt	multi	23	ProteinCoding	163503	210125
VASA own, 75 nt	multi	23	TEC	1657	210125
VASA own, 75 nt	multi	23	TrCGene	5	210125
VASA own, 75 nt	multi	23	TrVGene	3	210125
VASA own, 75 nt	multi	23	TranscribedProcessedPseudogene	939	210125
VASA own, 75 nt	multi	23	TranscribedUnitaryPseudogene	426	210125
VASA own, 75 nt	multi	23	TranscribedUnprocessedPseudogene	953	210125
VASA own, 75 nt	multi	23	TranslatedUnprocessedPseudogene	8	210125
VASA own, 75 nt	multi	23	UnitaryPseudogene	382	210125
VASA own, 75 nt	multi	23	UnprocessedPseudogene	1239	210125
VASA own, 75 nt	multi	23	lncRNA	116284	210125
VASA own, 75 nt	multi	23	miRNA	2309	210125
VASA own, 75 nt	multi	23	pseudogene	1	210125
VASA own, 75 nt	multi	23	rRNA	13899	210125
VASA own, 75 nt	multi	23	ribozyme	18	210125
VASA own, 75 nt	multi	23	snRNA	1152	210125
VASA own, 75 nt	multi	23	snoRNA	446	210125
VASA own, 75 nt	multi	23	tRNA	129	210125
VASA own, 75 nt	multi	24	IgCGene	1	189781
VASA own, 75 nt	multi	24	IgVGene	6	189781
VASA own, 75 nt	multi	24	IgVPseudogene	3	189781
VASA own, 75 nt	multi	24	MiscRna	1573	189781
VASA own, 75 nt	multi	24	MtRrna	54	189781
VASA own, 75 nt	multi	24	MtTrna	21	189781
VASA own, 75 nt	multi	24	ProcessedPseudogene	2682	189781
VASA own, 75 nt	multi	24	ProteinCoding	145353	189781
VASA own, 75 nt	multi	24	TEC	1335	189781
VASA own, 75 nt	multi	24	TrCGene	1	189781
VASA own, 75 nt	multi	24	TrJGene	1	189781
VASA own, 75 nt	multi	24	TrVGene	3	189781
VASA own, 75 nt	multi	24	TranscribedProcessedPseudogene	930	189781
VASA own, 75 nt	multi	24	TranscribedUnitaryPseudogene	423	189781
VASA own, 75 nt	multi	24	TranscribedUnprocessedPseudogene	832	189781
VASA own, 75 nt	multi	24	UnitaryPseudogene	316	189781
VASA own, 75 nt	multi	24	UnprocessedPseudogene	1117	189781
VASA own, 75 nt	multi	24	lncRNA	103682	189781
VASA own, 75 nt	multi	24	miRNA	2393	189781
VASA own, 75 nt	multi	24	rRNA	14933	189781
VASA own, 75 nt	multi	24	ribozyme	27	189781
VASA own, 75 nt	multi	24	scaRNA	2	189781
VASA own, 75 nt	multi	24	snRNA	968	189781
VASA own, 75 nt	multi	24	snoRNA	495	189781
VASA own, 75 nt	multi	24	tRNA	410	189781
VASA own, 75 nt	multi	25	IgCGene	1	195474
VASA own, 75 nt	multi	25	IgVGene	5	195474
VASA own, 75 nt	multi	25	IgVPseudogene	2	195474
VASA own, 75 nt	multi	25	MiscRna	2877	195474
VASA own, 75 nt	multi	25	MtRrna	59	195474
VASA own, 75 nt	multi	25	MtTrna	15	195474
VASA own, 75 nt	multi	25	ProcessedPseudogene	3029	195474
VASA own, 75 nt	multi	25	ProteinCoding	147954	195474
VASA own, 75 nt	multi	25	TEC	1436	195474
VASA own, 75 nt	multi	25	TrCGene	2	195474
VASA own, 75 nt	multi	25	TrVGene	2	195474
VASA own, 75 nt	multi	25	TrVPseudogene	1	195474
VASA own, 75 nt	multi	25	TranscribedProcessedPseudogene	1091	195474
VASA own, 75 nt	multi	25	TranscribedUnitaryPseudogene	447	195474
VASA own, 75 nt	multi	25	TranscribedUnprocessedPseudogene	748	195474
VASA own, 75 nt	multi	25	UnitaryPseudogene	272	195474
VASA own, 75 nt	multi	25	UnprocessedPseudogene	1365	195474
VASA own, 75 nt	multi	25	lncRNA	107206	195474
VASA own, 75 nt	multi	25	miRNA	4068	195474
VASA own, 75 nt	multi	25	rRNA	17492	195474
VASA own, 75 nt	multi	25	ribozyme	44	195474
VASA own, 75 nt	multi	25	snRNA	1072	195474
VASA own, 75 nt	multi	25	snoRNA	461	195474
VASA own, 75 nt	multi	25	tRNA	190	195474
VASA own, 75 nt	multi	26	IgCGene	2	174503
VASA own, 75 nt	multi	26	MiscRna	3929	174503
VASA own, 75 nt	multi	26	MtRrna	59	174503
VASA own, 75 nt	multi	26	MtTrna	19	174503
VASA own, 75 nt	multi	26	ProcessedPseudogene	3087	174503
VASA own, 75 nt	multi	26	ProteinCoding	129318	174503
VASA own, 75 nt	multi	26	TEC	1168	174503
VASA own, 75 nt	multi	26	TrCGene	3	174503
VASA own, 75 nt	multi	26	TrVGene	1	174503
VASA own, 75 nt	multi	26	TrVPseudogene	1	174503
VASA own, 75 nt	multi	26	TranscribedProcessedPseudogene	1293	174503
VASA own, 75 nt	multi	26	TranscribedUnitaryPseudogene	190	174503
VASA own, 75 nt	multi	26	TranscribedUnprocessedPseudogene	727	174503
VASA own, 75 nt	multi	26	UnitaryPseudogene	285	174503
VASA own, 75 nt	multi	26	UnprocessedPseudogene	1225	174503
VASA own, 75 nt	multi	26	lncRNA	95875	174503
VASA own, 75 nt	multi	26	miRNA	4825	174503
VASA own, 75 nt	multi	26	pseudogene	1	174503
VASA own, 75 nt	multi	26	rRNA	17116	174503
VASA own, 75 nt	multi	26	ribozyme	24	174503
VASA own, 75 nt	multi	26	snRNA	1036	174503
VASA own, 75 nt	multi	26	snoRNA	592	174503
VASA own, 75 nt	multi	26	tRNA	137	174503
VASA own, 75 nt	multi	27	IgCGene	2	155520
VASA own, 75 nt	multi	27	IgVGene	2	155520
VASA own, 75 nt	multi	27	IgVPseudogene	1	155520
VASA own, 75 nt	multi	27	MiscRna	2858	155520
VASA own, 75 nt	multi	27	MtRrna	44	155520
VASA own, 75 nt	multi	27	MtTrna	11	155520
VASA own, 75 nt	multi	27	ProcessedPseudogene	2480	155520
VASA own, 75 nt	multi	27	ProteinCoding	113392	155520
VASA own, 75 nt	multi	27	TEC	1077	155520
VASA own, 75 nt	multi	27	TrCGene	1	155520
VASA own, 75 nt	multi	27	TranscribedProcessedPseudogene	953	155520
VASA own, 75 nt	multi	27	TranscribedUnitaryPseudogene	133	155520
VASA own, 75 nt	multi	27	TranscribedUnprocessedPseudogene	689	155520
VASA own, 75 nt	multi	27	TranslatedUnprocessedPseudogene	13	155520
VASA own, 75 nt	multi	27	UnitaryPseudogene	369	155520
VASA own, 75 nt	multi	27	UnprocessedPseudogene	4501	155520
VASA own, 75 nt	multi	27	lncRNA	83466	155520
VASA own, 75 nt	multi	27	miRNA	3615	155520
VASA own, 75 nt	multi	27	rRNA	12775	155520
VASA own, 75 nt	multi	27	ribozyme	19	155520
VASA own, 75 nt	multi	27	scaRNA	1	155520
VASA own, 75 nt	multi	27	snRNA	1024	155520
VASA own, 75 nt	multi	27	snoRNA	372	155520
VASA own, 75 nt	multi	27	tRNA	178	155520
VASA own, 75 nt	multi	28	IgCGene	1	146647
VASA own, 75 nt	multi	28	IgVGene	3	146647
VASA own, 75 nt	multi	28	IgVPseudogene	1	146647
VASA own, 75 nt	multi	28	MiscRna	2032	146647
VASA own, 75 nt	multi	28	MtRrna	43	146647
VASA own, 75 nt	multi	28	MtTrna	10	146647
VASA own, 75 nt	multi	28	ProcessedPseudogene	2714	146647
VASA own, 75 nt	multi	28	ProteinCoding	107405	146647
VASA own, 75 nt	multi	28	TEC	1104	146647
VASA own, 75 nt	multi	28	TrCGene	3	146647
VASA own, 75 nt	multi	28	TrVGene	1	146647
VASA own, 75 nt	multi	28	TranscribedProcessedPseudogene	962	146647
VASA own, 75 nt	multi	28	TranscribedUnitaryPseudogene	123	146647
VASA own, 75 nt	multi	28	TranscribedUnprocessedPseudogene	490	146647
VASA own, 75 nt	multi	28	TranslatedUnprocessedPseudogene	1	146647
VASA own, 75 nt	multi	28	UnitaryPseudogene	218	146647
VASA own, 75 nt	multi	28	UnprocessedPseudogene	951	146647
VASA own, 75 nt	multi	28	lncRNA	80651	146647
VASA own, 75 nt	multi	28	miRNA	2641	146647
VASA own, 75 nt	multi	28	rRNA	11675	146647
VASA own, 75 nt	multi	28	ribozyme	9	146647
VASA own, 75 nt	multi	28	scaRNA	1	146647
VASA own, 75 nt	multi	28	snRNA	1075	146647
VASA own, 75 nt	multi	28	snoRNA	427	146647
VASA own, 75 nt	multi	28	tRNA	163	146647
VASA own, 75 nt	multi	29	IgCGene	1	125775
VASA own, 75 nt	multi	29	IgVGene	1	125775
VASA own, 75 nt	multi	29	MiscRna	2115	125775
VASA own, 75 nt	multi	29	MtRrna	27	125775
VASA own, 75 nt	multi	29	MtTrna	15	125775
VASA own, 75 nt	multi	29	ProcessedPseudogene	2759	125775
VASA own, 75 nt	multi	29	ProteinCoding	91572	125775
VASA own, 75 nt	multi	29	TEC	1094	125775
VASA own, 75 nt	multi	29	TranscribedProcessedPseudogene	1064	125775
VASA own, 75 nt	multi	29	TranscribedUnitaryPseudogene	119	125775
VASA own, 75 nt	multi	29	TranscribedUnprocessedPseudogene	408	125775
VASA own, 75 nt	multi	29	UnitaryPseudogene	124	125775
VASA own, 75 nt	multi	29	UnprocessedPseudogene	1352	125775
VASA own, 75 nt	multi	29	lncRNA	69793	125775
VASA own, 75 nt	multi	29	miRNA	2843	125775
VASA own, 75 nt	multi	29	rRNA	9662	125775
VASA own, 75 nt	multi	29	ribozyme	29	125775
VASA own, 75 nt	multi	29	snRNA	2218	125775
VASA own, 75 nt	multi	29	snoRNA	527	125775
VASA own, 75 nt	multi	29	tRNA	172	125775
VASA own, 75 nt	multi	30	IgCGene	1	106172
VASA own, 75 nt	multi	30	IgVPseudogene	1	106172
VASA own, 75 nt	multi	30	MiscRna	3103	106172
VASA own, 75 nt	multi	30	MtRrna	10	106172
VASA own, 75 nt	multi	30	MtTrna	14	106172
VASA own, 75 nt	multi	30	ProcessedPseudogene	2438	106172
VASA own, 75 nt	multi	30	ProteinCoding	77629	106172
VASA own, 75 nt	multi	30	TEC	780	106172
VASA own, 75 nt	multi	30	TrVGene	1	106172
VASA own, 75 nt	multi	30	TranscribedProcessedPseudogene	914	106172
VASA own, 75 nt	multi	30	TranscribedUnitaryPseudogene	152	106172
VASA own, 75 nt	multi	30	TranscribedUnprocessedPseudogene	310	106172
VASA own, 75 nt	multi	30	UnitaryPseudogene	90	106172
VASA own, 75 nt	multi	30	UnprocessedPseudogene	908	106172
VASA own, 75 nt	multi	30	lncRNA	66686	106172
VASA own, 75 nt	multi	30	miRNA	3712	106172
VASA own, 75 nt	multi	30	rRNA	8035	106172
VASA own, 75 nt	multi	30	ribozyme	5	106172
VASA own, 75 nt	multi	30	snRNA	14293	106172
VASA own, 75 nt	multi	30	snoRNA	568	106172
VASA own, 75 nt	multi	30	tRNA	139	106172
VASA own, 75 nt	multi	31	IgCGene	2	98656
VASA own, 75 nt	multi	31	IgVGene	2	98656
VASA own, 75 nt	multi	31	MiscRna	3033	98656
VASA own, 75 nt	multi	31	MtRrna	22	98656
VASA own, 75 nt	multi	31	MtTrna	17	98656
VASA own, 75 nt	multi	31	ProcessedPseudogene	2475	98656
VASA own, 75 nt	multi	31	ProteinCoding	64403	98656
VASA own, 75 nt	multi	31	TEC	655	98656
VASA own, 75 nt	multi	31	TranscribedProcessedPseudogene	909	98656
VASA own, 75 nt	multi	31	TranscribedUnitaryPseudogene	93	98656
VASA own, 75 nt	multi	31	TranscribedUnprocessedPseudogene	485	98656
VASA own, 75 nt	multi	31	UnitaryPseudogene	110	98656
VASA own, 75 nt	multi	31	UnprocessedPseudogene	1163	98656
VASA own, 75 nt	multi	31	lncRNA	50423	98656
VASA own, 75 nt	multi	31	miRNA	3619	98656
VASA own, 75 nt	multi	31	rRNA	7233	98656
VASA own, 75 nt	multi	31	ribozyme	3	98656
VASA own, 75 nt	multi	31	scaRNA	1	98656
VASA own, 75 nt	multi	31	snRNA	13033	98656
VASA own, 75 nt	multi	31	snoRNA	623	98656
VASA own, 75 nt	multi	31	tRNA	271	98656
VASA own, 75 nt	multi	32	IgVGene	1	75794
VASA own, 75 nt	multi	32	IgVPseudogene	1	75794
VASA own, 75 nt	multi	32	MiscRna	2395	75794
VASA own, 75 nt	multi	32	MtRrna	17	75794
VASA own, 75 nt	multi	32	MtTrna	34	75794
VASA own, 75 nt	multi	32	ProcessedPseudogene	2485	75794
VASA own, 75 nt	multi	32	ProteinCoding	54870	75794
VASA own, 75 nt	multi	32	TEC	365	75794
VASA own, 75 nt	multi	32	TranscribedProcessedPseudogene	949	75794
VASA own, 75 nt	multi	32	TranscribedUnitaryPseudogene	95	75794
VASA own, 75 nt	multi	32	TranscribedUnprocessedPseudogene	368	75794
VASA own, 75 nt	multi	32	UnitaryPseudogene	106	75794
VASA own, 75 nt	multi	32	UnprocessedPseudogene	1035	75794
VASA own, 75 nt	multi	32	lncRNA	42434	75794
VASA own, 75 nt	multi	32	miRNA	2989	75794
VASA own, 75 nt	multi	32	rRNA	5611	75794
VASA own, 75 nt	multi	32	ribozyme	5	75794
VASA own, 75 nt	multi	32	scaRNA	1	75794
VASA own, 75 nt	multi	32	snRNA	5273	75794
VASA own, 75 nt	multi	32	snoRNA	547	75794
VASA own, 75 nt	multi	32	tRNA	200	75794
VASA own, 75 nt	multi	33	IgCGene	1	73741
VASA own, 75 nt	multi	33	IgCPseudogene	1	73741
VASA own, 75 nt	multi	33	MiscRna	2870	73741
VASA own, 75 nt	multi	33	MtRrna	14	73741
VASA own, 75 nt	multi	33	MtTrna	19	73741
VASA own, 75 nt	multi	33	ProcessedPseudogene	2402	73741
VASA own, 75 nt	multi	33	ProteinCoding	52847	73741
VASA own, 75 nt	multi	33	TEC	290	73741
VASA own, 75 nt	multi	33	TrVGene	1	73741
VASA own, 75 nt	multi	33	TranscribedProcessedPseudogene	869	73741
VASA own, 75 nt	multi	33	TranscribedUnitaryPseudogene	76	73741
VASA own, 75 nt	multi	33	TranscribedUnprocessedPseudogene	268	73741
VASA own, 75 nt	multi	33	UnitaryPseudogene	100	73741
VASA own, 75 nt	multi	33	UnprocessedPseudogene	1941	73741
VASA own, 75 nt	multi	33	lncRNA	42875	73741
VASA own, 75 nt	multi	33	miRNA	3223	73741
VASA own, 75 nt	multi	33	rRNA	4299	73741
VASA own, 75 nt	multi	33	ribozyme	8	73741
VASA own, 75 nt	multi	33	scaRNA	1	73741
VASA own, 75 nt	multi	33	snRNA	8735	73741
VASA own, 75 nt	multi	33	snoRNA	438	73741
VASA own, 75 nt	multi	33	tRNA	294	73741
VASA own, 75 nt	multi	34	MiscRna	3241	83986
VASA own, 75 nt	multi	34	MtRrna	15	83986
VASA own, 75 nt	multi	34	MtTrna	36	83986
VASA own, 75 nt	multi	34	ProcessedPseudogene	2686	83986
VASA own, 75 nt	multi	34	ProteinCoding	58248	83986
VASA own, 75 nt	multi	34	TEC	371	83986
VASA own, 75 nt	multi	34	TrCGene	1	83986
VASA own, 75 nt	multi	34	TrVGene	1	83986
VASA own, 75 nt	multi	34	TranscribedProcessedPseudogene	962	83986
VASA own, 75 nt	multi	34	TranscribedUnitaryPseudogene	90	83986
VASA own, 75 nt	multi	34	TranscribedUnprocessedPseudogene	318	83986
VASA own, 75 nt	multi	34	UnitaryPseudogene	119	83986
VASA own, 75 nt	multi	34	UnprocessedPseudogene	782	83986
VASA own, 75 nt	multi	34	lncRNA	43810	83986
VASA own, 75 nt	multi	34	miRNA	3625	83986
VASA own, 75 nt	multi	34	rRNA	3617	83986
VASA own, 75 nt	multi	34	ribozyme	4	83986
VASA own, 75 nt	multi	34	snRNA	11102	83986
VASA own, 75 nt	multi	34	snoRNA	511	83986
VASA own, 75 nt	multi	34	tRNA	230	83986
VASA own, 75 nt	multi	35	IgVGene	1	61838
VASA own, 75 nt	multi	35	MiscRna	3173	61838
VASA own, 75 nt	multi	35	MtRrna	10	61838
VASA own, 75 nt	multi	35	MtTrna	32	61838
VASA own, 75 nt	multi	35	ProcessedPseudogene	2753	61838
VASA own, 75 nt	multi	35	ProteinCoding	43185	61838
VASA own, 75 nt	multi	35	TEC	320	61838
VASA own, 75 nt	multi	35	TranscribedProcessedPseudogene	1001	61838
VASA own, 75 nt	multi	35	TranscribedUnitaryPseudogene	75	61838
VASA own, 75 nt	multi	35	TranscribedUnprocessedPseudogene	253	61838
VASA own, 75 nt	multi	35	UnitaryPseudogene	99	61838
VASA own, 75 nt	multi	35	UnprocessedPseudogene	949	61838
VASA own, 75 nt	multi	35	lncRNA	30751	61838
VASA own, 75 nt	multi	35	miRNA	3308	61838
VASA own, 75 nt	multi	35	pseudogene	1	61838
VASA own, 75 nt	multi	35	rRNA	2592	61838
VASA own, 75 nt	multi	35	ribozyme	18	61838
VASA own, 75 nt	multi	35	scaRNA	1	61838
VASA own, 75 nt	multi	35	snRNA	5021	61838
VASA own, 75 nt	multi	35	snoRNA	442	61838
VASA own, 75 nt	multi	35	tRNA	204	61838
VASA own, 75 nt	multi	36	MiscRna	3543	44358
VASA own, 75 nt	multi	36	MtRrna	15	44358
VASA own, 75 nt	multi	36	MtTrna	34	44358
VASA own, 75 nt	multi	36	ProcessedPseudogene	2737	44358
VASA own, 75 nt	multi	36	ProteinCoding	32217	44358
VASA own, 75 nt	multi	36	TEC	222	44358
VASA own, 75 nt	multi	36	TrVGene	1	44358
VASA own, 75 nt	multi	36	TranscribedProcessedPseudogene	1079	44358
VASA own, 75 nt	multi	36	TranscribedUnitaryPseudogene	79	44358
VASA own, 75 nt	multi	36	TranscribedUnprocessedPseudogene	195	44358
VASA own, 75 nt	multi	36	UnitaryPseudogene	52	44358
VASA own, 75 nt	multi	36	UnprocessedPseudogene	1287	44358
VASA own, 75 nt	multi	36	lncRNA	25604	44358
VASA own, 75 nt	multi	36	miRNA	3976	44358
VASA own, 75 nt	multi	36	rRNA	1997	44358
VASA own, 75 nt	multi	36	ribozyme	7	44358
VASA own, 75 nt	multi	36	snRNA	1325	44358
VASA own, 75 nt	multi	36	snoRNA	416	44358
VASA own, 75 nt	multi	36	tRNA	243	44358
VASA own, 75 nt	multi	37	MiscRna	4139	41845
VASA own, 75 nt	multi	37	MtRrna	12	41845
VASA own, 75 nt	multi	37	MtTrna	36	41845
VASA own, 75 nt	multi	37	ProcessedPseudogene	3021	41845
VASA own, 75 nt	multi	37	ProteinCoding	29583	41845
VASA own, 75 nt	multi	37	TEC	217	41845
VASA own, 75 nt	multi	37	TrCGene	2	41845
VASA own, 75 nt	multi	37	TranscribedProcessedPseudogene	1391	41845
VASA own, 75 nt	multi	37	TranscribedUnitaryPseudogene	81	41845
VASA own, 75 nt	multi	37	TranscribedUnprocessedPseudogene	177	41845
VASA own, 75 nt	multi	37	UnitaryPseudogene	37	41845
VASA own, 75 nt	multi	37	UnprocessedPseudogene	558	41845
VASA own, 75 nt	multi	37	lncRNA	25836	41845
VASA own, 75 nt	multi	37	miRNA	4687	41845
VASA own, 75 nt	multi	37	rRNA	1775	41845
VASA own, 75 nt	multi	37	ribozyme	11	41845
VASA own, 75 nt	multi	37	snRNA	863	41845
VASA own, 75 nt	multi	37	snoRNA	386	41845
VASA own, 75 nt	multi	37	tRNA	300	41845
VASA own, 75 nt	multi	38	MiscRna	2803	32761
VASA own, 75 nt	multi	38	MtRrna	6	32761
VASA own, 75 nt	multi	38	MtTrna	32	32761
VASA own, 75 nt	multi	38	ProcessedPseudogene	2965	32761
VASA own, 75 nt	multi	38	ProteinCoding	23968	32761
VASA own, 75 nt	multi	38	TEC	162	32761
VASA own, 75 nt	multi	38	TranscribedProcessedPseudogene	1227	32761
VASA own, 75 nt	multi	38	TranscribedUnitaryPseudogene	71	32761
VASA own, 75 nt	multi	38	TranscribedUnprocessedPseudogene	156	32761
VASA own, 75 nt	multi	38	UnitaryPseudogene	20	32761
VASA own, 75 nt	multi	38	UnprocessedPseudogene	378	32761
VASA own, 75 nt	multi	38	lncRNA	20570	32761
VASA own, 75 nt	multi	38	miRNA	3098	32761
VASA own, 75 nt	multi	38	rRNA	1372	32761
VASA own, 75 nt	multi	38	ribozyme	8	32761
VASA own, 75 nt	multi	38	snRNA	886	32761
VASA own, 75 nt	multi	38	snoRNA	441	32761
VASA own, 75 nt	multi	38	tRNA	326	32761
VASA own, 75 nt	multi	39	MiscRna	2891	30784
VASA own, 75 nt	multi	39	MtRrna	7	30784
VASA own, 75 nt	multi	39	MtTrna	29	30784
VASA own, 75 nt	multi	39	ProcessedPseudogene	2782	30784
VASA own, 75 nt	multi	39	ProteinCoding	22994	30784
VASA own, 75 nt	multi	39	TEC	123	30784
VASA own, 75 nt	multi	39	TranscribedProcessedPseudogene	1313	30784
VASA own, 75 nt	multi	39	TranscribedUnitaryPseudogene	65	30784
VASA own, 75 nt	multi	39	TranscribedUnprocessedPseudogene	140	30784
VASA own, 75 nt	multi	39	UnitaryPseudogene	19	30784
VASA own, 75 nt	multi	39	UnprocessedPseudogene	456	30784
VASA own, 75 nt	multi	39	lncRNA	20405	30784
VASA own, 75 nt	multi	39	miRNA	2899	30784
VASA own, 75 nt	multi	39	rRNA	998	30784
VASA own, 75 nt	multi	39	ribozyme	3	30784
VASA own, 75 nt	multi	39	snRNA	1146	30784
VASA own, 75 nt	multi	39	snoRNA	433	30784
VASA own, 75 nt	multi	39	tRNA	239	30784
VASA own, 75 nt	multi	40	MiscRna	3715	29856
VASA own, 75 nt	multi	40	MtRrna	9	29856
VASA own, 75 nt	multi	40	MtTrna	25	29856
VASA own, 75 nt	multi	40	ProcessedPseudogene	3019	29856
VASA own, 75 nt	multi	40	ProteinCoding	21589	29856
VASA own, 75 nt	multi	40	TEC	149	29856
VASA own, 75 nt	multi	40	TranscribedProcessedPseudogene	1259	29856
VASA own, 75 nt	multi	40	TranscribedUnitaryPseudogene	56	29856
VASA own, 75 nt	multi	40	TranscribedUnprocessedPseudogene	130	29856
VASA own, 75 nt	multi	40	UnitaryPseudogene	22	29856
VASA own, 75 nt	multi	40	UnprocessedPseudogene	371	29856
VASA own, 75 nt	multi	40	lncRNA	20008	29856
VASA own, 75 nt	multi	40	miRNA	3698	29856
VASA own, 75 nt	multi	40	rRNA	782	29856
VASA own, 75 nt	multi	40	ribozyme	9	29856
VASA own, 75 nt	multi	40	snRNA	1225	29856
VASA own, 75 nt	multi	40	snoRNA	576	29856
VASA own, 75 nt	multi	40	tRNA	293	29856
VASA own, 75 nt	multi	41	MiscRna	5378	27759
VASA own, 75 nt	multi	41	MtRrna	9	27759
VASA own, 75 nt	multi	41	MtTrna	36	27759
VASA own, 75 nt	multi	41	ProcessedPseudogene	3237	27759
VASA own, 75 nt	multi	41	ProteinCoding	19033	27759
VASA own, 75 nt	multi	41	TEC	90	27759
VASA own, 75 nt	multi	41	TranscribedProcessedPseudogene	1453	27759
VASA own, 75 nt	multi	41	TranscribedUnitaryPseudogene	78	27759
VASA own, 75 nt	multi	41	TranscribedUnprocessedPseudogene	168	27759
VASA own, 75 nt	multi	41	UnitaryPseudogene	24	27759
VASA own, 75 nt	multi	41	UnprocessedPseudogene	452	27759
VASA own, 75 nt	multi	41	lncRNA	19287	27759
VASA own, 75 nt	multi	41	miRNA	5182	27759
VASA own, 75 nt	multi	41	rRNA	680	27759
VASA own, 75 nt	multi	41	ribozyme	3	27759
VASA own, 75 nt	multi	41	snRNA	999	27759
VASA own, 75 nt	multi	41	snoRNA	363	27759
VASA own, 75 nt	multi	41	tRNA	196	27759
VASA own, 75 nt	multi	42	MiscRna	5506	27596
VASA own, 75 nt	multi	42	MtRrna	5	27596
VASA own, 75 nt	multi	42	MtTrna	34	27596
VASA own, 75 nt	multi	42	ProcessedPseudogene	3130	27596
VASA own, 75 nt	multi	42	ProteinCoding	18895	27596
VASA own, 75 nt	multi	42	TEC	90	27596
VASA own, 75 nt	multi	42	TranscribedProcessedPseudogene	1342	27596
VASA own, 75 nt	multi	42	TranscribedUnitaryPseudogene	59	27596
VASA own, 75 nt	multi	42	TranscribedUnprocessedPseudogene	146	27596
VASA own, 75 nt	multi	42	UnitaryPseudogene	16	27596
VASA own, 75 nt	multi	42	UnprocessedPseudogene	416	27596
VASA own, 75 nt	multi	42	lncRNA	19376	27596
VASA own, 75 nt	multi	42	miRNA	5436	27596
VASA own, 75 nt	multi	42	rRNA	520	27596
VASA own, 75 nt	multi	42	ribozyme	6	27596
VASA own, 75 nt	multi	42	snRNA	1191	27596
VASA own, 75 nt	multi	42	snoRNA	360	27596
VASA own, 75 nt	multi	42	tRNA	556	27596
VASA own, 75 nt	multi	43	MiscRna	4251	27300
VASA own, 75 nt	multi	43	MtRrna	6	27300
VASA own, 75 nt	multi	43	MtTrna	24	27300
VASA own, 75 nt	multi	43	ProcessedPseudogene	3412	27300
VASA own, 75 nt	multi	43	ProteinCoding	19312	27300
VASA own, 75 nt	multi	43	TEC	118	27300
VASA own, 75 nt	multi	43	TranscribedProcessedPseudogene	1794	27300
VASA own, 75 nt	multi	43	TranscribedUnitaryPseudogene	109	27300
VASA own, 75 nt	multi	43	TranscribedUnprocessedPseudogene	187	27300
VASA own, 75 nt	multi	43	UnitaryPseudogene	15	27300
VASA own, 75 nt	multi	43	UnprocessedPseudogene	367	27300
VASA own, 75 nt	multi	43	lncRNA	18354	27300
VASA own, 75 nt	multi	43	miRNA	3947	27300
VASA own, 75 nt	multi	43	rRNA	497	27300
VASA own, 75 nt	multi	43	ribozyme	1	27300
VASA own, 75 nt	multi	43	snRNA	1252	27300
VASA own, 75 nt	multi	43	snoRNA	280	27300
VASA own, 75 nt	multi	43	tRNA	138	27300
VASA own, 75 nt	multi	44	MiscRna	3512	26625
VASA own, 75 nt	multi	44	MtRrna	3	26625
VASA own, 75 nt	multi	44	MtTrna	32	26625
VASA own, 75 nt	multi	44	ProcessedPseudogene	3860	26625
VASA own, 75 nt	multi	44	ProteinCoding	20018	26625
VASA own, 75 nt	multi	44	TEC	101	26625
VASA own, 75 nt	multi	44	TranscribedProcessedPseudogene	1733	26625
VASA own, 75 nt	multi	44	TranscribedUnitaryPseudogene	84	26625
VASA own, 75 nt	multi	44	TranscribedUnprocessedPseudogene	197	26625
VASA own, 75 nt	multi	44	UnitaryPseudogene	12	26625
VASA own, 75 nt	multi	44	UnprocessedPseudogene	432	26625
VASA own, 75 nt	multi	44	lncRNA	18229	26625
VASA own, 75 nt	multi	44	miRNA	3163	26625
VASA own, 75 nt	multi	44	rRNA	261	26625
VASA own, 75 nt	multi	44	ribozyme	2	26625
VASA own, 75 nt	multi	44	snRNA	2064	26625
VASA own, 75 nt	multi	44	snoRNA	353	26625
VASA own, 75 nt	multi	44	tRNA	236	26625
VASA own, 75 nt	multi	45	MiscRna	4010	31329
VASA own, 75 nt	multi	45	MtRrna	3	31329
VASA own, 75 nt	multi	45	MtTrna	43	31329
VASA own, 75 nt	multi	45	ProcessedPseudogene	3508	31329
VASA own, 75 nt	multi	45	ProteinCoding	23864	31329
VASA own, 75 nt	multi	45	TEC	120	31329
VASA own, 75 nt	multi	45	TranscribedProcessedPseudogene	1567	31329
VASA own, 75 nt	multi	45	TranscribedUnitaryPseudogene	95	31329
VASA own, 75 nt	multi	45	TranscribedUnprocessedPseudogene	159	31329
VASA own, 75 nt	multi	45	UnitaryPseudogene	17	31329
VASA own, 75 nt	multi	45	UnprocessedPseudogene	491	31329
VASA own, 75 nt	multi	45	lncRNA	23085	31329
VASA own, 75 nt	multi	45	miRNA	3837	31329
VASA own, 75 nt	multi	45	rRNA	204	31329
VASA own, 75 nt	multi	45	ribozyme	7	31329
VASA own, 75 nt	multi	45	snRNA	4072	31329
VASA own, 75 nt	multi	45	snoRNA	345	31329
VASA own, 75 nt	multi	45	tRNA	178	31329
VASA own, 75 nt	multi	46	MiscRna	5762	37046
VASA own, 75 nt	multi	46	MtRrna	4	37046
VASA own, 75 nt	multi	46	MtTrna	43	37046
VASA own, 75 nt	multi	46	ProcessedPseudogene	4617	37046
VASA own, 75 nt	multi	46	ProteinCoding	27640	37046
VASA own, 75 nt	multi	46	TEC	96	37046
VASA own, 75 nt	multi	46	TranscribedProcessedPseudogene	1568	37046
VASA own, 75 nt	multi	46	TranscribedUnitaryPseudogene	87	37046
VASA own, 75 nt	multi	46	TranscribedUnprocessedPseudogene	143	37046
VASA own, 75 nt	multi	46	UnitaryPseudogene	26	37046
VASA own, 75 nt	multi	46	UnprocessedPseudogene	483	37046
VASA own, 75 nt	multi	46	lncRNA	28253	37046
VASA own, 75 nt	multi	46	miRNA	5549	37046
VASA own, 75 nt	multi	46	rRNA	167	37046
VASA own, 75 nt	multi	46	ribozyme	6	37046
VASA own, 75 nt	multi	46	snRNA	2066	37046
VASA own, 75 nt	multi	46	snoRNA	348	37046
VASA own, 75 nt	multi	46	tRNA	181	37046
VASA own, 75 nt	multi	47	MiscRna	9030	44742
VASA own, 75 nt	multi	47	MtRrna	1	44742
VASA own, 75 nt	multi	47	MtTrna	36	44742
VASA own, 75 nt	multi	47	ProcessedPseudogene	4054	44742
VASA own, 75 nt	multi	47	ProteinCoding	32679	44742
VASA own, 75 nt	multi	47	TEC	121	44742
VASA own, 75 nt	multi	47	TranscribedProcessedPseudogene	1678	44742
VASA own, 75 nt	multi	47	TranscribedUnitaryPseudogene	88	44742
VASA own, 75 nt	multi	47	TranscribedUnprocessedPseudogene	175	44742
VASA own, 75 nt	multi	47	UnitaryPseudogene	24	44742
VASA own, 75 nt	multi	47	UnprocessedPseudogene	359	44742
VASA own, 75 nt	multi	47	lncRNA	36387	44742
VASA own, 75 nt	multi	47	miRNA	8568	44742
VASA own, 75 nt	multi	47	rRNA	152	44742
VASA own, 75 nt	multi	47	ribozyme	5	44742
VASA own, 75 nt	multi	47	snRNA	1991	44742
VASA own, 75 nt	multi	47	snoRNA	381	44742
VASA own, 75 nt	multi	47	tRNA	204	44742
VASA own, 75 nt	multi	48	MiscRna	15298	64416
VASA own, 75 nt	multi	48	MtRrna	1	64416
VASA own, 75 nt	multi	48	MtTrna	27	64416
VASA own, 75 nt	multi	48	ProcessedPseudogene	3931	64416
VASA own, 75 nt	multi	48	ProteinCoding	45471	64416
VASA own, 75 nt	multi	48	TEC	110	64416
VASA own, 75 nt	multi	48	TranscribedProcessedPseudogene	1740	64416
VASA own, 75 nt	multi	48	TranscribedUnitaryPseudogene	71	64416
VASA own, 75 nt	multi	48	TranscribedUnprocessedPseudogene	160	64416
VASA own, 75 nt	multi	48	UnitaryPseudogene	13	64416
VASA own, 75 nt	multi	48	UnprocessedPseudogene	439	64416
VASA own, 75 nt	multi	48	lncRNA	56249	64416
VASA own, 75 nt	multi	48	miRNA	15083	64416
VASA own, 75 nt	multi	48	rRNA	130	64416
VASA own, 75 nt	multi	48	ribozyme	7	64416
VASA own, 75 nt	multi	48	snRNA	5628	64416
VASA own, 75 nt	multi	48	snoRNA	488	64416
VASA own, 75 nt	multi	48	tRNA	117	64416
VASA own, 75 nt	multi	49	MiscRna	16724	124462
VASA own, 75 nt	multi	49	MtTrna	52	124462
VASA own, 75 nt	multi	49	ProcessedPseudogene	3876	124462
VASA own, 75 nt	multi	49	ProteinCoding	103541	124462
VASA own, 75 nt	multi	49	TEC	111	124462
VASA own, 75 nt	multi	49	TranscribedProcessedPseudogene	2147	124462
VASA own, 75 nt	multi	49	TranscribedUnitaryPseudogene	72	124462
VASA own, 75 nt	multi	49	TranscribedUnprocessedPseudogene	175	124462
VASA own, 75 nt	multi	49	UnitaryPseudogene	36	124462
VASA own, 75 nt	multi	49	UnprocessedPseudogene	473	124462
VASA own, 75 nt	multi	49	lncRNA	115703	124462
VASA own, 75 nt	multi	49	miRNA	16515	124462
VASA own, 75 nt	multi	49	rRNA	145	124462
VASA own, 75 nt	multi	49	ribozyme	7	124462
VASA own, 75 nt	multi	49	snRNA	18406	124462
VASA own, 75 nt	multi	49	snoRNA	389	124462
VASA own, 75 nt	multi	49	tRNA	179	124462
VASA own, 75 nt	multi	50	MiscRna	10200	72341
VASA own, 75 nt	multi	50	MtTrna	60	72341
VASA own, 75 nt	multi	50	ProcessedPseudogene	4745	72341
VASA own, 75 nt	multi	50	ProteinCoding	55239	72341
VASA own, 75 nt	multi	50	TEC	133	72341
VASA own, 75 nt	multi	50	TranscribedProcessedPseudogene	2407	72341
VASA own, 75 nt	multi	50	TranscribedUnitaryPseudogene	91	72341
VASA own, 75 nt	multi	50	TranscribedUnprocessedPseudogene	137	72341
VASA own, 75 nt	multi	50	UnitaryPseudogene	22	72341
VASA own, 75 nt	multi	50	UnprocessedPseudogene	382	72341
VASA own, 75 nt	multi	50	lncRNA	59834	72341
VASA own, 75 nt	multi	50	miRNA	9978	72341
VASA own, 75 nt	multi	50	rRNA	147	72341
VASA own, 75 nt	multi	50	ribozyme	5	72341
VASA own, 75 nt	multi	50	snRNA	6312	72341
VASA own, 75 nt	multi	50	snoRNA	484	72341
VASA own, 75 nt	multi	50	tRNA	120	72341
VASA own, 75 nt	multi	51	MiscRna	10529	47507
VASA own, 75 nt	multi	51	MtRrna	2	47507
VASA own, 75 nt	multi	51	MtTrna	44	47507
VASA own, 75 nt	multi	51	ProcessedPseudogene	4194	47507
VASA own, 75 nt	multi	51	ProteinCoding	32702	47507
VASA own, 75 nt	multi	51	TEC	162	47507
VASA own, 75 nt	multi	51	TranscribedProcessedPseudogene	2028	47507
VASA own, 75 nt	multi	51	TranscribedUnitaryPseudogene	83	47507
VASA own, 75 nt	multi	51	TranscribedUnprocessedPseudogene	202	47507
VASA own, 75 nt	multi	51	UnitaryPseudogene	17	47507
VASA own, 75 nt	multi	51	UnprocessedPseudogene	349	47507
VASA own, 75 nt	multi	51	lncRNA	37278	47507
VASA own, 75 nt	multi	51	miRNA	10299	47507
VASA own, 75 nt	multi	51	pseudogene	1	47507
VASA own, 75 nt	multi	51	rRNA	168	47507
VASA own, 75 nt	multi	51	ribozyme	4	47507
VASA own, 75 nt	multi	51	snRNA	2525	47507
VASA own, 75 nt	multi	51	snoRNA	1011	47507
VASA own, 75 nt	multi	51	tRNA	229	47507
VASA own, 75 nt	multi	52	MiscRna	14057	49536
VASA own, 75 nt	multi	52	MtRrna	1	49536
VASA own, 75 nt	multi	52	MtTrna	35	49536
VASA own, 75 nt	multi	52	ProcessedPseudogene	5089	49536
VASA own, 75 nt	multi	52	ProteinCoding	30539	49536
VASA own, 75 nt	multi	52	TEC	214	49536
VASA own, 75 nt	multi	52	TranscribedProcessedPseudogene	2399	49536
VASA own, 75 nt	multi	52	TranscribedUnitaryPseudogene	131	49536
VASA own, 75 nt	multi	52	TranscribedUnprocessedPseudogene	295	49536
VASA own, 75 nt	multi	52	UnitaryPseudogene	22	49536
VASA own, 75 nt	multi	52	UnprocessedPseudogene	370	49536
VASA own, 75 nt	multi	52	lncRNA	37148	49536
VASA own, 75 nt	multi	52	miRNA	13846	49536
VASA own, 75 nt	multi	52	rRNA	145	49536
VASA own, 75 nt	multi	52	ribozyme	8	49536
VASA own, 75 nt	multi	52	snRNA	2741	49536
VASA own, 75 nt	multi	52	snoRNA	1089	49536
VASA own, 75 nt	multi	52	tRNA	339	49536
VASA own, 75 nt	multi	53	MiscRna	10359	56898
VASA own, 75 nt	multi	53	MtRrna	1	56898
VASA own, 75 nt	multi	53	MtTrna	74	56898
VASA own, 75 nt	multi	53	ProcessedPseudogene	5500	56898
VASA own, 75 nt	multi	53	ProteinCoding	40513	56898
VASA own, 75 nt	multi	53	TEC	200	56898
VASA own, 75 nt	multi	53	TranscribedProcessedPseudogene	2637	56898
VASA own, 75 nt	multi	53	TranscribedUnitaryPseudogene	146	56898
VASA own, 75 nt	multi	53	TranscribedUnprocessedPseudogene	213	56898
VASA own, 75 nt	multi	53	UnitaryPseudogene	22	56898
VASA own, 75 nt	multi	53	UnprocessedPseudogene	347	56898
VASA own, 75 nt	multi	53	lncRNA	43712	56898
VASA own, 75 nt	multi	53	miRNA	10150	56898
VASA own, 75 nt	multi	53	rRNA	80	56898
VASA own, 75 nt	multi	53	ribozyme	13	56898
VASA own, 75 nt	multi	53	snRNA	6069	56898
VASA own, 75 nt	multi	53	snoRNA	584	56898
VASA own, 75 nt	multi	53	tRNA	309	56898
VASA own, 75 nt	multi	54	MiscRna	7028	50749
VASA own, 75 nt	multi	54	MtRrna	4	50749
VASA own, 75 nt	multi	54	MtTrna	47	50749
VASA own, 75 nt	multi	54	ProcessedPseudogene	5967	50749
VASA own, 75 nt	multi	54	ProteinCoding	39620	50749
VASA own, 75 nt	multi	54	TEC	150	50749
VASA own, 75 nt	multi	54	TranscribedProcessedPseudogene	2936	50749
VASA own, 75 nt	multi	54	TranscribedUnitaryPseudogene	136	50749
VASA own, 75 nt	multi	54	TranscribedUnprocessedPseudogene	225	50749
VASA own, 75 nt	multi	54	UnitaryPseudogene	36	50749
VASA own, 75 nt	multi	54	UnprocessedPseudogene	512	50749
VASA own, 75 nt	multi	54	lncRNA	38852	50749
VASA own, 75 nt	multi	54	miRNA	6639	50749
VASA own, 75 nt	multi	54	rRNA	110	50749
VASA own, 75 nt	multi	54	ribozyme	14	50749
VASA own, 75 nt	multi	54	snRNA	4700	50749
VASA own, 75 nt	multi	54	snoRNA	764	50749
VASA own, 75 nt	multi	54	tRNA	385	50749
VASA own, 75 nt	multi	55	MiscRna	7521	54453
VASA own, 75 nt	multi	55	MtTrna	50	54453
VASA own, 75 nt	multi	55	ProcessedPseudogene	10461	54453
VASA own, 75 nt	multi	55	ProteinCoding	44115	54453
VASA own, 75 nt	multi	55	TEC	63	54453
VASA own, 75 nt	multi	55	TranscribedProcessedPseudogene	6959	54453
VASA own, 75 nt	multi	55	TranscribedUnitaryPseudogene	161	54453
VASA own, 75 nt	multi	55	TranscribedUnprocessedPseudogene	296	54453
VASA own, 75 nt	multi	55	UnitaryPseudogene	19	54453
VASA own, 75 nt	multi	55	UnprocessedPseudogene	643	54453
VASA own, 75 nt	multi	55	lncRNA	40573	54453
VASA own, 75 nt	multi	55	miRNA	6820	54453
VASA own, 75 nt	multi	55	rRNA	113	54453
VASA own, 75 nt	multi	55	ribozyme	13	54453
VASA own, 75 nt	multi	55	snRNA	3576	54453
VASA own, 75 nt	multi	55	snoRNA	1555	54453
VASA own, 75 nt	multi	55	tRNA	248	54453
VASA own, 75 nt	multi	56	MiscRna	6691	37832
VASA own, 75 nt	multi	56	MtTrna	26	37832
VASA own, 75 nt	multi	56	ProcessedPseudogene	6107	37832
VASA own, 75 nt	multi	56	ProteinCoding	29175	37832
VASA own, 75 nt	multi	56	TEC	39	37832
VASA own, 75 nt	multi	56	TranscribedProcessedPseudogene	3017	37832
VASA own, 75 nt	multi	56	TranscribedUnitaryPseudogene	123	37832
VASA own, 75 nt	multi	56	TranscribedUnprocessedPseudogene	594	37832
VASA own, 75 nt	multi	56	UnitaryPseudogene	7	37832
VASA own, 75 nt	multi	56	UnprocessedPseudogene	551	37832
VASA own, 75 nt	multi	56	lncRNA	27335	37832
VASA own, 75 nt	multi	56	miRNA	6235	37832
VASA own, 75 nt	multi	56	rRNA	64	37832
VASA own, 75 nt	multi	56	ribozyme	10	37832
VASA own, 75 nt	multi	56	snRNA	2712	37832
VASA own, 75 nt	multi	56	snoRNA	1115	37832
VASA own, 75 nt	multi	56	tRNA	124	37832
VASA own, 75 nt	multi	57	MiscRna	8116	40358
VASA own, 75 nt	multi	57	MtRrna	1	40358
VASA own, 75 nt	multi	57	MtTrna	25	40358
VASA own, 75 nt	multi	57	ProcessedPseudogene	5509	40358
VASA own, 75 nt	multi	57	ProteinCoding	30973	40358
VASA own, 75 nt	multi	57	TEC	33	40358
VASA own, 75 nt	multi	57	TranscribedProcessedPseudogene	2625	40358
VASA own, 75 nt	multi	57	TranscribedUnitaryPseudogene	95	40358
VASA own, 75 nt	multi	57	TranscribedUnprocessedPseudogene	197	40358
VASA own, 75 nt	multi	57	UnitaryPseudogene	8	40358
VASA own, 75 nt	multi	57	UnprocessedPseudogene	423	40358
VASA own, 75 nt	multi	57	lncRNA	31257	40358
VASA own, 75 nt	multi	57	miRNA	7677	40358
VASA own, 75 nt	multi	57	rRNA	93	40358
VASA own, 75 nt	multi	57	ribozyme	8	40358
VASA own, 75 nt	multi	57	snRNA	2428	40358
VASA own, 75 nt	multi	57	snoRNA	883	40358
VASA own, 75 nt	multi	57	tRNA	204	40358
VASA own, 75 nt	multi	58	MiscRna	8514	48530
VASA own, 75 nt	multi	58	MtTrna	7	48530
VASA own, 75 nt	multi	58	ProcessedPseudogene	5850	48530
VASA own, 75 nt	multi	58	ProteinCoding	38350	48530
VASA own, 75 nt	multi	58	TEC	38	48530
VASA own, 75 nt	multi	58	TranscribedProcessedPseudogene	2917	48530
VASA own, 75 nt	multi	58	TranscribedUnitaryPseudogene	66	48530
VASA own, 75 nt	multi	58	TranscribedUnprocessedPseudogene	229	48530
VASA own, 75 nt	multi	58	UnitaryPseudogene	13	48530
VASA own, 75 nt	multi	58	UnprocessedPseudogene	414	48530
VASA own, 75 nt	multi	58	lncRNA	38755	48530
VASA own, 75 nt	multi	58	miRNA	8122	48530
VASA own, 75 nt	multi	58	rRNA	68	48530
VASA own, 75 nt	multi	58	ribozyme	10	48530
VASA own, 75 nt	multi	58	snRNA	2464	48530
VASA own, 75 nt	multi	58	snoRNA	914	48530
VASA own, 75 nt	multi	58	tRNA	646	48530
VASA own, 75 nt	multi	59	MiscRna	8857	65233
VASA own, 75 nt	multi	59	MtTrna	11	65233
VASA own, 75 nt	multi	59	ProcessedPseudogene	6950	65233
VASA own, 75 nt	multi	59	ProteinCoding	54736	65233
VASA own, 75 nt	multi	59	TEC	45	65233
VASA own, 75 nt	multi	59	TranscribedProcessedPseudogene	3945	65233
VASA own, 75 nt	multi	59	TranscribedUnitaryPseudogene	86	65233
VASA own, 75 nt	multi	59	TranscribedUnprocessedPseudogene	224	65233
VASA own, 75 nt	multi	59	UnitaryPseudogene	5	65233
VASA own, 75 nt	multi	59	UnprocessedPseudogene	400	65233
VASA own, 75 nt	multi	59	lncRNA	55289	65233
VASA own, 75 nt	multi	59	miRNA	8454	65233
VASA own, 75 nt	multi	59	rRNA	82	65233
VASA own, 75 nt	multi	59	ribozyme	11	65233
VASA own, 75 nt	multi	59	snRNA	1984	65233
VASA own, 75 nt	multi	59	snoRNA	1232	65233
VASA own, 75 nt	multi	59	tRNA	1252	65233
VASA own, 75 nt	multi	60	MiscRna	8129	47637
VASA own, 75 nt	multi	60	MtTrna	12	47637
VASA own, 75 nt	multi	60	ProcessedPseudogene	9948	47637
VASA own, 75 nt	multi	60	ProteinCoding	37905	47637
VASA own, 75 nt	multi	60	TEC	27	47637
VASA own, 75 nt	multi	60	TranscribedProcessedPseudogene	6037	47637
VASA own, 75 nt	multi	60	TranscribedUnitaryPseudogene	93	47637
VASA own, 75 nt	multi	60	TranscribedUnprocessedPseudogene	231	47637
VASA own, 75 nt	multi	60	UnitaryPseudogene	12	47637
VASA own, 75 nt	multi	60	UnprocessedPseudogene	478	47637
VASA own, 75 nt	multi	60	lncRNA	36623	47637
VASA own, 75 nt	multi	60	miRNA	7746	47637
VASA own, 75 nt	multi	60	rRNA	75	47637
VASA own, 75 nt	multi	60	ribozyme	9	47637
VASA own, 75 nt	multi	60	snRNA	1816	47637
VASA own, 75 nt	multi	60	snoRNA	1179	47637
VASA own, 75 nt	multi	60	tRNA	450	47637
VASA own, 75 nt	multi	61	MiscRna	8961	43015
VASA own, 75 nt	multi	61	MtRrna	2	43015
VASA own, 75 nt	multi	61	MtTrna	11	43015
VASA own, 75 nt	multi	61	ProcessedPseudogene	8241	43015
VASA own, 75 nt	multi	61	ProteinCoding	32604	43015
VASA own, 75 nt	multi	61	TEC	36	43015
VASA own, 75 nt	multi	61	TranscribedProcessedPseudogene	3298	43015
VASA own, 75 nt	multi	61	TranscribedUnitaryPseudogene	93	43015
VASA own, 75 nt	multi	61	TranscribedUnprocessedPseudogene	221	43015
VASA own, 75 nt	multi	61	UnitaryPseudogene	22	43015
VASA own, 75 nt	multi	61	UnprocessedPseudogene	524	43015
VASA own, 75 nt	multi	61	lncRNA	32429	43015
VASA own, 75 nt	multi	61	miRNA	8606	43015
VASA own, 75 nt	multi	61	rRNA	95	43015
VASA own, 75 nt	multi	61	ribozyme	7	43015
VASA own, 75 nt	multi	61	snRNA	2078	43015
VASA own, 75 nt	multi	61	snoRNA	1223	43015
VASA own, 75 nt	multi	61	tRNA	1582	43015
VASA own, 75 nt	multi	62	MiscRna	10380	44740
VASA own, 75 nt	multi	62	MtTrna	8	44740
VASA own, 75 nt	multi	62	ProcessedPseudogene	8176	44740
VASA own, 75 nt	multi	62	ProteinCoding	32631	44740
VASA own, 75 nt	multi	62	TEC	38	44740
VASA own, 75 nt	multi	62	TranscribedProcessedPseudogene	3169	44740
VASA own, 75 nt	multi	62	TranscribedUnitaryPseudogene	99	44740
VASA own, 75 nt	multi	62	TranscribedUnprocessedPseudogene	286	44740
VASA own, 75 nt	multi	62	UnitaryPseudogene	22	44740
VASA own, 75 nt	multi	62	UnprocessedPseudogene	631	44740
VASA own, 75 nt	multi	62	lncRNA	33113	44740
VASA own, 75 nt	multi	62	miRNA	9946	44740
VASA own, 75 nt	multi	62	rRNA	105	44740
VASA own, 75 nt	multi	62	ribozyme	14	44740
VASA own, 75 nt	multi	62	snRNA	2376	44740
VASA own, 75 nt	multi	62	snoRNA	1487	44740
VASA own, 75 nt	multi	62	tRNA	372	44740
VASA own, 75 nt	multi	63	MiscRna	7393	44324
VASA own, 75 nt	multi	63	MtTrna	8	44324
VASA own, 75 nt	multi	63	ProcessedPseudogene	8092	44324
VASA own, 75 nt	multi	63	ProteinCoding	35013	44324
VASA own, 75 nt	multi	63	TEC	25	44324
VASA own, 75 nt	multi	63	TranscribedProcessedPseudogene	3609	44324
VASA own, 75 nt	multi	63	TranscribedUnitaryPseudogene	155	44324
VASA own, 75 nt	multi	63	TranscribedUnprocessedPseudogene	259	44324
VASA own, 75 nt	multi	63	UnitaryPseudogene	23	44324
VASA own, 75 nt	multi	63	UnprocessedPseudogene	701	44324
VASA own, 75 nt	multi	63	lncRNA	31726	44324
VASA own, 75 nt	multi	63	miRNA	6914	44324
VASA own, 75 nt	multi	63	rRNA	58	44324
VASA own, 75 nt	multi	63	ribozyme	16	44324
VASA own, 75 nt	multi	63	snRNA	2299	44324
VASA own, 75 nt	multi	63	snoRNA	1816	44324
VASA own, 75 nt	multi	63	tRNA	106	44324
VASA own, 75 nt	multi	64	MiscRna	4685	46061
VASA own, 75 nt	multi	64	MtTrna	15	46061
VASA own, 75 nt	multi	64	ProcessedPseudogene	7280	46061
VASA own, 75 nt	multi	64	ProteinCoding	39490	46061
VASA own, 75 nt	multi	64	TEC	34	46061
VASA own, 75 nt	multi	64	TranscribedProcessedPseudogene	3046	46061
VASA own, 75 nt	multi	64	TranscribedUnitaryPseudogene	114	46061
VASA own, 75 nt	multi	64	TranscribedUnprocessedPseudogene	299	46061
VASA own, 75 nt	multi	64	UnitaryPseudogene	19	46061
VASA own, 75 nt	multi	64	UnprocessedPseudogene	879	46061
VASA own, 75 nt	multi	64	lncRNA	30412	46061
VASA own, 75 nt	multi	64	miRNA	4258	46061
VASA own, 75 nt	multi	64	rRNA	119	46061
VASA own, 75 nt	multi	64	ribozyme	9	46061
VASA own, 75 nt	multi	64	snRNA	2312	46061
VASA own, 75 nt	multi	64	snoRNA	4285	46061
VASA own, 75 nt	multi	64	tRNA	162	46061
VASA own, 75 nt	multi	65	MiscRna	17944	72507
VASA own, 75 nt	multi	65	MtTrna	21	72507
VASA own, 75 nt	multi	65	ProcessedPseudogene	13521	72507
VASA own, 75 nt	multi	65	ProteinCoding	50930	72507
VASA own, 75 nt	multi	65	TEC	63	72507
VASA own, 75 nt	multi	65	TranscribedProcessedPseudogene	5045	72507
VASA own, 75 nt	multi	65	TranscribedUnitaryPseudogene	205	72507
VASA own, 75 nt	multi	65	TranscribedUnprocessedPseudogene	492	72507
VASA own, 75 nt	multi	65	UnitaryPseudogene	34	72507
VASA own, 75 nt	multi	65	UnprocessedPseudogene	1117	72507
VASA own, 75 nt	multi	65	lncRNA	51923	72507
VASA own, 75 nt	multi	65	miRNA	17205	72507
VASA own, 75 nt	multi	65	rRNA	100	72507
VASA own, 75 nt	multi	65	ribozyme	9	72507
VASA own, 75 nt	multi	65	snRNA	3132	72507
VASA own, 75 nt	multi	65	snoRNA	3964	72507
VASA own, 75 nt	multi	65	tRNA	264	72507
VASA own, 75 nt	multi	66	MiscRna	1226	8777
VASA own, 75 nt	multi	66	ProcessedPseudogene	2382	8777
VASA own, 75 nt	multi	66	ProteinCoding	7201	8777
VASA own, 75 nt	multi	66	TEC	18	8777
VASA own, 75 nt	multi	66	TranscribedProcessedPseudogene	1068	8777
VASA own, 75 nt	multi	66	TranscribedUnitaryPseudogene	24	8777
VASA own, 75 nt	multi	66	TranscribedUnprocessedPseudogene	126	8777
VASA own, 75 nt	multi	66	UnitaryPseudogene	43	8777
VASA own, 75 nt	multi	66	UnprocessedPseudogene	367	8777
VASA own, 75 nt	multi	66	lncRNA	5262	8777
VASA own, 75 nt	multi	66	miRNA	964	8777
VASA own, 75 nt	multi	66	rRNA	31	8777
VASA own, 75 nt	multi	66	ribozyme	1	8777
VASA own, 75 nt	multi	66	snRNA	321	8777
VASA own, 75 nt	multi	66	snoRNA	202	8777
VASA own, 75 nt	multi	66	tRNA	8	8777
VASA own, 75 nt	multi	67	MiscRna	16541	56591
VASA own, 75 nt	multi	67	MtTrna	4	56591
VASA own, 75 nt	multi	67	ProcessedPseudogene	7455	56591
VASA own, 75 nt	multi	67	ProteinCoding	39529	56591
VASA own, 75 nt	multi	67	TEC	41	56591
VASA own, 75 nt	multi	67	TranscribedProcessedPseudogene	3119	56591
VASA own, 75 nt	multi	67	TranscribedUnitaryPseudogene	96	56591
VASA own, 75 nt	multi	67	TranscribedUnprocessedPseudogene	552	56591
VASA own, 75 nt	multi	67	UnitaryPseudogene	32	56591
VASA own, 75 nt	multi	67	UnprocessedPseudogene	538	56591
VASA own, 75 nt	multi	67	lncRNA	41835	56591
VASA own, 75 nt	multi	67	miRNA	14763	56591
VASA own, 75 nt	multi	67	rRNA	78	56591
VASA own, 75 nt	multi	67	ribozyme	6	56591
VASA own, 75 nt	multi	67	scaRNA	2	56591
VASA own, 75 nt	multi	67	snRNA	1587	56591
VASA own, 75 nt	multi	67	snoRNA	1450	56591
VASA own, 75 nt	multi	67	tRNA	108	56591
VASA own, 75 nt	multi	68	MiscRna	13404	155302
VASA own, 75 nt	multi	68	MtTrna	3	155302
VASA own, 75 nt	multi	68	ProcessedPseudogene	11512	155302
VASA own, 75 nt	multi	68	ProteinCoding	142416	155302
VASA own, 75 nt	multi	68	TEC	65	155302
VASA own, 75 nt	multi	68	TranscribedProcessedPseudogene	5545	155302
VASA own, 75 nt	multi	68	TranscribedUnitaryPseudogene	122	155302
VASA own, 75 nt	multi	68	TranscribedUnprocessedPseudogene	947	155302
VASA own, 75 nt	multi	68	UnitaryPseudogene	94	155302
VASA own, 75 nt	multi	68	UnprocessedPseudogene	1204	155302
VASA own, 75 nt	multi	68	lncRNA	133064	155302
VASA own, 75 nt	multi	68	miRNA	10081	155302
VASA own, 75 nt	multi	68	rRNA	74	155302
VASA own, 75 nt	multi	68	ribozyme	5	155302
VASA own, 75 nt	multi	68	snRNA	1825	155302
VASA own, 75 nt	multi	68	snoRNA	1443	155302
VASA own, 75 nt	multi	68	tRNA	77	155302
VASA own, 75 nt	multi	69	MiscRna	19512	183791
VASA own, 75 nt	multi	69	MtTrna	9	183791
VASA own, 75 nt	multi	69	ProcessedPseudogene	19074	183791
VASA own, 75 nt	multi	69	ProteinCoding	162106	183791
VASA own, 75 nt	multi	69	TEC	72	183791
VASA own, 75 nt	multi	69	TranscribedProcessedPseudogene	7839	183791
VASA own, 75 nt	multi	69	TranscribedUnitaryPseudogene	153	183791
VASA own, 75 nt	multi	69	TranscribedUnprocessedPseudogene	1269	183791
VASA own, 75 nt	multi	69	UnitaryPseudogene	82	183791
VASA own, 75 nt	multi	69	UnprocessedPseudogene	3321	183791
VASA own, 75 nt	multi	69	lncRNA	150849	183791
VASA own, 75 nt	multi	69	miRNA	15445	183791
VASA own, 75 nt	multi	69	rRNA	58	183791
VASA own, 75 nt	multi	69	ribozyme	11	183791
VASA own, 75 nt	multi	69	scaRNA	1	183791
VASA own, 75 nt	multi	69	snRNA	2637	183791
VASA own, 75 nt	multi	69	snoRNA	2749	183791
VASA own, 75 nt	multi	69	tRNA	81	183791
VASA own, 75 nt	multi	70	MiscRna	24279	196635
VASA own, 75 nt	multi	70	MtTrna	8	196635
VASA own, 75 nt	multi	70	ProcessedPseudogene	31851	196635
VASA own, 75 nt	multi	70	ProteinCoding	168688	196635
VASA own, 75 nt	multi	70	TEC	132	196635
VASA own, 75 nt	multi	70	TranscribedProcessedPseudogene	13915	196635
VASA own, 75 nt	multi	70	TranscribedUnitaryPseudogene	427	196635
VASA own, 75 nt	multi	70	TranscribedUnprocessedPseudogene	1256	196635
VASA own, 75 nt	multi	70	UnitaryPseudogene	131	196635
VASA own, 75 nt	multi	70	UnprocessedPseudogene	3419	196635
VASA own, 75 nt	multi	70	lncRNA	150722	196635
VASA own, 75 nt	multi	70	miRNA	20193	196635
VASA own, 75 nt	multi	70	rRNA	105	196635
VASA own, 75 nt	multi	70	ribozyme	9	196635
VASA own, 75 nt	multi	70	snRNA	15840	196635
VASA own, 75 nt	multi	70	snoRNA	1931	196635
VASA own, 75 nt	multi	70	tRNA	81	196635
VASA own, 75 nt	multi	71	MiscRna	142432	346808
VASA own, 75 nt	multi	71	MtTrna	12	346808
VASA own, 75 nt	multi	71	ProcessedPseudogene	43441	346808
VASA own, 75 nt	multi	71	ProteinCoding	288176	346808
VASA own, 75 nt	multi	71	TEC	155	346808
VASA own, 75 nt	multi	71	TranscribedProcessedPseudogene	19628	346808
VASA own, 75 nt	multi	71	TranscribedUnitaryPseudogene	512	346808
VASA own, 75 nt	multi	71	TranscribedUnprocessedPseudogene	1507	346808
VASA own, 75 nt	multi	71	UnitaryPseudogene	90	346808
VASA own, 75 nt	multi	71	UnprocessedPseudogene	3877	346808
VASA own, 75 nt	multi	71	lncRNA	282601	346808
VASA own, 75 nt	multi	71	miRNA	35434	346808
VASA own, 75 nt	multi	71	rRNA	105	346808
VASA own, 75 nt	multi	71	ribozyme	6	346808
VASA own, 75 nt	multi	71	scaRNA	1	346808
VASA own, 75 nt	multi	71	snRNA	38725	346808
VASA own, 75 nt	multi	71	snoRNA	3406	346808
VASA own, 75 nt	multi	71	tRNA	82	346808
VASA own, 75 nt	multi	72	MiscRna	474971	1266288
VASA own, 75 nt	multi	72	MtRrna	3	1266288
VASA own, 75 nt	multi	72	MtTrna	37	1266288
VASA own, 75 nt	multi	72	ProcessedPseudogene	102390	1266288
VASA own, 75 nt	multi	72	ProteinCoding	1023704	1266288
VASA own, 75 nt	multi	72	TEC	408	1266288
VASA own, 75 nt	multi	72	TrVGene	2	1266288
VASA own, 75 nt	multi	72	TranscribedProcessedPseudogene	43157	1266288
VASA own, 75 nt	multi	72	TranscribedUnitaryPseudogene	3645	1266288
VASA own, 75 nt	multi	72	TranscribedUnprocessedPseudogene	5485	1266288
VASA own, 75 nt	multi	72	UnitaryPseudogene	222	1266288
VASA own, 75 nt	multi	72	UnprocessedPseudogene	8572	1266288
VASA own, 75 nt	multi	72	lncRNA	1079334	1266288
VASA own, 75 nt	multi	72	miRNA	41534	1266288
VASA own, 75 nt	multi	72	rRNA	136	1266288
VASA own, 75 nt	multi	72	ribozyme	27	1266288
VASA own, 75 nt	multi	72	scaRNA	6	1266288
VASA own, 75 nt	multi	72	snRNA	489265	1266288
VASA own, 75 nt	multi	72	snoRNA	29682	1266288
VASA own, 75 nt	multi	72	tRNA	149	1266288
VASA own, 75 nt	multi	73	MiscRna	347281	1256820
VASA own, 75 nt	multi	73	MtRrna	1	1256820
VASA own, 75 nt	multi	73	MtTrna	44	1256820
VASA own, 75 nt	multi	73	ProcessedPseudogene	135544	1256820
VASA own, 75 nt	multi	73	ProteinCoding	841324	1256820
VASA own, 75 nt	multi	73	TEC	887	1256820
VASA own, 75 nt	multi	73	TranscribedProcessedPseudogene	58781	1256820
VASA own, 75 nt	multi	73	TranscribedUnitaryPseudogene	3709	1256820
VASA own, 75 nt	multi	73	TranscribedUnprocessedPseudogene	7345	1256820
VASA own, 75 nt	multi	73	UnitaryPseudogene	369	1256820
VASA own, 75 nt	multi	73	UnprocessedPseudogene	13919	1256820
VASA own, 75 nt	multi	73	lncRNA	935634	1256820
VASA own, 75 nt	multi	73	miRNA	66653	1256820
VASA own, 75 nt	multi	73	rRNA	234	1256820
VASA own, 75 nt	multi	73	ribozyme	1147	1256820
VASA own, 75 nt	multi	73	scaRNA	5	1256820
VASA own, 75 nt	multi	73	snRNA	409912	1256820
VASA own, 75 nt	multi	73	snoRNA	43398	1256820
VASA own, 75 nt	multi	73	tRNA	215	1256820
VASA own, 75 nt	multi	74	MiscRna	854794	3875274
VASA own, 75 nt	multi	74	MtRrna	6	3875274
VASA own, 75 nt	multi	74	MtTrna	113	3875274
VASA own, 75 nt	multi	74	ProcessedPseudogene	491699	3875274
VASA own, 75 nt	multi	74	ProteinCoding	3012268	3875274
VASA own, 75 nt	multi	74	TEC	2677	3875274
VASA own, 75 nt	multi	74	TrCGene	5	3875274
VASA own, 75 nt	multi	74	TranscribedProcessedPseudogene	221550	3875274
VASA own, 75 nt	multi	74	TranscribedUnitaryPseudogene	23071	3875274
VASA own, 75 nt	multi	74	TranscribedUnprocessedPseudogene	29465	3875274
VASA own, 75 nt	multi	74	UnitaryPseudogene	1494	3875274
VASA own, 75 nt	multi	74	UnprocessedPseudogene	41908	3875274
VASA own, 75 nt	multi	74	lncRNA	2820873	3875274
VASA own, 75 nt	multi	74	miRNA	382965	3875274
VASA own, 75 nt	multi	74	rRNA	857	3875274
VASA own, 75 nt	multi	74	ribozyme	5699	3875274
VASA own, 75 nt	multi	74	scaRNA	7	3875274
VASA own, 75 nt	multi	74	snRNA	672705	3875274
VASA own, 75 nt	multi	74	snoRNA	217572	3875274
VASA own, 75 nt	multi	74	tRNA	1393	3875274
VASA own, 75 nt	multi	75	IgVGene	1	9921609
VASA own, 75 nt	multi	75	IgVPseudogene	1	9921609
VASA own, 75 nt	multi	75	MiscRna	2686541	9921609
VASA own, 75 nt	multi	75	MtRrna	195	9921609
VASA own, 75 nt	multi	75	MtTrna	242	9921609
VASA own, 75 nt	multi	75	ProcessedPseudogene	1303705	9921609
VASA own, 75 nt	multi	75	ProteinCoding	7624414	9921609
VASA own, 75 nt	multi	75	TEC	7050	9921609
VASA own, 75 nt	multi	75	TrCGene	2	9921609
VASA own, 75 nt	multi	75	TrVGene	2	9921609
VASA own, 75 nt	multi	75	TrVPseudogene	1	9921609
VASA own, 75 nt	multi	75	TranscribedProcessedPseudogene	592115	9921609
VASA own, 75 nt	multi	75	TranscribedUnitaryPseudogene	42716	9921609
VASA own, 75 nt	multi	75	TranscribedUnprocessedPseudogene	63034	9921609
VASA own, 75 nt	multi	75	TranslatedUnprocessedPseudogene	1	9921609
VASA own, 75 nt	multi	75	UnitaryPseudogene	5030	9921609
VASA own, 75 nt	multi	75	UnprocessedPseudogene	108014	9921609
VASA own, 75 nt	multi	75	lncRNA	7237645	9921609
VASA own, 75 nt	multi	75	miRNA	1282267	9921609
VASA own, 75 nt	multi	75	rRNA	2393	9921609
VASA own, 75 nt	multi	75	ribozyme	6168	9921609
VASA own, 75 nt	multi	75	scaRNA	48	9921609
VASA own, 75 nt	multi	75	snRNA	1762191	9921609
VASA own, 75 nt	multi	75	snoRNA	423735	9921609
VASA own, 75 nt	multi	75	tRNA	2136	9921609
VASA own, 75 nt	single	15	MiscRna	5	20265
VASA own, 75 nt	single	15	MtRrna	1	20265
VASA own, 75 nt	single	15	ProcessedPseudogene	57	20265
VASA own, 75 nt	single	15	ProteinCoding	14278	20265
VASA own, 75 nt	single	15	TEC	59	20265
VASA own, 75 nt	single	15	TranscribedProcessedPseudogene	10	20265
VASA own, 75 nt	single	15	TranscribedUnitaryPseudogene	17	20265
VASA own, 75 nt	single	15	TranscribedUnprocessedPseudogene	19	20265
VASA own, 75 nt	single	15	UnitaryPseudogene	13	20265
VASA own, 75 nt	single	15	UnprocessedPseudogene	10	20265
VASA own, 75 nt	single	15	lncRNA	5994	20265
VASA own, 75 nt	single	15	miRNA	10	20265
VASA own, 75 nt	single	15	rRNA	26	20265
VASA own, 75 nt	single	15	ribozyme	615	20265
VASA own, 75 nt	single	15	scaRNA	7	20265
VASA own, 75 nt	single	15	snRNA	25	20265
VASA own, 75 nt	single	15	snoRNA	50	20265
VASA own, 75 nt	single	15	tRNA	5	20265
VASA own, 75 nt	single	16	IgVGene	1	21238
VASA own, 75 nt	single	16	MiscRna	5	21238
VASA own, 75 nt	single	16	MtRrna	1	21238
VASA own, 75 nt	single	16	MtTrna	2	21238
VASA own, 75 nt	single	16	ProcessedPseudogene	52	21238
VASA own, 75 nt	single	16	ProteinCoding	15310	21238
VASA own, 75 nt	single	16	TEC	93	21238
VASA own, 75 nt	single	16	TranscribedProcessedPseudogene	8	21238
VASA own, 75 nt	single	16	TranscribedUnitaryPseudogene	28	21238
VASA own, 75 nt	single	16	TranscribedUnprocessedPseudogene	25	21238
VASA own, 75 nt	single	16	TranslatedUnprocessedPseudogene	1	21238
VASA own, 75 nt	single	16	UnitaryPseudogene	15	21238
VASA own, 75 nt	single	16	UnprocessedPseudogene	17	21238
VASA own, 75 nt	single	16	lncRNA	5573	21238
VASA own, 75 nt	single	16	miRNA	17	21238
VASA own, 75 nt	single	16	rRNA	82	21238
VASA own, 75 nt	single	16	ribozyme	481	21238
VASA own, 75 nt	single	16	scaRNA	15	21238
VASA own, 75 nt	single	16	snRNA	371	21238
VASA own, 75 nt	single	16	snoRNA	69	21238
VASA own, 75 nt	single	16	tRNA	24	21238
VASA own, 75 nt	single	17	MiscRna	22	28456
VASA own, 75 nt	single	17	MtRrna	6	28456
VASA own, 75 nt	single	17	MtTrna	5	28456
VASA own, 75 nt	single	17	ProcessedPseudogene	65	28456
VASA own, 75 nt	single	17	ProteinCoding	21499	28456
VASA own, 75 nt	single	17	TEC	123	28456
VASA own, 75 nt	single	17	TrCGene	2	28456
VASA own, 75 nt	single	17	TrVGene	1	28456
VASA own, 75 nt	single	17	TranscribedProcessedPseudogene	7	28456
VASA own, 75 nt	single	17	TranscribedUnitaryPseudogene	29	28456
VASA own, 75 nt	single	17	TranscribedUnprocessedPseudogene	64	28456
VASA own, 75 nt	single	17	TranslatedUnprocessedPseudogene	1	28456
VASA own, 75 nt	single	17	UnitaryPseudogene	21	28456
VASA own, 75 nt	single	17	UnprocessedPseudogene	19	28456
VASA own, 75 nt	single	17	lncRNA	6904	28456
VASA own, 75 nt	single	17	miRNA	28	28456
VASA own, 75 nt	single	17	rRNA	63	28456
VASA own, 75 nt	single	17	ribozyme	300	28456
VASA own, 75 nt	single	17	scaRNA	6	28456
VASA own, 75 nt	single	17	snRNA	104	28456
VASA own, 75 nt	single	17	snoRNA	136	28456
VASA own, 75 nt	single	17	tRNA	40	28456
VASA own, 75 nt	single	18	IgCGene	1	32714
VASA own, 75 nt	single	18	IgVPseudogene	1	32714
VASA own, 75 nt	single	18	MiscRna	41	32714
VASA own, 75 nt	single	18	MtRrna	6	32714
VASA own, 75 nt	single	18	MtTrna	11	32714
VASA own, 75 nt	single	18	ProcessedPseudogene	114	32714
VASA own, 75 nt	single	18	ProteinCoding	25010	32714
VASA own, 75 nt	single	18	TEC	143	32714
VASA own, 75 nt	single	18	TranscribedProcessedPseudogene	14	32714
VASA own, 75 nt	single	18	TranscribedUnitaryPseudogene	26	32714
VASA own, 75 nt	single	18	TranscribedUnprocessedPseudogene	80	32714
VASA own, 75 nt	single	18	UnitaryPseudogene	24	32714
VASA own, 75 nt	single	18	UnprocessedPseudogene	29	32714
VASA own, 75 nt	single	18	lncRNA	7426	32714
VASA own, 75 nt	single	18	miRNA	28	32714
VASA own, 75 nt	single	18	rRNA	287	32714
VASA own, 75 nt	single	18	ribozyme	306	32714
VASA own, 75 nt	single	18	scaRNA	16	32714
VASA own, 75 nt	single	18	snRNA	112	32714
VASA own, 75 nt	single	18	snoRNA	319	32714
VASA own, 75 nt	single	18	tRNA	24	32714
VASA own, 75 nt	single	19	MiscRna	60	42131
VASA own, 75 nt	single	19	MtRrna	14	42131
VASA own, 75 nt	single	19	MtTrna	15	42131
VASA own, 75 nt	single	19	ProcessedPseudogene	127	42131
VASA own, 75 nt	single	19	ProteinCoding	31647	42131
VASA own, 75 nt	single	19	TEC	157	42131
VASA own, 75 nt	single	19	TrVGene	1	42131
VASA own, 75 nt	single	19	TranscribedProcessedPseudogene	16	42131
VASA own, 75 nt	single	19	TranscribedUnitaryPseudogene	27	42131
VASA own, 75 nt	single	19	TranscribedUnprocessedPseudogene	51	42131
VASA own, 75 nt	single	19	UnitaryPseudogene	14	42131
VASA own, 75 nt	single	19	UnprocessedPseudogene	33	42131
VASA own, 75 nt	single	19	lncRNA	10322	42131
VASA own, 75 nt	single	19	miRNA	46	42131
VASA own, 75 nt	single	19	rRNA	215	42131
VASA own, 75 nt	single	19	ribozyme	264	42131
VASA own, 75 nt	single	19	scaRNA	23	42131
VASA own, 75 nt	single	19	snRNA	81	42131
VASA own, 75 nt	single	19	snoRNA	307	42131
VASA own, 75 nt	single	19	tRNA	36	42131
VASA own, 75 nt	single	20	MiscRna	58	51011
VASA own, 75 nt	single	20	MtRrna	55	51011
VASA own, 75 nt	single	20	MtTrna	36	51011
VASA own, 75 nt	single	20	ProcessedPseudogene	122	51011
VASA own, 75 nt	single	20	ProteinCoding	38432	51011
VASA own, 75 nt	single	20	TEC	188	51011
VASA own, 75 nt	single	20	TrVGene	1	51011
VASA own, 75 nt	single	20	TranscribedProcessedPseudogene	17	51011
VASA own, 75 nt	single	20	TranscribedUnitaryPseudogene	38	51011
VASA own, 75 nt	single	20	TranscribedUnprocessedPseudogene	65	51011
VASA own, 75 nt	single	20	UnitaryPseudogene	27	51011
VASA own, 75 nt	single	20	UnprocessedPseudogene	43	51011
VASA own, 75 nt	single	20	lncRNA	12092	51011
VASA own, 75 nt	single	20	miRNA	276	51011
VASA own, 75 nt	single	20	rRNA	460	51011
VASA own, 75 nt	single	20	ribozyme	310	51011
VASA own, 75 nt	single	20	scaRNA	21	51011
VASA own, 75 nt	single	20	snRNA	117	51011
VASA own, 75 nt	single	20	snoRNA	349	51011
VASA own, 75 nt	single	20	tRNA	17	51011
VASA own, 75 nt	single	21	IgVPseudogene	2	51417
VASA own, 75 nt	single	21	MiscRna	81	51417
VASA own, 75 nt	single	21	MtRrna	45	51417
VASA own, 75 nt	single	21	MtTrna	22	51417
VASA own, 75 nt	single	21	ProcessedPseudogene	117	51417
VASA own, 75 nt	single	21	ProteinCoding	38255	51417
VASA own, 75 nt	single	21	TEC	281	51417
VASA own, 75 nt	single	21	TrVGene	1	51417
VASA own, 75 nt	single	21	TranscribedProcessedPseudogene	33	51417
VASA own, 75 nt	single	21	TranscribedUnitaryPseudogene	45	51417
VASA own, 75 nt	single	21	TranscribedUnprocessedPseudogene	91	51417
VASA own, 75 nt	single	21	TranslatedUnprocessedPseudogene	2	51417
VASA own, 75 nt	single	21	UnitaryPseudogene	43	51417
VASA own, 75 nt	single	21	UnprocessedPseudogene	70	51417
VASA own, 75 nt	single	21	lncRNA	12703	51417
VASA own, 75 nt	single	21	miRNA	134	51417
VASA own, 75 nt	single	21	rRNA	756	51417
VASA own, 75 nt	single	21	ribozyme	339	51417
VASA own, 75 nt	single	21	scaRNA	29	51417
VASA own, 75 nt	single	21	snRNA	110	51417
VASA own, 75 nt	single	21	snoRNA	380	51417
VASA own, 75 nt	single	21	tRNA	28	51417
VASA own, 75 nt	single	22	MiscRna	89	56733
VASA own, 75 nt	single	22	MtRrna	48	56733
VASA own, 75 nt	single	22	MtTrna	25	56733
VASA own, 75 nt	single	22	ProcessedPseudogene	132	56733
VASA own, 75 nt	single	22	ProteinCoding	41127	56733
VASA own, 75 nt	single	22	TEC	295	56733
VASA own, 75 nt	single	22	TranscribedProcessedPseudogene	20	56733
VASA own, 75 nt	single	22	TranscribedUnitaryPseudogene	69	56733
VASA own, 75 nt	single	22	TranscribedUnprocessedPseudogene	66	56733
VASA own, 75 nt	single	22	TranslatedUnprocessedPseudogene	1	56733
VASA own, 75 nt	single	22	UnitaryPseudogene	50	56733
VASA own, 75 nt	single	22	UnprocessedPseudogene	47	56733
VASA own, 75 nt	single	22	lncRNA	14598	56733
VASA own, 75 nt	single	22	miRNA	103	56733
VASA own, 75 nt	single	22	rRNA	1524	56733
VASA own, 75 nt	single	22	ribozyme	335	56733
VASA own, 75 nt	single	22	scaRNA	27	56733
VASA own, 75 nt	single	22	snRNA	98	56733
VASA own, 75 nt	single	22	snoRNA	545	56733
VASA own, 75 nt	single	22	tRNA	18	56733
VASA own, 75 nt	single	23	IgVGene	1	62559
VASA own, 75 nt	single	23	MiscRna	118	62559
VASA own, 75 nt	single	23	MtRrna	85	62559
VASA own, 75 nt	single	23	MtTrna	34	62559
VASA own, 75 nt	single	23	ProcessedPseudogene	130	62559
VASA own, 75 nt	single	23	ProteinCoding	44770	62559
VASA own, 75 nt	single	23	TEC	286	62559
VASA own, 75 nt	single	23	TranscribedProcessedPseudogene	15	62559
VASA own, 75 nt	single	23	TranscribedUnitaryPseudogene	100	62559
VASA own, 75 nt	single	23	TranscribedUnprocessedPseudogene	72	62559
VASA own, 75 nt	single	23	UnitaryPseudogene	41	62559
VASA own, 75 nt	single	23	UnprocessedPseudogene	128	62559
VASA own, 75 nt	single	23	lncRNA	17528	62559
VASA own, 75 nt	single	23	miRNA	96	62559
VASA own, 75 nt	single	23	rRNA	1246	62559
VASA own, 75 nt	single	23	ribozyme	397	62559
VASA own, 75 nt	single	23	scaRNA	36	62559
VASA own, 75 nt	single	23	snRNA	89	62559
VASA own, 75 nt	single	23	snoRNA	598	62559
VASA own, 75 nt	single	23	tRNA	27	62559
VASA own, 75 nt	single	24	MiscRna	114	65475
VASA own, 75 nt	single	24	MtRrna	98	65475
VASA own, 75 nt	single	24	MtTrna	48	65475
VASA own, 75 nt	single	24	ProcessedPseudogene	181	65475
VASA own, 75 nt	single	24	ProteinCoding	46108	65475
VASA own, 75 nt	single	24	TEC	283	65475
VASA own, 75 nt	single	24	TranscribedProcessedPseudogene	23	65475
VASA own, 75 nt	single	24	TranscribedUnitaryPseudogene	47	65475
VASA own, 75 nt	single	24	TranscribedUnprocessedPseudogene	91	65475
VASA own, 75 nt	single	24	UnitaryPseudogene	72	65475
VASA own, 75 nt	single	24	UnprocessedPseudogene	116	65475
VASA own, 75 nt	single	24	lncRNA	18604	65475
VASA own, 75 nt	single	24	miRNA	113	65475
VASA own, 75 nt	single	24	rRNA	1479	65475
VASA own, 75 nt	single	24	ribozyme	267	65475
VASA own, 75 nt	single	24	scaRNA	35	65475
VASA own, 75 nt	single	24	snRNA	111	65475
VASA own, 75 nt	single	24	snoRNA	569	65475
VASA own, 75 nt	single	24	tRNA	54	65475
VASA own, 75 nt	single	25	IgVGene	1	71468
VASA own, 75 nt	single	25	MiscRna	139	71468
VASA own, 75 nt	single	25	MtRrna	77	71468
VASA own, 75 nt	single	25	MtTrna	33	71468
VASA own, 75 nt	single	25	ProcessedPseudogene	167	71468
VASA own, 75 nt	single	25	ProteinCoding	50649	71468
VASA own, 75 nt	single	25	TEC	298	71468
VASA own, 75 nt	single	25	TranscribedProcessedPseudogene	18	71468
VASA own, 75 nt	single	25	TranscribedUnitaryPseudogene	59	71468
VASA own, 75 nt	single	25	TranscribedUnprocessedPseudogene	101	71468
VASA own, 75 nt	single	25	UnitaryPseudogene	82	71468
VASA own, 75 nt	single	25	UnprocessedPseudogene	115	71468
VASA own, 75 nt	single	25	lncRNA	20415	71468
VASA own, 75 nt	single	25	miRNA	154	71468
VASA own, 75 nt	single	25	rRNA	1574	71468
VASA own, 75 nt	single	25	ribozyme	274	71468
VASA own, 75 nt	single	25	scaRNA	47	71468
VASA own, 75 nt	single	25	snRNA	95	71468
VASA own, 75 nt	single	25	snoRNA	613	71468
VASA own, 75 nt	single	25	tRNA	29	71468
VASA own, 75 nt	single	26	IgCGene	1	73832
VASA own, 75 nt	single	26	MiscRna	133	73832
VASA own, 75 nt	single	26	MtRrna	318	73832
VASA own, 75 nt	single	26	MtTrna	244	73832
VASA own, 75 nt	single	26	ProcessedPseudogene	167	73832
VASA own, 75 nt	single	26	ProteinCoding	52738	73832
VASA own, 75 nt	single	26	TEC	319	73832
VASA own, 75 nt	single	26	TrCGene	1	73832
VASA own, 75 nt	single	26	TrVGene	1	73832
VASA own, 75 nt	single	26	TranscribedProcessedPseudogene	23	73832
VASA own, 75 nt	single	26	TranscribedUnitaryPseudogene	33	73832
VASA own, 75 nt	single	26	TranscribedUnprocessedPseudogene	167	73832
VASA own, 75 nt	single	26	TranslatedUnprocessedPseudogene	1	73832
VASA own, 75 nt	single	26	UnitaryPseudogene	85	73832
VASA own, 75 nt	single	26	UnprocessedPseudogene	73	73832
VASA own, 75 nt	single	26	lncRNA	20245	73832
VASA own, 75 nt	single	26	miRNA	98	73832
VASA own, 75 nt	single	26	rRNA	1546	73832
VASA own, 75 nt	single	26	ribozyme	310	73832
VASA own, 75 nt	single	26	scaRNA	36	73832
VASA own, 75 nt	single	26	snRNA	156	73832
VASA own, 75 nt	single	26	snoRNA	696	73832
VASA own, 75 nt	single	26	tRNA	23	73832
VASA own, 75 nt	single	27	IgVPseudogene	3	73774
VASA own, 75 nt	single	27	MiscRna	138	73774
VASA own, 75 nt	single	27	MtRrna	253	73774
VASA own, 75 nt	single	27	MtTrna	140	73774
VASA own, 75 nt	single	27	ProcessedPseudogene	116	73774
VASA own, 75 nt	single	27	ProteinCoding	51878	73774
VASA own, 75 nt	single	27	TEC	315	73774
VASA own, 75 nt	single	27	TrVPseudogene	1	73774
VASA own, 75 nt	single	27	TranscribedProcessedPseudogene	18	73774
VASA own, 75 nt	single	27	TranscribedUnitaryPseudogene	26	73774
VASA own, 75 nt	single	27	TranscribedUnprocessedPseudogene	153	73774
VASA own, 75 nt	single	27	TranslatedUnprocessedPseudogene	1	73774
VASA own, 75 nt	single	27	UnitaryPseudogene	183	73774
VASA own, 75 nt	single	27	UnprocessedPseudogene	54	73774
VASA own, 75 nt	single	27	lncRNA	20749	73774
VASA own, 75 nt	single	27	miRNA	110	73774
VASA own, 75 nt	single	27	rRNA	1416	73774
VASA own, 75 nt	single	27	ribozyme	249	73774
VASA own, 75 nt	single	27	scaRNA	40	73774
VASA own, 75 nt	single	27	snRNA	153	73774
VASA own, 75 nt	single	27	snoRNA	642	73774
VASA own, 75 nt	single	27	tRNA	28	73774
VASA own, 75 nt	single	28	IgVGene	1	72554
VASA own, 75 nt	single	28	MiscRna	129	72554
VASA own, 75 nt	single	28	MtRrna	351	72554
VASA own, 75 nt	single	28	MtTrna	262	72554
VASA own, 75 nt	single	28	ProcessedPseudogene	155	72554
VASA own, 75 nt	single	28	ProteinCoding	52031	72554
VASA own, 75 nt	single	28	TEC	418	72554
VASA own, 75 nt	single	28	TrCGene	1	72554
VASA own, 75 nt	single	28	TranscribedProcessedPseudogene	21	72554
VASA own, 75 nt	single	28	TranscribedUnitaryPseudogene	23	72554
VASA own, 75 nt	single	28	TranscribedUnprocessedPseudogene	78	72554
VASA own, 75 nt	single	28	UnitaryPseudogene	59	72554
VASA own, 75 nt	single	28	UnprocessedPseudogene	60	72554
VASA own, 75 nt	single	28	lncRNA	19144	72554
VASA own, 75 nt	single	28	miRNA	151	72554
VASA own, 75 nt	single	28	rRNA	1586	72554
VASA own, 75 nt	single	28	ribozyme	322	72554
VASA own, 75 nt	single	28	scaRNA	64	72554
VASA own, 75 nt	single	28	snRNA	146	72554
VASA own, 75 nt	single	28	snoRNA	637	72554
VASA own, 75 nt	single	28	tRNA	38	72554
VASA own, 75 nt	single	29	IgVGene	1	71668
VASA own, 75 nt	single	29	MiscRna	161	71668
VASA own, 75 nt	single	29	MtRrna	232	71668
VASA own, 75 nt	single	29	MtTrna	141	71668
VASA own, 75 nt	single	29	ProcessedPseudogene	125	71668
VASA own, 75 nt	single	29	ProteinCoding	51811	71668
VASA own, 75 nt	single	29	TEC	305	71668
VASA own, 75 nt	single	29	TranscribedProcessedPseudogene	24	71668
VASA own, 75 nt	single	29	TranscribedUnitaryPseudogene	23	71668
VASA own, 75 nt	single	29	TranscribedUnprocessedPseudogene	95	71668
VASA own, 75 nt	single	29	UnitaryPseudogene	28	71668
VASA own, 75 nt	single	29	UnprocessedPseudogene	120	71668
VASA own, 75 nt	single	29	lncRNA	18578	71668
VASA own, 75 nt	single	29	miRNA	117	71668
VASA own, 75 nt	single	29	rRNA	1501	71668
VASA own, 75 nt	single	29	ribozyme	297	71668
VASA own, 75 nt	single	29	scaRNA	42	71668
VASA own, 75 nt	single	29	snRNA	171	71668
VASA own, 75 nt	single	29	snoRNA	613	71668
VASA own, 75 nt	single	29	tRNA	38	71668
VASA own, 75 nt	single	30	MiscRna	166	60761
VASA own, 75 nt	single	30	MtRrna	221	60761
VASA own, 75 nt	single	30	MtTrna	118	60761
VASA own, 75 nt	single	30	ProcessedPseudogene	91	60761
VASA own, 75 nt	single	30	ProteinCoding	45052	60761
VASA own, 75 nt	single	30	TEC	319	60761
VASA own, 75 nt	single	30	TranscribedProcessedPseudogene	28	60761
VASA own, 75 nt	single	30	TranscribedUnitaryPseudogene	28	60761
VASA own, 75 nt	single	30	TranscribedUnprocessedPseudogene	75	60761
VASA own, 75 nt	single	30	UnitaryPseudogene	26	60761
VASA own, 75 nt	single	30	UnprocessedPseudogene	76	60761
VASA own, 75 nt	single	30	lncRNA	14862	60761
VASA own, 75 nt	single	30	miRNA	122	60761
VASA own, 75 nt	single	30	rRNA	1203	60761
VASA own, 75 nt	single	30	ribozyme	334	60761
VASA own, 75 nt	single	30	scaRNA	40	60761
VASA own, 75 nt	single	30	snRNA	139	60761
VASA own, 75 nt	single	30	snoRNA	696	60761
VASA own, 75 nt	single	30	tRNA	43	60761
VASA own, 75 nt	single	31	MiscRna	146	58252
VASA own, 75 nt	single	31	MtRrna	197	58252
VASA own, 75 nt	single	31	MtTrna	104	58252
VASA own, 75 nt	single	31	ProcessedPseudogene	100	58252
VASA own, 75 nt	single	31	ProteinCoding	43934	58252
VASA own, 75 nt	single	31	TEC	281	58252
VASA own, 75 nt	single	31	TranscribedProcessedPseudogene	11	58252
VASA own, 75 nt	single	31	TranscribedUnitaryPseudogene	17	58252
VASA own, 75 nt	single	31	TranscribedUnprocessedPseudogene	65	58252
VASA own, 75 nt	single	31	UnitaryPseudogene	22	58252
VASA own, 75 nt	single	31	UnprocessedPseudogene	24	58252
VASA own, 75 nt	single	31	lncRNA	13028	58252
VASA own, 75 nt	single	31	miRNA	115	58252
VASA own, 75 nt	single	31	rRNA	1371	58252
VASA own, 75 nt	single	31	ribozyme	420	58252
VASA own, 75 nt	single	31	scaRNA	49	58252
VASA own, 75 nt	single	31	snRNA	180	58252
VASA own, 75 nt	single	31	snoRNA	781	58252
VASA own, 75 nt	single	31	tRNA	41	58252
VASA own, 75 nt	single	32	MiscRna	146	56379
VASA own, 75 nt	single	32	MtRrna	174	56379
VASA own, 75 nt	single	32	MtTrna	75	56379
VASA own, 75 nt	single	32	ProcessedPseudogene	90	56379
VASA own, 75 nt	single	32	ProteinCoding	43344	56379
VASA own, 75 nt	single	32	TEC	142	56379
VASA own, 75 nt	single	32	TranscribedProcessedPseudogene	13	56379
VASA own, 75 nt	single	32	TranscribedUnitaryPseudogene	18	56379
VASA own, 75 nt	single	32	TranscribedUnprocessedPseudogene	117	56379
VASA own, 75 nt	single	32	UnitaryPseudogene	19	56379
VASA own, 75 nt	single	32	UnprocessedPseudogene	37	56379
VASA own, 75 nt	single	32	lncRNA	11762	56379
VASA own, 75 nt	single	32	miRNA	141	56379
VASA own, 75 nt	single	32	rRNA	1307	56379
VASA own, 75 nt	single	32	ribozyme	545	56379
VASA own, 75 nt	single	32	scaRNA	123	56379
VASA own, 75 nt	single	32	snRNA	207	56379
VASA own, 75 nt	single	32	snoRNA	833	56379
VASA own, 75 nt	single	32	tRNA	57	56379
VASA own, 75 nt	single	33	MiscRna	123	53486
VASA own, 75 nt	single	33	MtRrna	164	53486
VASA own, 75 nt	single	33	MtTrna	61	53486
VASA own, 75 nt	single	33	ProcessedPseudogene	92	53486
VASA own, 75 nt	single	33	ProteinCoding	42276	53486
VASA own, 75 nt	single	33	TEC	135	53486
VASA own, 75 nt	single	33	TranscribedProcessedPseudogene	18	53486
VASA own, 75 nt	single	33	TranscribedUnitaryPseudogene	14	53486
VASA own, 75 nt	single	33	TranscribedUnprocessedPseudogene	99	53486
VASA own, 75 nt	single	33	UnitaryPseudogene	21	53486
VASA own, 75 nt	single	33	UnprocessedPseudogene	17	53486
VASA own, 75 nt	single	33	lncRNA	10276	53486
VASA own, 75 nt	single	33	miRNA	102	53486
VASA own, 75 nt	single	33	rRNA	1131	53486
VASA own, 75 nt	single	33	ribozyme	390	53486
VASA own, 75 nt	single	33	scaRNA	48	53486
VASA own, 75 nt	single	33	snRNA	284	53486
VASA own, 75 nt	single	33	snoRNA	786	53486
VASA own, 75 nt	single	33	tRNA	40	53486
VASA own, 75 nt	single	34	MiscRna	133	53445
VASA own, 75 nt	single	34	MtRrna	135	53445
VASA own, 75 nt	single	34	MtTrna	47	53445
VASA own, 75 nt	single	34	ProcessedPseudogene	93	53445
VASA own, 75 nt	single	34	ProteinCoding	42180	53445
VASA own, 75 nt	single	34	TEC	123	53445
VASA own, 75 nt	single	34	TranscribedProcessedPseudogene	19	53445
VASA own, 75 nt	single	34	TranscribedUnitaryPseudogene	12	53445
VASA own, 75 nt	single	34	TranscribedUnprocessedPseudogene	185	53445
VASA own, 75 nt	single	34	TranslatedUnprocessedPseudogene	1	53445
VASA own, 75 nt	single	34	UnitaryPseudogene	27	53445
VASA own, 75 nt	single	34	UnprocessedPseudogene	35	53445
VASA own, 75 nt	single	34	lncRNA	10315	53445
VASA own, 75 nt	single	34	miRNA	107	53445
VASA own, 75 nt	single	34	rRNA	1084	53445
VASA own, 75 nt	single	34	ribozyme	556	53445
VASA own, 75 nt	single	34	scaRNA	48	53445
VASA own, 75 nt	single	34	snRNA	204	53445
VASA own, 75 nt	single	34	snoRNA	999	53445
VASA own, 75 nt	single	34	tRNA	31	53445
VASA own, 75 nt	single	35	MiscRna	84	48831
VASA own, 75 nt	single	35	MtRrna	110	48831
VASA own, 75 nt	single	35	MtTrna	36	48831
VASA own, 75 nt	single	35	ProcessedPseudogene	83	48831
VASA own, 75 nt	single	35	ProteinCoding	39228	48831
VASA own, 75 nt	single	35	TEC	124	48831
VASA own, 75 nt	single	35	TranscribedProcessedPseudogene	21	48831
VASA own, 75 nt	single	35	TranscribedUnitaryPseudogene	21	48831
VASA own, 75 nt	single	35	TranscribedUnprocessedPseudogene	51	48831
VASA own, 75 nt	single	35	UnitaryPseudogene	15	48831
VASA own, 75 nt	single	35	UnprocessedPseudogene	27	48831
VASA own, 75 nt	single	35	lncRNA	8753	48831
VASA own, 75 nt	single	35	miRNA	101	48831
VASA own, 75 nt	single	35	rRNA	1057	48831
VASA own, 75 nt	single	35	ribozyme	569	48831
VASA own, 75 nt	single	35	scaRNA	60	48831
VASA own, 75 nt	single	35	snRNA	155	48831
VASA own, 75 nt	single	35	snoRNA	1166	48831
VASA own, 75 nt	single	35	tRNA	37	48831
VASA own, 75 nt	single	36	MiscRna	200	44788
VASA own, 75 nt	single	36	MtRrna	109	44788
VASA own, 75 nt	single	36	MtTrna	37	44788
VASA own, 75 nt	single	36	ProcessedPseudogene	93	44788
VASA own, 75 nt	single	36	ProteinCoding	36175	44788
VASA own, 75 nt	single	36	TEC	106	44788
VASA own, 75 nt	single	36	TranscribedProcessedPseudogene	12	44788
VASA own, 75 nt	single	36	TranscribedUnitaryPseudogene	10	44788
VASA own, 75 nt	single	36	TranscribedUnprocessedPseudogene	32	44788
VASA own, 75 nt	single	36	UnitaryPseudogene	14	44788
VASA own, 75 nt	single	36	UnprocessedPseudogene	17	44788
VASA own, 75 nt	single	36	lncRNA	7647	44788
VASA own, 75 nt	single	36	miRNA	116	44788
VASA own, 75 nt	single	36	rRNA	964	44788
VASA own, 75 nt	single	36	ribozyme	672	44788
VASA own, 75 nt	single	36	scaRNA	83	44788
VASA own, 75 nt	single	36	snRNA	213	44788
VASA own, 75 nt	single	36	snoRNA	1161	44788
VASA own, 75 nt	single	36	tRNA	41	44788
VASA own, 75 nt	single	37	MiscRna	237	45414
VASA own, 75 nt	single	37	MtRrna	95	45414
VASA own, 75 nt	single	37	MtTrna	47	45414
VASA own, 75 nt	single	37	ProcessedPseudogene	149	45414
VASA own, 75 nt	single	37	ProteinCoding	36318	45414
VASA own, 75 nt	single	37	TEC	103	45414
VASA own, 75 nt	single	37	TranscribedProcessedPseudogene	17	45414
VASA own, 75 nt	single	37	TranscribedUnitaryPseudogene	6	45414
VASA own, 75 nt	single	37	TranscribedUnprocessedPseudogene	20	45414
VASA own, 75 nt	single	37	UnitaryPseudogene	18	45414
VASA own, 75 nt	single	37	UnprocessedPseudogene	11	45414
VASA own, 75 nt	single	37	lncRNA	8162	45414
VASA own, 75 nt	single	37	miRNA	131	45414
VASA own, 75 nt	single	37	rRNA	840	45414
VASA own, 75 nt	single	37	ribozyme	799	45414
VASA own, 75 nt	single	37	scaRNA	45	45414
VASA own, 75 nt	single	37	snRNA	213	45414
VASA own, 75 nt	single	37	snoRNA	1285	45414
VASA own, 75 nt	single	37	tRNA	49	45414
VASA own, 75 nt	single	38	MiscRna	217	45077
VASA own, 75 nt	single	38	MtRrna	95	45077
VASA own, 75 nt	single	38	MtTrna	33	45077
VASA own, 75 nt	single	38	ProcessedPseudogene	113	45077
VASA own, 75 nt	single	38	ProteinCoding	36754	45077
VASA own, 75 nt	single	38	TEC	108	45077
VASA own, 75 nt	single	38	TranscribedProcessedPseudogene	33	45077
VASA own, 75 nt	single	38	TranscribedUnitaryPseudogene	12	45077
VASA own, 75 nt	single	38	TranscribedUnprocessedPseudogene	16	45077
VASA own, 75 nt	single	38	UnitaryPseudogene	17	45077
VASA own, 75 nt	single	38	UnprocessedPseudogene	7	45077
VASA own, 75 nt	single	38	lncRNA	7651	45077
VASA own, 75 nt	single	38	miRNA	133	45077
VASA own, 75 nt	single	38	rRNA	789	45077
VASA own, 75 nt	single	38	ribozyme	582	45077
VASA own, 75 nt	single	38	scaRNA	49	45077
VASA own, 75 nt	single	38	snRNA	245	45077
VASA own, 75 nt	single	38	snoRNA	1718	45077
VASA own, 75 nt	single	38	tRNA	58	45077
VASA own, 75 nt	single	39	MiscRna	277	45246
VASA own, 75 nt	single	39	MtRrna	96	45246
VASA own, 75 nt	single	39	MtTrna	47	45246
VASA own, 75 nt	single	39	ProcessedPseudogene	94	45246
VASA own, 75 nt	single	39	ProteinCoding	36767	45246
VASA own, 75 nt	single	39	TEC	102	45246
VASA own, 75 nt	single	39	TranscribedProcessedPseudogene	16	45246
VASA own, 75 nt	single	39	TranscribedUnitaryPseudogene	11	45246
VASA own, 75 nt	single	39	TranscribedUnprocessedPseudogene	20	45246
VASA own, 75 nt	single	39	UnitaryPseudogene	7	45246
VASA own, 75 nt	single	39	UnprocessedPseudogene	10	45246
VASA own, 75 nt	single	39	lncRNA	7696	45246
VASA own, 75 nt	single	39	miRNA	195	45246
VASA own, 75 nt	single	39	rRNA	637	45246
VASA own, 75 nt	single	39	ribozyme	792	45246
VASA own, 75 nt	single	39	scaRNA	109	45246
VASA own, 75 nt	single	39	snRNA	237	45246
VASA own, 75 nt	single	39	snoRNA	1769	45246
VASA own, 75 nt	single	39	tRNA	45	45246
VASA own, 75 nt	single	40	IgCGene	1	45638
VASA own, 75 nt	single	40	MiscRna	379	45638
VASA own, 75 nt	single	40	MtRrna	84	45638
VASA own, 75 nt	single	40	MtTrna	43	45638
VASA own, 75 nt	single	40	ProcessedPseudogene	110	45638
VASA own, 75 nt	single	40	ProteinCoding	37507	45638
VASA own, 75 nt	single	40	TEC	106	45638
VASA own, 75 nt	single	40	TranscribedProcessedPseudogene	14	45638
VASA own, 75 nt	single	40	TranscribedUnitaryPseudogene	6	45638
VASA own, 75 nt	single	40	TranscribedUnprocessedPseudogene	21	45638
VASA own, 75 nt	single	40	TranslatedUnprocessedPseudogene	1	45638
VASA own, 75 nt	single	40	UnitaryPseudogene	9	45638
VASA own, 75 nt	single	40	UnprocessedPseudogene	12	45638
VASA own, 75 nt	single	40	lncRNA	7313	45638
VASA own, 75 nt	single	40	miRNA	99	45638
VASA own, 75 nt	single	40	rRNA	642	45638
VASA own, 75 nt	single	40	ribozyme	845	45638
VASA own, 75 nt	single	40	scaRNA	65	45638
VASA own, 75 nt	single	40	snRNA	238	45638
VASA own, 75 nt	single	40	snoRNA	1282	45638
VASA own, 75 nt	single	40	tRNA	49	45638
VASA own, 75 nt	single	41	MiscRna	518	44326
VASA own, 75 nt	single	41	MtRrna	57	44326
VASA own, 75 nt	single	41	MtTrna	27	44326
VASA own, 75 nt	single	41	ProcessedPseudogene	86	44326
VASA own, 75 nt	single	41	ProteinCoding	36946	44326
VASA own, 75 nt	single	41	TEC	121	44326
VASA own, 75 nt	single	41	TranscribedProcessedPseudogene	21	44326
VASA own, 75 nt	single	41	TranscribedUnitaryPseudogene	7	44326
VASA own, 75 nt	single	41	TranscribedUnprocessedPseudogene	20	44326
VASA own, 75 nt	single	41	UnitaryPseudogene	9	44326
VASA own, 75 nt	single	41	UnprocessedPseudogene	11	44326
VASA own, 75 nt	single	41	lncRNA	6553	44326
VASA own, 75 nt	single	41	miRNA	171	44326
VASA own, 75 nt	single	41	rRNA	529	44326
VASA own, 75 nt	single	41	ribozyme	879	44326
VASA own, 75 nt	single	41	scaRNA	100	44326
VASA own, 75 nt	single	41	snRNA	241	44326
VASA own, 75 nt	single	41	snoRNA	1416	44326
VASA own, 75 nt	single	41	tRNA	37	44326
VASA own, 75 nt	single	42	MiscRna	942	45329
VASA own, 75 nt	single	42	MtRrna	104	45329
VASA own, 75 nt	single	42	MtTrna	41	45329
VASA own, 75 nt	single	42	ProcessedPseudogene	99	45329
VASA own, 75 nt	single	42	ProteinCoding	37334	45329
VASA own, 75 nt	single	42	TEC	95	45329
VASA own, 75 nt	single	42	TranscribedProcessedPseudogene	20	45329
VASA own, 75 nt	single	42	TranscribedUnitaryPseudogene	7	45329
VASA own, 75 nt	single	42	TranscribedUnprocessedPseudogene	15	45329
VASA own, 75 nt	single	42	UnitaryPseudogene	8	45329
VASA own, 75 nt	single	42	UnprocessedPseudogene	8	45329
VASA own, 75 nt	single	42	lncRNA	6666	45329
VASA own, 75 nt	single	42	miRNA	129	45329
VASA own, 75 nt	single	42	rRNA	499	45329
VASA own, 75 nt	single	42	ribozyme	924	45329
VASA own, 75 nt	single	42	scaRNA	46	45329
VASA own, 75 nt	single	42	snRNA	255	45329
VASA own, 75 nt	single	42	snoRNA	1433	45329
VASA own, 75 nt	single	42	tRNA	32	45329
VASA own, 75 nt	single	43	MiscRna	537	46695
VASA own, 75 nt	single	43	MtRrna	52	46695
VASA own, 75 nt	single	43	MtTrna	30	46695
VASA own, 75 nt	single	43	ProcessedPseudogene	106	46695
VASA own, 75 nt	single	43	ProteinCoding	38917	46695
VASA own, 75 nt	single	43	TEC	97	46695
VASA own, 75 nt	single	43	TranscribedProcessedPseudogene	27	46695
VASA own, 75 nt	single	43	TranscribedUnitaryPseudogene	5	46695
VASA own, 75 nt	single	43	TranscribedUnprocessedPseudogene	36	46695
VASA own, 75 nt	single	43	UnitaryPseudogene	9	46695
VASA own, 75 nt	single	43	UnprocessedPseudogene	11	46695
VASA own, 75 nt	single	43	lncRNA	6896	46695
VASA own, 75 nt	single	43	miRNA	154	46695
VASA own, 75 nt	single	43	rRNA	607	46695
VASA own, 75 nt	single	43	ribozyme	846	46695
VASA own, 75 nt	single	43	scaRNA	50	46695
VASA own, 75 nt	single	43	snRNA	275	46695
VASA own, 75 nt	single	43	snoRNA	1399	46695
VASA own, 75 nt	single	43	tRNA	46	46695
VASA own, 75 nt	single	44	MiscRna	628	49175
VASA own, 75 nt	single	44	MtRrna	37	49175
VASA own, 75 nt	single	44	MtTrna	29	49175
VASA own, 75 nt	single	44	ProcessedPseudogene	124	49175
VASA own, 75 nt	single	44	ProteinCoding	41024	49175
VASA own, 75 nt	single	44	TEC	114	49175
VASA own, 75 nt	single	44	TranscribedProcessedPseudogene	16	49175
VASA own, 75 nt	single	44	TranscribedUnitaryPseudogene	12	49175
VASA own, 75 nt	single	44	TranscribedUnprocessedPseudogene	29	49175
VASA own, 75 nt	single	44	TranslatedUnprocessedPseudogene	1	49175
VASA own, 75 nt	single	44	UnitaryPseudogene	7	49175
VASA own, 75 nt	single	44	UnprocessedPseudogene	5	49175
VASA own, 75 nt	single	44	lncRNA	7297	49175
VASA own, 75 nt	single	44	miRNA	141	49175
VASA own, 75 nt	single	44	rRNA	433	49175
VASA own, 75 nt	single	44	ribozyme	1319	49175
VASA own, 75 nt	single	44	scaRNA	50	49175
VASA own, 75 nt	single	44	snRNA	259	49175
VASA own, 75 nt	single	44	snoRNA	1450	49175
VASA own, 75 nt	single	44	tRNA	35	49175
VASA own, 75 nt	single	45	MiscRna	1262	49515
VASA own, 75 nt	single	45	MtRrna	26	49515
VASA own, 75 nt	single	45	MtTrna	21	49515
VASA own, 75 nt	single	45	ProcessedPseudogene	106	49515
VASA own, 75 nt	single	45	ProteinCoding	41041	49515
VASA own, 75 nt	single	45	TEC	111	49515
VASA own, 75 nt	single	45	TranscribedProcessedPseudogene	13	49515
VASA own, 75 nt	single	45	TranscribedUnitaryPseudogene	8	49515
VASA own, 75 nt	single	45	TranscribedUnprocessedPseudogene	29	49515
VASA own, 75 nt	single	45	UnitaryPseudogene	2	49515
VASA own, 75 nt	single	45	UnprocessedPseudogene	7	49515
VASA own, 75 nt	single	45	lncRNA	6950	49515
VASA own, 75 nt	single	45	miRNA	143	49515
VASA own, 75 nt	single	45	rRNA	384	49515
VASA own, 75 nt	single	45	ribozyme	893	49515
VASA own, 75 nt	single	45	scaRNA	73	49515
VASA own, 75 nt	single	45	snRNA	577	49515
VASA own, 75 nt	single	45	snoRNA	1595	49515
VASA own, 75 nt	single	45	tRNA	42	49515
VASA own, 75 nt	single	46	MiscRna	785	50184
VASA own, 75 nt	single	46	MtRrna	36	50184
VASA own, 75 nt	single	46	MtTrna	17	50184
VASA own, 75 nt	single	46	ProcessedPseudogene	110	50184
VASA own, 75 nt	single	46	ProteinCoding	41445	50184
VASA own, 75 nt	single	46	TEC	96	50184
VASA own, 75 nt	single	46	TranscribedProcessedPseudogene	17	50184
VASA own, 75 nt	single	46	TranscribedUnitaryPseudogene	9	50184
VASA own, 75 nt	single	46	TranscribedUnprocessedPseudogene	14	50184
VASA own, 75 nt	single	46	UnitaryPseudogene	4	50184
VASA own, 75 nt	single	46	UnprocessedPseudogene	4	50184
VASA own, 75 nt	single	46	lncRNA	7776	50184
VASA own, 75 nt	single	46	miRNA	168	50184
VASA own, 75 nt	single	46	rRNA	312	50184
VASA own, 75 nt	single	46	ribozyme	1785	50184
VASA own, 75 nt	single	46	scaRNA	102	50184
VASA own, 75 nt	single	46	snRNA	375	50184
VASA own, 75 nt	single	46	snoRNA	2046	50184
VASA own, 75 nt	single	46	tRNA	64	50184
VASA own, 75 nt	single	47	MiscRna	525	52021
VASA own, 75 nt	single	47	MtRrna	31	52021
VASA own, 75 nt	single	47	MtTrna	37	52021
VASA own, 75 nt	single	47	ProcessedPseudogene	128	52021
VASA own, 75 nt	single	47	ProteinCoding	43665	52021
VASA own, 75 nt	single	47	TEC	117	52021
VASA own, 75 nt	single	47	TranscribedProcessedPseudogene	15	52021
VASA own, 75 nt	single	47	TranscribedUnitaryPseudogene	8	52021
VASA own, 75 nt	single	47	TranscribedUnprocessedPseudogene	38	52021
VASA own, 75 nt	single	47	UnitaryPseudogene	3	52021
VASA own, 75 nt	single	47	UnprocessedPseudogene	5	52021
VASA own, 75 nt	single	47	lncRNA	7642	52021
VASA own, 75 nt	single	47	miRNA	117	52021
VASA own, 75 nt	single	47	rRNA	309	52021
VASA own, 75 nt	single	47	ribozyme	1341	52021
VASA own, 75 nt	single	47	scaRNA	116	52021
VASA own, 75 nt	single	47	snRNA	369	52021
VASA own, 75 nt	single	47	snoRNA	1842	52021
VASA own, 75 nt	single	47	tRNA	38	52021
VASA own, 75 nt	single	48	MiscRna	534	54203
VASA own, 75 nt	single	48	MtRrna	31	54203
VASA own, 75 nt	single	48	MtTrna	41	54203
VASA own, 75 nt	single	48	ProcessedPseudogene	100	54203
VASA own, 75 nt	single	48	ProteinCoding	45041	54203
VASA own, 75 nt	single	48	TEC	92	54203
VASA own, 75 nt	single	48	TranscribedProcessedPseudogene	26	54203
VASA own, 75 nt	single	48	TranscribedUnitaryPseudogene	20	54203
VASA own, 75 nt	single	48	TranscribedUnprocessedPseudogene	31	54203
VASA own, 75 nt	single	48	UnitaryPseudogene	8	54203
VASA own, 75 nt	single	48	UnprocessedPseudogene	1	54203
VASA own, 75 nt	single	48	lncRNA	8243	54203
VASA own, 75 nt	single	48	miRNA	207	54203
VASA own, 75 nt	single	48	rRNA	321	54203
VASA own, 75 nt	single	48	ribozyme	1198	54203
VASA own, 75 nt	single	48	scaRNA	101	54203
VASA own, 75 nt	single	48	snRNA	765	54203
VASA own, 75 nt	single	48	snoRNA	1836	54203
VASA own, 75 nt	single	48	tRNA	45	54203
VASA own, 75 nt	single	49	MiscRna	452	56962
VASA own, 75 nt	single	49	MtRrna	22	56962
VASA own, 75 nt	single	49	MtTrna	50	56962
VASA own, 75 nt	single	49	ProcessedPseudogene	101	56962
VASA own, 75 nt	single	49	ProteinCoding	47375	56962
VASA own, 75 nt	single	49	TEC	97	56962
VASA own, 75 nt	single	49	TranscribedProcessedPseudogene	33	56962
VASA own, 75 nt	single	49	TranscribedUnitaryPseudogene	30	56962
VASA own, 75 nt	single	49	TranscribedUnprocessedPseudogene	22	56962
VASA own, 75 nt	single	49	UnitaryPseudogene	6	56962
VASA own, 75 nt	single	49	UnprocessedPseudogene	9	56962
VASA own, 75 nt	single	49	lncRNA	8909	56962
VASA own, 75 nt	single	49	miRNA	171	56962
VASA own, 75 nt	single	49	rRNA	340	56962
VASA own, 75 nt	single	49	ribozyme	1356	56962
VASA own, 75 nt	single	49	scaRNA	101	56962
VASA own, 75 nt	single	49	snRNA	512	56962
VASA own, 75 nt	single	49	snoRNA	2236	56962
VASA own, 75 nt	single	49	tRNA	87	56962
VASA own, 75 nt	single	50	MiscRna	520	58166
VASA own, 75 nt	single	50	MtRrna	24	58166
VASA own, 75 nt	single	50	MtTrna	19	58166
VASA own, 75 nt	single	50	ProcessedPseudogene	123	58166
VASA own, 75 nt	single	50	ProteinCoding	47725	58166
VASA own, 75 nt	single	50	TEC	113	58166
VASA own, 75 nt	single	50	TranscribedProcessedPseudogene	28	58166
VASA own, 75 nt	single	50	TranscribedUnitaryPseudogene	23	58166
VASA own, 75 nt	single	50	TranscribedUnprocessedPseudogene	35	58166
VASA own, 75 nt	single	50	UnitaryPseudogene	4	58166
VASA own, 75 nt	single	50	UnprocessedPseudogene	2	58166
VASA own, 75 nt	single	50	lncRNA	9755	58166
VASA own, 75 nt	single	50	miRNA	181	58166
VASA own, 75 nt	single	50	rRNA	275	58166
VASA own, 75 nt	single	50	ribozyme	1369	58166
VASA own, 75 nt	single	50	scaRNA	117	58166
VASA own, 75 nt	single	50	snRNA	525	58166
VASA own, 75 nt	single	50	snoRNA	2766	58166
VASA own, 75 nt	single	50	tRNA	42	58166
VASA own, 75 nt	single	51	MiscRna	680	59551
VASA own, 75 nt	single	51	MtRrna	47	59551
VASA own, 75 nt	single	51	MtTrna	56	59551
VASA own, 75 nt	single	51	ProcessedPseudogene	132	59551
VASA own, 75 nt	single	51	ProteinCoding	48816	59551
VASA own, 75 nt	single	51	TEC	123	59551
VASA own, 75 nt	single	51	TranscribedProcessedPseudogene	29	59551
VASA own, 75 nt	single	51	TranscribedUnitaryPseudogene	20	59551
VASA own, 75 nt	single	51	TranscribedUnprocessedPseudogene	15	59551
VASA own, 75 nt	single	51	UnitaryPseudogene	5	59551
VASA own, 75 nt	single	51	UnprocessedPseudogene	14	59551
VASA own, 75 nt	single	51	lncRNA	9811	59551
VASA own, 75 nt	single	51	miRNA	189	59551
VASA own, 75 nt	single	51	rRNA	307	59551
VASA own, 75 nt	single	51	ribozyme	1365	59551
VASA own, 75 nt	single	51	scaRNA	131	59551
VASA own, 75 nt	single	51	snRNA	437	59551
VASA own, 75 nt	single	51	snoRNA	2250	59551
VASA own, 75 nt	single	51	tRNA	48	59551
VASA own, 75 nt	single	52	MiscRna	844	63627
VASA own, 75 nt	single	52	MtRrna	35	63627
VASA own, 75 nt	single	52	MtTrna	30	63627
VASA own, 75 nt	single	52	ProcessedPseudogene	183	63627
VASA own, 75 nt	single	52	ProteinCoding	51687	63627
VASA own, 75 nt	single	52	TEC	141	63627
VASA own, 75 nt	single	52	TranscribedProcessedPseudogene	30	63627
VASA own, 75 nt	single	52	TranscribedUnitaryPseudogene	20	63627
VASA own, 75 nt	single	52	TranscribedUnprocessedPseudogene	28	63627
VASA own, 75 nt	single	52	UnitaryPseudogene	13	63627
VASA own, 75 nt	single	52	UnprocessedPseudogene	3	63627
VASA own, 75 nt	single	52	lncRNA	10898	63627
VASA own, 75 nt	single	52	miRNA	246	63627
VASA own, 75 nt	single	52	rRNA	292	63627
VASA own, 75 nt	single	52	ribozyme	1558	63627
VASA own, 75 nt	single	52	scaRNA	109	63627
VASA own, 75 nt	single	52	snRNA	492	63627
VASA own, 75 nt	single	52	snoRNA	2011	63627
VASA own, 75 nt	single	52	tRNA	54	63627
VASA own, 75 nt	single	53	MiscRna	1245	74941
VASA own, 75 nt	single	53	MtRrna	57	74941
VASA own, 75 nt	single	53	MtTrna	27	74941
VASA own, 75 nt	single	53	ProcessedPseudogene	203	74941
VASA own, 75 nt	single	53	ProteinCoding	58689	74941
VASA own, 75 nt	single	53	TEC	167	74941
VASA own, 75 nt	single	53	TranscribedProcessedPseudogene	44	74941
VASA own, 75 nt	single	53	TranscribedUnitaryPseudogene	18	74941
VASA own, 75 nt	single	53	TranscribedUnprocessedPseudogene	37	74941
VASA own, 75 nt	single	53	UnitaryPseudogene	24	74941
VASA own, 75 nt	single	53	UnprocessedPseudogene	5	74941
VASA own, 75 nt	single	53	lncRNA	14343	74941
VASA own, 75 nt	single	53	miRNA	285	74941
VASA own, 75 nt	single	53	rRNA	362	74941
VASA own, 75 nt	single	53	ribozyme	1296	74941
VASA own, 75 nt	single	53	scaRNA	118	74941
VASA own, 75 nt	single	53	snRNA	1232	74941
VASA own, 75 nt	single	53	snoRNA	2302	74941
VASA own, 75 nt	single	53	tRNA	32	74941
VASA own, 75 nt	single	54	MiscRna	1166	74785
VASA own, 75 nt	single	54	MtRrna	51	74785
VASA own, 75 nt	single	54	MtTrna	32	74785
VASA own, 75 nt	single	54	ProcessedPseudogene	201	74785
VASA own, 75 nt	single	54	ProteinCoding	61853	74785
VASA own, 75 nt	single	54	TEC	177	74785
VASA own, 75 nt	single	54	TranscribedProcessedPseudogene	44	74785
VASA own, 75 nt	single	54	TranscribedUnitaryPseudogene	29	74785
VASA own, 75 nt	single	54	TranscribedUnprocessedPseudogene	21	74785
VASA own, 75 nt	single	54	UnitaryPseudogene	11	74785
VASA own, 75 nt	single	54	UnprocessedPseudogene	4	74785
VASA own, 75 nt	single	54	lncRNA	11350	74785
VASA own, 75 nt	single	54	miRNA	236	74785
VASA own, 75 nt	single	54	rRNA	367	74785
VASA own, 75 nt	single	54	ribozyme	1056	74785
VASA own, 75 nt	single	54	scaRNA	87	74785
VASA own, 75 nt	single	54	snRNA	866	74785
VASA own, 75 nt	single	54	snoRNA	2638	74785
VASA own, 75 nt	single	54	tRNA	50	74785
VASA own, 75 nt	single	55	MiscRna	1235	83389
VASA own, 75 nt	single	55	MtRrna	62	83389
VASA own, 75 nt	single	55	MtTrna	24	83389
VASA own, 75 nt	single	55	ProcessedPseudogene	177	83389
VASA own, 75 nt	single	55	ProteinCoding	72762	83389
VASA own, 75 nt	single	55	TEC	169	83389
VASA own, 75 nt	single	55	TranscribedProcessedPseudogene	35	83389
VASA own, 75 nt	single	55	TranscribedUnitaryPseudogene	18	83389
VASA own, 75 nt	single	55	TranscribedUnprocessedPseudogene	48	83389
VASA own, 75 nt	single	55	UnitaryPseudogene	4	83389
VASA own, 75 nt	single	55	UnprocessedPseudogene	4	83389
VASA own, 75 nt	single	55	lncRNA	9257	83389
VASA own, 75 nt	single	55	miRNA	207	83389
VASA own, 75 nt	single	55	rRNA	368	83389
VASA own, 75 nt	single	55	ribozyme	1565	83389
VASA own, 75 nt	single	55	scaRNA	116	83389
VASA own, 75 nt	single	55	snRNA	640	83389
VASA own, 75 nt	single	55	snoRNA	2685	83389
VASA own, 75 nt	single	55	tRNA	37	83389
VASA own, 75 nt	single	56	MiscRna	737	70639
VASA own, 75 nt	single	56	MtRrna	23	70639
VASA own, 75 nt	single	56	MtTrna	28	70639
VASA own, 75 nt	single	56	ProcessedPseudogene	110	70639
VASA own, 75 nt	single	56	ProteinCoding	63343	70639
VASA own, 75 nt	single	56	TEC	156	70639
VASA own, 75 nt	single	56	TranscribedProcessedPseudogene	35	70639
VASA own, 75 nt	single	56	TranscribedUnitaryPseudogene	7	70639
VASA own, 75 nt	single	56	TranscribedUnprocessedPseudogene	28	70639
VASA own, 75 nt	single	56	TranslatedUnprocessedPseudogene	1	70639
VASA own, 75 nt	single	56	UnitaryPseudogene	5	70639
VASA own, 75 nt	single	56	UnprocessedPseudogene	6	70639
VASA own, 75 nt	single	56	lncRNA	6820	70639
VASA own, 75 nt	single	56	miRNA	273	70639
VASA own, 75 nt	single	56	rRNA	170	70639
VASA own, 75 nt	single	56	ribozyme	1212	70639
VASA own, 75 nt	single	56	scaRNA	60	70639
VASA own, 75 nt	single	56	snRNA	639	70639
VASA own, 75 nt	single	56	snoRNA	2784	70639
VASA own, 75 nt	single	56	tRNA	35	70639
VASA own, 75 nt	single	57	MiscRna	503	60872
VASA own, 75 nt	single	57	MtRrna	12	60872
VASA own, 75 nt	single	57	MtTrna	10	60872
VASA own, 75 nt	single	57	ProcessedPseudogene	95	60872
VASA own, 75 nt	single	57	ProteinCoding	54279	60872
VASA own, 75 nt	single	57	TEC	118	60872
VASA own, 75 nt	single	57	TranscribedProcessedPseudogene	35	60872
VASA own, 75 nt	single	57	TranscribedUnitaryPseudogene	17	60872
VASA own, 75 nt	single	57	TranscribedUnprocessedPseudogene	29	60872
VASA own, 75 nt	single	57	UnitaryPseudogene	4	60872
VASA own, 75 nt	single	57	UnprocessedPseudogene	1	60872
VASA own, 75 nt	single	57	lncRNA	6550	60872
VASA own, 75 nt	single	57	miRNA	171	60872
VASA own, 75 nt	single	57	rRNA	218	60872
VASA own, 75 nt	single	57	ribozyme	1393	60872
VASA own, 75 nt	single	57	scaRNA	77	60872
VASA own, 75 nt	single	57	snRNA	663	60872
VASA own, 75 nt	single	57	snoRNA	2289	60872
VASA own, 75 nt	single	57	tRNA	39	60872
VASA own, 75 nt	single	58	MiscRna	587	63626
VASA own, 75 nt	single	58	MtRrna	27	63626
VASA own, 75 nt	single	58	MtTrna	9	63626
VASA own, 75 nt	single	58	ProcessedPseudogene	114	63626
VASA own, 75 nt	single	58	ProteinCoding	57465	63626
VASA own, 75 nt	single	58	TEC	109	63626
VASA own, 75 nt	single	58	TranscribedProcessedPseudogene	36	63626
VASA own, 75 nt	single	58	TranscribedUnitaryPseudogene	17	63626
VASA own, 75 nt	single	58	TranscribedUnprocessedPseudogene	32	63626
VASA own, 75 nt	single	58	UnitaryPseudogene	7	63626
VASA own, 75 nt	single	58	UnprocessedPseudogene	1	63626
VASA own, 75 nt	single	58	lncRNA	5871	63626
VASA own, 75 nt	single	58	miRNA	211	63626
VASA own, 75 nt	single	58	rRNA	165	63626
VASA own, 75 nt	single	58	ribozyme	878	63626
VASA own, 75 nt	single	58	scaRNA	95	63626
VASA own, 75 nt	single	58	snRNA	644	63626
VASA own, 75 nt	single	58	snoRNA	2103	63626
VASA own, 75 nt	single	58	tRNA	36	63626
VASA own, 75 nt	single	59	MiscRna	769	68757
VASA own, 75 nt	single	59	MtRrna	27	68757
VASA own, 75 nt	single	59	MtTrna	7	68757
VASA own, 75 nt	single	59	ProcessedPseudogene	120	68757
VASA own, 75 nt	single	59	ProteinCoding	62522	68757
VASA own, 75 nt	single	59	TEC	156	68757
VASA own, 75 nt	single	59	TranscribedProcessedPseudogene	40	68757
VASA own, 75 nt	single	59	TranscribedUnitaryPseudogene	3	68757
VASA own, 75 nt	single	59	TranscribedUnprocessedPseudogene	37	68757
VASA own, 75 nt	single	59	UnitaryPseudogene	4	68757
VASA own, 75 nt	single	59	UnprocessedPseudogene	1	68757
VASA own, 75 nt	single	59	lncRNA	5654	68757
VASA own, 75 nt	single	59	miRNA	226	68757
VASA own, 75 nt	single	59	rRNA	152	68757
VASA own, 75 nt	single	59	ribozyme	712	68757
VASA own, 75 nt	single	59	scaRNA	168	68757
VASA own, 75 nt	single	59	snRNA	572	68757
VASA own, 75 nt	single	59	snoRNA	2113	68757
VASA own, 75 nt	single	59	tRNA	60	68757
VASA own, 75 nt	single	60	MiscRna	1247	73849
VASA own, 75 nt	single	60	MtRrna	23	73849
VASA own, 75 nt	single	60	MtTrna	18	73849
VASA own, 75 nt	single	60	ProcessedPseudogene	134	73849
VASA own, 75 nt	single	60	ProteinCoding	66889	73849
VASA own, 75 nt	single	60	TEC	140	73849
VASA own, 75 nt	single	60	TranscribedProcessedPseudogene	62	73849
VASA own, 75 nt	single	60	TranscribedUnitaryPseudogene	17	73849
VASA own, 75 nt	single	60	TranscribedUnprocessedPseudogene	48	73849
VASA own, 75 nt	single	60	UnitaryPseudogene	7	73849
VASA own, 75 nt	single	60	UnprocessedPseudogene	5	73849
VASA own, 75 nt	single	60	lncRNA	5993	73849
VASA own, 75 nt	single	60	miRNA	196	73849
VASA own, 75 nt	single	60	rRNA	154	73849
VASA own, 75 nt	single	60	ribozyme	733	73849
VASA own, 75 nt	single	60	scaRNA	96	73849
VASA own, 75 nt	single	60	snRNA	510	73849
VASA own, 75 nt	single	60	snoRNA	2086	73849
VASA own, 75 nt	single	60	tRNA	37	73849
VASA own, 75 nt	single	61	MiscRna	1835	76890
VASA own, 75 nt	single	61	MtRrna	19	76890
VASA own, 75 nt	single	61	MtTrna	9	76890
VASA own, 75 nt	single	61	ProcessedPseudogene	125	76890
VASA own, 75 nt	single	61	ProteinCoding	68665	76890
VASA own, 75 nt	single	61	TEC	179	76890
VASA own, 75 nt	single	61	TranscribedProcessedPseudogene	50	76890
VASA own, 75 nt	single	61	TranscribedUnitaryPseudogene	23	76890
VASA own, 75 nt	single	61	TranscribedUnprocessedPseudogene	27	76890
VASA own, 75 nt	single	61	UnitaryPseudogene	2	76890
VASA own, 75 nt	single	61	UnprocessedPseudogene	9	76890
VASA own, 75 nt	single	61	lncRNA	6599	76890
VASA own, 75 nt	single	61	miRNA	190	76890
VASA own, 75 nt	single	61	rRNA	171	76890
VASA own, 75 nt	single	61	ribozyme	1294	76890
VASA own, 75 nt	single	61	scaRNA	131	76890
VASA own, 75 nt	single	61	snRNA	781	76890
VASA own, 75 nt	single	61	snoRNA	2039	76890
VASA own, 75 nt	single	61	tRNA	43	76890
VASA own, 75 nt	single	62	MiscRna	1150	84042
VASA own, 75 nt	single	62	MtRrna	22	84042
VASA own, 75 nt	single	62	MtTrna	2	84042
VASA own, 75 nt	single	62	ProcessedPseudogene	146	84042
VASA own, 75 nt	single	62	ProteinCoding	74482	84042
VASA own, 75 nt	single	62	TEC	163	84042
VASA own, 75 nt	single	62	TranscribedProcessedPseudogene	41	84042
VASA own, 75 nt	single	62	TranscribedUnitaryPseudogene	32	84042
VASA own, 75 nt	single	62	TranscribedUnprocessedPseudogene	52	84042
VASA own, 75 nt	single	62	UnitaryPseudogene	4	84042
VASA own, 75 nt	single	62	UnprocessedPseudogene	7	84042
VASA own, 75 nt	single	62	lncRNA	8972	84042
VASA own, 75 nt	single	62	miRNA	273	84042
VASA own, 75 nt	single	62	rRNA	268	84042
VASA own, 75 nt	single	62	ribozyme	2425	84042
VASA own, 75 nt	single	62	scaRNA	183	84042
VASA own, 75 nt	single	62	snRNA	1444	84042
VASA own, 75 nt	single	62	snoRNA	2059	84042
VASA own, 75 nt	single	62	tRNA	62	84042
VASA own, 75 nt	single	63	MiscRna	1208	86371
VASA own, 75 nt	single	63	MtRrna	42	86371
VASA own, 75 nt	single	63	MtTrna	11	86371
VASA own, 75 nt	single	63	ProcessedPseudogene	131	86371
VASA own, 75 nt	single	63	ProteinCoding	78338	86371
VASA own, 75 nt	single	63	TEC	184	86371
VASA own, 75 nt	single	63	TranscribedProcessedPseudogene	58	86371
VASA own, 75 nt	single	63	TranscribedUnitaryPseudogene	30	86371
VASA own, 75 nt	single	63	TranscribedUnprocessedPseudogene	52	86371
VASA own, 75 nt	single	63	UnitaryPseudogene	6	86371
VASA own, 75 nt	single	63	UnprocessedPseudogene	5	86371
VASA own, 75 nt	single	63	lncRNA	7089	86371
VASA own, 75 nt	single	63	miRNA	199	86371
VASA own, 75 nt	single	63	rRNA	181	86371
VASA own, 75 nt	single	63	ribozyme	742	86371
VASA own, 75 nt	single	63	scaRNA	160	86371
VASA own, 75 nt	single	63	snRNA	737	86371
VASA own, 75 nt	single	63	snoRNA	2380	86371
VASA own, 75 nt	single	63	tRNA	43	86371
VASA own, 75 nt	single	64	MiscRna	1071	98283
VASA own, 75 nt	single	64	MtRrna	33	98283
VASA own, 75 nt	single	64	MtTrna	19	98283
VASA own, 75 nt	single	64	ProcessedPseudogene	188	98283
VASA own, 75 nt	single	64	ProteinCoding	89558	98283
VASA own, 75 nt	single	64	TEC	224	98283
VASA own, 75 nt	single	64	TranscribedProcessedPseudogene	73	98283
VASA own, 75 nt	single	64	TranscribedUnitaryPseudogene	28	98283
VASA own, 75 nt	single	64	TranscribedUnprocessedPseudogene	47	98283
VASA own, 75 nt	single	64	TranslatedUnprocessedPseudogene	2	98283
VASA own, 75 nt	single	64	UnitaryPseudogene	1	98283
VASA own, 75 nt	single	64	UnprocessedPseudogene	13	98283
VASA own, 75 nt	single	64	lncRNA	7982	98283
VASA own, 75 nt	single	64	miRNA	254	98283
VASA own, 75 nt	single	64	rRNA	222	98283
VASA own, 75 nt	single	64	ribozyme	974	98283
VASA own, 75 nt	single	64	scaRNA	115	98283
VASA own, 75 nt	single	64	snRNA	805	98283
VASA own, 75 nt	single	64	snoRNA	2495	98283
VASA own, 75 nt	single	64	tRNA	48	98283
VASA own, 75 nt	single	65	MiscRna	3154	156209
VASA own, 75 nt	single	65	MtRrna	30	156209
VASA own, 75 nt	single	65	MtTrna	11	156209
VASA own, 75 nt	single	65	ProcessedPseudogene	236	156209
VASA own, 75 nt	single	65	ProteinCoding	141597	156209
VASA own, 75 nt	single	65	TEC	267	156209
VASA own, 75 nt	single	65	TranscribedProcessedPseudogene	74	156209
VASA own, 75 nt	single	65	TranscribedUnitaryPseudogene	34	156209
VASA own, 75 nt	single	65	TranscribedUnprocessedPseudogene	74	156209
VASA own, 75 nt	single	65	UnitaryPseudogene	6	156209
VASA own, 75 nt	single	65	UnprocessedPseudogene	8	156209
VASA own, 75 nt	single	65	lncRNA	12000	156209
VASA own, 75 nt	single	65	miRNA	447	156209
VASA own, 75 nt	single	65	rRNA	182	156209
VASA own, 75 nt	single	65	ribozyme	1747	156209
VASA own, 75 nt	single	65	scaRNA	228	156209
VASA own, 75 nt	single	65	snRNA	1572	156209
VASA own, 75 nt	single	65	snoRNA	4220	156209
VASA own, 75 nt	single	65	tRNA	88	156209
VASA own, 75 nt	single	66	MiscRna	206	29476
VASA own, 75 nt	single	66	MtRrna	7	29476
VASA own, 75 nt	single	66	MtTrna	3	29476
VASA own, 75 nt	single	66	ProcessedPseudogene	89	29476
VASA own, 75 nt	single	66	ProteinCoding	27267	29476
VASA own, 75 nt	single	66	TEC	94	29476
VASA own, 75 nt	single	66	TranscribedProcessedPseudogene	19	29476
VASA own, 75 nt	single	66	TranscribedUnitaryPseudogene	6	29476
VASA own, 75 nt	single	66	TranscribedUnprocessedPseudogene	19	29476
VASA own, 75 nt	single	66	UnitaryPseudogene	5	29476
VASA own, 75 nt	single	66	UnprocessedPseudogene	2	29476
VASA own, 75 nt	single	66	lncRNA	2034	29476
VASA own, 75 nt	single	66	miRNA	52	29476
VASA own, 75 nt	single	66	rRNA	78	29476
VASA own, 75 nt	single	66	ribozyme	88	29476
VASA own, 75 nt	single	66	scaRNA	15	29476
VASA own, 75 nt	single	66	snRNA	260	29476
VASA own, 75 nt	single	66	snoRNA	604	29476
VASA own, 75 nt	single	66	tRNA	22	29476
VASA own, 75 nt	single	67	MiscRna	1457	104768
VASA own, 75 nt	single	67	MtRrna	13	104768
VASA own, 75 nt	single	67	MtTrna	8	104768
VASA own, 75 nt	single	67	ProcessedPseudogene	321	104768
VASA own, 75 nt	single	67	ProteinCoding	96596	104768
VASA own, 75 nt	single	67	TEC	243	104768
VASA own, 75 nt	single	67	TranscribedProcessedPseudogene	79	104768
VASA own, 75 nt	single	67	TranscribedUnitaryPseudogene	26	104768
VASA own, 75 nt	single	67	TranscribedUnprocessedPseudogene	53	104768
VASA own, 75 nt	single	67	UnitaryPseudogene	5	104768
VASA own, 75 nt	single	67	UnprocessedPseudogene	6	104768
VASA own, 75 nt	single	67	lncRNA	7293	104768
VASA own, 75 nt	single	67	miRNA	371	104768
VASA own, 75 nt	single	67	rRNA	103	104768
VASA own, 75 nt	single	67	ribozyme	585	104768
VASA own, 75 nt	single	67	scaRNA	167	104768
VASA own, 75 nt	single	67	snRNA	593	104768
VASA own, 75 nt	single	67	snoRNA	2415	104768
VASA own, 75 nt	single	67	tRNA	51	104768
VASA own, 75 nt	single	68	MiscRna	1989	165300
VASA own, 75 nt	single	68	MtRrna	13	165300
VASA own, 75 nt	single	68	MtTrna	7	165300
VASA own, 75 nt	single	68	ProcessedPseudogene	384	165300
VASA own, 75 nt	single	68	ProteinCoding	153243	165300
VASA own, 75 nt	single	68	TEC	388	165300
VASA own, 75 nt	single	68	TranscribedProcessedPseudogene	103	165300
VASA own, 75 nt	single	68	TranscribedUnitaryPseudogene	28	165300
VASA own, 75 nt	single	68	TranscribedUnprocessedPseudogene	106	165300
VASA own, 75 nt	single	68	UnitaryPseudogene	18	165300
VASA own, 75 nt	single	68	UnprocessedPseudogene	12	165300
VASA own, 75 nt	single	68	lncRNA	11376	165300
VASA own, 75 nt	single	68	miRNA	324	165300
VASA own, 75 nt	single	68	rRNA	182	165300
VASA own, 75 nt	single	68	ribozyme	1009	165300
VASA own, 75 nt	single	68	scaRNA	163	165300
VASA own, 75 nt	single	68	snRNA	736	165300
VASA own, 75 nt	single	68	snoRNA	3046	165300
VASA own, 75 nt	single	68	tRNA	45	165300
VASA own, 75 nt	single	69	MiscRna	1776	269761
VASA own, 75 nt	single	69	MtRrna	37	269761
VASA own, 75 nt	single	69	MtTrna	5	269761
VASA own, 75 nt	single	69	ProcessedPseudogene	1219	269761
VASA own, 75 nt	single	69	ProteinCoding	252756	269761
VASA own, 75 nt	single	69	TEC	505	269761
VASA own, 75 nt	single	69	TranscribedProcessedPseudogene	246	269761
VASA own, 75 nt	single	69	TranscribedUnitaryPseudogene	63	269761
VASA own, 75 nt	single	69	TranscribedUnprocessedPseudogene	155	269761
VASA own, 75 nt	single	69	TranslatedUnprocessedPseudogene	1	269761
VASA own, 75 nt	single	69	UnitaryPseudogene	34	269761
VASA own, 75 nt	single	69	UnprocessedPseudogene	24	269761
VASA own, 75 nt	single	69	lncRNA	17631	269761
VASA own, 75 nt	single	69	miRNA	561	269761
VASA own, 75 nt	single	69	rRNA	163	269761
VASA own, 75 nt	single	69	ribozyme	1297	269761
VASA own, 75 nt	single	69	scaRNA	304	269761
VASA own, 75 nt	single	69	snRNA	920	269761
VASA own, 75 nt	single	69	snoRNA	3606	269761
VASA own, 75 nt	single	69	tRNA	57	269761
VASA own, 75 nt	single	70	MiscRna	1708	433086
VASA own, 75 nt	single	70	MtRrna	87	433086
VASA own, 75 nt	single	70	MtTrna	10	433086
VASA own, 75 nt	single	70	ProcessedPseudogene	940	433086
VASA own, 75 nt	single	70	ProteinCoding	406515	433086
VASA own, 75 nt	single	70	TEC	766	433086
VASA own, 75 nt	single	70	TranscribedProcessedPseudogene	447	433086
VASA own, 75 nt	single	70	TranscribedUnitaryPseudogene	97	433086
VASA own, 75 nt	single	70	TranscribedUnprocessedPseudogene	239	433086
VASA own, 75 nt	single	70	TranslatedUnprocessedPseudogene	1	433086
VASA own, 75 nt	single	70	UnitaryPseudogene	32	433086
VASA own, 75 nt	single	70	UnprocessedPseudogene	24	433086
VASA own, 75 nt	single	70	lncRNA	26829	433086
VASA own, 75 nt	single	70	miRNA	907	433086
VASA own, 75 nt	single	70	rRNA	177	433086
VASA own, 75 nt	single	70	ribozyme	2015	433086
VASA own, 75 nt	single	70	scaRNA	385	433086
VASA own, 75 nt	single	70	snRNA	3385	433086
VASA own, 75 nt	single	70	snoRNA	6741	433086
VASA own, 75 nt	single	70	tRNA	109	433086
VASA own, 75 nt	single	71	MiscRna	1703	541402
VASA own, 75 nt	single	71	MtRrna	48	541402
VASA own, 75 nt	single	71	MtTrna	8	541402
VASA own, 75 nt	single	71	ProcessedPseudogene	1396	541402
VASA own, 75 nt	single	71	ProteinCoding	507442	541402
VASA own, 75 nt	single	71	TEC	939	541402
VASA own, 75 nt	single	71	TrVPseudogene	5	541402
VASA own, 75 nt	single	71	TranscribedProcessedPseudogene	530	541402
VASA own, 75 nt	single	71	TranscribedUnitaryPseudogene	133	541402
VASA own, 75 nt	single	71	TranscribedUnprocessedPseudogene	280	541402
VASA own, 75 nt	single	71	UnitaryPseudogene	28	541402
VASA own, 75 nt	single	71	UnprocessedPseudogene	31	541402
VASA own, 75 nt	single	71	lncRNA	34574	541402
VASA own, 75 nt	single	71	miRNA	1489	541402
VASA own, 75 nt	single	71	rRNA	186	541402
VASA own, 75 nt	single	71	ribozyme	3820	541402
VASA own, 75 nt	single	71	scaRNA	476	541402
VASA own, 75 nt	single	71	snRNA	3861	541402
VASA own, 75 nt	single	71	snoRNA	11102	541402
VASA own, 75 nt	single	71	tRNA	170	541402
VASA own, 75 nt	single	72	IgVGene	1	1309683
VASA own, 75 nt	single	72	MiscRna	7898	1309683
VASA own, 75 nt	single	72	MtRrna	134	1309683
VASA own, 75 nt	single	72	MtTrna	27	1309683
VASA own, 75 nt	single	72	ProcessedPseudogene	2738	1309683
VASA own, 75 nt	single	72	ProteinCoding	1206386	1309683
VASA own, 75 nt	single	72	TEC	2335	1309683
VASA own, 75 nt	single	72	TrVPseudogene	1	1309683
VASA own, 75 nt	single	72	TranscribedProcessedPseudogene	1277	1309683
VASA own, 75 nt	single	72	TranscribedUnitaryPseudogene	287	1309683
VASA own, 75 nt	single	72	TranscribedUnprocessedPseudogene	652	1309683
VASA own, 75 nt	single	72	TranslatedUnprocessedPseudogene	4	1309683
VASA own, 75 nt	single	72	UnitaryPseudogene	59	1309683
VASA own, 75 nt	single	72	UnprocessedPseudogene	80	1309683
VASA own, 75 nt	single	72	lncRNA	76373	1309683
VASA own, 75 nt	single	72	miRNA	3127	1309683
VASA own, 75 nt	single	72	rRNA	435	1309683
VASA own, 75 nt	single	72	ribozyme	5332	1309683
VASA own, 75 nt	single	72	scaRNA	1598	1309683
VASA own, 75 nt	single	72	snRNA	35007	1309683
VASA own, 75 nt	single	72	snoRNA	25685	1309683
VASA own, 75 nt	single	72	tRNA	211	1309683
VASA own, 75 nt	single	73	IgVPseudogene	1	2081224
VASA own, 75 nt	single	73	MiscRna	11303	2081224
VASA own, 75 nt	single	73	MtRrna	304	2081224
VASA own, 75 nt	single	73	MtTrna	27	2081224
VASA own, 75 nt	single	73	ProcessedPseudogene	4118	2081224
VASA own, 75 nt	single	73	ProteinCoding	1908582	2081224
VASA own, 75 nt	single	73	TEC	4388	2081224
VASA own, 75 nt	single	73	TranscribedProcessedPseudogene	1880	2081224
VASA own, 75 nt	single	73	TranscribedUnitaryPseudogene	488	2081224
VASA own, 75 nt	single	73	TranscribedUnprocessedPseudogene	1347	2081224
VASA own, 75 nt	single	73	TranslatedUnprocessedPseudogene	6	2081224
VASA own, 75 nt	single	73	UnitaryPseudogene	103	2081224
VASA own, 75 nt	single	73	UnprocessedPseudogene	145	2081224
VASA own, 75 nt	single	73	lncRNA	169402	2081224
VASA own, 75 nt	single	73	miRNA	5442	2081224
VASA own, 75 nt	single	73	pseudogene	1	2081224
VASA own, 75 nt	single	73	rRNA	1348	2081224
VASA own, 75 nt	single	73	ribozyme	56349	2081224
VASA own, 75 nt	single	73	scaRNA	1452	2081224
VASA own, 75 nt	single	73	snRNA	17247	2081224
VASA own, 75 nt	single	73	snoRNA	44763	2081224
VASA own, 75 nt	single	73	tRNA	350	2081224
VASA own, 75 nt	single	74	MiscRna	87029	6681392
VASA own, 75 nt	single	74	MtRrna	781	6681392
VASA own, 75 nt	single	74	MtTrna	90	6681392
VASA own, 75 nt	single	74	ProcessedPseudogene	14858	6681392
VASA own, 75 nt	single	74	ProteinCoding	5977658	6681392
VASA own, 75 nt	single	74	TEC	11629	6681392
VASA own, 75 nt	single	74	TrJGene	1	6681392
VASA own, 75 nt	single	74	TrVGene	1	6681392
VASA own, 75 nt	single	74	TranscribedProcessedPseudogene	6605	6681392
VASA own, 75 nt	single	74	TranscribedUnitaryPseudogene	1344	6681392
VASA own, 75 nt	single	74	TranscribedUnprocessedPseudogene	3809	6681392
VASA own, 75 nt	single	74	TranslatedUnprocessedPseudogene	14	6681392
VASA own, 75 nt	single	74	UnitaryPseudogene	338	6681392
VASA own, 75 nt	single	74	UnprocessedPseudogene	424	6681392
VASA own, 75 nt	single	74	lncRNA	639161	6681392
VASA own, 75 nt	single	74	miRNA	19744	6681392
VASA own, 75 nt	single	74	pseudogene	1	6681392
VASA own, 75 nt	single	74	rRNA	5012	6681392
VASA own, 75 nt	single	74	ribozyme	252053	6681392
VASA own, 75 nt	single	74	scaRNA	7341	6681392
VASA own, 75 nt	single	74	snRNA	58546	6681392
VASA own, 75 nt	single	74	snoRNA	153162	6681392
VASA own, 75 nt	single	74	tRNA	1281	6681392
VASA own, 75 nt	single	75	IgVGene	4	18512317
VASA own, 75 nt	single	75	MiscRna	244723	18512317
VASA own, 75 nt	single	75	MtRrna	5104	18512317
VASA own, 75 nt	single	75	MtTrna	497	18512317
VASA own, 75 nt	single	75	ProcessedPseudogene	42646	18512317
VASA own, 75 nt	single	75	ProteinCoding	16809361	18512317
VASA own, 75 nt	single	75	TEC	33101	18512317
VASA own, 75 nt	single	75	TrCGene	1	18512317
VASA own, 75 nt	single	75	TrJGene	3	18512317
VASA own, 75 nt	single	75	TrVGene	2	18512317
VASA own, 75 nt	single	75	TrVPseudogene	1	18512317
VASA own, 75 nt	single	75	TranscribedProcessedPseudogene	19862	18512317
VASA own, 75 nt	single	75	TranscribedUnitaryPseudogene	3525	18512317
VASA own, 75 nt	single	75	TranscribedUnprocessedPseudogene	10141	18512317
VASA own, 75 nt	single	75	TranslatedUnprocessedPseudogene	16	18512317
VASA own, 75 nt	single	75	UnitaryPseudogene	937	18512317
VASA own, 75 nt	single	75	UnprocessedPseudogene	1500	18512317
VASA own, 75 nt	single	75	lncRNA	1494651	18512317
VASA own, 75 nt	single	75	miRNA	57109	18512317
VASA own, 75 nt	single	75	pseudogene	3	18512317
VASA own, 75 nt	single	75	rRNA	12108	18512317
VASA own, 75 nt	single	75	ribozyme	366934	18512317
VASA own, 75 nt	single	75	sRNA	6	18512317
VASA own, 75 nt	single	75	scaRNA	19187	18512317
VASA own, 75 nt	single	75	snRNA	223905	18512317
VASA own, 75 nt	single	75	snoRNA	376403	18512317
VASA own, 75 nt	single	75	tRNA	3867	18512317
VASA published, mouse	multi	15	IgCGene	6	66055
VASA published, mouse	multi	15	IgVGene	3	66055
VASA published, mouse	multi	15	IgVPseudogene	4	66055
VASA published, mouse	multi	15	MiscRna	86	66055
VASA published, mouse	multi	15	MtRrna	74	66055
VASA published, mouse	multi	15	ProcessedPseudogene	2784	66055
VASA published, mouse	multi	15	ProteinCoding	59893	66055
VASA published, mouse	multi	15	TEC	1053	66055
VASA published, mouse	multi	15	TrCGene	3	66055
VASA published, mouse	multi	15	TrVGene	6	66055
VASA published, mouse	multi	15	TranscribedProcessedPseudogene	1064	66055
VASA published, mouse	multi	15	TranscribedUnitaryPseudogene	208	66055
VASA published, mouse	multi	15	TranscribedUnprocessedPseudogene	481	66055
VASA published, mouse	multi	15	TranslatedUnprocessedPseudogene	4	66055
VASA published, mouse	multi	15	UnitaryPseudogene	253	66055
VASA published, mouse	multi	15	UnprocessedPseudogene	881	66055
VASA published, mouse	multi	15	lncRNA	39811	66055
VASA published, mouse	multi	15	miRNA	59	66055
VASA published, mouse	multi	15	rRNA	70	66055
VASA published, mouse	multi	15	scaRNA	1	66055
VASA published, mouse	multi	15	snRNA	43	66055
VASA published, mouse	multi	15	snoRNA	31	66055
VASA published, mouse	multi	15	tRNA	36	66055
VASA published, mouse	multi	16	IgCGene	1	59504
VASA published, mouse	multi	16	IgVGene	2	59504
VASA published, mouse	multi	16	IgVPseudogene	10	59504
VASA published, mouse	multi	16	MiscRna	46	59504
VASA published, mouse	multi	16	MtRrna	92	59504
VASA published, mouse	multi	16	ProcessedPseudogene	2132	59504
VASA published, mouse	multi	16	ProteinCoding	52221	59504
VASA published, mouse	multi	16	TEC	586	59504
VASA published, mouse	multi	16	TrCGene	2	59504
VASA published, mouse	multi	16	TrVGene	4	59504
VASA published, mouse	multi	16	TrVPseudogene	1	59504
VASA published, mouse	multi	16	TranscribedProcessedPseudogene	545	59504
VASA published, mouse	multi	16	TranscribedUnitaryPseudogene	131	59504
VASA published, mouse	multi	16	TranscribedUnprocessedPseudogene	344	59504
VASA published, mouse	multi	16	TranslatedUnprocessedPseudogene	2	59504
VASA published, mouse	multi	16	UnitaryPseudogene	151	59504
VASA published, mouse	multi	16	UnprocessedPseudogene	420	59504
VASA published, mouse	multi	16	lncRNA	30079	59504
VASA published, mouse	multi	16	miRNA	65	59504
VASA published, mouse	multi	16	rRNA	76	59504
VASA published, mouse	multi	16	ribozyme	8	59504
VASA published, mouse	multi	16	scaRNA	3	59504
VASA published, mouse	multi	16	snRNA	14	59504
VASA published, mouse	multi	16	snoRNA	15	59504
VASA published, mouse	multi	16	tRNA	22	59504
VASA published, mouse	multi	17	IgCGene	1	58025
VASA published, mouse	multi	17	IgPseudogene	1	58025
VASA published, mouse	multi	17	IgVGene	1	58025
VASA published, mouse	multi	17	IgVPseudogene	2	58025
VASA published, mouse	multi	17	MiscRna	66	58025
VASA published, mouse	multi	17	MtRrna	39	58025
VASA published, mouse	multi	17	MtTrna	4	58025
VASA published, mouse	multi	17	ProcessedPseudogene	1846	58025
VASA published, mouse	multi	17	ProteinCoding	50435	58025
VASA published, mouse	multi	17	TEC	519	58025
VASA published, mouse	multi	17	TranscribedProcessedPseudogene	510	58025
VASA published, mouse	multi	17	TranscribedUnitaryPseudogene	105	58025
VASA published, mouse	multi	17	TranscribedUnprocessedPseudogene	320	58025
VASA published, mouse	multi	17	TranslatedUnprocessedPseudogene	1	58025
VASA published, mouse	multi	17	UnitaryPseudogene	172	58025
VASA published, mouse	multi	17	UnprocessedPseudogene	458	58025
VASA published, mouse	multi	17	lncRNA	27672	58025
VASA published, mouse	multi	17	miRNA	64	58025
VASA published, mouse	multi	17	rRNA	105	58025
VASA published, mouse	multi	17	ribozyme	4	58025
VASA published, mouse	multi	17	scaRNA	1	58025
VASA published, mouse	multi	17	snRNA	10	58025
VASA published, mouse	multi	17	snoRNA	14	58025
VASA published, mouse	multi	17	tRNA	85	58025
VASA published, mouse	multi	18	IgCGene	3	55108
VASA published, mouse	multi	18	IgVGene	2	55108
VASA published, mouse	multi	18	MiscRna	107	55108
VASA published, mouse	multi	18	MtRrna	41	55108
VASA published, mouse	multi	18	MtTrna	3	55108
VASA published, mouse	multi	18	ProcessedPseudogene	2761	55108
VASA published, mouse	multi	18	ProteinCoding	47624	55108
VASA published, mouse	multi	18	TEC	589	55108
VASA published, mouse	multi	18	TrCGene	1	55108
VASA published, mouse	multi	18	TrVGene	4	55108
VASA published, mouse	multi	18	TranscribedProcessedPseudogene	1078	55108
VASA published, mouse	multi	18	TranscribedUnitaryPseudogene	100	55108
VASA published, mouse	multi	18	TranscribedUnprocessedPseudogene	331	55108
VASA published, mouse	multi	18	TranslatedUnprocessedPseudogene	3	55108
VASA published, mouse	multi	18	UnitaryPseudogene	135	55108
VASA published, mouse	multi	18	UnprocessedPseudogene	919	55108
VASA published, mouse	multi	18	lncRNA	25724	55108
VASA published, mouse	multi	18	miRNA	48	55108
VASA published, mouse	multi	18	rRNA	144	55108
VASA published, mouse	multi	18	snRNA	15	55108
VASA published, mouse	multi	18	snoRNA	18	55108
VASA published, mouse	multi	18	tRNA	29	55108
VASA published, mouse	multi	19	IgCGene	4	46405
VASA published, mouse	multi	19	IgVPseudogene	2	46405
VASA published, mouse	multi	19	MiscRna	55	46405
VASA published, mouse	multi	19	MtRrna	5	46405
VASA published, mouse	multi	19	MtTrna	1	46405
VASA published, mouse	multi	19	ProcessedPseudogene	3079	46405
VASA published, mouse	multi	19	ProteinCoding	39921	46405
VASA published, mouse	multi	19	TEC	392	46405
VASA published, mouse	multi	19	TrVGene	5	46405
VASA published, mouse	multi	19	TranscribedProcessedPseudogene	1560	46405
VASA published, mouse	multi	19	TranscribedUnitaryPseudogene	89	46405
VASA published, mouse	multi	19	TranscribedUnprocessedPseudogene	253	46405
VASA published, mouse	multi	19	TranslatedUnprocessedPseudogene	1	46405
VASA published, mouse	multi	19	UnitaryPseudogene	76	46405
VASA published, mouse	multi	19	UnprocessedPseudogene	1149	46405
VASA published, mouse	multi	19	lncRNA	21495	46405
VASA published, mouse	multi	19	miRNA	88	46405
VASA published, mouse	multi	19	rRNA	256	46405
VASA published, mouse	multi	19	ribozyme	1	46405
VASA published, mouse	multi	19	snRNA	10	46405
VASA published, mouse	multi	19	snoRNA	14	46405
VASA published, mouse	multi	19	tRNA	23	46405
VASA published, mouse	multi	20	IgCGene	1	42700
VASA published, mouse	multi	20	IgVGene	2	42700
VASA published, mouse	multi	20	IgVPseudogene	2	42700
VASA published, mouse	multi	20	MiscRna	43	42700
VASA published, mouse	multi	20	MtRrna	16	42700
VASA published, mouse	multi	20	MtTrna	1	42700
VASA published, mouse	multi	20	ProcessedPseudogene	2614	42700
VASA published, mouse	multi	20	ProteinCoding	35877	42700
VASA published, mouse	multi	20	TEC	390	42700
VASA published, mouse	multi	20	TrVGene	4	42700
VASA published, mouse	multi	20	TrVPseudogene	2	42700
VASA published, mouse	multi	20	TranscribedProcessedPseudogene	872	42700
VASA published, mouse	multi	20	TranscribedUnitaryPseudogene	71	42700
VASA published, mouse	multi	20	TranscribedUnprocessedPseudogene	326	42700
VASA published, mouse	multi	20	TranslatedUnprocessedPseudogene	1	42700
VASA published, mouse	multi	20	UnitaryPseudogene	67	42700
VASA published, mouse	multi	20	UnprocessedPseudogene	572	42700
VASA published, mouse	multi	20	lncRNA	20213	42700
VASA published, mouse	multi	20	miRNA	65	42700
VASA published, mouse	multi	20	rRNA	454	42700
VASA published, mouse	multi	20	ribozyme	1	42700
VASA published, mouse	multi	20	scaRNA	2	42700
VASA published, mouse	multi	20	snRNA	21	42700
VASA published, mouse	multi	20	snoRNA	11	42700
VASA published, mouse	multi	20	tRNA	20	42700
VASA published, mouse	multi	21	IgCGene	4	32926
VASA published, mouse	multi	21	IgCPseudogene	2	32926
VASA published, mouse	multi	21	IgVPseudogene	2	32926
VASA published, mouse	multi	21	MiscRna	53	32926
VASA published, mouse	multi	21	MtRrna	16	32926
VASA published, mouse	multi	21	MtTrna	1	32926
VASA published, mouse	multi	21	ProcessedPseudogene	2759	32926
VASA published, mouse	multi	21	ProteinCoding	28025	32926
VASA published, mouse	multi	21	TEC	318	32926
VASA published, mouse	multi	21	TrJGene	1	32926
VASA published, mouse	multi	21	TrVGene	2	32926
VASA published, mouse	multi	21	TrVPseudogene	1	32926
VASA published, mouse	multi	21	TranscribedProcessedPseudogene	1354	32926
VASA published, mouse	multi	21	TranscribedUnitaryPseudogene	56	32926
VASA published, mouse	multi	21	TranscribedUnprocessedPseudogene	219	32926
VASA published, mouse	multi	21	TranslatedUnprocessedPseudogene	1	32926
VASA published, mouse	multi	21	UnitaryPseudogene	60	32926
VASA published, mouse	multi	21	UnprocessedPseudogene	736	32926
VASA published, mouse	multi	21	lncRNA	15509	32926
VASA published, mouse	multi	21	miRNA	93	32926
VASA published, mouse	multi	21	rRNA	674	32926
VASA published, mouse	multi	21	ribozyme	1	32926
VASA published, mouse	multi	21	scaRNA	1	32926
VASA published, mouse	multi	21	snRNA	14	32926
VASA published, mouse	multi	21	snoRNA	6	32926
VASA published, mouse	multi	21	tRNA	17	32926
VASA published, mouse	multi	22	IgCGene	1	34072
VASA published, mouse	multi	22	IgLvGene	1	34072
VASA published, mouse	multi	22	IgVPseudogene	6	34072
VASA published, mouse	multi	22	MiscRna	135	34072
VASA published, mouse	multi	22	MtRrna	27	34072
VASA published, mouse	multi	22	MtTrna	3	34072
VASA published, mouse	multi	22	ProcessedPseudogene	3206	34072
VASA published, mouse	multi	22	ProteinCoding	28586	34072
VASA published, mouse	multi	22	TEC	261	34072
VASA published, mouse	multi	22	TrVGene	2	34072
VASA published, mouse	multi	22	TranscribedProcessedPseudogene	752	34072
VASA published, mouse	multi	22	TranscribedUnitaryPseudogene	46	34072
VASA published, mouse	multi	22	TranscribedUnprocessedPseudogene	275	34072
VASA published, mouse	multi	22	UnitaryPseudogene	36	34072
VASA published, mouse	multi	22	UnprocessedPseudogene	311	34072
VASA published, mouse	multi	22	lncRNA	15641	34072
VASA published, mouse	multi	22	miRNA	85	34072
VASA published, mouse	multi	22	rRNA	921	34072
VASA published, mouse	multi	22	ribozyme	1	34072
VASA published, mouse	multi	22	snRNA	11	34072
VASA published, mouse	multi	22	snoRNA	10	34072
VASA published, mouse	multi	22	tRNA	11	34072
VASA published, mouse	multi	23	IgVGene	1	31125
VASA published, mouse	multi	23	IgVPseudogene	6	31125
VASA published, mouse	multi	23	MiscRna	48	31125
VASA published, mouse	multi	23	MtRrna	20	31125
VASA published, mouse	multi	23	MtTrna	2	31125
VASA published, mouse	multi	23	ProcessedPseudogene	2162	31125
VASA published, mouse	multi	23	ProteinCoding	25748	31125
VASA published, mouse	multi	23	TEC	214	31125
VASA published, mouse	multi	23	TrVGene	4	31125
VASA published, mouse	multi	23	TranscribedProcessedPseudogene	664	31125
VASA published, mouse	multi	23	TranscribedUnitaryPseudogene	54	31125
VASA published, mouse	multi	23	TranscribedUnprocessedPseudogene	253	31125
VASA published, mouse	multi	23	UnitaryPseudogene	55	31125
VASA published, mouse	multi	23	UnprocessedPseudogene	452	31125
VASA published, mouse	multi	23	lncRNA	15419	31125
VASA published, mouse	multi	23	miRNA	73	31125
VASA published, mouse	multi	23	rRNA	1266	31125
VASA published, mouse	multi	23	ribozyme	1	31125
VASA published, mouse	multi	23	snRNA	6	31125
VASA published, mouse	multi	23	snoRNA	7	31125
VASA published, mouse	multi	23	tRNA	14	31125
VASA published, mouse	multi	24	IgVPseudogene	1	22372
VASA published, mouse	multi	24	MiscRna	74	22372
VASA published, mouse	multi	24	MtRrna	18	22372
VASA published, mouse	multi	24	MtTrna	4	22372
VASA published, mouse	multi	24	ProcessedPseudogene	1689	22372
VASA published, mouse	multi	24	ProteinCoding	18121	22372
VASA published, mouse	multi	24	TEC	161	22372
VASA published, mouse	multi	24	TrVPseudogene	1	22372
VASA published, mouse	multi	24	TranscribedProcessedPseudogene	572	22372
VASA published, mouse	multi	24	TranscribedUnitaryPseudogene	23	22372
VASA published, mouse	multi	24	TranscribedUnprocessedPseudogene	231	22372
VASA published, mouse	multi	24	UnitaryPseudogene	25	22372
VASA published, mouse	multi	24	UnprocessedPseudogene	239	22372
VASA published, mouse	multi	24	lncRNA	10863	22372
VASA published, mouse	multi	24	miRNA	100	22372
VASA published, mouse	multi	24	rRNA	1477	22372
VASA published, mouse	multi	24	ribozyme	1	22372
VASA published, mouse	multi	24	snRNA	11	22372
VASA published, mouse	multi	24	snoRNA	14	22372
VASA published, mouse	multi	24	tRNA	22	22372
VASA published, mouse	multi	25	IgCGene	1	24200
VASA published, mouse	multi	25	IgVGene	6	24200
VASA published, mouse	multi	25	IgVPseudogene	1	24200
VASA published, mouse	multi	25	MiscRna	170	24200
VASA published, mouse	multi	25	MtRrna	12	24200
VASA published, mouse	multi	25	MtTrna	2	24200
VASA published, mouse	multi	25	ProcessedPseudogene	1977	24200
VASA published, mouse	multi	25	ProteinCoding	19106	24200
VASA published, mouse	multi	25	TEC	117	24200
VASA published, mouse	multi	25	TrVGene	1	24200
VASA published, mouse	multi	25	TranscribedProcessedPseudogene	572	24200
VASA published, mouse	multi	25	TranscribedUnitaryPseudogene	25	24200
VASA published, mouse	multi	25	TranscribedUnprocessedPseudogene	173	24200
VASA published, mouse	multi	25	UnitaryPseudogene	42	24200
VASA published, mouse	multi	25	UnprocessedPseudogene	359	24200
VASA published, mouse	multi	25	lncRNA	12243	24200
VASA published, mouse	multi	25	miRNA	71	24200
VASA published, mouse	multi	25	rRNA	1895	24200
VASA published, mouse	multi	25	scRNA	1	24200
VASA published, mouse	multi	25	scaRNA	1	24200
VASA published, mouse	multi	25	snRNA	18	24200
VASA published, mouse	multi	25	snoRNA	7	24200
VASA published, mouse	multi	25	tRNA	16	24200
VASA published, mouse	multi	26	MiscRna	94	21677
VASA published, mouse	multi	26	MtRrna	11	21677
VASA published, mouse	multi	26	MtTrna	1	21677
VASA published, mouse	multi	26	ProcessedPseudogene	4668	21677
VASA published, mouse	multi	26	ProteinCoding	17699	21677
VASA published, mouse	multi	26	TEC	107	21677
VASA published, mouse	multi	26	TranscribedProcessedPseudogene	1025	21677
VASA published, mouse	multi	26	TranscribedUnitaryPseudogene	17	21677
VASA published, mouse	multi	26	TranscribedUnprocessedPseudogene	184	21677
VASA published, mouse	multi	26	UnitaryPseudogene	30	21677
VASA published, mouse	multi	26	UnprocessedPseudogene	286	21677
VASA published, mouse	multi	26	lncRNA	9557	21677
VASA published, mouse	multi	26	miRNA	51	21677
VASA published, mouse	multi	26	rRNA	2065	21677
VASA published, mouse	multi	26	ribozyme	1	21677
VASA published, mouse	multi	26	snRNA	9	21677
VASA published, mouse	multi	26	snoRNA	11	21677
VASA published, mouse	multi	26	tRNA	10	21677
VASA published, mouse	multi	27	MiscRna	62	16449
VASA published, mouse	multi	27	MtRrna	6	16449
VASA published, mouse	multi	27	ProcessedPseudogene	2554	16449
VASA published, mouse	multi	27	ProteinCoding	13004	16449
VASA published, mouse	multi	27	TEC	75	16449
VASA published, mouse	multi	27	TranscribedProcessedPseudogene	936	16449
VASA published, mouse	multi	27	TranscribedUnitaryPseudogene	19	16449
VASA published, mouse	multi	27	TranscribedUnprocessedPseudogene	173	16449
VASA published, mouse	multi	27	UnitaryPseudogene	29	16449
VASA published, mouse	multi	27	UnprocessedPseudogene	363	16449
VASA published, mouse	multi	27	lncRNA	8487	16449
VASA published, mouse	multi	27	miRNA	58	16449
VASA published, mouse	multi	27	rRNA	1930	16449
VASA published, mouse	multi	27	ribozyme	2	16449
VASA published, mouse	multi	27	snRNA	6	16449
VASA published, mouse	multi	27	snoRNA	5	16449
VASA published, mouse	multi	27	tRNA	7	16449
VASA published, mouse	multi	28	MiscRna	54	20166
VASA published, mouse	multi	28	MtRrna	12	20166
VASA published, mouse	multi	28	ProcessedPseudogene	5899	20166
VASA published, mouse	multi	28	ProteinCoding	16281	20166
VASA published, mouse	multi	28	TEC	77	20166
VASA published, mouse	multi	28	TranscribedProcessedPseudogene	1033	20166
VASA published, mouse	multi	28	TranscribedUnitaryPseudogene	14	20166
VASA published, mouse	multi	28	TranscribedUnprocessedPseudogene	215	20166
VASA published, mouse	multi	28	UnitaryPseudogene	19	20166
VASA published, mouse	multi	28	UnprocessedPseudogene	627	20166
VASA published, mouse	multi	28	lncRNA	8596	20166
VASA published, mouse	multi	28	miRNA	46	20166
VASA published, mouse	multi	28	rRNA	2164	20166
VASA published, mouse	multi	28	ribozyme	1	20166
VASA published, mouse	multi	28	snRNA	13	20166
VASA published, mouse	multi	28	snoRNA	9	20166
VASA published, mouse	multi	28	tRNA	9	20166
VASA published, mouse	multi	29	MiscRna	38	13849
VASA published, mouse	multi	29	MtRrna	11	13849
VASA published, mouse	multi	29	MtTrna	1	13849
VASA published, mouse	multi	29	ProcessedPseudogene	2152	13849
VASA published, mouse	multi	29	ProteinCoding	10302	13849
VASA published, mouse	multi	29	TEC	61	13849
VASA published, mouse	multi	29	TranscribedProcessedPseudogene	864	13849
VASA published, mouse	multi	29	TranscribedUnitaryPseudogene	8	13849
VASA published, mouse	multi	29	TranscribedUnprocessedPseudogene	185	13849
VASA published, mouse	multi	29	UnitaryPseudogene	34	13849
VASA published, mouse	multi	29	UnprocessedPseudogene	280	13849
VASA published, mouse	multi	29	lncRNA	7514	13849
VASA published, mouse	multi	29	miRNA	43	13849
VASA published, mouse	multi	29	rRNA	1900	13849
VASA published, mouse	multi	29	snRNA	13	13849
VASA published, mouse	multi	29	snoRNA	12	13849
VASA published, mouse	multi	29	tRNA	6	13849
VASA published, mouse	multi	30	MiscRna	63	12587
VASA published, mouse	multi	30	MtRrna	10	12587
VASA published, mouse	multi	30	ProcessedPseudogene	1972	12587
VASA published, mouse	multi	30	ProteinCoding	9472	12587
VASA published, mouse	multi	30	TEC	74	12587
VASA published, mouse	multi	30	TranscribedProcessedPseudogene	803	12587
VASA published, mouse	multi	30	TranscribedUnitaryPseudogene	13	12587
VASA published, mouse	multi	30	TranscribedUnprocessedPseudogene	220	12587
VASA published, mouse	multi	30	UnitaryPseudogene	31	12587
VASA published, mouse	multi	30	UnprocessedPseudogene	337	12587
VASA published, mouse	multi	30	lncRNA	6719	12587
VASA published, mouse	multi	30	miRNA	132	12587
VASA published, mouse	multi	30	rRNA	1547	12587
VASA published, mouse	multi	30	snRNA	34	12587
VASA published, mouse	multi	30	snoRNA	10	12587
VASA published, mouse	multi	30	tRNA	12	12587
VASA published, mouse	multi	31	MiscRna	101	13830
VASA published, mouse	multi	31	MtRrna	7	13830
VASA published, mouse	multi	31	MtTrna	2	13830
VASA published, mouse	multi	31	ProcessedPseudogene	2130	13830
VASA published, mouse	multi	31	ProteinCoding	10519	13830
VASA published, mouse	multi	31	TEC	63	13830
VASA published, mouse	multi	31	TrCGene	1	13830
VASA published, mouse	multi	31	TrVGene	1	13830
VASA published, mouse	multi	31	TranscribedProcessedPseudogene	932	13830
VASA published, mouse	multi	31	TranscribedUnitaryPseudogene	13	13830
VASA published, mouse	multi	31	TranscribedUnprocessedPseudogene	225	13830
VASA published, mouse	multi	31	UnitaryPseudogene	21	13830
VASA published, mouse	multi	31	UnprocessedPseudogene	357	13830
VASA published, mouse	multi	31	lncRNA	7789	13830
VASA published, mouse	multi	31	miRNA	132	13830
VASA published, mouse	multi	31	rRNA	1634	13830
VASA published, mouse	multi	31	ribozyme	2	13830
VASA published, mouse	multi	31	snRNA	27	13830
VASA published, mouse	multi	31	snoRNA	13	13830
VASA published, mouse	multi	31	tRNA	13	13830
VASA published, mouse	multi	32	MiscRna	164	13961
VASA published, mouse	multi	32	MtRrna	2	13961
VASA published, mouse	multi	32	ProcessedPseudogene	2170	13961
VASA published, mouse	multi	32	ProteinCoding	10135	13961
VASA published, mouse	multi	32	TEC	78	13961
VASA published, mouse	multi	32	TranscribedProcessedPseudogene	970	13961
VASA published, mouse	multi	32	TranscribedUnitaryPseudogene	23	13961
VASA published, mouse	multi	32	TranscribedUnprocessedPseudogene	273	13961
VASA published, mouse	multi	32	UnitaryPseudogene	39	13961
VASA published, mouse	multi	32	UnprocessedPseudogene	669	13961
VASA published, mouse	multi	32	lncRNA	7667	13961
VASA published, mouse	multi	32	miRNA	131	13961
VASA published, mouse	multi	32	rRNA	1213	13961
VASA published, mouse	multi	32	snRNA	21	13961
VASA published, mouse	multi	32	snoRNA	12	13961
VASA published, mouse	multi	32	tRNA	7	13961
VASA published, mouse	multi	33	MiscRna	143	12751
VASA published, mouse	multi	33	MtRrna	7	12751
VASA published, mouse	multi	33	MtTrna	5	12751
VASA published, mouse	multi	33	ProcessedPseudogene	2176	12751
VASA published, mouse	multi	33	ProteinCoding	10065	12751
VASA published, mouse	multi	33	TEC	78	12751
VASA published, mouse	multi	33	TranscribedProcessedPseudogene	966	12751
VASA published, mouse	multi	33	TranscribedUnitaryPseudogene	20	12751
VASA published, mouse	multi	33	TranscribedUnprocessedPseudogene	292	12751
VASA published, mouse	multi	33	UnitaryPseudogene	24	12751
VASA published, mouse	multi	33	UnprocessedPseudogene	393	12751
VASA published, mouse	multi	33	lncRNA	6424	12751
VASA published, mouse	multi	33	miRNA	175	12751
VASA published, mouse	multi	33	rRNA	813	12751
VASA published, mouse	multi	33	ribozyme	2	12751
VASA published, mouse	multi	33	snRNA	32	12751
VASA published, mouse	multi	33	snoRNA	14	12751
VASA published, mouse	multi	33	tRNA	9	12751
VASA published, mouse	multi	34	MiscRna	52	12383
VASA published, mouse	multi	34	MtRrna	9	12383
VASA published, mouse	multi	34	MtTrna	1	12383
VASA published, mouse	multi	34	ProcessedPseudogene	1968	12383
VASA published, mouse	multi	34	ProteinCoding	9800	12383
VASA published, mouse	multi	34	TEC	112	12383
VASA published, mouse	multi	34	TranscribedProcessedPseudogene	816	12383
VASA published, mouse	multi	34	TranscribedUnitaryPseudogene	12	12383
VASA published, mouse	multi	34	TranscribedUnprocessedPseudogene	270	12383
VASA published, mouse	multi	34	UnitaryPseudogene	24	12383
VASA published, mouse	multi	34	UnprocessedPseudogene	324	12383
VASA published, mouse	multi	34	lncRNA	6287	12383
VASA published, mouse	multi	34	miRNA	113	12383
VASA published, mouse	multi	34	rRNA	790	12383
VASA published, mouse	multi	34	snRNA	21	12383
VASA published, mouse	multi	34	snoRNA	7	12383
VASA published, mouse	multi	34	tRNA	17	12383
VASA published, mouse	multi	35	MiscRna	68	12719
VASA published, mouse	multi	35	MtRrna	2	12719
VASA published, mouse	multi	35	ProcessedPseudogene	2260	12719
VASA published, mouse	multi	35	ProteinCoding	10231	12719
VASA published, mouse	multi	35	TEC	118	12719
VASA published, mouse	multi	35	TrCGene	1	12719
VASA published, mouse	multi	35	TranscribedProcessedPseudogene	706	12719
VASA published, mouse	multi	35	TranscribedUnitaryPseudogene	18	12719
VASA published, mouse	multi	35	TranscribedUnprocessedPseudogene	203	12719
VASA published, mouse	multi	35	UnitaryPseudogene	25	12719
VASA published, mouse	multi	35	UnprocessedPseudogene	356	12719
VASA published, mouse	multi	35	lncRNA	5993	12719
VASA published, mouse	multi	35	miRNA	95	12719
VASA published, mouse	multi	35	rRNA	572	12719
VASA published, mouse	multi	35	ribozyme	1	12719
VASA published, mouse	multi	35	snRNA	16	12719
VASA published, mouse	multi	35	snoRNA	10	12719
VASA published, mouse	multi	35	tRNA	12	12719
VASA published, mouse	multi	36	MiscRna	44	12509
VASA published, mouse	multi	36	MtRrna	8	12509
VASA published, mouse	multi	36	MtTrna	3	12509
VASA published, mouse	multi	36	ProcessedPseudogene	1982	12509
VASA published, mouse	multi	36	ProteinCoding	10036	12509
VASA published, mouse	multi	36	TEC	92	12509
VASA published, mouse	multi	36	TranscribedProcessedPseudogene	716	12509
VASA published, mouse	multi	36	TranscribedUnitaryPseudogene	19	12509
VASA published, mouse	multi	36	TranscribedUnprocessedPseudogene	235	12509
VASA published, mouse	multi	36	UnitaryPseudogene	32	12509
VASA published, mouse	multi	36	UnprocessedPseudogene	503	12509
VASA published, mouse	multi	36	lncRNA	5997	12509
VASA published, mouse	multi	36	miRNA	67	12509
VASA published, mouse	multi	36	rRNA	292	12509
VASA published, mouse	multi	36	ribozyme	1	12509
VASA published, mouse	multi	36	snRNA	19	12509
VASA published, mouse	multi	36	snoRNA	11	12509
VASA published, mouse	multi	36	tRNA	16	12509
VASA published, mouse	multi	37	MiscRna	43	12515
VASA published, mouse	multi	37	MtRrna	2	12515
VASA published, mouse	multi	37	ProcessedPseudogene	1861	12515
VASA published, mouse	multi	37	ProteinCoding	10035	12515
VASA published, mouse	multi	37	TEC	75	12515
VASA published, mouse	multi	37	TranscribedProcessedPseudogene	868	12515
VASA published, mouse	multi	37	TranscribedUnitaryPseudogene	19	12515
VASA published, mouse	multi	37	TranscribedUnprocessedPseudogene	227	12515
VASA published, mouse	multi	37	UnitaryPseudogene	19	12515
VASA published, mouse	multi	37	UnprocessedPseudogene	355	12515
VASA published, mouse	multi	37	lncRNA	6194	12515
VASA published, mouse	multi	37	miRNA	58	12515
VASA published, mouse	multi	37	rRNA	355	12515
VASA published, mouse	multi	37	snRNA	23	12515
VASA published, mouse	multi	37	snoRNA	18	12515
VASA published, mouse	multi	37	tRNA	15	12515
VASA published, mouse	multi	38	MiscRna	52	12989
VASA published, mouse	multi	38	MtRrna	2	12989
VASA published, mouse	multi	38	MtTrna	3	12989
VASA published, mouse	multi	38	ProcessedPseudogene	2020	12989
VASA published, mouse	multi	38	ProteinCoding	10549	12989
VASA published, mouse	multi	38	TEC	116	12989
VASA published, mouse	multi	38	TranscribedProcessedPseudogene	840	12989
VASA published, mouse	multi	38	TranscribedUnitaryPseudogene	12	12989
VASA published, mouse	multi	38	TranscribedUnprocessedPseudogene	196	12989
VASA published, mouse	multi	38	UnitaryPseudogene	18	12989
VASA published, mouse	multi	38	UnprocessedPseudogene	680	12989
VASA published, mouse	multi	38	lncRNA	6096	12989
VASA published, mouse	multi	38	miRNA	57	12989
VASA published, mouse	multi	38	rRNA	175	12989
VASA published, mouse	multi	38	ribozyme	1	12989
VASA published, mouse	multi	38	snRNA	19	12989
VASA published, mouse	multi	38	snoRNA	6	12989
VASA published, mouse	multi	38	tRNA	17	12989
VASA published, mouse	multi	39	MiscRna	103	12318
VASA published, mouse	multi	39	MtRrna	2	12318
VASA published, mouse	multi	39	MtTrna	2	12318
VASA published, mouse	multi	39	ProcessedPseudogene	2240	12318
VASA published, mouse	multi	39	ProteinCoding	10111	12318
VASA published, mouse	multi	39	TEC	90	12318
VASA published, mouse	multi	39	TranscribedProcessedPseudogene	1057	12318
VASA published, mouse	multi	39	TranscribedUnitaryPseudogene	12	12318
VASA published, mouse	multi	39	TranscribedUnprocessedPseudogene	202	12318
VASA published, mouse	multi	39	UnitaryPseudogene	32	12318
VASA published, mouse	multi	39	UnprocessedPseudogene	319	12318
VASA published, mouse	multi	39	lncRNA	5779	12318
VASA published, mouse	multi	39	miRNA	39	12318
VASA published, mouse	multi	39	rRNA	100	12318
VASA published, mouse	multi	39	ribozyme	1	12318
VASA published, mouse	multi	39	snRNA	24	12318
VASA published, mouse	multi	39	snoRNA	8	12318
VASA published, mouse	multi	39	tRNA	16	12318
VASA published, mouse	multi	40	IgVGene	1	12161
VASA published, mouse	multi	40	MiscRna	121	12161
VASA published, mouse	multi	40	MtRrna	1	12161
VASA published, mouse	multi	40	MtTrna	2	12161
VASA published, mouse	multi	40	ProcessedPseudogene	2269	12161
VASA published, mouse	multi	40	ProteinCoding	10186	12161
VASA published, mouse	multi	40	TEC	93	12161
VASA published, mouse	multi	40	TrCGene	1	12161
VASA published, mouse	multi	40	TranscribedProcessedPseudogene	850	12161
VASA published, mouse	multi	40	TranscribedUnitaryPseudogene	18	12161
VASA published, mouse	multi	40	TranscribedUnprocessedPseudogene	165	12161
VASA published, mouse	multi	40	UnitaryPseudogene	20	12161
VASA published, mouse	multi	40	UnprocessedPseudogene	376	12161
VASA published, mouse	multi	40	lncRNA	5748	12161
VASA published, mouse	multi	40	miRNA	67	12161
VASA published, mouse	multi	40	rRNA	105	12161
VASA published, mouse	multi	40	ribozyme	1	12161
VASA published, mouse	multi	40	scaRNA	1	12161
VASA published, mouse	multi	40	snRNA	25	12161
VASA published, mouse	multi	40	snoRNA	11	12161
VASA published, mouse	multi	40	tRNA	6	12161
VASA published, mouse	multi	41	IgVGene	1	11486
VASA published, mouse	multi	41	MiscRna	43	11486
VASA published, mouse	multi	41	MtRrna	1	11486
VASA published, mouse	multi	41	ProcessedPseudogene	2218	11486
VASA published, mouse	multi	41	ProteinCoding	9460	11486
VASA published, mouse	multi	41	TEC	89	11486
VASA published, mouse	multi	41	TranscribedProcessedPseudogene	1100	11486
VASA published, mouse	multi	41	TranscribedUnitaryPseudogene	18	11486
VASA published, mouse	multi	41	TranscribedUnprocessedPseudogene	317	11486
VASA published, mouse	multi	41	UnitaryPseudogene	31	11486
VASA published, mouse	multi	41	UnprocessedPseudogene	576	11486
VASA published, mouse	multi	41	lncRNA	5504	11486
VASA published, mouse	multi	41	miRNA	50	11486
VASA published, mouse	multi	41	rRNA	72	11486
VASA published, mouse	multi	41	ribozyme	1	11486
VASA published, mouse	multi	41	snRNA	13	11486
VASA published, mouse	multi	41	snoRNA	9	11486
VASA published, mouse	multi	41	tRNA	5	11486
VASA published, mouse	multi	42	MiscRna	57	10078
VASA published, mouse	multi	42	MtRrna	1	10078
VASA published, mouse	multi	42	MtTrna	2	10078
VASA published, mouse	multi	42	ProcessedPseudogene	1754	10078
VASA published, mouse	multi	42	ProteinCoding	8306	10078
VASA published, mouse	multi	42	TEC	69	10078
VASA published, mouse	multi	42	TranscribedProcessedPseudogene	727	10078
VASA published, mouse	multi	42	TranscribedUnitaryPseudogene	11	10078
VASA published, mouse	multi	42	TranscribedUnprocessedPseudogene	200	10078
VASA published, mouse	multi	42	UnitaryPseudogene	51	10078
VASA published, mouse	multi	42	UnprocessedPseudogene	321	10078
VASA published, mouse	multi	42	lncRNA	4858	10078
VASA published, mouse	multi	42	miRNA	39	10078
VASA published, mouse	multi	42	rRNA	49	10078
VASA published, mouse	multi	42	ribozyme	1	10078
VASA published, mouse	multi	42	snRNA	17	10078
VASA published, mouse	multi	42	snoRNA	10	10078
VASA published, mouse	multi	42	tRNA	20	10078
VASA published, mouse	multi	43	MiscRna	63	9902
VASA published, mouse	multi	43	MtTrna	1	9902
VASA published, mouse	multi	43	ProcessedPseudogene	1885	9902
VASA published, mouse	multi	43	ProteinCoding	8237	9902
VASA published, mouse	multi	43	TEC	75	9902
VASA published, mouse	multi	43	TranscribedProcessedPseudogene	798	9902
VASA published, mouse	multi	43	TranscribedUnitaryPseudogene	10	9902
VASA published, mouse	multi	43	TranscribedUnprocessedPseudogene	213	9902
VASA published, mouse	multi	43	UnitaryPseudogene	19	9902
VASA published, mouse	multi	43	UnprocessedPseudogene	286	9902
VASA published, mouse	multi	43	lncRNA	4746	9902
VASA published, mouse	multi	43	miRNA	52	9902
VASA published, mouse	multi	43	pseudogene	1	9902
VASA published, mouse	multi	43	rRNA	61	9902
VASA published, mouse	multi	43	snRNA	24	9902
VASA published, mouse	multi	43	snoRNA	12	9902
VASA published, mouse	multi	43	tRNA	8	9902
VASA published, mouse	multi	44	MiscRna	87	10609
VASA published, mouse	multi	44	MtRrna	1	10609
VASA published, mouse	multi	44	ProcessedPseudogene	2126	10609
VASA published, mouse	multi	44	ProteinCoding	8680	10609
VASA published, mouse	multi	44	TEC	52	10609
VASA published, mouse	multi	44	TranscribedProcessedPseudogene	1063	10609
VASA published, mouse	multi	44	TranscribedUnitaryPseudogene	6	10609
VASA published, mouse	multi	44	TranscribedUnprocessedPseudogene	328	10609
VASA published, mouse	multi	44	UnitaryPseudogene	33	10609
VASA published, mouse	multi	44	UnprocessedPseudogene	243	10609
VASA published, mouse	multi	44	lncRNA	5231	10609
VASA published, mouse	multi	44	miRNA	208	10609
VASA published, mouse	multi	44	rRNA	53	10609
VASA published, mouse	multi	44	ribozyme	1	10609
VASA published, mouse	multi	44	snRNA	18	10609
VASA published, mouse	multi	44	snoRNA	9	10609
VASA published, mouse	multi	44	tRNA	6	10609
VASA published, mouse	multi	45	IgVGene	1	9892
VASA published, mouse	multi	45	MiscRna	39	9892
VASA published, mouse	multi	45	MtTrna	6	9892
VASA published, mouse	multi	45	ProcessedPseudogene	2024	9892
VASA published, mouse	multi	45	ProteinCoding	8138	9892
VASA published, mouse	multi	45	TEC	59	9892
VASA published, mouse	multi	45	TranscribedProcessedPseudogene	957	9892
VASA published, mouse	multi	45	TranscribedUnitaryPseudogene	13	9892
VASA published, mouse	multi	45	TranscribedUnprocessedPseudogene	173	9892
VASA published, mouse	multi	45	UnitaryPseudogene	34	9892
VASA published, mouse	multi	45	UnprocessedPseudogene	459	9892
VASA published, mouse	multi	45	lncRNA	4538	9892
VASA published, mouse	multi	45	miRNA	48	9892
VASA published, mouse	multi	45	rRNA	27	9892
VASA published, mouse	multi	45	ribozyme	1	9892
VASA published, mouse	multi	45	snRNA	24	9892
VASA published, mouse	multi	45	snoRNA	7	9892
VASA published, mouse	multi	45	tRNA	5	9892
VASA published, mouse	multi	46	MiscRna	84	10950
VASA published, mouse	multi	46	MtRrna	2	10950
VASA published, mouse	multi	46	ProcessedPseudogene	2496	10950
VASA published, mouse	multi	46	ProteinCoding	9188	10950
VASA published, mouse	multi	46	TEC	51	10950
VASA published, mouse	multi	46	TranscribedProcessedPseudogene	1420	10950
VASA published, mouse	multi	46	TranscribedUnitaryPseudogene	17	10950
VASA published, mouse	multi	46	TranscribedUnprocessedPseudogene	238	10950
VASA published, mouse	multi	46	UnitaryPseudogene	28	10950
VASA published, mouse	multi	46	UnprocessedPseudogene	523	10950
VASA published, mouse	multi	46	lncRNA	5130	10950
VASA published, mouse	multi	46	miRNA	67	10950
VASA published, mouse	multi	46	rRNA	30	10950
VASA published, mouse	multi	46	snRNA	19	10950
VASA published, mouse	multi	46	snoRNA	11	10950
VASA published, mouse	multi	46	tRNA	14	10950
VASA published, mouse	multi	47	MiscRna	63	11277
VASA published, mouse	multi	47	ProcessedPseudogene	2099	11277
VASA published, mouse	multi	47	ProteinCoding	8946	11277
VASA published, mouse	multi	47	TEC	58	11277
VASA published, mouse	multi	47	TranscribedProcessedPseudogene	767	11277
VASA published, mouse	multi	47	TranscribedUnitaryPseudogene	18	11277
VASA published, mouse	multi	47	TranscribedUnprocessedPseudogene	191	11277
VASA published, mouse	multi	47	UnitaryPseudogene	18	11277
VASA published, mouse	multi	47	UnprocessedPseudogene	469	11277
VASA published, mouse	multi	47	lncRNA	5410	11277
VASA published, mouse	multi	47	miRNA	74	11277
VASA published, mouse	multi	47	rRNA	27	11277
VASA published, mouse	multi	47	snRNA	30	11277
VASA published, mouse	multi	47	snoRNA	12	11277
VASA published, mouse	multi	47	tRNA	9	11277
VASA published, mouse	multi	48	MiscRna	53	11407
VASA published, mouse	multi	48	MtRrna	1	11407
VASA published, mouse	multi	48	ProcessedPseudogene	1997	11407
VASA published, mouse	multi	48	ProteinCoding	9277	11407
VASA published, mouse	multi	48	TEC	74	11407
VASA published, mouse	multi	48	TranscribedProcessedPseudogene	968	11407
VASA published, mouse	multi	48	TranscribedUnitaryPseudogene	21	11407
VASA published, mouse	multi	48	TranscribedUnprocessedPseudogene	158	11407
VASA published, mouse	multi	48	UnitaryPseudogene	24	11407
VASA published, mouse	multi	48	UnprocessedPseudogene	487	11407
VASA published, mouse	multi	48	lncRNA	5350	11407
VASA published, mouse	multi	48	miRNA	52	11407
VASA published, mouse	multi	48	rRNA	17	11407
VASA published, mouse	multi	48	ribozyme	2	11407
VASA published, mouse	multi	48	snRNA	25	11407
VASA published, mouse	multi	48	snoRNA	10	11407
VASA published, mouse	multi	48	tRNA	10	11407
VASA published, mouse	multi	49	MiscRna	74	11904
VASA published, mouse	multi	49	MtTrna	6	11904
VASA published, mouse	multi	49	ProcessedPseudogene	2011	11904
VASA published, mouse	multi	49	ProteinCoding	9558	11904
VASA published, mouse	multi	49	TEC	85	11904
VASA published, mouse	multi	49	TrCGene	1	11904
VASA published, mouse	multi	49	TranscribedProcessedPseudogene	722	11904
VASA published, mouse	multi	49	TranscribedUnitaryPseudogene	21	11904
VASA published, mouse	multi	49	TranscribedUnprocessedPseudogene	241	11904
VASA published, mouse	multi	49	UnitaryPseudogene	27	11904
VASA published, mouse	multi	49	UnprocessedPseudogene	325	11904
VASA published, mouse	multi	49	lncRNA	5672	11904
VASA published, mouse	multi	49	miRNA	70	11904
VASA published, mouse	multi	49	rRNA	13	11904
VASA published, mouse	multi	49	ribozyme	2	11904
VASA published, mouse	multi	49	snRNA	57	11904
VASA published, mouse	multi	49	snoRNA	9	11904
VASA published, mouse	multi	49	tRNA	18	11904
VASA published, mouse	multi	50	MiscRna	62	11002
VASA published, mouse	multi	50	MtRrna	2	11002
VASA published, mouse	multi	50	MtTrna	1	11002
VASA published, mouse	multi	50	ProcessedPseudogene	2301	11002
VASA published, mouse	multi	50	ProteinCoding	9033	11002
VASA published, mouse	multi	50	TEC	57	11002
VASA published, mouse	multi	50	TranscribedProcessedPseudogene	1220	11002
VASA published, mouse	multi	50	TranscribedUnitaryPseudogene	18	11002
VASA published, mouse	multi	50	TranscribedUnprocessedPseudogene	199	11002
VASA published, mouse	multi	50	UnitaryPseudogene	18	11002
VASA published, mouse	multi	50	UnprocessedPseudogene	345	11002
VASA published, mouse	multi	50	lncRNA	5150	11002
VASA published, mouse	multi	50	miRNA	62	11002
VASA published, mouse	multi	50	rRNA	9	11002
VASA published, mouse	multi	50	snRNA	21	11002
VASA published, mouse	multi	50	snoRNA	14	11002
VASA published, mouse	multi	50	tRNA	7	11002
VASA published, mouse	multi	51	MiscRna	74	8616
VASA published, mouse	multi	51	MtTrna	1	8616
VASA published, mouse	multi	51	ProcessedPseudogene	1856	8616
VASA published, mouse	multi	51	ProteinCoding	7102	8616
VASA published, mouse	multi	51	TEC	48	8616
VASA published, mouse	multi	51	TranscribedProcessedPseudogene	927	8616
VASA published, mouse	multi	51	TranscribedUnitaryPseudogene	6	8616
VASA published, mouse	multi	51	TranscribedUnprocessedPseudogene	184	8616
VASA published, mouse	multi	51	UnitaryPseudogene	17	8616
VASA published, mouse	multi	51	UnprocessedPseudogene	317	8616
VASA published, mouse	multi	51	lncRNA	4155	8616
VASA published, mouse	multi	51	miRNA	50	8616
VASA published, mouse	multi	51	rRNA	9	8616
VASA published, mouse	multi	51	snRNA	24	8616
VASA published, mouse	multi	51	snoRNA	7	8616
VASA published, mouse	multi	51	tRNA	9	8616
VASA published, mouse	multi	52	MiscRna	61	8632
VASA published, mouse	multi	52	MtTrna	2	8632
VASA published, mouse	multi	52	ProcessedPseudogene	1724	8632
VASA published, mouse	multi	52	ProteinCoding	7066	8632
VASA published, mouse	multi	52	TEC	40	8632
VASA published, mouse	multi	52	TranscribedProcessedPseudogene	949	8632
VASA published, mouse	multi	52	TranscribedUnitaryPseudogene	6	8632
VASA published, mouse	multi	52	TranscribedUnprocessedPseudogene	200	8632
VASA published, mouse	multi	52	UnitaryPseudogene	7	8632
VASA published, mouse	multi	52	UnprocessedPseudogene	446	8632
VASA published, mouse	multi	52	lncRNA	3740	8632
VASA published, mouse	multi	52	miRNA	41	8632
VASA published, mouse	multi	52	rRNA	4	8632
VASA published, mouse	multi	52	ribozyme	1	8632
VASA published, mouse	multi	52	snRNA	25	8632
VASA published, mouse	multi	52	snoRNA	17	8632
VASA published, mouse	multi	52	tRNA	18	8632
VASA published, mouse	multi	53	MiscRna	80	8138
VASA published, mouse	multi	53	MtRrna	2	8138
VASA published, mouse	multi	53	MtTrna	3	8138
VASA published, mouse	multi	53	ProcessedPseudogene	1920	8138
VASA published, mouse	multi	53	ProteinCoding	6714	8138
VASA published, mouse	multi	53	TEC	41	8138
VASA published, mouse	multi	53	TranscribedProcessedPseudogene	1073	8138
VASA published, mouse	multi	53	TranscribedUnitaryPseudogene	8	8138
VASA published, mouse	multi	53	TranscribedUnprocessedPseudogene	189	8138
VASA published, mouse	multi	53	UnitaryPseudogene	8	8138
VASA published, mouse	multi	53	UnprocessedPseudogene	403	8138
VASA published, mouse	multi	53	lncRNA	3606	8138
VASA published, mouse	multi	53	miRNA	51	8138
VASA published, mouse	multi	53	rRNA	4	8138
VASA published, mouse	multi	53	snRNA	37	8138
VASA published, mouse	multi	53	snoRNA	17	8138
VASA published, mouse	multi	53	tRNA	14	8138
VASA published, mouse	multi	54	MiscRna	80	7979
VASA published, mouse	multi	54	ProcessedPseudogene	2012	7979
VASA published, mouse	multi	54	ProteinCoding	6872	7979
VASA published, mouse	multi	54	TEC	63	7979
VASA published, mouse	multi	54	TranscribedProcessedPseudogene	1076	7979
VASA published, mouse	multi	54	TranscribedUnitaryPseudogene	8	7979
VASA published, mouse	multi	54	TranscribedUnprocessedPseudogene	175	7979
VASA published, mouse	multi	54	UnitaryPseudogene	11	7979
VASA published, mouse	multi	54	UnprocessedPseudogene	346	7979
VASA published, mouse	multi	54	lncRNA	3370	7979
VASA published, mouse	multi	54	miRNA	58	7979
VASA published, mouse	multi	54	rRNA	1	7979
VASA published, mouse	multi	54	snRNA	46	7979
VASA published, mouse	multi	54	snoRNA	13	7979
VASA published, mouse	multi	54	tRNA	15	7979
VASA published, mouse	multi	55	MiscRna	68	7198
VASA published, mouse	multi	55	MtRrna	1	7198
VASA published, mouse	multi	55	MtTrna	6	7198
VASA published, mouse	multi	55	ProcessedPseudogene	1859	7198
VASA published, mouse	multi	55	ProteinCoding	6109	7198
VASA published, mouse	multi	55	TEC	43	7198
VASA published, mouse	multi	55	TranscribedProcessedPseudogene	984	7198
VASA published, mouse	multi	55	TranscribedUnitaryPseudogene	9	7198
VASA published, mouse	multi	55	TranscribedUnprocessedPseudogene	178	7198
VASA published, mouse	multi	55	UnitaryPseudogene	18	7198
VASA published, mouse	multi	55	UnprocessedPseudogene	271	7198
VASA published, mouse	multi	55	lncRNA	3277	7198
VASA published, mouse	multi	55	miRNA	61	7198
VASA published, mouse	multi	55	rRNA	3	7198
VASA published, mouse	multi	55	snRNA	27	7198
VASA published, mouse	multi	55	snoRNA	27	7198
VASA published, mouse	multi	55	tRNA	18	7198
VASA published, mouse	multi	56	MiscRna	66	6667
VASA published, mouse	multi	56	ProcessedPseudogene	1630	6667
VASA published, mouse	multi	56	ProteinCoding	5575	6667
VASA published, mouse	multi	56	TEC	37	6667
VASA published, mouse	multi	56	TranscribedProcessedPseudogene	740	6667
VASA published, mouse	multi	56	TranscribedUnitaryPseudogene	6	6667
VASA published, mouse	multi	56	TranscribedUnprocessedPseudogene	185	6667
VASA published, mouse	multi	56	UnitaryPseudogene	6	6667
VASA published, mouse	multi	56	UnprocessedPseudogene	254	6667
VASA published, mouse	multi	56	lncRNA	2902	6667
VASA published, mouse	multi	56	miRNA	42	6667
VASA published, mouse	multi	56	rRNA	3	6667
VASA published, mouse	multi	56	snRNA	27	6667
VASA published, mouse	multi	56	snoRNA	18	6667
VASA published, mouse	multi	56	tRNA	8	6667
VASA published, mouse	multi	57	MiscRna	94	6926
VASA published, mouse	multi	57	MtTrna	1	6926
VASA published, mouse	multi	57	ProcessedPseudogene	1672	6926
VASA published, mouse	multi	57	ProteinCoding	5813	6926
VASA published, mouse	multi	57	TEC	36	6926
VASA published, mouse	multi	57	TranscribedProcessedPseudogene	850	6926
VASA published, mouse	multi	57	TranscribedUnprocessedPseudogene	195	6926
VASA published, mouse	multi	57	UnitaryPseudogene	51	6926
VASA published, mouse	multi	57	UnprocessedPseudogene	261	6926
VASA published, mouse	multi	57	lncRNA	2940	6926
VASA published, mouse	multi	57	miRNA	76	6926
VASA published, mouse	multi	57	rRNA	2	6926
VASA published, mouse	multi	57	snRNA	21	6926
VASA published, mouse	multi	57	snoRNA	14	6926
VASA published, mouse	multi	57	tRNA	11	6926
VASA published, mouse	multi	58	MiscRna	87	7248
VASA published, mouse	multi	58	MtTrna	2	7248
VASA published, mouse	multi	58	ProcessedPseudogene	1903	7248
VASA published, mouse	multi	58	ProteinCoding	6110	7248
VASA published, mouse	multi	58	TEC	29	7248
VASA published, mouse	multi	58	TranscribedProcessedPseudogene	833	7248
VASA published, mouse	multi	58	TranscribedUnitaryPseudogene	9	7248
VASA published, mouse	multi	58	TranscribedUnprocessedPseudogene	181	7248
VASA published, mouse	multi	58	UnitaryPseudogene	35	7248
VASA published, mouse	multi	58	UnprocessedPseudogene	326	7248
VASA published, mouse	multi	58	lncRNA	3201	7248
VASA published, mouse	multi	58	miRNA	69	7248
VASA published, mouse	multi	58	rRNA	2	7248
VASA published, mouse	multi	58	snRNA	21	7248
VASA published, mouse	multi	58	snoRNA	24	7248
VASA published, mouse	multi	58	tRNA	24	7248
VASA published, mouse	multi	59	MiscRna	73	7038
VASA published, mouse	multi	59	MtTrna	2	7038
VASA published, mouse	multi	59	ProcessedPseudogene	1863	7038
VASA published, mouse	multi	59	ProteinCoding	5956	7038
VASA published, mouse	multi	59	TEC	27	7038
VASA published, mouse	multi	59	TranscribedProcessedPseudogene	811	7038
VASA published, mouse	multi	59	TranscribedUnitaryPseudogene	5	7038
VASA published, mouse	multi	59	TranscribedUnprocessedPseudogene	194	7038
VASA published, mouse	multi	59	UnitaryPseudogene	24	7038
VASA published, mouse	multi	59	UnprocessedPseudogene	306	7038
VASA published, mouse	multi	59	lncRNA	2980	7038
VASA published, mouse	multi	59	miRNA	44	7038
VASA published, mouse	multi	59	rRNA	2	7038
VASA published, mouse	multi	59	snRNA	36	7038
VASA published, mouse	multi	59	snoRNA	17	7038
VASA published, mouse	multi	59	tRNA	18	7038
VASA published, mouse	multi	60	MiscRna	96	7473
VASA published, mouse	multi	60	ProcessedPseudogene	2174	7473
VASA published, mouse	multi	60	ProteinCoding	6407	7473
VASA published, mouse	multi	60	TEC	48	7473
VASA published, mouse	multi	60	TranscribedProcessedPseudogene	1227	7473
VASA published, mouse	multi	60	TranscribedUnitaryPseudogene	1	7473
VASA published, mouse	multi	60	TranscribedUnprocessedPseudogene	137	7473
VASA published, mouse	multi	60	UnitaryPseudogene	14	7473
VASA published, mouse	multi	60	UnprocessedPseudogene	339	7473
VASA published, mouse	multi	60	lncRNA	3222	7473
VASA published, mouse	multi	60	miRNA	56	7473
VASA published, mouse	multi	60	rRNA	3	7473
VASA published, mouse	multi	60	ribozyme	1	7473
VASA published, mouse	multi	60	snRNA	29	7473
VASA published, mouse	multi	60	snoRNA	17	7473
VASA published, mouse	multi	60	tRNA	3	7473
VASA published, mouse	multi	61	MiscRna	97	7341
VASA published, mouse	multi	61	MtTrna	2	7341
VASA published, mouse	multi	61	ProcessedPseudogene	1975	7341
VASA published, mouse	multi	61	ProteinCoding	6317	7341
VASA published, mouse	multi	61	TEC	24	7341
VASA published, mouse	multi	61	TranscribedProcessedPseudogene	959	7341
VASA published, mouse	multi	61	TranscribedUnitaryPseudogene	3	7341
VASA published, mouse	multi	61	TranscribedUnprocessedPseudogene	173	7341
VASA published, mouse	multi	61	UnitaryPseudogene	17	7341
VASA published, mouse	multi	61	UnprocessedPseudogene	570	7341
VASA published, mouse	multi	61	lncRNA	3207	7341
VASA published, mouse	multi	61	miRNA	51	7341
VASA published, mouse	multi	61	rRNA	2	7341
VASA published, mouse	multi	61	snRNA	41	7341
VASA published, mouse	multi	61	snoRNA	24	7341
VASA published, mouse	multi	61	tRNA	23	7341
VASA published, mouse	multi	62	MiscRna	140	7122
VASA published, mouse	multi	62	MtTrna	2	7122
VASA published, mouse	multi	62	ProcessedPseudogene	1795	7122
VASA published, mouse	multi	62	ProteinCoding	5993	7122
VASA published, mouse	multi	62	TEC	20	7122
VASA published, mouse	multi	62	TranscribedProcessedPseudogene	816	7122
VASA published, mouse	multi	62	TranscribedUnitaryPseudogene	8	7122
VASA published, mouse	multi	62	TranscribedUnprocessedPseudogene	162	7122
VASA published, mouse	multi	62	UnitaryPseudogene	24	7122
VASA published, mouse	multi	62	UnprocessedPseudogene	645	7122
VASA published, mouse	multi	62	lncRNA	3075	7122
VASA published, mouse	multi	62	miRNA	93	7122
VASA published, mouse	multi	62	snRNA	54	7122
VASA published, mouse	multi	62	snoRNA	22	7122
VASA published, mouse	multi	62	tRNA	7	7122
VASA published, mouse	multi	63	MiscRna	175	7423
VASA published, mouse	multi	63	MtRrna	1	7423
VASA published, mouse	multi	63	MtTrna	2	7423
VASA published, mouse	multi	63	ProcessedPseudogene	1719	7423
VASA published, mouse	multi	63	ProteinCoding	6129	7423
VASA published, mouse	multi	63	TEC	20	7423
VASA published, mouse	multi	63	TranscribedProcessedPseudogene	934	7423
VASA published, mouse	multi	63	TranscribedUnitaryPseudogene	13	7423
VASA published, mouse	multi	63	TranscribedUnprocessedPseudogene	180	7423
VASA published, mouse	multi	63	UnitaryPseudogene	24	7423
VASA published, mouse	multi	63	UnprocessedPseudogene	514	7423
VASA published, mouse	multi	63	lncRNA	3290	7423
VASA published, mouse	multi	63	miRNA	99	7423
VASA published, mouse	multi	63	rRNA	1	7423
VASA published, mouse	multi	63	ribozyme	2	7423
VASA published, mouse	multi	63	snRNA	70	7423
VASA published, mouse	multi	63	snoRNA	21	7423
VASA published, mouse	multi	63	tRNA	3	7423
VASA published, mouse	multi	64	MiscRna	183	7217
VASA published, mouse	multi	64	ProcessedPseudogene	1619	7217
VASA published, mouse	multi	64	ProteinCoding	6154	7217
VASA published, mouse	multi	64	TEC	22	7217
VASA published, mouse	multi	64	TranscribedProcessedPseudogene	738	7217
VASA published, mouse	multi	64	TranscribedUnitaryPseudogene	6	7217
VASA published, mouse	multi	64	TranscribedUnprocessedPseudogene	167	7217
VASA published, mouse	multi	64	UnitaryPseudogene	17	7217
VASA published, mouse	multi	64	UnprocessedPseudogene	433	7217
VASA published, mouse	multi	64	lncRNA	3327	7217
VASA published, mouse	multi	64	miRNA	106	7217
VASA published, mouse	multi	64	ribozyme	1	7217
VASA published, mouse	multi	64	snRNA	53	7217
VASA published, mouse	multi	64	snoRNA	33	7217
VASA published, mouse	multi	64	tRNA	9	7217
VASA published, mouse	multi	65	MiscRna	206	7260
VASA published, mouse	multi	65	MtRrna	1	7260
VASA published, mouse	multi	65	ProcessedPseudogene	1698	7260
VASA published, mouse	multi	65	ProteinCoding	6109	7260
VASA published, mouse	multi	65	TEC	28	7260
VASA published, mouse	multi	65	TranscribedProcessedPseudogene	880	7260
VASA published, mouse	multi	65	TranscribedUnitaryPseudogene	3	7260
VASA published, mouse	multi	65	TranscribedUnprocessedPseudogene	235	7260
VASA published, mouse	multi	65	UnitaryPseudogene	22	7260
VASA published, mouse	multi	65	UnprocessedPseudogene	307	7260
VASA published, mouse	multi	65	lncRNA	3577	7260
VASA published, mouse	multi	65	miRNA	105	7260
VASA published, mouse	multi	65	ribozyme	1	7260
VASA published, mouse	multi	65	snRNA	75	7260
VASA published, mouse	multi	65	snoRNA	31	7260
VASA published, mouse	multi	65	tRNA	7	7260
VASA published, mouse	multi	66	MiscRna	271	8650
VASA published, mouse	multi	66	MtRrna	1	8650
VASA published, mouse	multi	66	MtTrna	1	8650
VASA published, mouse	multi	66	ProcessedPseudogene	1918	8650
VASA published, mouse	multi	66	ProteinCoding	7291	8650
VASA published, mouse	multi	66	TEC	30	8650
VASA published, mouse	multi	66	TranscribedProcessedPseudogene	1674	8650
VASA published, mouse	multi	66	TranscribedUnitaryPseudogene	12	8650
VASA published, mouse	multi	66	TranscribedUnprocessedPseudogene	278	8650
VASA published, mouse	multi	66	UnitaryPseudogene	54	8650
VASA published, mouse	multi	66	UnprocessedPseudogene	355	8650
VASA published, mouse	multi	66	lncRNA	4517	8650
VASA published, mouse	multi	66	miRNA	102	8650
VASA published, mouse	multi	66	ribozyme	1	8650
VASA published, mouse	multi	66	snRNA	82	8650
VASA published, mouse	multi	66	snoRNA	40	8650
VASA published, mouse	multi	66	tRNA	3	8650
VASA published, mouse	multi	67	MiscRna	892	10202
VASA published, mouse	multi	67	MtRrna	1	10202
VASA published, mouse	multi	67	MtTrna	1	10202
VASA published, mouse	multi	67	ProcessedPseudogene	2138	10202
VASA published, mouse	multi	67	ProteinCoding	8658	10202
VASA published, mouse	multi	67	TEC	55	10202
VASA published, mouse	multi	67	TranscribedProcessedPseudogene	1068	10202
VASA published, mouse	multi	67	TranscribedUnitaryPseudogene	15	10202
VASA published, mouse	multi	67	TranscribedUnprocessedPseudogene	252	10202
VASA published, mouse	multi	67	UnitaryPseudogene	30	10202
VASA published, mouse	multi	67	UnprocessedPseudogene	350	10202
VASA published, mouse	multi	67	lncRNA	5412	10202
VASA published, mouse	multi	67	miRNA	127	10202
VASA published, mouse	multi	67	ribozyme	3	10202
VASA published, mouse	multi	67	snRNA	102	10202
VASA published, mouse	multi	67	snoRNA	38	10202
VASA published, mouse	multi	67	tRNA	6	10202
VASA published, mouse	multi	68	MiscRna	14984	28522
VASA published, mouse	multi	68	MtTrna	1	28522
VASA published, mouse	multi	68	ProcessedPseudogene	4038	28522
VASA published, mouse	multi	68	ProteinCoding	26094	28522
VASA published, mouse	multi	68	TEC	78	28522
VASA published, mouse	multi	68	TranscribedProcessedPseudogene	1581	28522
VASA published, mouse	multi	68	TranscribedUnitaryPseudogene	20	28522
VASA published, mouse	multi	68	TranscribedUnprocessedPseudogene	395	28522
VASA published, mouse	multi	68	UnitaryPseudogene	98	28522
VASA published, mouse	multi	68	UnprocessedPseudogene	589	28522
VASA published, mouse	multi	68	lncRNA	20960	28522
VASA published, mouse	multi	68	miRNA	213	28522
VASA published, mouse	multi	68	ribozyme	8	28522
VASA published, mouse	multi	68	snRNA	198	28522
VASA published, mouse	multi	68	snoRNA	56	28522
VASA published, mouse	multi	68	tRNA	13	28522
VASA published, mouse	multi	69	MiscRna	10638	37931
VASA published, mouse	multi	69	ProcessedPseudogene	10090	37931
VASA published, mouse	multi	69	ProteinCoding	32703	37931
VASA published, mouse	multi	69	TEC	142	37931
VASA published, mouse	multi	69	TrVGene	1	37931
VASA published, mouse	multi	69	TranscribedProcessedPseudogene	4446	37931
VASA published, mouse	multi	69	TranscribedUnitaryPseudogene	34	37931
VASA published, mouse	multi	69	TranscribedUnprocessedPseudogene	733	37931
VASA published, mouse	multi	69	UnitaryPseudogene	48	37931
VASA published, mouse	multi	69	UnprocessedPseudogene	1294	37931
VASA published, mouse	multi	69	lncRNA	22417	37931
VASA published, mouse	multi	69	miRNA	1247	37931
VASA published, mouse	multi	69	rRNA	1	37931
VASA published, mouse	multi	69	ribozyme	7	37931
VASA published, mouse	multi	69	snRNA	957	37931
VASA published, mouse	multi	69	snoRNA	92	37931
VASA published, mouse	multi	69	tRNA	14	37931
VASA published, mouse	multi	70	MiscRna	17497	81317
VASA published, mouse	multi	70	MtRrna	2	81317
VASA published, mouse	multi	70	MtTrna	4	81317
VASA published, mouse	multi	70	ProcessedPseudogene	24022	81317
VASA published, mouse	multi	70	ProteinCoding	65614	81317
VASA published, mouse	multi	70	TEC	270	81317
VASA published, mouse	multi	70	TranscribedProcessedPseudogene	9763	81317
VASA published, mouse	multi	70	TranscribedUnitaryPseudogene	90	81317
VASA published, mouse	multi	70	TranscribedUnprocessedPseudogene	1913	81317
VASA published, mouse	multi	70	UnitaryPseudogene	111	81317
VASA published, mouse	multi	70	UnprocessedPseudogene	3459	81317
VASA published, mouse	multi	70	lncRNA	41326	81317
VASA published, mouse	multi	70	miRNA	7239	81317
VASA published, mouse	multi	70	ribozyme	180	81317
VASA published, mouse	multi	70	snRNA	2479	81317
VASA published, mouse	multi	70	snoRNA	179	81317
VASA published, mouse	multi	70	tRNA	25	81317
VASA published, mouse	multi	71	MiscRna	43980	187299
VASA published, mouse	multi	71	MtRrna	1	187299
VASA published, mouse	multi	71	MtTrna	29	187299
VASA published, mouse	multi	71	ProcessedPseudogene	55320	187299
VASA published, mouse	multi	71	ProteinCoding	151331	187299
VASA published, mouse	multi	71	TEC	774	187299
VASA published, mouse	multi	71	TrVGene	1	187299
VASA published, mouse	multi	71	TranscribedProcessedPseudogene	22766	187299
VASA published, mouse	multi	71	TranscribedUnitaryPseudogene	393	187299
VASA published, mouse	multi	71	TranscribedUnprocessedPseudogene	4656	187299
VASA published, mouse	multi	71	UnitaryPseudogene	152	187299
VASA published, mouse	multi	71	UnprocessedPseudogene	8046	187299
VASA published, mouse	multi	71	lncRNA	100594	187299
VASA published, mouse	multi	71	miRNA	17233	187299
VASA published, mouse	multi	71	rRNA	12	187299
VASA published, mouse	multi	71	ribozyme	465	187299
VASA published, mouse	multi	71	snRNA	3582	187299
VASA published, mouse	multi	71	snoRNA	567	187299
VASA published, mouse	multi	71	tRNA	37	187299
VASA published, mouse	multi	72	MiscRna	105502	400152
VASA published, mouse	multi	72	MtRrna	11	400152
VASA published, mouse	multi	72	MtTrna	27	400152
VASA published, mouse	multi	72	ProcessedPseudogene	120458	400152
VASA published, mouse	multi	72	ProteinCoding	346525	400152
VASA published, mouse	multi	72	TEC	1152	400152
VASA published, mouse	multi	72	TrCGene	1	400152
VASA published, mouse	multi	72	TrVGene	10	400152
VASA published, mouse	multi	72	TrVPseudogene	8	400152
VASA published, mouse	multi	72	TranscribedProcessedPseudogene	51548	400152
VASA published, mouse	multi	72	TranscribedUnitaryPseudogene	1280	400152
VASA published, mouse	multi	72	TranscribedUnprocessedPseudogene	10006	400152
VASA published, mouse	multi	72	UnitaryPseudogene	357	400152
VASA published, mouse	multi	72	UnprocessedPseudogene	17246	400152
VASA published, mouse	multi	72	lncRNA	209789	400152
VASA published, mouse	multi	72	miRNA	16845	400152
VASA published, mouse	multi	72	pseudogene	5	400152
VASA published, mouse	multi	72	rRNA	8	400152
VASA published, mouse	multi	72	ribozyme	844	400152
VASA published, mouse	multi	72	scaRNA	3	400152
VASA published, mouse	multi	72	snRNA	9184	400152
VASA published, mouse	multi	72	snoRNA	4219	400152
VASA published, mouse	multi	72	tRNA	84	400152
VASA published, mouse	multi	73	MiscRna	51792	424856
VASA published, mouse	multi	73	MtRrna	5	424856
VASA published, mouse	multi	73	MtTrna	31	424856
VASA published, mouse	multi	73	ProcessedPseudogene	151789	424856
VASA published, mouse	multi	73	ProteinCoding	367011	424856
VASA published, mouse	multi	73	TEC	1396	424856
VASA published, mouse	multi	73	TrCGene	1	424856
VASA published, mouse	multi	73	TrVPseudogene	1	424856
VASA published, mouse	multi	73	TranscribedProcessedPseudogene	62886	424856
VASA published, mouse	multi	73	TranscribedUnitaryPseudogene	1454	424856
VASA published, mouse	multi	73	TranscribedUnprocessedPseudogene	12556	424856
VASA published, mouse	multi	73	UnitaryPseudogene	350	424856
VASA published, mouse	multi	73	UnprocessedPseudogene	22417	424856
VASA published, mouse	multi	73	lncRNA	184827	424856
VASA published, mouse	multi	73	miRNA	13703	424856
VASA published, mouse	multi	73	pseudogene	2	424856
VASA published, mouse	multi	73	rRNA	22	424856
VASA published, mouse	multi	73	ribozyme	1598	424856
VASA published, mouse	multi	73	scaRNA	5	424856
VASA published, mouse	multi	73	snRNA	9331	424856
VASA published, mouse	multi	73	snoRNA	11377	424856
VASA published, mouse	multi	73	tRNA	112	424856
VASA published, mouse	multi	74	MiscRna	159639	1267238
VASA published, mouse	multi	74	MtRrna	22	1267238
VASA published, mouse	multi	74	MtTrna	102	1267238
VASA published, mouse	multi	74	ProcessedPseudogene	453645	1267238
VASA published, mouse	multi	74	ProteinCoding	1091527	1267238
VASA published, mouse	multi	74	TEC	4194	1267238
VASA published, mouse	multi	74	TrCGene	14	1267238
VASA published, mouse	multi	74	TrVGene	1	1267238
VASA published, mouse	multi	74	TrVPseudogene	4	1267238
VASA published, mouse	multi	74	TranscribedProcessedPseudogene	191242	1267238
VASA published, mouse	multi	74	TranscribedUnitaryPseudogene	5511	1267238
VASA published, mouse	multi	74	TranscribedUnprocessedPseudogene	35605	1267238
VASA published, mouse	multi	74	UnitaryPseudogene	1061	1267238
VASA published, mouse	multi	74	UnprocessedPseudogene	73688	1267238
VASA published, mouse	multi	74	lncRNA	555673	1267238
VASA published, mouse	multi	74	miRNA	45796	1267238
VASA published, mouse	multi	74	pseudogene	8	1267238
VASA published, mouse	multi	74	rRNA	46	1267238
VASA published, mouse	multi	74	ribozyme	3863	1267238
VASA published, mouse	multi	74	scaRNA	3	1267238
VASA published, mouse	multi	74	snRNA	39576	1267238
VASA published, mouse	multi	74	snoRNA	29176	1267238
VASA published, mouse	multi	74	tRNA	314	1267238
VASA published, mouse	multi	75	IgVGene	11	3034364
VASA published, mouse	multi	75	IgVPseudogene	8	3034364
VASA published, mouse	multi	75	MiscRna	539205	3034364
VASA published, mouse	multi	75	MtRrna	70	3034364
VASA published, mouse	multi	75	MtTrna	227	3034364
VASA published, mouse	multi	75	ProcessedPseudogene	1002785	3034364
VASA published, mouse	multi	75	ProteinCoding	2604446	3034364
VASA published, mouse	multi	75	TEC	10237	3034364
VASA published, mouse	multi	75	TrCGene	5	3034364
VASA published, mouse	multi	75	TrVGene	19	3034364
VASA published, mouse	multi	75	TrVPseudogene	22	3034364
VASA published, mouse	multi	75	TranscribedProcessedPseudogene	419755	3034364
VASA published, mouse	multi	75	TranscribedUnitaryPseudogene	11304	3034364
VASA published, mouse	multi	75	TranscribedUnprocessedPseudogene	79945	3034364
VASA published, mouse	multi	75	TranslatedUnprocessedPseudogene	7	3034364
VASA published, mouse	multi	75	UnitaryPseudogene	2405	3034364
VASA published, mouse	multi	75	UnprocessedPseudogene	160791	3034364
VASA published, mouse	multi	75	lncRNA	1446460	3034364
VASA published, mouse	multi	75	miRNA	122168	3034364
VASA published, mouse	multi	75	pseudogene	20	3034364
VASA published, mouse	multi	75	rRNA	103	3034364
VASA published, mouse	multi	75	ribozyme	4097	3034364
VASA published, mouse	multi	75	scaRNA	19	3034364
VASA published, mouse	multi	75	snRNA	135138	3034364
VASA published, mouse	multi	75	snoRNA	53902	3034364
VASA published, mouse	multi	75	tRNA	642	3034364
VASA published, mouse	single	15	MiscRna	1	6488
VASA published, mouse	single	15	MtRrna	1	6488
VASA published, mouse	single	15	ProcessedPseudogene	13	6488
VASA published, mouse	single	15	ProteinCoding	4061	6488
VASA published, mouse	single	15	TEC	13	6488
VASA published, mouse	single	15	TranscribedProcessedPseudogene	4	6488
VASA published, mouse	single	15	TranscribedUnitaryPseudogene	4	6488
VASA published, mouse	single	15	TranscribedUnprocessedPseudogene	4	6488
VASA published, mouse	single	15	UnitaryPseudogene	1	6488
VASA published, mouse	single	15	UnprocessedPseudogene	13	6488
VASA published, mouse	single	15	lncRNA	2461	6488
VASA published, mouse	single	15	miRNA	1	6488
VASA published, mouse	single	15	rRNA	5	6488
VASA published, mouse	single	15	ribozyme	4	6488
VASA published, mouse	single	15	snoRNA	3	6488
VASA published, mouse	single	16	MiscRna	4	9216
VASA published, mouse	single	16	MtRrna	1	9216
VASA published, mouse	single	16	ProcessedPseudogene	22	9216
VASA published, mouse	single	16	ProteinCoding	7425	9216
VASA published, mouse	single	16	TEC	26	9216
VASA published, mouse	single	16	TranscribedProcessedPseudogene	13	9216
VASA published, mouse	single	16	TranscribedUnitaryPseudogene	10	9216
VASA published, mouse	single	16	TranscribedUnprocessedPseudogene	8	9216
VASA published, mouse	single	16	UnitaryPseudogene	6	9216
VASA published, mouse	single	16	UnprocessedPseudogene	13	9216
VASA published, mouse	single	16	lncRNA	1801	9216
VASA published, mouse	single	16	miRNA	2	9216
VASA published, mouse	single	16	rRNA	9	9216
VASA published, mouse	single	16	ribozyme	4	9216
VASA published, mouse	single	16	snRNA	2	9216
VASA published, mouse	single	16	snoRNA	12	9216
VASA published, mouse	single	16	tRNA	1	9216
VASA published, mouse	single	17	MiscRna	3	15558
VASA published, mouse	single	17	MtRrna	22	15558
VASA published, mouse	single	17	ProcessedPseudogene	46	15558
VASA published, mouse	single	17	ProteinCoding	13346	15558
VASA published, mouse	single	17	TEC	66	15558
VASA published, mouse	single	17	TranscribedProcessedPseudogene	3	15558
VASA published, mouse	single	17	TranscribedUnitaryPseudogene	13	15558
VASA published, mouse	single	17	TranscribedUnprocessedPseudogene	4	15558
VASA published, mouse	single	17	UnitaryPseudogene	5	15558
VASA published, mouse	single	17	UnprocessedPseudogene	3	15558
VASA published, mouse	single	17	lncRNA	2263	15558
VASA published, mouse	single	17	miRNA	16	15558
VASA published, mouse	single	17	rRNA	2	15558
VASA published, mouse	single	17	scaRNA	6	15558
VASA published, mouse	single	17	snoRNA	7	15558
VASA published, mouse	single	17	tRNA	13	15558
VASA published, mouse	single	18	IgCGene	1	21463
VASA published, mouse	single	18	MiscRna	6	21463
VASA published, mouse	single	18	MtRrna	14	21463
VASA published, mouse	single	18	ProcessedPseudogene	47	21463
VASA published, mouse	single	18	ProteinCoding	18899	21463
VASA published, mouse	single	18	TEC	74	21463
VASA published, mouse	single	18	TranscribedProcessedPseudogene	5	21463
VASA published, mouse	single	18	TranscribedUnitaryPseudogene	9	21463
VASA published, mouse	single	18	TranscribedUnprocessedPseudogene	13	21463
VASA published, mouse	single	18	UnitaryPseudogene	3	21463
VASA published, mouse	single	18	UnprocessedPseudogene	11	21463
VASA published, mouse	single	18	lncRNA	2710	21463
VASA published, mouse	single	18	miRNA	72	21463
VASA published, mouse	single	18	rRNA	3	21463
VASA published, mouse	single	18	ribozyme	2	21463
VASA published, mouse	single	18	scaRNA	4	21463
VASA published, mouse	single	18	snoRNA	5	21463
VASA published, mouse	single	18	tRNA	5	21463
VASA published, mouse	single	19	MiscRna	10	26367
VASA published, mouse	single	19	MtRrna	20	26367
VASA published, mouse	single	19	MtTrna	1	26367
VASA published, mouse	single	19	ProcessedPseudogene	390	26367
VASA published, mouse	single	19	ProteinCoding	23468	26367
VASA published, mouse	single	19	TEC	91	26367
VASA published, mouse	single	19	TranscribedProcessedPseudogene	3	26367
VASA published, mouse	single	19	TranscribedUnitaryPseudogene	10	26367
VASA published, mouse	single	19	TranscribedUnprocessedPseudogene	8	26367
VASA published, mouse	single	19	UnitaryPseudogene	6	26367
VASA published, mouse	single	19	UnprocessedPseudogene	11	26367
VASA published, mouse	single	19	lncRNA	2747	26367
VASA published, mouse	single	19	miRNA	33	26367
VASA published, mouse	single	19	rRNA	5	26367
VASA published, mouse	single	19	scaRNA	7	26367
VASA published, mouse	single	19	snRNA	2	26367
VASA published, mouse	single	19	snoRNA	18	26367
VASA published, mouse	single	19	tRNA	5	26367
VASA published, mouse	single	20	MiscRna	7	31925
VASA published, mouse	single	20	MtRrna	23	31925
VASA published, mouse	single	20	MtTrna	1	31925
VASA published, mouse	single	20	ProcessedPseudogene	174	31925
VASA published, mouse	single	20	ProteinCoding	28530	31925
VASA published, mouse	single	20	TEC	116	31925
VASA published, mouse	single	20	TranscribedProcessedPseudogene	1	31925
VASA published, mouse	single	20	TranscribedUnitaryPseudogene	47	31925
VASA published, mouse	single	20	TranscribedUnprocessedPseudogene	14	31925
VASA published, mouse	single	20	UnitaryPseudogene	10	31925
VASA published, mouse	single	20	UnprocessedPseudogene	7	31925
VASA published, mouse	single	20	lncRNA	3612	31925
VASA published, mouse	single	20	miRNA	41	31925
VASA published, mouse	single	20	rRNA	10	31925
VASA published, mouse	single	20	ribozyme	3	31925
VASA published, mouse	single	20	scaRNA	16	31925
VASA published, mouse	single	20	snRNA	2	31925
VASA published, mouse	single	20	snoRNA	8	31925
VASA published, mouse	single	20	tRNA	8	31925
VASA published, mouse	single	21	IgCGene	1	34485
VASA published, mouse	single	21	MiscRna	12	34485
VASA published, mouse	single	21	MtRrna	12	34485
VASA published, mouse	single	21	MtTrna	2	34485
VASA published, mouse	single	21	ProcessedPseudogene	117	34485
VASA published, mouse	single	21	ProteinCoding	31390	34485
VASA published, mouse	single	21	TEC	118	34485
VASA published, mouse	single	21	TranscribedProcessedPseudogene	8	34485
VASA published, mouse	single	21	TranscribedUnitaryPseudogene	4	34485
VASA published, mouse	single	21	TranscribedUnprocessedPseudogene	23	34485
VASA published, mouse	single	21	TranslatedUnprocessedPseudogene	1	34485
VASA published, mouse	single	21	UnitaryPseudogene	5	34485
VASA published, mouse	single	21	UnprocessedPseudogene	5	34485
VASA published, mouse	single	21	lncRNA	3363	34485
VASA published, mouse	single	21	miRNA	60	34485
VASA published, mouse	single	21	rRNA	33	34485
VASA published, mouse	single	21	ribozyme	5	34485
VASA published, mouse	single	21	scaRNA	10	34485
VASA published, mouse	single	21	snRNA	6	34485
VASA published, mouse	single	21	snoRNA	13	34485
VASA published, mouse	single	21	tRNA	2	34485
VASA published, mouse	single	22	IgVGene	1	37711
VASA published, mouse	single	22	IgVPseudogene	1	37711
VASA published, mouse	single	22	MiscRna	15	37711
VASA published, mouse	single	22	MtRrna	12	37711
VASA published, mouse	single	22	ProcessedPseudogene	106	37711
VASA published, mouse	single	22	ProteinCoding	33987	37711
VASA published, mouse	single	22	TEC	153	37711
VASA published, mouse	single	22	TranscribedProcessedPseudogene	7	37711
VASA published, mouse	single	22	TranscribedUnitaryPseudogene	10	37711
VASA published, mouse	single	22	TranscribedUnprocessedPseudogene	27	37711
VASA published, mouse	single	22	UnitaryPseudogene	7	37711
VASA published, mouse	single	22	UnprocessedPseudogene	13	37711
VASA published, mouse	single	22	lncRNA	4090	37711
VASA published, mouse	single	22	miRNA	119	37711
VASA published, mouse	single	22	rRNA	73	37711
VASA published, mouse	single	22	ribozyme	2	37711
VASA published, mouse	single	22	scaRNA	1	37711
VASA published, mouse	single	22	snRNA	5	37711
VASA published, mouse	single	22	snoRNA	13	37711
VASA published, mouse	single	22	tRNA	2	37711
VASA published, mouse	single	23	MiscRna	10	39426
VASA published, mouse	single	23	MtRrna	17	39426
VASA published, mouse	single	23	MtTrna	1	39426
VASA published, mouse	single	23	ProcessedPseudogene	83	39426
VASA published, mouse	single	23	ProteinCoding	35862	39426
VASA published, mouse	single	23	TEC	145	39426
VASA published, mouse	single	23	TranscribedProcessedPseudogene	15	39426
VASA published, mouse	single	23	TranscribedUnitaryPseudogene	17	39426
VASA published, mouse	single	23	TranscribedUnprocessedPseudogene	13	39426
VASA published, mouse	single	23	UnitaryPseudogene	3	39426
VASA published, mouse	single	23	UnprocessedPseudogene	12	39426
VASA published, mouse	single	23	lncRNA	3958	39426
VASA published, mouse	single	23	miRNA	71	39426
VASA published, mouse	single	23	rRNA	101	39426
VASA published, mouse	single	23	ribozyme	2	39426
VASA published, mouse	single	23	scaRNA	2	39426
VASA published, mouse	single	23	snRNA	3	39426
VASA published, mouse	single	23	snoRNA	39	39426
VASA published, mouse	single	23	tRNA	3	39426
VASA published, mouse	single	24	MiscRna	8	38789
VASA published, mouse	single	24	MtRrna	31	38789
VASA published, mouse	single	24	MtTrna	1	38789
VASA published, mouse	single	24	ProcessedPseudogene	93	38789
VASA published, mouse	single	24	ProteinCoding	35544	38789
VASA published, mouse	single	24	TEC	120	38789
VASA published, mouse	single	24	TranscribedProcessedPseudogene	14	38789
VASA published, mouse	single	24	TranscribedUnitaryPseudogene	21	38789
VASA published, mouse	single	24	TranscribedUnprocessedPseudogene	21	38789
VASA published, mouse	single	24	UnitaryPseudogene	6	38789
VASA published, mouse	single	24	UnprocessedPseudogene	35	38789
VASA published, mouse	single	24	lncRNA	3553	38789
VASA published, mouse	single	24	miRNA	92	38789
VASA published, mouse	single	24	rRNA	101	38789
VASA published, mouse	single	24	ribozyme	6	38789
VASA published, mouse	single	24	snRNA	10	38789
VASA published, mouse	single	24	snoRNA	44	38789
VASA published, mouse	single	24	tRNA	30	38789
VASA published, mouse	single	25	MiscRna	13	39623
VASA published, mouse	single	25	MtRrna	30	39623
VASA published, mouse	single	25	MtTrna	1	39623
VASA published, mouse	single	25	ProcessedPseudogene	53	39623
VASA published, mouse	single	25	ProteinCoding	36739	39623
VASA published, mouse	single	25	TEC	113	39623
VASA published, mouse	single	25	TranscribedProcessedPseudogene	3	39623
VASA published, mouse	single	25	TranscribedUnitaryPseudogene	34	39623
VASA published, mouse	single	25	TranscribedUnprocessedPseudogene	10	39623
VASA published, mouse	single	25	UnitaryPseudogene	3	39623
VASA published, mouse	single	25	UnprocessedPseudogene	13	39623
VASA published, mouse	single	25	lncRNA	3187	39623
VASA published, mouse	single	25	miRNA	74	39623
VASA published, mouse	single	25	rRNA	121	39623
VASA published, mouse	single	25	ribozyme	10	39623
VASA published, mouse	single	25	scaRNA	1	39623
VASA published, mouse	single	25	snRNA	4	39623
VASA published, mouse	single	25	snoRNA	22	39623
VASA published, mouse	single	25	tRNA	5	39623
VASA published, mouse	single	26	MiscRna	7	39324
VASA published, mouse	single	26	MtRrna	32	39324
VASA published, mouse	single	26	MtTrna	7	39324
VASA published, mouse	single	26	ProcessedPseudogene	86	39324
VASA published, mouse	single	26	ProteinCoding	36236	39324
VASA published, mouse	single	26	TEC	161	39324
VASA published, mouse	single	26	TranscribedProcessedPseudogene	4	39324
VASA published, mouse	single	26	TranscribedUnitaryPseudogene	17	39324
VASA published, mouse	single	26	TranscribedUnprocessedPseudogene	27	39324
VASA published, mouse	single	26	UnitaryPseudogene	7	39324
VASA published, mouse	single	26	UnprocessedPseudogene	10	39324
VASA published, mouse	single	26	lncRNA	3257	39324
VASA published, mouse	single	26	miRNA	60	39324
VASA published, mouse	single	26	rRNA	168	39324
VASA published, mouse	single	26	ribozyme	5	39324
VASA published, mouse	single	26	scaRNA	2	39324
VASA published, mouse	single	26	snRNA	4	39324
VASA published, mouse	single	26	snoRNA	23	39324
VASA published, mouse	single	26	tRNA	9	39324
VASA published, mouse	single	27	MiscRna	5	39449
VASA published, mouse	single	27	MtRrna	25	39449
VASA published, mouse	single	27	MtTrna	2	39449
VASA published, mouse	single	27	ProcessedPseudogene	70	39449
VASA published, mouse	single	27	ProteinCoding	36804	39449
VASA published, mouse	single	27	TEC	164	39449
VASA published, mouse	single	27	TranscribedProcessedPseudogene	6	39449
VASA published, mouse	single	27	TranscribedUnitaryPseudogene	5	39449
VASA published, mouse	single	27	TranscribedUnprocessedPseudogene	26	39449
VASA published, mouse	single	27	UnitaryPseudogene	9	39449
VASA published, mouse	single	27	UnprocessedPseudogene	6	39449
VASA published, mouse	single	27	lncRNA	2952	39449
VASA published, mouse	single	27	miRNA	44	39449
VASA published, mouse	single	27	rRNA	134	39449
VASA published, mouse	single	27	ribozyme	6	39449
VASA published, mouse	single	27	scaRNA	2	39449
VASA published, mouse	single	27	snRNA	4	39449
VASA published, mouse	single	27	snoRNA	28	39449
VASA published, mouse	single	27	tRNA	3	39449
VASA published, mouse	single	28	MiscRna	8	39972
VASA published, mouse	single	28	MtRrna	27	39972
VASA published, mouse	single	28	MtTrna	4	39972
VASA published, mouse	single	28	ProcessedPseudogene	123	39972
VASA published, mouse	single	28	ProteinCoding	37302	39972
VASA published, mouse	single	28	TEC	136	39972
VASA published, mouse	single	28	TranscribedProcessedPseudogene	12	39972
VASA published, mouse	single	28	TranscribedUnitaryPseudogene	4	39972
VASA published, mouse	single	28	TranscribedUnprocessedPseudogene	19	39972
VASA published, mouse	single	28	UnitaryPseudogene	5	39972
VASA published, mouse	single	28	UnprocessedPseudogene	6	39972
VASA published, mouse	single	28	lncRNA	2794	39972
VASA published, mouse	single	28	miRNA	47	39972
VASA published, mouse	single	28	rRNA	175	39972
VASA published, mouse	single	28	ribozyme	5	39972
VASA published, mouse	single	28	scaRNA	1	39972
VASA published, mouse	single	28	snRNA	10	39972
VASA published, mouse	single	28	snoRNA	28	39972
VASA published, mouse	single	28	tRNA	6	39972
VASA published, mouse	single	29	MiscRna	13	39109
VASA published, mouse	single	29	MtRrna	33	39109
VASA published, mouse	single	29	MtTrna	4	39109
VASA published, mouse	single	29	ProcessedPseudogene	59	39109
VASA published, mouse	single	29	ProteinCoding	36516	39109
VASA published, mouse	single	29	TEC	139	39109
VASA published, mouse	single	29	TranscribedProcessedPseudogene	12	39109
VASA published, mouse	single	29	TranscribedUnitaryPseudogene	2	39109
VASA published, mouse	single	29	TranscribedUnprocessedPseudogene	23	39109
VASA published, mouse	single	29	UnitaryPseudogene	5	39109
VASA published, mouse	single	29	UnprocessedPseudogene	3	39109
VASA published, mouse	single	29	lncRNA	2727	39109
VASA published, mouse	single	29	miRNA	34	39109
VASA published, mouse	single	29	rRNA	210	39109
VASA published, mouse	single	29	ribozyme	6	39109
VASA published, mouse	single	29	scaRNA	1	39109
VASA published, mouse	single	29	snRNA	5	39109
VASA published, mouse	single	29	snoRNA	37	39109
VASA published, mouse	single	30	MiscRna	13	38751
VASA published, mouse	single	30	MtRrna	45	38751
VASA published, mouse	single	30	ProcessedPseudogene	36	38751
VASA published, mouse	single	30	ProteinCoding	36591	38751
VASA published, mouse	single	30	TEC	136	38751
VASA published, mouse	single	30	TranscribedProcessedPseudogene	10	38751
VASA published, mouse	single	30	TranscribedUnitaryPseudogene	15	38751
VASA published, mouse	single	30	TranscribedUnprocessedPseudogene	28	38751
VASA published, mouse	single	30	UnitaryPseudogene	4	38751
VASA published, mouse	single	30	lncRNA	2270	38751
VASA published, mouse	single	30	miRNA	35	38751
VASA published, mouse	single	30	rRNA	184	38751
VASA published, mouse	single	30	ribozyme	5	38751
VASA published, mouse	single	30	scaRNA	1	38751
VASA published, mouse	single	30	snRNA	1	38751
VASA published, mouse	single	30	snoRNA	21	38751
VASA published, mouse	single	30	tRNA	6	38751
VASA published, mouse	single	31	MiscRna	7	39636
VASA published, mouse	single	31	MtRrna	32	39636
VASA published, mouse	single	31	MtTrna	2	39636
VASA published, mouse	single	31	ProcessedPseudogene	54	39636
VASA published, mouse	single	31	ProteinCoding	37432	39636
VASA published, mouse	single	31	TEC	177	39636
VASA published, mouse	single	31	TrCGene	1	39636
VASA published, mouse	single	31	TranscribedProcessedPseudogene	11	39636
VASA published, mouse	single	31	TranscribedUnitaryPseudogene	16	39636
VASA published, mouse	single	31	TranscribedUnprocessedPseudogene	23	39636
VASA published, mouse	single	31	UnprocessedPseudogene	5	39636
VASA published, mouse	single	31	lncRNA	2340	39636
VASA published, mouse	single	31	miRNA	39	39636
VASA published, mouse	single	31	rRNA	207	39636
VASA published, mouse	single	31	ribozyme	5	39636
VASA published, mouse	single	31	scaRNA	2	39636
VASA published, mouse	single	31	snRNA	4	39636
VASA published, mouse	single	31	snoRNA	26	39636
VASA published, mouse	single	31	tRNA	14	39636
VASA published, mouse	single	32	MiscRna	20	40880
VASA published, mouse	single	32	MtRrna	34	40880
VASA published, mouse	single	32	MtTrna	3	40880
VASA published, mouse	single	32	ProcessedPseudogene	44	40880
VASA published, mouse	single	32	ProteinCoding	38322	40880
VASA published, mouse	single	32	TEC	157	40880
VASA published, mouse	single	32	TranscribedProcessedPseudogene	12	40880
VASA published, mouse	single	32	TranscribedUnitaryPseudogene	8	40880
VASA published, mouse	single	32	TranscribedUnprocessedPseudogene	33	40880
VASA published, mouse	single	32	UnitaryPseudogene	2	40880
VASA published, mouse	single	32	UnprocessedPseudogene	4	40880
VASA published, mouse	single	32	lncRNA	2693	40880
VASA published, mouse	single	32	miRNA	44	40880
VASA published, mouse	single	32	rRNA	193	40880
VASA published, mouse	single	32	ribozyme	6	40880
VASA published, mouse	single	32	scaRNA	7	40880
VASA published, mouse	single	32	snRNA	9	40880
VASA published, mouse	single	32	snoRNA	26	40880
VASA published, mouse	single	32	tRNA	6	40880
VASA published, mouse	single	33	MiscRna	5	40324
VASA published, mouse	single	33	MtRrna	34	40324
VASA published, mouse	single	33	ProcessedPseudogene	57	40324
VASA published, mouse	single	33	ProteinCoding	37876	40324
VASA published, mouse	single	33	TEC	144	40324
VASA published, mouse	single	33	TranscribedProcessedPseudogene	6	40324
VASA published, mouse	single	33	TranscribedUnitaryPseudogene	3	40324
VASA published, mouse	single	33	TranscribedUnprocessedPseudogene	41	40324
VASA published, mouse	single	33	UnitaryPseudogene	2	40324
VASA published, mouse	single	33	UnprocessedPseudogene	2	40324
VASA published, mouse	single	33	lncRNA	2610	40324
VASA published, mouse	single	33	miRNA	45	40324
VASA published, mouse	single	33	rRNA	175	40324
VASA published, mouse	single	33	ribozyme	7	40324
VASA published, mouse	single	33	scaRNA	5	40324
VASA published, mouse	single	33	snRNA	8	40324
VASA published, mouse	single	33	snoRNA	18	40324
VASA published, mouse	single	33	tRNA	2	40324
VASA published, mouse	single	34	MiscRna	12	42181
VASA published, mouse	single	34	MtRrna	46	42181
VASA published, mouse	single	34	MtTrna	4	42181
VASA published, mouse	single	34	ProcessedPseudogene	78	42181
VASA published, mouse	single	34	ProteinCoding	39541	42181
VASA published, mouse	single	34	TEC	136	42181
VASA published, mouse	single	34	TranscribedProcessedPseudogene	2	42181
VASA published, mouse	single	34	TranscribedUnitaryPseudogene	17	42181
VASA published, mouse	single	34	TranscribedUnprocessedPseudogene	40	42181
VASA published, mouse	single	34	UnitaryPseudogene	8	42181
VASA published, mouse	single	34	UnprocessedPseudogene	3	42181
VASA published, mouse	single	34	lncRNA	2808	42181
VASA published, mouse	single	34	miRNA	24	42181
VASA published, mouse	single	34	rRNA	176	42181
VASA published, mouse	single	34	ribozyme	9	42181
VASA published, mouse	single	34	scaRNA	1	42181
VASA published, mouse	single	34	snRNA	3	42181
VASA published, mouse	single	34	snoRNA	39	42181
VASA published, mouse	single	34	tRNA	1	42181
VASA published, mouse	single	35	MiscRna	16	43009
VASA published, mouse	single	35	MtRrna	39	43009
VASA published, mouse	single	35	ProcessedPseudogene	41	43009
VASA published, mouse	single	35	ProteinCoding	40315	43009
VASA published, mouse	single	35	TEC	146	43009
VASA published, mouse	single	35	TranscribedProcessedPseudogene	5	43009
VASA published, mouse	single	35	TranscribedUnitaryPseudogene	3	43009
VASA published, mouse	single	35	TranscribedUnprocessedPseudogene	46	43009
VASA published, mouse	single	35	UnitaryPseudogene	7	43009
VASA published, mouse	single	35	UnprocessedPseudogene	3	43009
VASA published, mouse	single	35	lncRNA	2881	43009
VASA published, mouse	single	35	miRNA	19	43009
VASA published, mouse	single	35	rRNA	173	43009
VASA published, mouse	single	35	ribozyme	9	43009
VASA published, mouse	single	35	scaRNA	5	43009
VASA published, mouse	single	35	snRNA	9	43009
VASA published, mouse	single	35	snoRNA	30	43009
VASA published, mouse	single	35	tRNA	1	43009
VASA published, mouse	single	36	IgCGene	1	42854
VASA published, mouse	single	36	MiscRna	24	42854
VASA published, mouse	single	36	MtRrna	34	42854
VASA published, mouse	single	36	MtTrna	1	42854
VASA published, mouse	single	36	ProcessedPseudogene	62	42854
VASA published, mouse	single	36	ProteinCoding	40341	42854
VASA published, mouse	single	36	TEC	170	42854
VASA published, mouse	single	36	TranscribedProcessedPseudogene	15	42854
VASA published, mouse	single	36	TranscribedUnitaryPseudogene	3	42854
VASA published, mouse	single	36	TranscribedUnprocessedPseudogene	26	42854
VASA published, mouse	single	36	UnitaryPseudogene	2	42854
VASA published, mouse	single	36	UnprocessedPseudogene	4	42854
VASA published, mouse	single	36	lncRNA	2751	42854
VASA published, mouse	single	36	miRNA	125	42854
VASA published, mouse	single	36	rRNA	141	42854
VASA published, mouse	single	36	ribozyme	12	42854
VASA published, mouse	single	36	scaRNA	3	42854
VASA published, mouse	single	36	snRNA	5	42854
VASA published, mouse	single	36	snoRNA	31	42854
VASA published, mouse	single	36	tRNA	4	42854
VASA published, mouse	single	37	MiscRna	10	43386
VASA published, mouse	single	37	MtRrna	40	43386
VASA published, mouse	single	37	MtTrna	1	43386
VASA published, mouse	single	37	ProcessedPseudogene	50	43386
VASA published, mouse	single	37	ProteinCoding	40583	43386
VASA published, mouse	single	37	TEC	203	43386
VASA published, mouse	single	37	TranscribedProcessedPseudogene	14	43386
VASA published, mouse	single	37	TranscribedUnitaryPseudogene	8	43386
VASA published, mouse	single	37	TranscribedUnprocessedPseudogene	35	43386
VASA published, mouse	single	37	UnitaryPseudogene	4	43386
VASA published, mouse	single	37	UnprocessedPseudogene	2	43386
VASA published, mouse	single	37	lncRNA	2998	43386
VASA published, mouse	single	37	miRNA	179	43386
VASA published, mouse	single	37	rRNA	143	43386
VASA published, mouse	single	37	ribozyme	9	43386
VASA published, mouse	single	37	scaRNA	10	43386
VASA published, mouse	single	37	snRNA	8	43386
VASA published, mouse	single	37	snoRNA	44	43386
VASA published, mouse	single	37	tRNA	6	43386
VASA published, mouse	single	38	MiscRna	6	43555
VASA published, mouse	single	38	MtRrna	44	43555
VASA published, mouse	single	38	ProcessedPseudogene	45	43555
VASA published, mouse	single	38	ProteinCoding	40832	43555
VASA published, mouse	single	38	TEC	128	43555
VASA published, mouse	single	38	TranscribedProcessedPseudogene	10	43555
VASA published, mouse	single	38	TranscribedUnitaryPseudogene	12	43555
VASA published, mouse	single	38	TranscribedUnprocessedPseudogene	41	43555
VASA published, mouse	single	38	UnitaryPseudogene	4	43555
VASA published, mouse	single	38	UnprocessedPseudogene	7	43555
VASA published, mouse	single	38	lncRNA	2974	43555
VASA published, mouse	single	38	miRNA	133	43555
VASA published, mouse	single	38	rRNA	98	43555
VASA published, mouse	single	38	ribozyme	11	43555
VASA published, mouse	single	38	scaRNA	5	43555
VASA published, mouse	single	38	snRNA	2	43555
VASA published, mouse	single	38	snoRNA	68	43555
VASA published, mouse	single	38	tRNA	5	43555
VASA published, mouse	single	39	IgVPseudogene	1	42853
VASA published, mouse	single	39	MiscRna	23	42853
VASA published, mouse	single	39	MtRrna	24	42853
VASA published, mouse	single	39	MtTrna	4	42853
VASA published, mouse	single	39	ProcessedPseudogene	72	42853
VASA published, mouse	single	39	ProteinCoding	40171	42853
VASA published, mouse	single	39	TEC	174	42853
VASA published, mouse	single	39	TranscribedProcessedPseudogene	11	42853
VASA published, mouse	single	39	TranscribedUnitaryPseudogene	10	42853
VASA published, mouse	single	39	TranscribedUnprocessedPseudogene	38	42853
VASA published, mouse	single	39	UnitaryPseudogene	3	42853
VASA published, mouse	single	39	lncRNA	2913	42853
VASA published, mouse	single	39	miRNA	82	42853
VASA published, mouse	single	39	rRNA	105	42853
VASA published, mouse	single	39	ribozyme	10	42853
VASA published, mouse	single	39	scaRNA	7	42853
VASA published, mouse	single	39	snRNA	6	42853
VASA published, mouse	single	39	snoRNA	81	42853
VASA published, mouse	single	39	tRNA	2	42853
VASA published, mouse	single	40	MiscRna	22	43674
VASA published, mouse	single	40	MtRrna	31	43674
VASA published, mouse	single	40	MtTrna	4	43674
VASA published, mouse	single	40	ProcessedPseudogene	68	43674
VASA published, mouse	single	40	ProteinCoding	41075	43674
VASA published, mouse	single	40	TEC	179	43674
VASA published, mouse	single	40	TranscribedProcessedPseudogene	15	43674
VASA published, mouse	single	40	TranscribedUnitaryPseudogene	14	43674
VASA published, mouse	single	40	TranscribedUnprocessedPseudogene	39	43674
VASA published, mouse	single	40	UnitaryPseudogene	6	43674
VASA published, mouse	single	40	UnprocessedPseudogene	5	43674
VASA published, mouse	single	40	lncRNA	2841	43674
VASA published, mouse	single	40	miRNA	113	43674
VASA published, mouse	single	40	rRNA	91	43674
VASA published, mouse	single	40	ribozyme	8	43674
VASA published, mouse	single	40	scaRNA	3	43674
VASA published, mouse	single	40	snRNA	2	43674
VASA published, mouse	single	40	snoRNA	64	43674
VASA published, mouse	single	40	tRNA	3	43674
VASA published, mouse	single	41	MiscRna	19	42935
VASA published, mouse	single	41	MtRrna	23	42935
VASA published, mouse	single	41	MtTrna	3	42935
VASA published, mouse	single	41	ProcessedPseudogene	73	42935
VASA published, mouse	single	41	ProteinCoding	40480	42935
VASA published, mouse	single	41	TEC	169	42935
VASA published, mouse	single	41	TranscribedProcessedPseudogene	6	42935
VASA published, mouse	single	41	TranscribedUnitaryPseudogene	13	42935
VASA published, mouse	single	41	TranscribedUnprocessedPseudogene	28	42935
VASA published, mouse	single	41	UnitaryPseudogene	7	42935
VASA published, mouse	single	41	UnprocessedPseudogene	1	42935
VASA published, mouse	single	41	lncRNA	2692	42935
VASA published, mouse	single	41	miRNA	134	42935
VASA published, mouse	single	41	rRNA	82	42935
VASA published, mouse	single	41	ribozyme	11	42935
VASA published, mouse	single	41	scaRNA	1	42935
VASA published, mouse	single	41	snRNA	2	42935
VASA published, mouse	single	41	snoRNA	39	42935
VASA published, mouse	single	41	tRNA	3	42935
VASA published, mouse	single	42	MiscRna	10	43410
VASA published, mouse	single	42	MtRrna	54	43410
VASA published, mouse	single	42	MtTrna	6	43410
VASA published, mouse	single	42	ProcessedPseudogene	66	43410
VASA published, mouse	single	42	ProteinCoding	41063	43410
VASA published, mouse	single	42	TEC	157	43410
VASA published, mouse	single	42	TranscribedProcessedPseudogene	10	43410
VASA published, mouse	single	42	TranscribedUnitaryPseudogene	7	43410
VASA published, mouse	single	42	TranscribedUnprocessedPseudogene	21	43410
VASA published, mouse	single	42	UnitaryPseudogene	4	43410
VASA published, mouse	single	42	UnprocessedPseudogene	6	43410
VASA published, mouse	single	42	lncRNA	2615	43410
VASA published, mouse	single	42	miRNA	165	43410
VASA published, mouse	single	42	rRNA	65	43410
VASA published, mouse	single	42	ribozyme	7	43410
VASA published, mouse	single	42	scaRNA	3	43410
VASA published, mouse	single	42	snRNA	14	43410
VASA published, mouse	single	42	snoRNA	28	43410
VASA published, mouse	single	42	tRNA	1	43410
VASA published, mouse	single	43	MiscRna	8	42856
VASA published, mouse	single	43	MtRrna	17	42856
VASA published, mouse	single	43	MtTrna	2	42856
VASA published, mouse	single	43	ProcessedPseudogene	52	42856
VASA published, mouse	single	43	ProteinCoding	40466	42856
VASA published, mouse	single	43	TEC	160	42856
VASA published, mouse	single	43	TranscribedProcessedPseudogene	24	42856
VASA published, mouse	single	43	TranscribedUnitaryPseudogene	20	42856
VASA published, mouse	single	43	TranscribedUnprocessedPseudogene	18	42856
VASA published, mouse	single	43	UnitaryPseudogene	1	42856
VASA published, mouse	single	43	UnprocessedPseudogene	4	42856
VASA published, mouse	single	43	lncRNA	2659	42856
VASA published, mouse	single	43	miRNA	107	42856
VASA published, mouse	single	43	rRNA	75	42856
VASA published, mouse	single	43	ribozyme	19	42856
VASA published, mouse	single	43	scaRNA	2	42856
VASA published, mouse	single	43	snRNA	8	42856
VASA published, mouse	single	43	snoRNA	56	42856
VASA published, mouse	single	43	tRNA	3	42856
VASA published, mouse	single	44	MiscRna	7	43929
VASA published, mouse	single	44	MtRrna	11	43929
VASA published, mouse	single	44	MtTrna	1	43929
VASA published, mouse	single	44	ProcessedPseudogene	50	43929
VASA published, mouse	single	44	ProteinCoding	41541	43929
VASA published, mouse	single	44	TEC	167	43929
VASA published, mouse	single	44	TranscribedProcessedPseudogene	25	43929
VASA published, mouse	single	44	TranscribedUnitaryPseudogene	13	43929
VASA published, mouse	single	44	TranscribedUnprocessedPseudogene	27	43929
VASA published, mouse	single	44	UnitaryPseudogene	6	43929
VASA published, mouse	single	44	UnprocessedPseudogene	2	43929
VASA published, mouse	single	44	lncRNA	2742	43929
VASA published, mouse	single	44	miRNA	142	43929
VASA published, mouse	single	44	rRNA	63	43929
VASA published, mouse	single	44	ribozyme	22	43929
VASA published, mouse	single	44	scaRNA	3	43929
VASA published, mouse	single	44	snRNA	5	43929
VASA published, mouse	single	44	snoRNA	57	43929
VASA published, mouse	single	44	tRNA	4	43929
VASA published, mouse	single	45	MiscRna	13	43955
VASA published, mouse	single	45	MtRrna	4	43955
VASA published, mouse	single	45	MtTrna	1	43955
VASA published, mouse	single	45	ProcessedPseudogene	62	43955
VASA published, mouse	single	45	ProteinCoding	40941	43955
VASA published, mouse	single	45	TEC	170	43955
VASA published, mouse	single	45	TranscribedProcessedPseudogene	11	43955
VASA published, mouse	single	45	TranscribedUnitaryPseudogene	15	43955
VASA published, mouse	single	45	TranscribedUnprocessedPseudogene	30	43955
VASA published, mouse	single	45	UnitaryPseudogene	1	43955
VASA published, mouse	single	45	UnprocessedPseudogene	10	43955
VASA published, mouse	single	45	lncRNA	3332	43955
VASA published, mouse	single	45	miRNA	62	43955
VASA published, mouse	single	45	rRNA	60	43955
VASA published, mouse	single	45	ribozyme	21	43955
VASA published, mouse	single	45	scaRNA	9	43955
VASA published, mouse	single	45	snRNA	7	43955
VASA published, mouse	single	45	snoRNA	57	43955
VASA published, mouse	single	45	tRNA	2	43955
VASA published, mouse	single	46	MiscRna	15	44020
VASA published, mouse	single	46	MtRrna	34	44020
VASA published, mouse	single	46	MtTrna	5	44020
VASA published, mouse	single	46	ProcessedPseudogene	46	44020
VASA published, mouse	single	46	ProteinCoding	41685	44020
VASA published, mouse	single	46	TEC	157	44020
VASA published, mouse	single	46	TranscribedProcessedPseudogene	17	44020
VASA published, mouse	single	46	TranscribedUnitaryPseudogene	27	44020
VASA published, mouse	single	46	TranscribedUnprocessedPseudogene	35	44020
VASA published, mouse	single	46	UnitaryPseudogene	4	44020
VASA published, mouse	single	46	UnprocessedPseudogene	5	44020
VASA published, mouse	single	46	lncRNA	2660	44020
VASA published, mouse	single	46	miRNA	83	44020
VASA published, mouse	single	46	rRNA	49	44020
VASA published, mouse	single	46	ribozyme	10	44020
VASA published, mouse	single	46	scaRNA	10	44020
VASA published, mouse	single	46	snRNA	6	44020
VASA published, mouse	single	46	snoRNA	45	44020
VASA published, mouse	single	46	tRNA	6	44020
VASA published, mouse	single	47	MiscRna	8	44467
VASA published, mouse	single	47	MtRrna	6	44467
VASA published, mouse	single	47	MtTrna	2	44467
VASA published, mouse	single	47	ProcessedPseudogene	49	44467
VASA published, mouse	single	47	ProteinCoding	41697	44467
VASA published, mouse	single	47	TEC	158	44467
VASA published, mouse	single	47	TranscribedProcessedPseudogene	9	44467
VASA published, mouse	single	47	TranscribedUnitaryPseudogene	31	44467
VASA published, mouse	single	47	TranscribedUnprocessedPseudogene	31	44467
VASA published, mouse	single	47	UnitaryPseudogene	4	44467
VASA published, mouse	single	47	UnprocessedPseudogene	4	44467
VASA published, mouse	single	47	lncRNA	3163	44467
VASA published, mouse	single	47	miRNA	159	44467
VASA published, mouse	single	47	rRNA	40	44467
VASA published, mouse	single	47	ribozyme	9	44467
VASA published, mouse	single	47	scaRNA	11	44467
VASA published, mouse	single	47	snRNA	4	44467
VASA published, mouse	single	47	snoRNA	47	44467
VASA published, mouse	single	47	tRNA	1	44467
VASA published, mouse	single	48	MiscRna	10	44393
VASA published, mouse	single	48	MtRrna	7	44393
VASA published, mouse	single	48	MtTrna	2	44393
VASA published, mouse	single	48	ProcessedPseudogene	81	44393
VASA published, mouse	single	48	ProteinCoding	41625	44393
VASA published, mouse	single	48	TEC	154	44393
VASA published, mouse	single	48	TranscribedProcessedPseudogene	7	44393
VASA published, mouse	single	48	TranscribedUnitaryPseudogene	14	44393
VASA published, mouse	single	48	TranscribedUnprocessedPseudogene	39	44393
VASA published, mouse	single	48	UnitaryPseudogene	4	44393
VASA published, mouse	single	48	UnprocessedPseudogene	11	44393
VASA published, mouse	single	48	lncRNA	3149	44393
VASA published, mouse	single	48	miRNA	121	44393
VASA published, mouse	single	48	rRNA	65	44393
VASA published, mouse	single	48	ribozyme	21	44393
VASA published, mouse	single	48	scaRNA	4	44393
VASA published, mouse	single	48	snRNA	18	44393
VASA published, mouse	single	48	snoRNA	115	44393
VASA published, mouse	single	48	tRNA	4	44393
VASA published, mouse	single	49	MiscRna	14	44904
VASA published, mouse	single	49	MtRrna	2	44904
VASA published, mouse	single	49	ProcessedPseudogene	69	44904
VASA published, mouse	single	49	ProteinCoding	42011	44904
VASA published, mouse	single	49	TEC	153	44904
VASA published, mouse	single	49	TranscribedProcessedPseudogene	16	44904
VASA published, mouse	single	49	TranscribedUnitaryPseudogene	11	44904
VASA published, mouse	single	49	TranscribedUnprocessedPseudogene	33	44904
VASA published, mouse	single	49	UnitaryPseudogene	3	44904
VASA published, mouse	single	49	UnprocessedPseudogene	11	44904
VASA published, mouse	single	49	lncRNA	3253	44904
VASA published, mouse	single	49	miRNA	101	44904
VASA published, mouse	single	49	rRNA	47	44904
VASA published, mouse	single	49	ribozyme	13	44904
VASA published, mouse	single	49	scaRNA	11	44904
VASA published, mouse	single	49	snRNA	16	44904
VASA published, mouse	single	49	snoRNA	55	44904
VASA published, mouse	single	49	tRNA	12	44904
VASA published, mouse	single	50	MiscRna	12	43950
VASA published, mouse	single	50	MtRrna	5	43950
VASA published, mouse	single	50	ProcessedPseudogene	59	43950
VASA published, mouse	single	50	ProteinCoding	41343	43950
VASA published, mouse	single	50	TEC	163	43950
VASA published, mouse	single	50	TrCGene	1	43950
VASA published, mouse	single	50	TranscribedProcessedPseudogene	11	43950
VASA published, mouse	single	50	TranscribedUnitaryPseudogene	24	43950
VASA published, mouse	single	50	TranscribedUnprocessedPseudogene	54	43950
VASA published, mouse	single	50	UnitaryPseudogene	3	43950
VASA published, mouse	single	50	UnprocessedPseudogene	9	43950
VASA published, mouse	single	50	lncRNA	2943	43950
VASA published, mouse	single	50	miRNA	60	43950
VASA published, mouse	single	50	rRNA	24	43950
VASA published, mouse	single	50	ribozyme	13	43950
VASA published, mouse	single	50	scaRNA	3	43950
VASA published, mouse	single	50	snRNA	7	43950
VASA published, mouse	single	50	snoRNA	64	43950
VASA published, mouse	single	50	tRNA	4	43950
VASA published, mouse	single	51	MiscRna	15	43538
VASA published, mouse	single	51	MtRrna	10	43538
VASA published, mouse	single	51	MtTrna	2	43538
VASA published, mouse	single	51	ProcessedPseudogene	64	43538
VASA published, mouse	single	51	ProteinCoding	41122	43538
VASA published, mouse	single	51	TEC	138	43538
VASA published, mouse	single	51	TrCGene	1	43538
VASA published, mouse	single	51	TranscribedProcessedPseudogene	14	43538
VASA published, mouse	single	51	TranscribedUnitaryPseudogene	8	43538
VASA published, mouse	single	51	TranscribedUnprocessedPseudogene	33	43538
VASA published, mouse	single	51	UnitaryPseudogene	1	43538
VASA published, mouse	single	51	UnprocessedPseudogene	4	43538
VASA published, mouse	single	51	lncRNA	2736	43538
VASA published, mouse	single	51	miRNA	43	43538
VASA published, mouse	single	51	rRNA	36	43538
VASA published, mouse	single	51	ribozyme	23	43538
VASA published, mouse	single	51	scaRNA	9	43538
VASA published, mouse	single	51	snRNA	23	43538
VASA published, mouse	single	51	snoRNA	42	43538
VASA published, mouse	single	51	tRNA	6	43538
VASA published, mouse	single	52	MiscRna	25	45343
VASA published, mouse	single	52	MtRrna	3	45343
VASA published, mouse	single	52	MtTrna	1	45343
VASA published, mouse	single	52	ProcessedPseudogene	79	45343
VASA published, mouse	single	52	ProteinCoding	42778	45343
VASA published, mouse	single	52	TEC	139	45343
VASA published, mouse	single	52	TranscribedProcessedPseudogene	15	45343
VASA published, mouse	single	52	TranscribedUnitaryPseudogene	5	45343
VASA published, mouse	single	52	TranscribedUnprocessedPseudogene	56	45343
VASA published, mouse	single	52	UnitaryPseudogene	5	45343
VASA published, mouse	single	52	UnprocessedPseudogene	4	45343
VASA published, mouse	single	52	lncRNA	2939	45343
VASA published, mouse	single	52	miRNA	121	45343
VASA published, mouse	single	52	rRNA	35	45343
VASA published, mouse	single	52	ribozyme	13	45343
VASA published, mouse	single	52	scaRNA	6	45343
VASA published, mouse	single	52	snRNA	12	45343
VASA published, mouse	single	52	snoRNA	55	45343
VASA published, mouse	single	52	tRNA	6	45343
VASA published, mouse	single	53	MiscRna	12	44536
VASA published, mouse	single	53	MtRrna	4	44536
VASA published, mouse	single	53	MtTrna	1	44536
VASA published, mouse	single	53	ProcessedPseudogene	99	44536
VASA published, mouse	single	53	ProteinCoding	42097	44536
VASA published, mouse	single	53	TEC	123	44536
VASA published, mouse	single	53	TranscribedProcessedPseudogene	16	44536
VASA published, mouse	single	53	TranscribedUnitaryPseudogene	13	44536
VASA published, mouse	single	53	TranscribedUnprocessedPseudogene	62	44536
VASA published, mouse	single	53	UnprocessedPseudogene	4	44536
VASA published, mouse	single	53	lncRNA	2777	44536
VASA published, mouse	single	53	miRNA	80	44536
VASA published, mouse	single	53	rRNA	19	44536
VASA published, mouse	single	53	ribozyme	16	44536
VASA published, mouse	single	53	scaRNA	7	44536
VASA published, mouse	single	53	snRNA	10	44536
VASA published, mouse	single	53	snoRNA	61	44536
VASA published, mouse	single	53	tRNA	2	44536
VASA published, mouse	single	54	MiscRna	14	44687
VASA published, mouse	single	54	MtRrna	4	44687
VASA published, mouse	single	54	MtTrna	1	44687
VASA published, mouse	single	54	ProcessedPseudogene	161	44687
VASA published, mouse	single	54	ProteinCoding	42195	44687
VASA published, mouse	single	54	TEC	179	44687
VASA published, mouse	single	54	TranscribedProcessedPseudogene	25	44687
VASA published, mouse	single	54	TranscribedUnitaryPseudogene	9	44687
VASA published, mouse	single	54	TranscribedUnprocessedPseudogene	39	44687
VASA published, mouse	single	54	UnprocessedPseudogene	4	44687
VASA published, mouse	single	54	lncRNA	2805	44687
VASA published, mouse	single	54	miRNA	54	44687
VASA published, mouse	single	54	rRNA	20	44687
VASA published, mouse	single	54	ribozyme	17	44687
VASA published, mouse	single	54	scaRNA	1	44687
VASA published, mouse	single	54	snRNA	10	44687
VASA published, mouse	single	54	snoRNA	69	44687
VASA published, mouse	single	54	tRNA	6	44687
VASA published, mouse	single	55	MiscRna	17	44338
VASA published, mouse	single	55	MtRrna	8	44338
VASA published, mouse	single	55	MtTrna	1	44338
VASA published, mouse	single	55	ProcessedPseudogene	228	44338
VASA published, mouse	single	55	ProteinCoding	42064	44338
VASA published, mouse	single	55	TEC	154	44338
VASA published, mouse	single	55	TranscribedProcessedPseudogene	33	44338
VASA published, mouse	single	55	TranscribedUnitaryPseudogene	14	44338
VASA published, mouse	single	55	TranscribedUnprocessedPseudogene	33	44338
VASA published, mouse	single	55	UnitaryPseudogene	2	44338
VASA published, mouse	single	55	UnprocessedPseudogene	3	44338
VASA published, mouse	single	55	lncRNA	2551	44338
VASA published, mouse	single	55	miRNA	34	44338
VASA published, mouse	single	55	rRNA	14	44338
VASA published, mouse	single	55	ribozyme	16	44338
VASA published, mouse	single	55	scaRNA	6	44338
VASA published, mouse	single	55	snRNA	17	44338
VASA published, mouse	single	55	snoRNA	41	44338
VASA published, mouse	single	55	tRNA	2	44338
VASA published, mouse	single	56	MiscRna	25	43755
VASA published, mouse	single	56	MtRrna	2	43755
VASA published, mouse	single	56	MtTrna	3	43755
VASA published, mouse	single	56	ProcessedPseudogene	84	43755
VASA published, mouse	single	56	ProteinCoding	41450	43755
VASA published, mouse	single	56	TEC	145	43755
VASA published, mouse	single	56	TranscribedProcessedPseudogene	16	43755
VASA published, mouse	single	56	TranscribedUnitaryPseudogene	3	43755
VASA published, mouse	single	56	TranscribedUnprocessedPseudogene	49	43755
VASA published, mouse	single	56	UnprocessedPseudogene	10	43755
VASA published, mouse	single	56	lncRNA	2680	43755
VASA published, mouse	single	56	miRNA	203	43755
VASA published, mouse	single	56	rRNA	11	43755
VASA published, mouse	single	56	ribozyme	19	43755
VASA published, mouse	single	56	scaRNA	16	43755
VASA published, mouse	single	56	snRNA	23	43755
VASA published, mouse	single	56	snoRNA	67	43755
VASA published, mouse	single	56	tRNA	3	43755
VASA published, mouse	single	57	MiscRna	12	45121
VASA published, mouse	single	57	MtRrna	2	45121
VASA published, mouse	single	57	MtTrna	1	45121
VASA published, mouse	single	57	ProcessedPseudogene	74	45121
VASA published, mouse	single	57	ProteinCoding	42784	45121
VASA published, mouse	single	57	TEC	149	45121
VASA published, mouse	single	57	TranscribedProcessedPseudogene	18	45121
VASA published, mouse	single	57	TranscribedUnitaryPseudogene	5	45121
VASA published, mouse	single	57	TranscribedUnprocessedPseudogene	35	45121
VASA published, mouse	single	57	UnprocessedPseudogene	4	45121
VASA published, mouse	single	57	lncRNA	2815	45121
VASA published, mouse	single	57	miRNA	79	45121
VASA published, mouse	single	57	rRNA	13	45121
VASA published, mouse	single	57	ribozyme	21	45121
VASA published, mouse	single	57	scaRNA	61	45121
VASA published, mouse	single	57	snRNA	7	45121
VASA published, mouse	single	57	snoRNA	61	45121
VASA published, mouse	single	57	tRNA	3	45121
VASA published, mouse	single	58	MiscRna	12	44470
VASA published, mouse	single	58	MtRrna	3	44470
VASA published, mouse	single	58	MtTrna	1	44470
VASA published, mouse	single	58	ProcessedPseudogene	68	44470
VASA published, mouse	single	58	ProteinCoding	42088	44470
VASA published, mouse	single	58	TEC	128	44470
VASA published, mouse	single	58	TranscribedProcessedPseudogene	13	44470
VASA published, mouse	single	58	TranscribedUnitaryPseudogene	10	44470
VASA published, mouse	single	58	TranscribedUnprocessedPseudogene	35	44470
VASA published, mouse	single	58	UnitaryPseudogene	4	44470
VASA published, mouse	single	58	UnprocessedPseudogene	4	44470
VASA published, mouse	single	58	lncRNA	2815	44470
VASA published, mouse	single	58	miRNA	38	44470
VASA published, mouse	single	58	rRNA	10	44470
VASA published, mouse	single	58	ribozyme	18	44470
VASA published, mouse	single	58	scaRNA	17	44470
VASA published, mouse	single	58	snRNA	11	44470
VASA published, mouse	single	58	snoRNA	58	44470
VASA published, mouse	single	58	tRNA	5	44470
VASA published, mouse	single	59	MiscRna	6	44814
VASA published, mouse	single	59	MtRrna	4	44814
VASA published, mouse	single	59	MtTrna	2	44814
VASA published, mouse	single	59	ProcessedPseudogene	84	44814
VASA published, mouse	single	59	ProteinCoding	42639	44814
VASA published, mouse	single	59	TEC	168	44814
VASA published, mouse	single	59	TranscribedProcessedPseudogene	15	44814
VASA published, mouse	single	59	TranscribedUnitaryPseudogene	27	44814
VASA published, mouse	single	59	TranscribedUnprocessedPseudogene	31	44814
VASA published, mouse	single	59	UnitaryPseudogene	5	44814
VASA published, mouse	single	59	UnprocessedPseudogene	5	44814
VASA published, mouse	single	59	lncRNA	2541	44814
VASA published, mouse	single	59	miRNA	83	44814
VASA published, mouse	single	59	rRNA	15	44814
VASA published, mouse	single	59	ribozyme	15	44814
VASA published, mouse	single	59	scaRNA	24	44814
VASA published, mouse	single	59	snRNA	15	44814
VASA published, mouse	single	59	snoRNA	92	44814
VASA published, mouse	single	59	tRNA	2	44814
VASA published, mouse	single	60	MiscRna	16	45442
VASA published, mouse	single	60	MtRrna	27	45442
VASA published, mouse	single	60	ProcessedPseudogene	114	45442
VASA published, mouse	single	60	ProteinCoding	43206	45442
VASA published, mouse	single	60	TEC	142	45442
VASA published, mouse	single	60	TranscribedProcessedPseudogene	17	45442
VASA published, mouse	single	60	TranscribedUnitaryPseudogene	21	45442
VASA published, mouse	single	60	TranscribedUnprocessedPseudogene	32	45442
VASA published, mouse	single	60	UnitaryPseudogene	4	45442
VASA published, mouse	single	60	lncRNA	2523	45442
VASA published, mouse	single	60	miRNA	98	45442
VASA published, mouse	single	60	rRNA	14	45442
VASA published, mouse	single	60	ribozyme	14	45442
VASA published, mouse	single	60	scaRNA	13	45442
VASA published, mouse	single	60	snRNA	11	45442
VASA published, mouse	single	60	snoRNA	127	45442
VASA published, mouse	single	60	tRNA	4	45442
VASA published, mouse	single	61	MiscRna	15	45828
VASA published, mouse	single	61	MtRrna	11	45828
VASA published, mouse	single	61	ProcessedPseudogene	136	45828
VASA published, mouse	single	61	ProteinCoding	43507	45828
VASA published, mouse	single	61	TEC	149	45828
VASA published, mouse	single	61	TranscribedProcessedPseudogene	21	45828
VASA published, mouse	single	61	TranscribedUnitaryPseudogene	23	45828
VASA published, mouse	single	61	TranscribedUnprocessedPseudogene	31	45828
VASA published, mouse	single	61	UnitaryPseudogene	3	45828
VASA published, mouse	single	61	UnprocessedPseudogene	2	45828
VASA published, mouse	single	61	lncRNA	2685	45828
VASA published, mouse	single	61	miRNA	104	45828
VASA published, mouse	single	61	rRNA	12	45828
VASA published, mouse	single	61	ribozyme	17	45828
VASA published, mouse	single	61	scaRNA	7	45828
VASA published, mouse	single	61	snRNA	18	45828
VASA published, mouse	single	61	snoRNA	63	45828
VASA published, mouse	single	61	tRNA	5	45828
VASA published, mouse	single	62	MiscRna	18	46956
VASA published, mouse	single	62	MtRrna	14	46956
VASA published, mouse	single	62	MtTrna	2	46956
VASA published, mouse	single	62	ProcessedPseudogene	105	46956
VASA published, mouse	single	62	ProteinCoding	44534	46956
VASA published, mouse	single	62	TEC	207	46956
VASA published, mouse	single	62	TranscribedProcessedPseudogene	19	46956
VASA published, mouse	single	62	TranscribedUnitaryPseudogene	12	46956
VASA published, mouse	single	62	TranscribedUnprocessedPseudogene	20	46956
VASA published, mouse	single	62	UnitaryPseudogene	4	46956
VASA published, mouse	single	62	UnprocessedPseudogene	6	46956
VASA published, mouse	single	62	lncRNA	2924	46956
VASA published, mouse	single	62	miRNA	166	46956
VASA published, mouse	single	62	rRNA	6	46956
VASA published, mouse	single	62	ribozyme	25	46956
VASA published, mouse	single	62	scaRNA	18	46956
VASA published, mouse	single	62	snRNA	27	46956
VASA published, mouse	single	62	snoRNA	80	46956
VASA published, mouse	single	62	tRNA	3	46956
VASA published, mouse	single	63	MiscRna	45	47625
VASA published, mouse	single	63	MtRrna	5	47625
VASA published, mouse	single	63	ProcessedPseudogene	88	47625
VASA published, mouse	single	63	ProteinCoding	45241	47625
VASA published, mouse	single	63	TEC	157	47625
VASA published, mouse	single	63	TranscribedProcessedPseudogene	30	47625
VASA published, mouse	single	63	TranscribedUnitaryPseudogene	9	47625
VASA published, mouse	single	63	TranscribedUnprocessedPseudogene	19	47625
VASA published, mouse	single	63	UnitaryPseudogene	3	47625
VASA published, mouse	single	63	UnprocessedPseudogene	4	47625
VASA published, mouse	single	63	lncRNA	2853	47625
VASA published, mouse	single	63	miRNA	220	47625
VASA published, mouse	single	63	rRNA	5	47625
VASA published, mouse	single	63	ribozyme	25	47625
VASA published, mouse	single	63	scaRNA	22	47625
VASA published, mouse	single	63	snRNA	13	47625
VASA published, mouse	single	63	snoRNA	81	47625
VASA published, mouse	single	63	tRNA	3	47625
VASA published, mouse	single	64	MiscRna	22	48858
VASA published, mouse	single	64	MtRrna	2	48858
VASA published, mouse	single	64	MtTrna	29	48858
VASA published, mouse	single	64	ProcessedPseudogene	129	48858
VASA published, mouse	single	64	ProteinCoding	46464	48858
VASA published, mouse	single	64	TEC	154	48858
VASA published, mouse	single	64	TranscribedProcessedPseudogene	28	48858
VASA published, mouse	single	64	TranscribedUnitaryPseudogene	17	48858
VASA published, mouse	single	64	TranscribedUnprocessedPseudogene	40	48858
VASA published, mouse	single	64	UnitaryPseudogene	16	48858
VASA published, mouse	single	64	UnprocessedPseudogene	3	48858
VASA published, mouse	single	64	lncRNA	2874	48858
VASA published, mouse	single	64	miRNA	183	48858
VASA published, mouse	single	64	rRNA	4	48858
VASA published, mouse	single	64	ribozyme	23	48858
VASA published, mouse	single	64	scaRNA	89	48858
VASA published, mouse	single	64	snRNA	19	48858
VASA published, mouse	single	64	snoRNA	87	48858
VASA published, mouse	single	64	tRNA	6	48858
VASA published, mouse	single	65	MiscRna	25	52057
VASA published, mouse	single	65	MtRrna	6	52057
VASA published, mouse	single	65	MtTrna	1	52057
VASA published, mouse	single	65	ProcessedPseudogene	99	52057
VASA published, mouse	single	65	ProteinCoding	49454	52057
VASA published, mouse	single	65	TEC	209	52057
VASA published, mouse	single	65	TranscribedProcessedPseudogene	37	52057
VASA published, mouse	single	65	TranscribedUnitaryPseudogene	42	52057
VASA published, mouse	single	65	TranscribedUnprocessedPseudogene	36	52057
VASA published, mouse	single	65	UnitaryPseudogene	13	52057
VASA published, mouse	single	65	UnprocessedPseudogene	2	52057
VASA published, mouse	single	65	lncRNA	3098	52057
VASA published, mouse	single	65	miRNA	135	52057
VASA published, mouse	single	65	ribozyme	30	52057
VASA published, mouse	single	65	scaRNA	31	52057
VASA published, mouse	single	65	snRNA	19	52057
VASA published, mouse	single	65	snoRNA	70	52057
VASA published, mouse	single	65	tRNA	6	52057
VASA published, mouse	single	66	MiscRna	37	56028
VASA published, mouse	single	66	ProcessedPseudogene	149	56028
VASA published, mouse	single	66	ProteinCoding	53365	56028
VASA published, mouse	single	66	TEC	211	56028
VASA published, mouse	single	66	TranscribedProcessedPseudogene	42	56028
VASA published, mouse	single	66	TranscribedUnitaryPseudogene	14	56028
VASA published, mouse	single	66	TranscribedUnprocessedPseudogene	36	56028
VASA published, mouse	single	66	TranslatedUnprocessedPseudogene	1	56028
VASA published, mouse	single	66	UnitaryPseudogene	4	56028
VASA published, mouse	single	66	UnprocessedPseudogene	5	56028
VASA published, mouse	single	66	lncRNA	3209	56028
VASA published, mouse	single	66	miRNA	258	56028
VASA published, mouse	single	66	rRNA	9	56028
VASA published, mouse	single	66	ribozyme	33	56028
VASA published, mouse	single	66	scaRNA	14	56028
VASA published, mouse	single	66	snRNA	31	56028
VASA published, mouse	single	66	snoRNA	107	56028
VASA published, mouse	single	66	tRNA	3	56028
VASA published, mouse	single	67	MiscRna	54	68245
VASA published, mouse	single	67	MtRrna	2	68245
VASA published, mouse	single	67	MtTrna	4	68245
VASA published, mouse	single	67	ProcessedPseudogene	205	68245
VASA published, mouse	single	67	ProteinCoding	65007	68245
VASA published, mouse	single	67	TEC	194	68245
VASA published, mouse	single	67	TranscribedProcessedPseudogene	49	68245
VASA published, mouse	single	67	TranscribedUnitaryPseudogene	16	68245
VASA published, mouse	single	67	TranscribedUnprocessedPseudogene	48	68245
VASA published, mouse	single	67	UnitaryPseudogene	5	68245
VASA published, mouse	single	67	UnprocessedPseudogene	5	68245
VASA published, mouse	single	67	lncRNA	3888	68245
VASA published, mouse	single	67	miRNA	268	68245
VASA published, mouse	single	67	rRNA	2	68245
VASA published, mouse	single	67	ribozyme	85	68245
VASA published, mouse	single	67	scaRNA	15	68245
VASA published, mouse	single	67	snRNA	63	68245
VASA published, mouse	single	67	snoRNA	124	68245
VASA published, mouse	single	67	tRNA	3	68245
VASA published, mouse	single	68	MiscRna	52	108609
VASA published, mouse	single	68	MtRrna	9	108609
VASA published, mouse	single	68	MtTrna	2	108609
VASA published, mouse	single	68	ProcessedPseudogene	298	108609
VASA published, mouse	single	68	ProteinCoding	103543	108609
VASA published, mouse	single	68	TEC	351	108609
VASA published, mouse	single	68	TranscribedProcessedPseudogene	66	108609
VASA published, mouse	single	68	TranscribedUnitaryPseudogene	35	108609
VASA published, mouse	single	68	TranscribedUnprocessedPseudogene	85	108609
VASA published, mouse	single	68	UnitaryPseudogene	10	108609
VASA published, mouse	single	68	UnprocessedPseudogene	5	108609
VASA published, mouse	single	68	lncRNA	5988	108609
VASA published, mouse	single	68	miRNA	143	108609
VASA published, mouse	single	68	rRNA	14	108609
VASA published, mouse	single	68	ribozyme	118	108609
VASA published, mouse	single	68	scaRNA	20	108609
VASA published, mouse	single	68	snRNA	30	108609
VASA published, mouse	single	68	snoRNA	298	108609
VASA published, mouse	single	68	tRNA	15	108609
VASA published, mouse	single	69	MiscRna	113	227324
VASA published, mouse	single	69	MtRrna	16	227324
VASA published, mouse	single	69	MtTrna	4	227324
VASA published, mouse	single	69	ProcessedPseudogene	730	227324
VASA published, mouse	single	69	ProteinCoding	216732	227324
VASA published, mouse	single	69	TEC	560	227324
VASA published, mouse	single	69	TranscribedProcessedPseudogene	189	227324
VASA published, mouse	single	69	TranscribedUnitaryPseudogene	95	227324
VASA published, mouse	single	69	TranscribedUnprocessedPseudogene	183	227324
VASA published, mouse	single	69	UnitaryPseudogene	8	227324
VASA published, mouse	single	69	UnprocessedPseudogene	23	227324
VASA published, mouse	single	69	lncRNA	11861	227324
VASA published, mouse	single	69	miRNA	321	227324
VASA published, mouse	single	69	rRNA	8	227324
VASA published, mouse	single	69	ribozyme	413	227324
VASA published, mouse	single	69	scaRNA	73	227324
VASA published, mouse	single	69	snRNA	129	227324
VASA published, mouse	single	69	snoRNA	662	227324
VASA published, mouse	single	69	tRNA	41	227324
VASA published, mouse	single	70	IgVPseudogene	6	547485
VASA published, mouse	single	70	MiscRna	308	547485
VASA published, mouse	single	70	MtRrna	21	547485
VASA published, mouse	single	70	MtTrna	4	547485
VASA published, mouse	single	70	ProcessedPseudogene	1291	547485
VASA published, mouse	single	70	ProteinCoding	521601	547485
VASA published, mouse	single	70	TEC	1520	547485
VASA published, mouse	single	70	TrCGene	1	547485
VASA published, mouse	single	70	TranscribedProcessedPseudogene	715	547485
VASA published, mouse	single	70	TranscribedUnitaryPseudogene	136	547485
VASA published, mouse	single	70	TranscribedUnprocessedPseudogene	396	547485
VASA published, mouse	single	70	UnitaryPseudogene	31	547485
VASA published, mouse	single	70	UnprocessedPseudogene	49	547485
VASA published, mouse	single	70	lncRNA	29245	547485
VASA published, mouse	single	70	miRNA	686	547485
VASA published, mouse	single	70	rRNA	12	547485
VASA published, mouse	single	70	ribozyme	2380	547485
VASA published, mouse	single	70	scaRNA	82	547485
VASA published, mouse	single	70	snRNA	377	547485
VASA published, mouse	single	70	snoRNA	1432	547485
VASA published, mouse	single	70	tRNA	52	547485
VASA published, mouse	single	71	MiscRna	524	1251147
VASA published, mouse	single	71	MtRrna	33	1251147
VASA published, mouse	single	71	MtTrna	22	1251147
VASA published, mouse	single	71	ProcessedPseudogene	3008	1251147
VASA published, mouse	single	71	ProteinCoding	1193465	1251147
VASA published, mouse	single	71	TEC	3471	1251147
VASA published, mouse	single	71	TranscribedProcessedPseudogene	1075	1251147
VASA published, mouse	single	71	TranscribedUnitaryPseudogene	463	1251147
VASA published, mouse	single	71	TranscribedUnprocessedPseudogene	809	1251147
VASA published, mouse	single	71	TranslatedUnprocessedPseudogene	3	1251147
VASA published, mouse	single	71	UnitaryPseudogene	67	1251147
VASA published, mouse	single	71	UnprocessedPseudogene	108	1251147
VASA published, mouse	single	71	lncRNA	66428	1251147
VASA published, mouse	single	71	miRNA	1536	1251147
VASA published, mouse	single	71	rRNA	34	1251147
VASA published, mouse	single	71	ribozyme	4381	1251147
VASA published, mouse	single	71	scaRNA	184	1251147
VASA published, mouse	single	71	snRNA	427	1251147
VASA published, mouse	single	71	snoRNA	4616	1251147
VASA published, mouse	single	71	tRNA	141	1251147
VASA published, mouse	single	72	MiscRna	937	2541237
VASA published, mouse	single	72	MtRrna	85	2541237
VASA published, mouse	single	72	MtTrna	87	2541237
VASA published, mouse	single	72	ProcessedPseudogene	6566	2541237
VASA published, mouse	single	72	ProteinCoding	2425654	2541237
VASA published, mouse	single	72	TEC	6419	2541237
VASA published, mouse	single	72	TrVGene	2	2541237
VASA published, mouse	single	72	TranscribedProcessedPseudogene	2106	2541237
VASA published, mouse	single	72	TranscribedUnitaryPseudogene	679	2541237
VASA published, mouse	single	72	TranscribedUnprocessedPseudogene	1625	2541237
VASA published, mouse	single	72	TranslatedUnprocessedPseudogene	7	2541237
VASA published, mouse	single	72	UnitaryPseudogene	134	2541237
VASA published, mouse	single	72	UnprocessedPseudogene	259	2541237
VASA published, mouse	single	72	lncRNA	134573	2541237
VASA published, mouse	single	72	miRNA	2824	2541237
VASA published, mouse	single	72	rRNA	64	2541237
VASA published, mouse	single	72	ribozyme	10478	2541237
VASA published, mouse	single	72	scaRNA	622	2541237
VASA published, mouse	single	72	snRNA	802	2541237
VASA published, mouse	single	72	snoRNA	7260	2541237
VASA published, mouse	single	72	tRNA	206	2541237
VASA published, mouse	single	73	IgVGene	1	3064669
VASA published, mouse	single	73	MiscRna	1169	3064669
VASA published, mouse	single	73	MtRrna	105	3064669
VASA published, mouse	single	73	MtTrna	110	3064669
VASA published, mouse	single	73	ProcessedPseudogene	7523	3064669
VASA published, mouse	single	73	ProteinCoding	2933910	3064669
VASA published, mouse	single	73	TEC	7837	3064669
VASA published, mouse	single	73	TrVPseudogene	1	3064669
VASA published, mouse	single	73	TranscribedProcessedPseudogene	2693	3064669
VASA published, mouse	single	73	TranscribedUnitaryPseudogene	824	3064669
VASA published, mouse	single	73	TranscribedUnprocessedPseudogene	2172	3064669
VASA published, mouse	single	73	TranslatedUnprocessedPseudogene	13	3064669
VASA published, mouse	single	73	UnitaryPseudogene	113	3064669
VASA published, mouse	single	73	UnprocessedPseudogene	290	3064669
VASA published, mouse	single	73	lncRNA	150592	3064669
VASA published, mouse	single	73	miRNA	3549	3064669
VASA published, mouse	single	73	pseudogene	6	3064669
VASA published, mouse	single	73	rRNA	61	3064669
VASA published, mouse	single	73	ribozyme	10076	3064669
VASA published, mouse	single	73	scaRNA	688	3064669
VASA published, mouse	single	73	snRNA	1018	3064669
VASA published, mouse	single	73	snoRNA	9763	3064669
VASA published, mouse	single	73	tRNA	263	3064669
VASA published, mouse	single	74	IgVGene	10	8622477
VASA published, mouse	single	74	IgVPseudogene	3	8622477
VASA published, mouse	single	74	MiscRna	3805	8622477
VASA published, mouse	single	74	MtRrna	233	8622477
VASA published, mouse	single	74	MtTrna	305	8622477
VASA published, mouse	single	74	ProcessedPseudogene	22251	8622477
VASA published, mouse	single	74	ProteinCoding	8229245	8622477
VASA published, mouse	single	74	TEC	21366	8622477
VASA published, mouse	single	74	TrVGene	3	8622477
VASA published, mouse	single	74	TrVPseudogene	1	8622477
VASA published, mouse	single	74	TranscribedProcessedPseudogene	7275	8622477
VASA published, mouse	single	74	TranscribedUnitaryPseudogene	2601	8622477
VASA published, mouse	single	74	TranscribedUnprocessedPseudogene	5719	8622477
VASA published, mouse	single	74	TranslatedUnprocessedPseudogene	26	8622477
VASA published, mouse	single	74	UnitaryPseudogene	363	8622477
VASA published, mouse	single	74	UnprocessedPseudogene	880	8622477
VASA published, mouse	single	74	lncRNA	441559	8622477
VASA published, mouse	single	74	miRNA	11448	8622477
VASA published, mouse	single	74	pseudogene	20	8622477
VASA published, mouse	single	74	rRNA	250	8622477
VASA published, mouse	single	74	ribozyme	50080	8622477
VASA published, mouse	single	74	scaRNA	1770	8622477
VASA published, mouse	single	74	snRNA	3668	8622477
VASA published, mouse	single	74	snoRNA	25037	8622477
VASA published, mouse	single	74	tRNA	638	8622477
VASA published, mouse	single	75	IgVGene	4	20330994
VASA published, mouse	single	75	IgVPseudogene	25	20330994
VASA published, mouse	single	75	MiscRna	10685	20330994
VASA published, mouse	single	75	MtRrna	550	20330994
VASA published, mouse	single	75	MtTrna	920	20330994
VASA published, mouse	single	75	ProcessedPseudogene	45299	20330994
VASA published, mouse	single	75	ProteinCoding	19423371	20330994
VASA published, mouse	single	75	TEC	52510	20330994
VASA published, mouse	single	75	TrCGene	3	20330994
VASA published, mouse	single	75	TrVGene	2	20330994
VASA published, mouse	single	75	TrVPseudogene	3	20330994
VASA published, mouse	single	75	TranscribedProcessedPseudogene	20527	20330994
VASA published, mouse	single	75	TranscribedUnitaryPseudogene	5652	20330994
VASA published, mouse	single	75	TranscribedUnprocessedPseudogene	13893	20330994
VASA published, mouse	single	75	TranslatedUnprocessedPseudogene	32	20330994
VASA published, mouse	single	75	UnitaryPseudogene	916	20330994
VASA published, mouse	single	75	UnprocessedPseudogene	1853	20330994
VASA published, mouse	single	75	lncRNA	1033884	20330994
VASA published, mouse	single	75	miRNA	25442	20330994
VASA published, mouse	single	75	pseudogene	22	20330994
VASA published, mouse	single	75	rRNA	383	20330994
VASA published, mouse	single	75	ribozyme	83558	20330994
VASA published, mouse	single	75	sRNA	2	20330994
VASA published, mouse	single	75	scaRNA	4799	20330994
VASA published, mouse	single	75	snRNA	10971	20330994
VASA published, mouse	single	75	snoRNA	59244	20330994
VASA published, mouse	single	75	tRNA	1799	20330994
