dataset	cell	class	ngenes	reads
FLASH-seq	ZHA8833A1	multi	1	247196
FLASH-seq	ZHA8833A1	multi	2	672895
FLASH-seq	ZHA8833A1	multi	3	658772
FLASH-seq	ZHA8833A1	multi	4	421438
FLASH-seq	ZHA8833A1	multi	5	276437
FLASH-seq	ZHA8833A1	multi	6	140014
FLASH-seq	ZHA8833A1	multi	7	111516
FLASH-seq	ZHA8833A1	multi	8	52441
FLASH-seq	ZHA8833A1	multi	9	39073
FLASH-seq	ZHA8833A1	multi	10	49139
FLASH-seq	ZHA8833A1	multi	11	25184
FLASH-seq	ZHA8833A1	multi	12	23548
FLASH-seq	ZHA8833A1	multi	13	22237
FLASH-seq	ZHA8833A1	multi	14	11669
FLASH-seq	ZHA8833A1	multi	15	16538
FLASH-seq	ZHA8833A1	multi	16	6647
FLASH-seq	ZHA8833A1	multi	17	12497
FLASH-seq	ZHA8833A1	multi	18	3540
FLASH-seq	ZHA8833A1	multi	19	21004
FLASH-seq	ZHA8833A1	multi	20	25591
FLASH-seq	ZHA8833A1	single	1	17967928
FLASH-seq	ZHA8833A1	single	2	5146549
FLASH-seq	ZHA8833A1	single	3	309791
FLASH-seq	ZHA8833A1	single	4	16805
FLASH-seq	ZHA8833A1	single	5	784
FLASH-seq	ZHA8833A1	single	6	34
FLASH-seq	ZHA8833A1	single	7	3
FLASH-seq	ZHA8833A1	single	8	2
FLASH-seq	ZHA8833A1	single	9	54
FLASH-seq	ZHA8833A1	single	10	47
FLASH-seq	ZHA8833A1	single	11	5
FLASH-seq	ZHA8833A1	single	12	4
FLASH-seq	ZHA8833A1	single	13	1
FLASH-seq	ZHA8833A1	single	14	54
FLASH-seq	ZHA8833A1	single	15	76
FLASH-seq	ZHA8833A1	single	16	29
FLASH-seq	ZHA8833A1	single	17	6
FLASH-seq	ZHA8833A1	single	19	21
FLASH-seq	ZHA8833A1	single	20	1600
FLASH-seq	ZHA8833A10	multi	1	197156
FLASH-seq	ZHA8833A10	multi	2	572218
FLASH-seq	ZHA8833A10	multi	3	606027
FLASH-seq	ZHA8833A10	multi	4	384252
FLASH-seq	ZHA8833A10	multi	5	258543
FLASH-seq	ZHA8833A10	multi	6	136693
FLASH-seq	ZHA8833A10	multi	7	110285
FLASH-seq	ZHA8833A10	multi	8	56202
FLASH-seq	ZHA8833A10	multi	9	43087
FLASH-seq	ZHA8833A10	multi	10	53234
FLASH-seq	ZHA8833A10	multi	11	29219
FLASH-seq	ZHA8833A10	multi	12	25371
FLASH-seq	ZHA8833A10	multi	13	24961
FLASH-seq	ZHA8833A10	multi	14	13494
FLASH-seq	ZHA8833A10	multi	15	18507
FLASH-seq	ZHA8833A10	multi	16	7779
FLASH-seq	ZHA8833A10	multi	17	12926
FLASH-seq	ZHA8833A10	multi	18	4731
FLASH-seq	ZHA8833A10	multi	19	20815
FLASH-seq	ZHA8833A10	multi	20	32698
FLASH-seq	ZHA8833A10	single	1	13435831
FLASH-seq	ZHA8833A10	single	2	4028139
FLASH-seq	ZHA8833A10	single	3	245414
FLASH-seq	ZHA8833A10	single	4	15276
FLASH-seq	ZHA8833A10	single	5	460
FLASH-seq	ZHA8833A10	single	6	1
FLASH-seq	ZHA8833A10	single	7	4
FLASH-seq	ZHA8833A10	single	20	1163
FLASH-seq	ZHA8833A2	multi	1	237642
FLASH-seq	ZHA8833A2	multi	2	649819
FLASH-seq	ZHA8833A2	multi	3	636961
FLASH-seq	ZHA8833A2	multi	4	391988
FLASH-seq	ZHA8833A2	multi	5	265075
FLASH-seq	ZHA8833A2	multi	6	139419
FLASH-seq	ZHA8833A2	multi	7	106796
FLASH-seq	ZHA8833A2	multi	8	53332
FLASH-seq	ZHA8833A2	multi	9	39289
FLASH-seq	ZHA8833A2	multi	10	46348
FLASH-seq	ZHA8833A2	multi	11	25541
FLASH-seq	ZHA8833A2	multi	12	22699
FLASH-seq	ZHA8833A2	multi	13	21969
FLASH-seq	ZHA8833A2	multi	14	12012
FLASH-seq	ZHA8833A2	multi	15	15268
FLASH-seq	ZHA8833A2	multi	16	6657
FLASH-seq	ZHA8833A2	multi	17	10794
FLASH-seq	ZHA8833A2	multi	18	3863
FLASH-seq	ZHA8833A2	multi	19	17665
FLASH-seq	ZHA8833A2	multi	20	25989
FLASH-seq	ZHA8833A2	single	1	15011286
FLASH-seq	ZHA8833A2	single	2	4283581
FLASH-seq	ZHA8833A2	single	3	258615
FLASH-seq	ZHA8833A2	single	4	15039
FLASH-seq	ZHA8833A2	single	5	610
FLASH-seq	ZHA8833A2	single	6	34
FLASH-seq	ZHA8833A2	single	7	11
FLASH-seq	ZHA8833A2	single	8	1
FLASH-seq	ZHA8833A2	single	9	21
FLASH-seq	ZHA8833A2	single	10	42
FLASH-seq	ZHA8833A2	single	12	2
FLASH-seq	ZHA8833A2	single	13	1
FLASH-seq	ZHA8833A2	single	14	45
FLASH-seq	ZHA8833A2	single	15	85
FLASH-seq	ZHA8833A2	single	16	17
FLASH-seq	ZHA8833A2	single	17	12
FLASH-seq	ZHA8833A2	single	18	1
FLASH-seq	ZHA8833A2	single	19	19
FLASH-seq	ZHA8833A2	single	20	1180
FLASH-seq	ZHA8833A3	multi	1	238584
FLASH-seq	ZHA8833A3	multi	2	708129
FLASH-seq	ZHA8833A3	multi	3	663941
FLASH-seq	ZHA8833A3	multi	4	420400
FLASH-seq	ZHA8833A3	multi	5	277562
FLASH-seq	ZHA8833A3	multi	6	149978
FLASH-seq	ZHA8833A3	multi	7	119281
FLASH-seq	ZHA8833A3	multi	8	58597
FLASH-seq	ZHA8833A3	multi	9	43204
FLASH-seq	ZHA8833A3	multi	10	51810
FLASH-seq	ZHA8833A3	multi	11	27869
FLASH-seq	ZHA8833A3	multi	12	25219
FLASH-seq	ZHA8833A3	multi	13	23674
FLASH-seq	ZHA8833A3	multi	14	13009
FLASH-seq	ZHA8833A3	multi	15	17014
FLASH-seq	ZHA8833A3	multi	16	7825
FLASH-seq	ZHA8833A3	multi	17	11470
FLASH-seq	ZHA8833A3	multi	18	4543
FLASH-seq	ZHA8833A3	multi	19	18084
FLASH-seq	ZHA8833A3	multi	20	29328
FLASH-seq	ZHA8833A3	single	1	3138580
FLASH-seq	ZHA8833A3	single	2	851708
FLASH-seq	ZHA8833A3	single	3	31181
FLASH-seq	ZHA8833A3	single	4	770
FLASH-seq	ZHA8833A3	single	5	8
FLASH-seq	ZHA8833A3	single	9	2
FLASH-seq	ZHA8833A3	single	10	24
FLASH-seq	ZHA8833A4	multi	1	282612
FLASH-seq	ZHA8833A4	multi	2	828995
FLASH-seq	ZHA8833A4	multi	3	823336
FLASH-seq	ZHA8833A4	multi	4	520602
FLASH-seq	ZHA8833A4	multi	5	350733
FLASH-seq	ZHA8833A4	multi	6	187029
FLASH-seq	ZHA8833A4	multi	7	150070
FLASH-seq	ZHA8833A4	multi	8	73755
FLASH-seq	ZHA8833A4	multi	9	55250
FLASH-seq	ZHA8833A4	multi	10	64544
FLASH-seq	ZHA8833A4	multi	11	35627
FLASH-seq	ZHA8833A4	multi	12	30657
FLASH-seq	ZHA8833A4	multi	13	29257
FLASH-seq	ZHA8833A4	multi	14	16320
FLASH-seq	ZHA8833A4	multi	15	21402
FLASH-seq	ZHA8833A4	multi	16	9536
FLASH-seq	ZHA8833A4	multi	17	14793
FLASH-seq	ZHA8833A4	multi	18	5522
FLASH-seq	ZHA8833A4	multi	19	22656
FLASH-seq	ZHA8833A4	multi	20	38768
FLASH-seq	ZHA8833A4	single	1	18328513
FLASH-seq	ZHA8833A4	single	2	5387636
FLASH-seq	ZHA8833A4	single	3	334059
FLASH-seq	ZHA8833A4	single	4	19169
FLASH-seq	ZHA8833A4	single	5	542
FLASH-seq	ZHA8833A4	single	6	38
FLASH-seq	ZHA8833A4	single	7	6
FLASH-seq	ZHA8833A4	single	8	2
FLASH-seq	ZHA8833A4	single	9	14
FLASH-seq	ZHA8833A4	single	10	43
FLASH-seq	ZHA8833A4	single	12	2
FLASH-seq	ZHA8833A4	single	14	7
FLASH-seq	ZHA8833A4	single	15	41
FLASH-seq	ZHA8833A4	single	16	13
FLASH-seq	ZHA8833A4	single	17	13
FLASH-seq	ZHA8833A4	single	19	8
FLASH-seq	ZHA8833A4	single	20	1430
FLASH-seq	ZHA8833A5	multi	1	277831
FLASH-seq	ZHA8833A5	multi	2	826989
FLASH-seq	ZHA8833A5	multi	3	786646
FLASH-seq	ZHA8833A5	multi	4	503321
FLASH-seq	ZHA8833A5	multi	5	329200
FLASH-seq	ZHA8833A5	multi	6	181788
FLASH-seq	ZHA8833A5	multi	7	141092
FLASH-seq	ZHA8833A5	multi	8	72979
FLASH-seq	ZHA8833A5	multi	9	55151
FLASH-seq	ZHA8833A5	multi	10	63328
FLASH-seq	ZHA8833A5	multi	11	35635
FLASH-seq	ZHA8833A5	multi	12	30652
FLASH-seq	ZHA8833A5	multi	13	28646
FLASH-seq	ZHA8833A5	multi	14	16022
FLASH-seq	ZHA8833A5	multi	15	20642
FLASH-seq	ZHA8833A5	multi	16	9351
FLASH-seq	ZHA8833A5	multi	17	13964
FLASH-seq	ZHA8833A5	multi	18	5731
FLASH-seq	ZHA8833A5	multi	19	21784
FLASH-seq	ZHA8833A5	multi	20	37672
FLASH-seq	ZHA8833A6	multi	1	230481
FLASH-seq	ZHA8833A6	multi	2	693849
FLASH-seq	ZHA8833A6	multi	3	644850
FLASH-seq	ZHA8833A6	multi	4	409291
FLASH-seq	ZHA8833A6	multi	5	262793
FLASH-seq	ZHA8833A6	multi	6	147540
FLASH-seq	ZHA8833A6	multi	7	111820
FLASH-seq	ZHA8833A6	multi	8	58818
FLASH-seq	ZHA8833A6	multi	9	43320
FLASH-seq	ZHA8833A6	multi	10	50047
FLASH-seq	ZHA8833A6	multi	11	27658
FLASH-seq	ZHA8833A6	multi	12	24633
FLASH-seq	ZHA8833A6	multi	13	22696
FLASH-seq	ZHA8833A6	multi	14	12906
FLASH-seq	ZHA8833A6	multi	15	16009
FLASH-seq	ZHA8833A6	multi	16	7433
FLASH-seq	ZHA8833A6	multi	17	11291
FLASH-seq	ZHA8833A6	multi	18	4379
FLASH-seq	ZHA8833A6	multi	19	17034
FLASH-seq	ZHA8833A6	multi	20	29611
FLASH-seq	ZHA8833A6	single	1	14132422
FLASH-seq	ZHA8833A6	single	2	4075184
FLASH-seq	ZHA8833A6	single	3	247015
FLASH-seq	ZHA8833A6	single	4	15115
FLASH-seq	ZHA8833A6	single	5	682
FLASH-seq	ZHA8833A6	single	6	33
FLASH-seq	ZHA8833A6	single	7	5
FLASH-seq	ZHA8833A6	single	9	43
FLASH-seq	ZHA8833A6	single	10	33
FLASH-seq	ZHA8833A6	single	12	3
FLASH-seq	ZHA8833A6	single	13	1
FLASH-seq	ZHA8833A6	single	14	15
FLASH-seq	ZHA8833A6	single	15	94
FLASH-seq	ZHA8833A6	single	16	18
FLASH-seq	ZHA8833A6	single	17	16
FLASH-seq	ZHA8833A6	single	19	7
FLASH-seq	ZHA8833A6	single	20	1339
FLASH-seq	ZHA8833A7	multi	1	222192
FLASH-seq	ZHA8833A7	multi	2	680356
FLASH-seq	ZHA8833A7	multi	3	616873
FLASH-seq	ZHA8833A7	multi	4	394538
FLASH-seq	ZHA8833A7	multi	5	244366
FLASH-seq	ZHA8833A7	multi	6	137238
FLASH-seq	ZHA8833A7	multi	7	103149
FLASH-seq	ZHA8833A7	multi	8	53319
FLASH-seq	ZHA8833A7	multi	9	40065
FLASH-seq	ZHA8833A7	multi	10	46326
FLASH-seq	ZHA8833A7	multi	11	25100
FLASH-seq	ZHA8833A7	multi	12	22041
FLASH-seq	ZHA8833A7	multi	13	20451
FLASH-seq	ZHA8833A7	multi	14	11382
FLASH-seq	ZHA8833A7	multi	15	14525
FLASH-seq	ZHA8833A7	multi	16	6458
FLASH-seq	ZHA8833A7	multi	17	10771
FLASH-seq	ZHA8833A7	multi	18	3680
FLASH-seq	ZHA8833A7	multi	19	16580
FLASH-seq	ZHA8833A7	multi	20	25830
FLASH-seq	ZHA8833A7	single	1	13826617
FLASH-seq	ZHA8833A7	single	2	3994367
FLASH-seq	ZHA8833A7	single	3	244581
FLASH-seq	ZHA8833A7	single	4	13170
FLASH-seq	ZHA8833A7	single	5	783
FLASH-seq	ZHA8833A7	single	6	29
FLASH-seq	ZHA8833A7	single	15	1
FLASH-seq	ZHA8833A7	single	19	5
FLASH-seq	ZHA8833A7	single	20	1689
FLASH-seq	ZHA8833A8	multi	1	233205
FLASH-seq	ZHA8833A8	multi	2	908941
FLASH-seq	ZHA8833A8	multi	3	927204
FLASH-seq	ZHA8833A8	multi	4	558404
FLASH-seq	ZHA8833A8	multi	5	410138
FLASH-seq	ZHA8833A8	multi	6	205464
FLASH-seq	ZHA8833A8	multi	7	172808
FLASH-seq	ZHA8833A8	multi	8	78874
FLASH-seq	ZHA8833A8	multi	9	61077
FLASH-seq	ZHA8833A8	multi	10	72844
FLASH-seq	ZHA8833A8	multi	11	39678
FLASH-seq	ZHA8833A8	multi	12	35472
FLASH-seq	ZHA8833A8	multi	13	37261
FLASH-seq	ZHA8833A8	multi	14	20001
FLASH-seq	ZHA8833A8	multi	15	26016
FLASH-seq	ZHA8833A8	multi	16	10560
FLASH-seq	ZHA8833A8	multi	17	18070
FLASH-seq	ZHA8833A8	multi	18	6576
FLASH-seq	ZHA8833A8	multi	19	32866
FLASH-seq	ZHA8833A8	multi	20	47095
FLASH-seq	ZHA8833A8	single	1	14486741
FLASH-seq	ZHA8833A8	single	2	4529112
FLASH-seq	ZHA8833A8	single	3	306258
FLASH-seq	ZHA8833A8	single	4	17721
FLASH-seq	ZHA8833A8	single	5	615
FLASH-seq	ZHA8833A8	single	6	8
FLASH-seq	ZHA8833A8	single	7	1
FLASH-seq	ZHA8833A8	single	12	4
FLASH-seq	ZHA8833A8	single	15	8
FLASH-seq	ZHA8833A8	single	20	405
FLASH-seq	ZHA8833A9	multi	1	270325
FLASH-seq	ZHA8833A9	multi	2	788441
FLASH-seq	ZHA8833A9	multi	3	842953
FLASH-seq	ZHA8833A9	multi	4	551461
FLASH-seq	ZHA8833A9	multi	5	378303
FLASH-seq	ZHA8833A9	multi	6	195055
FLASH-seq	ZHA8833A9	multi	7	161330
FLASH-seq	ZHA8833A9	multi	8	80511
FLASH-seq	ZHA8833A9	multi	9	59997
FLASH-seq	ZHA8833A9	multi	10	72189
FLASH-seq	ZHA8833A9	multi	11	40497
FLASH-seq	ZHA8833A9	multi	12	35998
FLASH-seq	ZHA8833A9	multi	13	35969
FLASH-seq	ZHA8833A9	multi	14	19282
FLASH-seq	ZHA8833A9	multi	15	25584
FLASH-seq	ZHA8833A9	multi	16	10275
FLASH-seq	ZHA8833A9	multi	17	18826
FLASH-seq	ZHA8833A9	multi	18	6772
FLASH-seq	ZHA8833A9	multi	19	31445
FLASH-seq	ZHA8833A9	multi	20	49165
FLASH-seq	ZHA8833A9	single	1	18266489
FLASH-seq	ZHA8833A9	single	2	5527245
FLASH-seq	ZHA8833A9	single	3	325153
FLASH-seq	ZHA8833A9	single	4	20285
FLASH-seq	ZHA8833A9	single	5	772
FLASH-seq	ZHA8833A9	single	6	18
FLASH-seq	ZHA8833A9	single	7	1
FLASH-seq	ZHA8833A9	single	10	244
FLASH-seq	ZHA8833A9	single	15	56
FLASH-seq	ZHA8833A9	single	16	5
FLASH-seq	ZHA8833A9	single	19	67
FLASH-seq	ZHA8833A9	single	20	292
VASA own, 130 nt	001	multi	1	15278
VASA own, 130 nt	001	multi	2	10409
VASA own, 130 nt	001	multi	3	5906
VASA own, 130 nt	001	multi	4	2934
VASA own, 130 nt	001	multi	5	3222
VASA own, 130 nt	001	multi	6	2166
VASA own, 130 nt	001	multi	7	1440
VASA own, 130 nt	001	multi	8	498
VASA own, 130 nt	001	multi	9	755
VASA own, 130 nt	001	multi	10	165
VASA own, 130 nt	001	multi	11	144
VASA own, 130 nt	001	multi	12	377
VASA own, 130 nt	001	multi	13	108
VASA own, 130 nt	001	multi	14	17
VASA own, 130 nt	001	multi	15	148
VASA own, 130 nt	001	multi	16	11
VASA own, 130 nt	001	multi	17	36
VASA own, 130 nt	001	multi	18	11
VASA own, 130 nt	001	multi	19	3
VASA own, 130 nt	001	multi	20	20
VASA own, 130 nt	001	single	1	37427
VASA own, 130 nt	001	single	2	2541
VASA own, 130 nt	001	single	3	242
VASA own, 130 nt	001	single	4	31
VASA own, 130 nt	001	single	17	1
VASA own, 130 nt	001	single	20	7
VASA own, 130 nt	002	multi	1	55020
VASA own, 130 nt	002	multi	2	280860
VASA own, 130 nt	002	multi	3	79656
VASA own, 130 nt	002	multi	4	39656
VASA own, 130 nt	002	multi	5	46146
VASA own, 130 nt	002	multi	6	20808
VASA own, 130 nt	002	multi	7	32890
VASA own, 130 nt	002	multi	8	8649
VASA own, 130 nt	002	multi	9	17989
VASA own, 130 nt	002	multi	10	1538
VASA own, 130 nt	002	multi	11	1075
VASA own, 130 nt	002	multi	12	10046
VASA own, 130 nt	002	multi	13	2848
VASA own, 130 nt	002	multi	14	552
VASA own, 130 nt	002	multi	15	3609
VASA own, 130 nt	002	multi	16	266
VASA own, 130 nt	002	multi	17	529
VASA own, 130 nt	002	multi	18	158
VASA own, 130 nt	002	multi	19	131
VASA own, 130 nt	002	multi	20	418
VASA own, 130 nt	002	single	1	810822
VASA own, 130 nt	002	single	2	66774
VASA own, 130 nt	002	single	3	6070
VASA own, 130 nt	002	single	4	585
VASA own, 130 nt	002	single	5	2
VASA own, 130 nt	002	single	6	3
VASA own, 130 nt	002	single	7	1
VASA own, 130 nt	002	single	8	2
VASA own, 130 nt	002	single	9	1
VASA own, 130 nt	002	single	13	1
VASA own, 130 nt	002	single	14	1
VASA own, 130 nt	002	single	15	6
VASA own, 130 nt	002	single	16	3
VASA own, 130 nt	002	single	17	3
VASA own, 130 nt	002	single	18	3
VASA own, 130 nt	002	single	20	93
VASA own, 130 nt	003	multi	1	97780
VASA own, 130 nt	003	multi	2	236669
VASA own, 130 nt	003	multi	3	190164
VASA own, 130 nt	003	multi	4	73913
VASA own, 130 nt	003	multi	5	129499
VASA own, 130 nt	003	multi	6	45072
VASA own, 130 nt	003	multi	7	92060
VASA own, 130 nt	003	multi	8	19725
VASA own, 130 nt	003	multi	9	56002
VASA own, 130 nt	003	multi	10	3955
VASA own, 130 nt	003	multi	11	2641
VASA own, 130 nt	003	multi	12	20629
VASA own, 130 nt	003	multi	13	6648
VASA own, 130 nt	003	multi	14	1171
VASA own, 130 nt	003	multi	15	6431
VASA own, 130 nt	003	multi	16	551
VASA own, 130 nt	003	multi	17	989
VASA own, 130 nt	003	multi	18	356
VASA own, 130 nt	003	multi	19	264
VASA own, 130 nt	003	multi	20	1002
VASA own, 130 nt	003	single	1	1569527
VASA own, 130 nt	003	single	2	175485
VASA own, 130 nt	003	single	3	14426
VASA own, 130 nt	003	single	4	2285
VASA own, 130 nt	003	single	5	4
VASA own, 130 nt	003	single	6	1
VASA own, 130 nt	003	single	7	6
VASA own, 130 nt	003	single	8	9
VASA own, 130 nt	003	single	9	8
VASA own, 130 nt	003	single	11	2
VASA own, 130 nt	003	single	13	4
VASA own, 130 nt	003	single	15	6
VASA own, 130 nt	003	single	16	3
VASA own, 130 nt	003	single	17	2
VASA own, 130 nt	003	single	18	2
VASA own, 130 nt	003	single	19	12
VASA own, 130 nt	003	single	20	123
VASA own, 130 nt	004	multi	1	95314
VASA own, 130 nt	004	multi	2	244533
VASA own, 130 nt	004	multi	3	113245
VASA own, 130 nt	004	multi	4	54974
VASA own, 130 nt	004	multi	5	71096
VASA own, 130 nt	004	multi	6	39410
VASA own, 130 nt	004	multi	7	49850
VASA own, 130 nt	004	multi	8	15343
VASA own, 130 nt	004	multi	9	24799
VASA own, 130 nt	004	multi	10	2476
VASA own, 130 nt	004	multi	11	1554
VASA own, 130 nt	004	multi	12	19659
VASA own, 130 nt	004	multi	13	4827
VASA own, 130 nt	004	multi	14	800
VASA own, 130 nt	004	multi	15	5806
VASA own, 130 nt	004	multi	16	494
VASA own, 130 nt	004	multi	17	788
VASA own, 130 nt	004	multi	18	253
VASA own, 130 nt	004	multi	19	228
VASA own, 130 nt	004	multi	20	734
VASA own, 130 nt	004	single	1	1110988
VASA own, 130 nt	004	single	2	92344
VASA own, 130 nt	004	single	3	7875
VASA own, 130 nt	004	single	4	959
VASA own, 130 nt	004	single	5	12
VASA own, 130 nt	004	single	8	4
VASA own, 130 nt	004	single	14	4
VASA own, 130 nt	004	single	15	13
VASA own, 130 nt	004	single	16	3
VASA own, 130 nt	004	single	17	1
VASA own, 130 nt	004	single	18	2
VASA own, 130 nt	004	single	19	4
VASA own, 130 nt	004	single	20	146
VASA own, 130 nt	005	multi	1	61465
VASA own, 130 nt	005	multi	2	285366
VASA own, 130 nt	005	multi	3	99320
VASA own, 130 nt	005	multi	4	47120
VASA own, 130 nt	005	multi	5	63138
VASA own, 130 nt	005	multi	6	28162
VASA own, 130 nt	005	multi	7	44378
VASA own, 130 nt	005	multi	8	11977
VASA own, 130 nt	005	multi	9	21100
VASA own, 130 nt	005	multi	10	2090
VASA own, 130 nt	005	multi	11	1343
VASA own, 130 nt	005	multi	12	14093
VASA own, 130 nt	005	multi	13	3555
VASA own, 130 nt	005	multi	14	726
VASA own, 130 nt	005	multi	15	4661
VASA own, 130 nt	005	multi	16	392
VASA own, 130 nt	005	multi	17	705
VASA own, 130 nt	005	multi	18	190
VASA own, 130 nt	005	multi	19	210
VASA own, 130 nt	005	multi	20	580
VASA own, 130 nt	005	single	1	973521
VASA own, 130 nt	005	single	2	84140
VASA own, 130 nt	005	single	3	7042
VASA own, 130 nt	005	single	4	752
VASA own, 130 nt	005	single	5	4
VASA own, 130 nt	005	single	6	4
VASA own, 130 nt	005	single	7	4
VASA own, 130 nt	005	single	8	2
VASA own, 130 nt	005	single	9	2
VASA own, 130 nt	005	single	10	1
VASA own, 130 nt	005	single	11	2
VASA own, 130 nt	005	single	13	5
VASA own, 130 nt	005	single	14	3
VASA own, 130 nt	005	single	15	9
VASA own, 130 nt	005	single	16	2
VASA own, 130 nt	005	single	17	3
VASA own, 130 nt	005	single	18	4
VASA own, 130 nt	005	single	19	5
VASA own, 130 nt	005	single	20	85
VASA own, 130 nt	006	multi	1	105946
VASA own, 130 nt	006	multi	2	373979
VASA own, 130 nt	006	multi	3	131939
VASA own, 130 nt	006	multi	4	67015
VASA own, 130 nt	006	multi	5	82800
VASA own, 130 nt	006	multi	6	31014
VASA own, 130 nt	006	multi	7	59629
VASA own, 130 nt	006	multi	8	16421
VASA own, 130 nt	006	multi	9	22356
VASA own, 130 nt	006	multi	10	2926
VASA own, 130 nt	006	multi	11	2584
VASA own, 130 nt	006	multi	12	16067
VASA own, 130 nt	006	multi	13	4276
VASA own, 130 nt	006	multi	14	1070
VASA own, 130 nt	006	multi	15	5845
VASA own, 130 nt	006	multi	16	634
VASA own, 130 nt	006	multi	17	1576
VASA own, 130 nt	006	multi	18	283
VASA own, 130 nt	006	multi	19	396
VASA own, 130 nt	006	multi	20	999
VASA own, 130 nt	006	single	1	1535942
VASA own, 130 nt	006	single	2	110023
VASA own, 130 nt	006	single	3	7203
VASA own, 130 nt	006	single	4	927
VASA own, 130 nt	006	single	5	4
VASA own, 130 nt	006	single	6	6
VASA own, 130 nt	006	single	8	2
VASA own, 130 nt	006	single	9	1
VASA own, 130 nt	006	single	12	8
VASA own, 130 nt	006	single	13	6
VASA own, 130 nt	006	single	14	4
VASA own, 130 nt	006	single	15	9
VASA own, 130 nt	006	single	16	14
VASA own, 130 nt	006	single	17	2
VASA own, 130 nt	006	single	18	2
VASA own, 130 nt	006	single	19	1
VASA own, 130 nt	006	single	20	107
VASA own, 130 nt	007	multi	1	205997
VASA own, 130 nt	007	multi	2	536022
VASA own, 130 nt	007	multi	3	318867
VASA own, 130 nt	007	multi	4	139247
VASA own, 130 nt	007	multi	5	202840
VASA own, 130 nt	007	multi	6	95481
VASA own, 130 nt	007	multi	7	147486
VASA own, 130 nt	007	multi	8	41427
VASA own, 130 nt	007	multi	9	69519
VASA own, 130 nt	007	multi	10	6103
VASA own, 130 nt	007	multi	11	4686
VASA own, 130 nt	007	multi	12	52196
VASA own, 130 nt	007	multi	13	12598
VASA own, 130 nt	007	multi	14	2067
VASA own, 130 nt	007	multi	15	11990
VASA own, 130 nt	007	multi	16	1128
VASA own, 130 nt	007	multi	17	1548
VASA own, 130 nt	007	multi	18	594
VASA own, 130 nt	007	multi	19	766
VASA own, 130 nt	007	multi	20	1727
VASA own, 130 nt	007	single	1	3460129
VASA own, 130 nt	007	single	2	272001
VASA own, 130 nt	007	single	3	20510
VASA own, 130 nt	007	single	4	2886
VASA own, 130 nt	007	single	5	26
VASA own, 130 nt	007	single	6	17
VASA own, 130 nt	007	single	7	13
VASA own, 130 nt	007	single	8	1
VASA own, 130 nt	007	single	9	3
VASA own, 130 nt	007	single	10	2
VASA own, 130 nt	007	single	11	1
VASA own, 130 nt	007	single	13	2
VASA own, 130 nt	007	single	14	5
VASA own, 130 nt	007	single	15	33
VASA own, 130 nt	007	single	16	18
VASA own, 130 nt	007	single	17	2
VASA own, 130 nt	007	single	18	9
VASA own, 130 nt	007	single	19	10
VASA own, 130 nt	007	single	20	228
VASA own, 130 nt	008	multi	1	135738
VASA own, 130 nt	008	multi	2	484659
VASA own, 130 nt	008	multi	3	164292
VASA own, 130 nt	008	multi	4	81286
VASA own, 130 nt	008	multi	5	97336
VASA own, 130 nt	008	multi	6	51752
VASA own, 130 nt	008	multi	7	60801
VASA own, 130 nt	008	multi	8	24414
VASA own, 130 nt	008	multi	9	37197
VASA own, 130 nt	008	multi	10	3874
VASA own, 130 nt	008	multi	11	3067
VASA own, 130 nt	008	multi	12	38495
VASA own, 130 nt	008	multi	13	7898
VASA own, 130 nt	008	multi	14	1253
VASA own, 130 nt	008	multi	15	10406
VASA own, 130 nt	008	multi	16	754
VASA own, 130 nt	008	multi	17	1324
VASA own, 130 nt	008	multi	18	368
VASA own, 130 nt	008	multi	19	462
VASA own, 130 nt	008	multi	20	1082
VASA own, 130 nt	008	single	1	1919563
VASA own, 130 nt	008	single	2	137130
VASA own, 130 nt	008	single	3	11556
VASA own, 130 nt	008	single	4	1239
VASA own, 130 nt	008	single	5	18
VASA own, 130 nt	008	single	6	5
VASA own, 130 nt	008	single	8	9
VASA own, 130 nt	008	single	9	6
VASA own, 130 nt	008	single	10	4
VASA own, 130 nt	008	single	11	2
VASA own, 130 nt	008	single	12	21
VASA own, 130 nt	008	single	13	4
VASA own, 130 nt	008	single	14	7
VASA own, 130 nt	008	single	15	16
VASA own, 130 nt	008	single	16	7
VASA own, 130 nt	008	single	17	22
VASA own, 130 nt	008	single	18	2
VASA own, 130 nt	008	single	19	4
VASA own, 130 nt	008	single	20	123
VASA own, 130 nt	009	multi	1	156074
VASA own, 130 nt	009	multi	2	460624
VASA own, 130 nt	009	multi	3	235230
VASA own, 130 nt	009	multi	4	105178
VASA own, 130 nt	009	multi	5	143185
VASA own, 130 nt	009	multi	6	55077
VASA own, 130 nt	009	multi	7	101131
VASA own, 130 nt	009	multi	8	25947
VASA own, 130 nt	009	multi	9	38118
VASA own, 130 nt	009	multi	10	5039
VASA own, 130 nt	009	multi	11	3643
VASA own, 130 nt	009	multi	12	27514
VASA own, 130 nt	009	multi	13	6795
VASA own, 130 nt	009	multi	14	1726
VASA own, 130 nt	009	multi	15	8228
VASA own, 130 nt	009	multi	16	1005
VASA own, 130 nt	009	multi	17	1783
VASA own, 130 nt	009	multi	18	492
VASA own, 130 nt	009	multi	19	595
VASA own, 130 nt	009	multi	20	1770
VASA own, 130 nt	009	single	1	2706370
VASA own, 130 nt	009	single	2	193461
VASA own, 130 nt	009	single	3	13872
VASA own, 130 nt	009	single	4	1731
VASA own, 130 nt	009	single	5	20
VASA own, 130 nt	009	single	6	10
VASA own, 130 nt	009	single	7	5
VASA own, 130 nt	009	single	8	7
VASA own, 130 nt	009	single	9	2
VASA own, 130 nt	009	single	12	5
VASA own, 130 nt	009	single	13	1
VASA own, 130 nt	009	single	14	2
VASA own, 130 nt	009	single	15	35
VASA own, 130 nt	009	single	16	15
VASA own, 130 nt	009	single	17	31
VASA own, 130 nt	009	single	18	5
VASA own, 130 nt	009	single	19	7
VASA own, 130 nt	009	single	20	160
VASA own, 130 nt	010	multi	1	268089
VASA own, 130 nt	010	multi	2	785236
VASA own, 130 nt	010	multi	3	509486
VASA own, 130 nt	010	multi	4	229330
VASA own, 130 nt	010	multi	5	271011
VASA own, 130 nt	010	multi	6	196225
VASA own, 130 nt	010	multi	7	205478
VASA own, 130 nt	010	multi	8	103683
VASA own, 130 nt	010	multi	9	139669
VASA own, 130 nt	010	multi	10	9441
VASA own, 130 nt	010	multi	11	7363
VASA own, 130 nt	010	multi	12	146834
VASA own, 130 nt	010	multi	13	34636
VASA own, 130 nt	010	multi	14	2984
VASA own, 130 nt	010	multi	15	32744
VASA own, 130 nt	010	multi	16	1764
VASA own, 130 nt	010	multi	17	2072
VASA own, 130 nt	010	multi	18	960
VASA own, 130 nt	010	multi	19	757
VASA own, 130 nt	010	multi	20	2538
VASA own, 130 nt	010	single	1	5175941
VASA own, 130 nt	010	single	2	420430
VASA own, 130 nt	010	single	3	39140
VASA own, 130 nt	010	single	4	6317
VASA own, 130 nt	010	single	5	44
VASA own, 130 nt	010	single	6	20
VASA own, 130 nt	010	single	7	7
VASA own, 130 nt	010	single	8	42
VASA own, 130 nt	010	single	9	13
VASA own, 130 nt	010	single	10	26
VASA own, 130 nt	010	single	11	2
VASA own, 130 nt	010	single	13	7
VASA own, 130 nt	010	single	14	17
VASA own, 130 nt	010	single	15	39
VASA own, 130 nt	010	single	16	35
VASA own, 130 nt	010	single	17	19
VASA own, 130 nt	010	single	18	13
VASA own, 130 nt	010	single	19	63
VASA own, 130 nt	010	single	20	670
VASA own, 130 nt	011	multi	1	255543
VASA own, 130 nt	011	multi	2	721814
VASA own, 130 nt	011	multi	3	549481
VASA own, 130 nt	011	multi	4	237782
VASA own, 130 nt	011	multi	5	274694
VASA own, 130 nt	011	multi	6	214537
VASA own, 130 nt	011	multi	7	216919
VASA own, 130 nt	011	multi	8	111942
VASA own, 130 nt	011	multi	9	190328
VASA own, 130 nt	011	multi	10	10052
VASA own, 130 nt	011	multi	11	8373
VASA own, 130 nt	011	multi	12	150613
VASA own, 130 nt	011	multi	13	43650
VASA own, 130 nt	011	multi	14	2973
VASA own, 130 nt	011	multi	15	30652
VASA own, 130 nt	011	multi	16	1846
VASA own, 130 nt	011	multi	17	2130
VASA own, 130 nt	011	multi	18	933
VASA own, 130 nt	011	multi	19	738
VASA own, 130 nt	011	multi	20	2343
VASA own, 130 nt	011	single	1	5150187
VASA own, 130 nt	011	single	2	451372
VASA own, 130 nt	011	single	3	51350
VASA own, 130 nt	011	single	4	8752
VASA own, 130 nt	011	single	5	34
VASA own, 130 nt	011	single	6	34
VASA own, 130 nt	011	single	7	12
VASA own, 130 nt	011	single	8	12
VASA own, 130 nt	011	single	9	6
VASA own, 130 nt	011	single	10	20
VASA own, 130 nt	011	single	11	1
VASA own, 130 nt	011	single	12	5
VASA own, 130 nt	011	single	13	21
VASA own, 130 nt	011	single	14	9
VASA own, 130 nt	011	single	15	83
VASA own, 130 nt	011	single	16	14
VASA own, 130 nt	011	single	17	18
VASA own, 130 nt	011	single	18	9
VASA own, 130 nt	011	single	19	42
VASA own, 130 nt	011	single	20	640
VASA own, 130 nt	012	multi	1	214845
VASA own, 130 nt	012	multi	2	608517
VASA own, 130 nt	012	multi	3	431174
VASA own, 130 nt	012	multi	4	179677
VASA own, 130 nt	012	multi	5	246399
VASA own, 130 nt	012	multi	6	162300
VASA own, 130 nt	012	multi	7	185940
VASA own, 130 nt	012	multi	8	64923
VASA own, 130 nt	012	multi	9	112231
VASA own, 130 nt	012	multi	10	7834
VASA own, 130 nt	012	multi	11	6299
VASA own, 130 nt	012	multi	12	126918
VASA own, 130 nt	012	multi	13	24657
VASA own, 130 nt	012	multi	14	2606
VASA own, 130 nt	012	multi	15	26067
VASA own, 130 nt	012	multi	16	1735
VASA own, 130 nt	012	multi	17	2288
VASA own, 130 nt	012	multi	18	993
VASA own, 130 nt	012	multi	19	755
VASA own, 130 nt	012	multi	20	2253
VASA own, 130 nt	012	single	1	4248388
VASA own, 130 nt	012	single	2	361175
VASA own, 130 nt	012	single	3	31338
VASA own, 130 nt	012	single	4	5061
VASA own, 130 nt	012	single	5	47
VASA own, 130 nt	012	single	6	24
VASA own, 130 nt	012	single	7	2
VASA own, 130 nt	012	single	8	11
VASA own, 130 nt	012	single	9	18
VASA own, 130 nt	012	single	11	12
VASA own, 130 nt	012	single	12	7
VASA own, 130 nt	012	single	13	11
VASA own, 130 nt	012	single	14	9
VASA own, 130 nt	012	single	15	26
VASA own, 130 nt	012	single	16	15
VASA own, 130 nt	012	single	17	16
VASA own, 130 nt	012	single	18	15
VASA own, 130 nt	012	single	19	35
VASA own, 130 nt	012	single	20	472
VASA own, 130 nt	013	multi	1	199797
VASA own, 130 nt	013	multi	2	729666
VASA own, 130 nt	013	multi	3	401107
VASA own, 130 nt	013	multi	4	180936
VASA own, 130 nt	013	multi	5	220344
VASA own, 130 nt	013	multi	6	170214
VASA own, 130 nt	013	multi	7	165415
VASA own, 130 nt	013	multi	8	97253
VASA own, 130 nt	013	multi	9	150347
VASA own, 130 nt	013	multi	10	7539
VASA own, 130 nt	013	multi	11	6092
VASA own, 130 nt	013	multi	12	120064
VASA own, 130 nt	013	multi	13	32292
VASA own, 130 nt	013	multi	14	2275
VASA own, 130 nt	013	multi	15	26631
VASA own, 130 nt	013	multi	16	1381
VASA own, 130 nt	013	multi	17	1583
VASA own, 130 nt	013	multi	18	719
VASA own, 130 nt	013	multi	19	565
VASA own, 130 nt	013	multi	20	1846
VASA own, 130 nt	013	single	1	3587599
VASA own, 130 nt	013	single	2	310192
VASA own, 130 nt	013	single	3	35228
VASA own, 130 nt	013	single	4	4328
VASA own, 130 nt	013	single	5	43
VASA own, 130 nt	013	single	6	18
VASA own, 130 nt	013	single	7	3
VASA own, 130 nt	013	single	8	29
VASA own, 130 nt	013	single	9	12
VASA own, 130 nt	013	single	10	1
VASA own, 130 nt	013	single	12	2
VASA own, 130 nt	013	single	13	7
VASA own, 130 nt	013	single	14	12
VASA own, 130 nt	013	single	15	18
VASA own, 130 nt	013	single	16	7
VASA own, 130 nt	013	single	17	29
VASA own, 130 nt	013	single	18	12
VASA own, 130 nt	013	single	19	27
VASA own, 130 nt	013	single	20	439
VASA own, 130 nt	014	multi	1	21795
VASA own, 130 nt	014	multi	2	13067
VASA own, 130 nt	014	multi	3	7613
VASA own, 130 nt	014	multi	4	3282
VASA own, 130 nt	014	multi	5	2612
VASA own, 130 nt	014	multi	6	1362
VASA own, 130 nt	014	multi	7	979
VASA own, 130 nt	014	multi	8	447
VASA own, 130 nt	014	multi	9	439
VASA own, 130 nt	014	multi	10	132
VASA own, 130 nt	014	multi	11	61
VASA own, 130 nt	014	multi	12	230
VASA own, 130 nt	014	multi	13	134
VASA own, 130 nt	014	multi	14	12
VASA own, 130 nt	014	multi	15	68
VASA own, 130 nt	014	multi	16	11
VASA own, 130 nt	014	multi	17	2
VASA own, 130 nt	014	multi	18	6
VASA own, 130 nt	014	multi	19	4
VASA own, 130 nt	014	multi	20	11
VASA own, 130 nt	014	single	1	28008
VASA own, 130 nt	014	single	2	1740
VASA own, 130 nt	014	single	3	112
VASA own, 130 nt	014	single	4	33
VASA own, 130 nt	014	single	15	1
VASA own, 130 nt	014	single	20	6
VASA own, 130 nt	015	multi	1	25659
VASA own, 130 nt	015	multi	2	16887
VASA own, 130 nt	015	multi	3	8896
VASA own, 130 nt	015	multi	4	3993
VASA own, 130 nt	015	multi	5	3439
VASA own, 130 nt	015	multi	6	1655
VASA own, 130 nt	015	multi	7	1672
VASA own, 130 nt	015	multi	8	742
VASA own, 130 nt	015	multi	9	786
VASA own, 130 nt	015	multi	10	174
VASA own, 130 nt	015	multi	11	58
VASA own, 130 nt	015	multi	12	425
VASA own, 130 nt	015	multi	13	118
VASA own, 130 nt	015	multi	14	29
VASA own, 130 nt	015	multi	15	153
VASA own, 130 nt	015	multi	16	17
VASA own, 130 nt	015	multi	17	28
VASA own, 130 nt	015	multi	18	9
VASA own, 130 nt	015	multi	19	3
VASA own, 130 nt	015	multi	20	12
VASA own, 130 nt	015	single	1	47564
VASA own, 130 nt	015	single	2	2863
VASA own, 130 nt	015	single	3	189
VASA own, 130 nt	015	single	4	41
VASA own, 130 nt	015	single	15	1
VASA own, 130 nt	015	single	19	1
VASA own, 130 nt	015	single	20	6
VASA own, 130 nt	016	multi	1	13618
VASA own, 130 nt	016	multi	2	8086
VASA own, 130 nt	016	multi	3	3788
VASA own, 130 nt	016	multi	4	1646
VASA own, 130 nt	016	multi	5	1333
VASA own, 130 nt	016	multi	6	976
VASA own, 130 nt	016	multi	7	580
VASA own, 130 nt	016	multi	8	298
VASA own, 130 nt	016	multi	9	290
VASA own, 130 nt	016	multi	10	52
VASA own, 130 nt	016	multi	11	55
VASA own, 130 nt	016	multi	12	97
VASA own, 130 nt	016	multi	13	22
VASA own, 130 nt	016	multi	14	7
VASA own, 130 nt	016	multi	15	51
VASA own, 130 nt	016	multi	16	4
VASA own, 130 nt	016	multi	17	4
VASA own, 130 nt	016	multi	18	2
VASA own, 130 nt	016	multi	20	9
VASA own, 130 nt	016	single	1	17209
VASA own, 130 nt	016	single	2	1000
VASA own, 130 nt	016	single	3	76
VASA own, 130 nt	016	single	4	17
VASA own, 130 nt	016	single	14	1
VASA own, 130 nt	016	single	20	2
VASA own, 75 nt	001	multi	1	18181
VASA own, 75 nt	001	multi	2	12202
VASA own, 75 nt	001	multi	3	5610
VASA own, 75 nt	001	multi	4	3403
VASA own, 75 nt	001	multi	5	4456
VASA own, 75 nt	001	multi	6	1972
VASA own, 75 nt	001	multi	7	1987
VASA own, 75 nt	001	multi	8	491
VASA own, 75 nt	001	multi	9	805
VASA own, 75 nt	001	multi	10	434
VASA own, 75 nt	001	multi	11	226
VASA own, 75 nt	001	multi	12	387
VASA own, 75 nt	001	multi	13	279
VASA own, 75 nt	001	multi	14	100
VASA own, 75 nt	001	multi	15	171
VASA own, 75 nt	001	multi	16	22
VASA own, 75 nt	001	multi	17	31
VASA own, 75 nt	001	multi	18	19
VASA own, 75 nt	001	multi	19	10
VASA own, 75 nt	001	multi	20	55
VASA own, 75 nt	001	single	1	37268
VASA own, 75 nt	001	single	2	2495
VASA own, 75 nt	001	single	3	248
VASA own, 75 nt	001	single	4	11
VASA own, 75 nt	001	single	17	1
VASA own, 75 nt	001	single	20	7
VASA own, 75 nt	002	multi	1	71652
VASA own, 75 nt	002	multi	2	302306
VASA own, 75 nt	002	multi	3	52832
VASA own, 75 nt	002	multi	4	49195
VASA own, 75 nt	002	multi	5	77429
VASA own, 75 nt	002	multi	6	11625
VASA own, 75 nt	002	multi	7	47867
VASA own, 75 nt	002	multi	8	6167
VASA own, 75 nt	002	multi	9	19230
VASA own, 75 nt	002	multi	10	10590
VASA own, 75 nt	002	multi	11	3180
VASA own, 75 nt	002	multi	12	10363
VASA own, 75 nt	002	multi	13	9288
VASA own, 75 nt	002	multi	14	1841
VASA own, 75 nt	002	multi	15	4393
VASA own, 75 nt	002	multi	16	693
VASA own, 75 nt	002	multi	17	707
VASA own, 75 nt	002	multi	18	547
VASA own, 75 nt	002	multi	19	265
VASA own, 75 nt	002	multi	20	1601
VASA own, 75 nt	002	single	1	761299
VASA own, 75 nt	002	single	2	62668
VASA own, 75 nt	002	single	3	5835
VASA own, 75 nt	002	single	4	298
VASA own, 75 nt	002	single	5	2
VASA own, 75 nt	002	single	6	2
VASA own, 75 nt	002	single	7	1
VASA own, 75 nt	002	single	8	2
VASA own, 75 nt	002	single	9	1
VASA own, 75 nt	002	single	13	1
VASA own, 75 nt	002	single	14	1
VASA own, 75 nt	002	single	15	7
VASA own, 75 nt	002	single	16	4
VASA own, 75 nt	002	single	17	3
VASA own, 75 nt	002	single	18	4
VASA own, 75 nt	002	single	20	91
VASA own, 75 nt	003	multi	1	112611
VASA own, 75 nt	003	multi	2	267582
VASA own, 75 nt	003	multi	3	88409
VASA own, 75 nt	003	multi	4	93827
VASA own, 75 nt	003	multi	5	222718
VASA own, 75 nt	003	multi	6	27534
VASA own, 75 nt	003	multi	7	128774
VASA own, 75 nt	003	multi	8	13749
VASA own, 75 nt	003	multi	9	58099
VASA own, 75 nt	003	multi	10	30691
VASA own, 75 nt	003	multi	11	7262
VASA own, 75 nt	003	multi	12	21435
VASA own, 75 nt	003	multi	13	20955
VASA own, 75 nt	003	multi	14	5102
VASA own, 75 nt	003	multi	15	8614
VASA own, 75 nt	003	multi	16	1239
VASA own, 75 nt	003	multi	17	1188
VASA own, 75 nt	003	multi	18	1049
VASA own, 75 nt	003	multi	19	563
VASA own, 75 nt	003	multi	20	3571
VASA own, 75 nt	003	single	1	1468485
VASA own, 75 nt	003	single	2	166411
VASA own, 75 nt	003	single	3	14984
VASA own, 75 nt	003	single	4	761
VASA own, 75 nt	003	single	5	2
VASA own, 75 nt	003	single	6	1
VASA own, 75 nt	003	single	7	6
VASA own, 75 nt	003	single	8	9
VASA own, 75 nt	003	single	9	8
VASA own, 75 nt	003	single	13	4
VASA own, 75 nt	003	single	15	6
VASA own, 75 nt	003	single	16	3
VASA own, 75 nt	003	single	17	2
VASA own, 75 nt	003	single	18	2
VASA own, 75 nt	003	single	19	12
VASA own, 75 nt	003	single	20	123
VASA own, 75 nt	004	multi	1	116292
VASA own, 75 nt	004	multi	2	269500
VASA own, 75 nt	004	multi	3	72732
VASA own, 75 nt	004	multi	4	66205
VASA own, 75 nt	004	multi	5	114937
VASA own, 75 nt	004	multi	6	19766
VASA own, 75 nt	004	multi	7	76228
VASA own, 75 nt	004	multi	8	10630
VASA own, 75 nt	004	multi	9	27722
VASA own, 75 nt	004	multi	10	18973
VASA own, 75 nt	004	multi	11	5776
VASA own, 75 nt	004	multi	12	20107
VASA own, 75 nt	004	multi	13	16478
VASA own, 75 nt	004	multi	14	3126
VASA own, 75 nt	004	multi	15	7309
VASA own, 75 nt	004	multi	16	947
VASA own, 75 nt	004	multi	17	896
VASA own, 75 nt	004	multi	18	651
VASA own, 75 nt	004	multi	19	447
VASA own, 75 nt	004	multi	20	2445
VASA own, 75 nt	004	single	1	1046079
VASA own, 75 nt	004	single	2	86249
VASA own, 75 nt	004	single	3	7737
VASA own, 75 nt	004	single	4	456
VASA own, 75 nt	004	single	5	7
VASA own, 75 nt	004	single	8	4
VASA own, 75 nt	004	single	14	4
VASA own, 75 nt	004	single	15	13
VASA own, 75 nt	004	single	16	3
VASA own, 75 nt	004	single	18	2
VASA own, 75 nt	004	single	19	4
VASA own, 75 nt	004	single	20	141
VASA own, 75 nt	005	multi	1	77294
VASA own, 75 nt	005	multi	2	307870
VASA own, 75 nt	005	multi	3	60634
VASA own, 75 nt	005	multi	4	57303
VASA own, 75 nt	005	multi	5	102527
VASA own, 75 nt	005	multi	6	14892
VASA own, 75 nt	005	multi	7	65963
VASA own, 75 nt	005	multi	8	8434
VASA own, 75 nt	005	multi	9	23522
VASA own, 75 nt	005	multi	10	13957
VASA own, 75 nt	005	multi	11	4386
VASA own, 75 nt	005	multi	12	14603
VASA own, 75 nt	005	multi	13	12577
VASA own, 75 nt	005	multi	14	2704
VASA own, 75 nt	005	multi	15	5803
VASA own, 75 nt	005	multi	16	737
VASA own, 75 nt	005	multi	17	776
VASA own, 75 nt	005	multi	18	710
VASA own, 75 nt	005	multi	19	364
VASA own, 75 nt	005	multi	20	2188
VASA own, 75 nt	005	single	1	915275
VASA own, 75 nt	005	single	2	78923
VASA own, 75 nt	005	single	3	6827
VASA own, 75 nt	005	single	4	382
VASA own, 75 nt	005	single	5	4
VASA own, 75 nt	005	single	6	4
VASA own, 75 nt	005	single	7	4
VASA own, 75 nt	005	single	8	2
VASA own, 75 nt	005	single	9	2
VASA own, 75 nt	005	single	11	2
VASA own, 75 nt	005	single	13	1
VASA own, 75 nt	005	single	14	3
VASA own, 75 nt	005	single	15	9
VASA own, 75 nt	005	single	16	2
VASA own, 75 nt	005	single	17	2
VASA own, 75 nt	005	single	18	4
VASA own, 75 nt	005	single	19	3
VASA own, 75 nt	005	single	20	88
VASA own, 75 nt	006	multi	1	135512
VASA own, 75 nt	006	multi	2	410124
VASA own, 75 nt	006	multi	3	95185
VASA own, 75 nt	006	multi	4	84829
VASA own, 75 nt	006	multi	5	129902
VASA own, 75 nt	006	multi	6	20692
VASA own, 75 nt	006	multi	7	84824
VASA own, 75 nt	006	multi	8	11842
VASA own, 75 nt	006	multi	9	26186
VASA own, 75 nt	006	multi	10	13444
VASA own, 75 nt	006	multi	11	6323
VASA own, 75 nt	006	multi	12	17075
VASA own, 75 nt	006	multi	13	15734
VASA own, 75 nt	006	multi	14	2964
VASA own, 75 nt	006	multi	15	7769
VASA own, 75 nt	006	multi	16	1268
VASA own, 75 nt	006	multi	17	1956
VASA own, 75 nt	006	multi	18	916
VASA own, 75 nt	006	multi	19	618
VASA own, 75 nt	006	multi	20	3077
VASA own, 75 nt	006	single	1	1446469
VASA own, 75 nt	006	single	2	103424
VASA own, 75 nt	006	single	3	6762
VASA own, 75 nt	006	single	4	590
VASA own, 75 nt	006	single	5	3
VASA own, 75 nt	006	single	6	1
VASA own, 75 nt	006	single	8	2
VASA own, 75 nt	006	single	9	1
VASA own, 75 nt	006	single	12	8
VASA own, 75 nt	006	single	13	6
VASA own, 75 nt	006	single	14	4
VASA own, 75 nt	006	single	15	9
VASA own, 75 nt	006	single	16	13
VASA own, 75 nt	006	single	17	2
VASA own, 75 nt	006	single	18	2
VASA own, 75 nt	006	single	19	1
VASA own, 75 nt	006	single	20	105
VASA own, 75 nt	007	multi	1	237084
VASA own, 75 nt	007	multi	2	612816
VASA own, 75 nt	007	multi	3	183394
VASA own, 75 nt	007	multi	4	170964
VASA own, 75 nt	007	multi	5	337690
VASA own, 75 nt	007	multi	6	47901
VASA own, 75 nt	007	multi	7	223680
VASA own, 75 nt	007	multi	8	29818
VASA own, 75 nt	007	multi	9	78326
VASA own, 75 nt	007	multi	10	48484
VASA own, 75 nt	007	multi	11	13970
VASA own, 75 nt	007	multi	12	53762
VASA own, 75 nt	007	multi	13	43901
VASA own, 75 nt	007	multi	14	8555
VASA own, 75 nt	007	multi	15	16554
VASA own, 75 nt	007	multi	16	2498
VASA own, 75 nt	007	multi	17	2203
VASA own, 75 nt	007	multi	18	1947
VASA own, 75 nt	007	multi	19	1220
VASA own, 75 nt	007	multi	20	6517
VASA own, 75 nt	007	single	1	3248348
VASA own, 75 nt	007	single	2	254532
VASA own, 75 nt	007	single	3	20518
VASA own, 75 nt	007	single	4	1320
VASA own, 75 nt	007	single	5	12
VASA own, 75 nt	007	single	6	17
VASA own, 75 nt	007	single	7	13
VASA own, 75 nt	007	single	8	2
VASA own, 75 nt	007	single	9	2
VASA own, 75 nt	007	single	10	2
VASA own, 75 nt	007	single	14	5
VASA own, 75 nt	007	single	15	33
VASA own, 75 nt	007	single	16	16
VASA own, 75 nt	007	single	17	2
VASA own, 75 nt	007	single	18	9
VASA own, 75 nt	007	single	19	10
VASA own, 75 nt	007	single	20	221
VASA own, 75 nt	008	multi	1	164524
VASA own, 75 nt	008	multi	2	528413
VASA own, 75 nt	008	multi	3	115939
VASA own, 75 nt	008	multi	4	98029
VASA own, 75 nt	008	multi	5	154290
VASA own, 75 nt	008	multi	6	25190
VASA own, 75 nt	008	multi	7	98607
VASA own, 75 nt	008	multi	8	17129
VASA own, 75 nt	008	multi	9	41093
VASA own, 75 nt	008	multi	10	19796
VASA own, 75 nt	008	multi	11	9650
VASA own, 75 nt	008	multi	12	39104
VASA own, 75 nt	008	multi	13	26109
VASA own, 75 nt	008	multi	14	5713
VASA own, 75 nt	008	multi	15	12135
VASA own, 75 nt	008	multi	16	1335
VASA own, 75 nt	008	multi	17	1575
VASA own, 75 nt	008	multi	18	986
VASA own, 75 nt	008	multi	19	692
VASA own, 75 nt	008	multi	20	3700
VASA own, 75 nt	008	single	1	1806575
VASA own, 75 nt	008	single	2	127991
VASA own, 75 nt	008	single	3	11038
VASA own, 75 nt	008	single	4	719
VASA own, 75 nt	008	single	5	9
VASA own, 75 nt	008	single	6	5
VASA own, 75 nt	008	single	8	9
VASA own, 75 nt	008	single	9	5
VASA own, 75 nt	008	single	10	4
VASA own, 75 nt	008	single	11	1
VASA own, 75 nt	008	single	12	21
VASA own, 75 nt	008	single	13	3
VASA own, 75 nt	008	single	14	7
VASA own, 75 nt	008	single	15	16
VASA own, 75 nt	008	single	16	6
VASA own, 75 nt	008	single	17	22
VASA own, 75 nt	008	single	18	2
VASA own, 75 nt	008	single	19	4
VASA own, 75 nt	008	single	20	122
VASA own, 75 nt	009	multi	1	184176
VASA own, 75 nt	009	multi	2	505410
VASA own, 75 nt	009	multi	3	144731
VASA own, 75 nt	009	multi	4	133615
VASA own, 75 nt	009	multi	5	247635
VASA own, 75 nt	009	multi	6	34723
VASA own, 75 nt	009	multi	7	145176
VASA own, 75 nt	009	multi	8	19058
VASA own, 75 nt	009	multi	9	44172
VASA own, 75 nt	009	multi	10	26403
VASA own, 75 nt	009	multi	11	10270
VASA own, 75 nt	009	multi	12	29123
VASA own, 75 nt	009	multi	13	25378
VASA own, 75 nt	009	multi	14	5356
VASA own, 75 nt	009	multi	15	11831
VASA own, 75 nt	009	multi	16	2033
VASA own, 75 nt	009	multi	17	2293
VASA own, 75 nt	009	multi	18	1598
VASA own, 75 nt	009	multi	19	1001
VASA own, 75 nt	009	multi	20	5427
VASA own, 75 nt	009	single	1	2538772
VASA own, 75 nt	009	single	2	179480
VASA own, 75 nt	009	single	3	13425
VASA own, 75 nt	009	single	4	925
VASA own, 75 nt	009	single	5	16
VASA own, 75 nt	009	single	6	9
VASA own, 75 nt	009	single	7	5
VASA own, 75 nt	009	single	8	7
VASA own, 75 nt	009	single	9	2
VASA own, 75 nt	009	single	12	1
VASA own, 75 nt	009	single	13	1
VASA own, 75 nt	009	single	14	2
VASA own, 75 nt	009	single	15	35
VASA own, 75 nt	009	single	16	15
VASA own, 75 nt	009	single	17	31
VASA own, 75 nt	009	single	18	4
VASA own, 75 nt	009	single	19	7
VASA own, 75 nt	009	single	20	158
VASA own, 75 nt	010	multi	1	305341
VASA own, 75 nt	010	multi	2	876569
VASA own, 75 nt	010	multi	3	260516
VASA own, 75 nt	010	multi	4	274762
VASA own, 75 nt	010	multi	5	508921
VASA own, 75 nt	010	multi	6	69641
VASA own, 75 nt	010	multi	7	373211
VASA own, 75 nt	010	multi	8	65844
VASA own, 75 nt	010	multi	9	157651
VASA own, 75 nt	010	multi	10	66825
VASA own, 75 nt	010	multi	11	25200
VASA own, 75 nt	010	multi	12	147393
VASA own, 75 nt	010	multi	13	122322
VASA own, 75 nt	010	multi	14	17256
VASA own, 75 nt	010	multi	15	40331
VASA own, 75 nt	010	multi	16	3474
VASA own, 75 nt	010	multi	17	2918
VASA own, 75 nt	010	multi	18	2924
VASA own, 75 nt	010	multi	19	1764
VASA own, 75 nt	010	multi	20	10609
VASA own, 75 nt	010	single	1	4842837
VASA own, 75 nt	010	single	2	392172
VASA own, 75 nt	010	single	3	40168
VASA own, 75 nt	010	single	4	2329
VASA own, 75 nt	010	single	5	38
VASA own, 75 nt	010	single	6	21
VASA own, 75 nt	010	single	7	8
VASA own, 75 nt	010	single	8	42
VASA own, 75 nt	010	single	9	13
VASA own, 75 nt	010	single	10	24
VASA own, 75 nt	010	single	12	1
VASA own, 75 nt	010	single	13	6
VASA own, 75 nt	010	single	14	17
VASA own, 75 nt	010	single	15	41
VASA own, 75 nt	010	single	16	36
VASA own, 75 nt	010	single	17	18
VASA own, 75 nt	010	single	18	13
VASA own, 75 nt	010	single	19	65
VASA own, 75 nt	010	single	20	644
VASA own, 75 nt	011	multi	1	296582
VASA own, 75 nt	011	multi	2	804185
VASA own, 75 nt	011	multi	3	263181
VASA own, 75 nt	011	multi	4	267553
VASA own, 75 nt	011	multi	5	541890
VASA own, 75 nt	011	multi	6	74008
VASA own, 75 nt	011	multi	7	371103
VASA own, 75 nt	011	multi	8	84350
VASA own, 75 nt	011	multi	9	210080
VASA own, 75 nt	011	multi	10	87251
VASA own, 75 nt	011	multi	11	26804
VASA own, 75 nt	011	multi	12	151839
VASA own, 75 nt	011	multi	13	140499
VASA own, 75 nt	011	multi	14	18551
VASA own, 75 nt	011	multi	15	38301
VASA own, 75 nt	011	multi	16	3833
VASA own, 75 nt	011	multi	17	2908
VASA own, 75 nt	011	multi	18	2829
VASA own, 75 nt	011	multi	19	1803
VASA own, 75 nt	011	multi	20	10539
VASA own, 75 nt	011	single	1	4839875
VASA own, 75 nt	011	single	2	423201
VASA own, 75 nt	011	single	3	54359
VASA own, 75 nt	011	single	4	3089
VASA own, 75 nt	011	single	5	25
VASA own, 75 nt	011	single	6	34
VASA own, 75 nt	011	single	7	12
VASA own, 75 nt	011	single	8	17
VASA own, 75 nt	011	single	9	8
VASA own, 75 nt	011	single	10	17
VASA own, 75 nt	011	single	11	1
VASA own, 75 nt	011	single	12	4
VASA own, 75 nt	011	single	13	21
VASA own, 75 nt	011	single	14	9
VASA own, 75 nt	011	single	15	81
VASA own, 75 nt	011	single	16	15
VASA own, 75 nt	011	single	17	18
VASA own, 75 nt	011	single	18	11
VASA own, 75 nt	011	single	19	45
VASA own, 75 nt	011	single	20	624
VASA own, 75 nt	012	multi	1	246205
VASA own, 75 nt	012	multi	2	671088
VASA own, 75 nt	012	multi	3	216260
VASA own, 75 nt	012	multi	4	214646
VASA own, 75 nt	012	multi	5	447625
VASA own, 75 nt	012	multi	6	57891
VASA own, 75 nt	012	multi	7	317567
VASA own, 75 nt	012	multi	8	49029
VASA own, 75 nt	012	multi	9	121115
VASA own, 75 nt	012	multi	10	63223
VASA own, 75 nt	012	multi	11	23541
VASA own, 75 nt	012	multi	12	127663
VASA own, 75 nt	012	multi	13	76345
VASA own, 75 nt	012	multi	14	14372
VASA own, 75 nt	012	multi	15	31732
VASA own, 75 nt	012	multi	16	3236
VASA own, 75 nt	012	multi	17	2895
VASA own, 75 nt	012	multi	18	2657
VASA own, 75 nt	012	multi	19	1533
VASA own, 75 nt	012	multi	20	9534
VASA own, 75 nt	012	single	1	3988002
VASA own, 75 nt	012	single	2	338535
VASA own, 75 nt	012	single	3	32193
VASA own, 75 nt	012	single	4	1987
VASA own, 75 nt	012	single	5	33
VASA own, 75 nt	012	single	6	22
VASA own, 75 nt	012	single	7	2
VASA own, 75 nt	012	single	8	12
VASA own, 75 nt	012	single	9	15
VASA own, 75 nt	012	single	11	12
VASA own, 75 nt	012	single	12	8
VASA own, 75 nt	012	single	13	11
VASA own, 75 nt	012	single	14	7
VASA own, 75 nt	012	single	15	28
VASA own, 75 nt	012	single	16	15
VASA own, 75 nt	012	single	17	15
VASA own, 75 nt	012	single	18	12
VASA own, 75 nt	012	single	19	35
VASA own, 75 nt	012	single	20	472
VASA own, 75 nt	013	multi	1	236241
VASA own, 75 nt	013	multi	2	822871
VASA own, 75 nt	013	multi	3	206922
VASA own, 75 nt	013	multi	4	210601
VASA own, 75 nt	013	multi	5	385701
VASA own, 75 nt	013	multi	6	52127
VASA own, 75 nt	013	multi	7	304865
VASA own, 75 nt	013	multi	8	58907
VASA own, 75 nt	013	multi	9	170276
VASA own, 75 nt	013	multi	10	56580
VASA own, 75 nt	013	multi	11	21661
VASA own, 75 nt	013	multi	12	119951
VASA own, 75 nt	013	multi	13	117124
VASA own, 75 nt	013	multi	14	14651
VASA own, 75 nt	013	multi	15	32256
VASA own, 75 nt	013	multi	16	2839
VASA own, 75 nt	013	multi	17	2279
VASA own, 75 nt	013	multi	18	1980
VASA own, 75 nt	013	multi	19	1360
VASA own, 75 nt	013	multi	20	8119
VASA own, 75 nt	013	single	1	3363828
VASA own, 75 nt	013	single	2	289619
VASA own, 75 nt	013	single	3	35822
VASA own, 75 nt	013	single	4	1741
VASA own, 75 nt	013	single	5	37
VASA own, 75 nt	013	single	6	18
VASA own, 75 nt	013	single	7	3
VASA own, 75 nt	013	single	8	25
VASA own, 75 nt	013	single	9	11
VASA own, 75 nt	013	single	10	1
VASA own, 75 nt	013	single	12	2
VASA own, 75 nt	013	single	13	7
VASA own, 75 nt	013	single	14	10
VASA own, 75 nt	013	single	15	18
VASA own, 75 nt	013	single	16	7
VASA own, 75 nt	013	single	17	30
VASA own, 75 nt	013	single	18	12
VASA own, 75 nt	013	single	19	27
VASA own, 75 nt	013	single	20	436
VASA own, 75 nt	014	multi	1	28909
VASA own, 75 nt	014	multi	2	16765
VASA own, 75 nt	014	multi	3	8375
VASA own, 75 nt	014	multi	4	4096
VASA own, 75 nt	014	multi	5	3717
VASA own, 75 nt	014	multi	6	1360
VASA own, 75 nt	014	multi	7	1351
VASA own, 75 nt	014	multi	8	483
VASA own, 75 nt	014	multi	9	498
VASA own, 75 nt	014	multi	10	261
VASA own, 75 nt	014	multi	11	109
VASA own, 75 nt	014	multi	12	261
VASA own, 75 nt	014	multi	13	227
VASA own, 75 nt	014	multi	14	42
VASA own, 75 nt	014	multi	15	86
VASA own, 75 nt	014	multi	16	15
VASA own, 75 nt	014	multi	17	2
VASA own, 75 nt	014	multi	18	8
VASA own, 75 nt	014	multi	19	10
VASA own, 75 nt	014	multi	20	25
VASA own, 75 nt	014	single	1	30641
VASA own, 75 nt	014	single	2	1864
VASA own, 75 nt	014	single	3	115
VASA own, 75 nt	014	single	4	25
VASA own, 75 nt	014	single	15	1
VASA own, 75 nt	014	single	20	6
VASA own, 75 nt	015	multi	1	33392
VASA own, 75 nt	015	multi	2	20740
VASA own, 75 nt	015	multi	3	8784
VASA own, 75 nt	015	multi	4	4834
VASA own, 75 nt	015	multi	5	5242
VASA own, 75 nt	015	multi	6	1574
VASA own, 75 nt	015	multi	7	2304
VASA own, 75 nt	015	multi	8	622
VASA own, 75 nt	015	multi	9	915
VASA own, 75 nt	015	multi	10	431
VASA own, 75 nt	015	multi	11	172
VASA own, 75 nt	015	multi	12	444
VASA own, 75 nt	015	multi	13	470
VASA own, 75 nt	015	multi	14	71
VASA own, 75 nt	015	multi	15	201
VASA own, 75 nt	015	multi	16	26
VASA own, 75 nt	015	multi	17	9
VASA own, 75 nt	015	multi	18	19
VASA own, 75 nt	015	multi	19	14
VASA own, 75 nt	015	multi	20	56
VASA own, 75 nt	015	single	1	50535
VASA own, 75 nt	015	single	2	2898
VASA own, 75 nt	015	single	3	209
VASA own, 75 nt	015	single	4	16
VASA own, 75 nt	015	single	15	1
VASA own, 75 nt	015	single	19	1
VASA own, 75 nt	015	single	20	5
VASA own, 75 nt	016	multi	1	15623
VASA own, 75 nt	016	multi	2	9373
VASA own, 75 nt	016	multi	3	3903
VASA own, 75 nt	016	multi	4	1938
VASA own, 75 nt	016	multi	5	1848
VASA own, 75 nt	016	multi	6	1041
VASA own, 75 nt	016	multi	7	733
VASA own, 75 nt	016	multi	8	280
VASA own, 75 nt	016	multi	9	312
VASA own, 75 nt	016	multi	10	128
VASA own, 75 nt	016	multi	11	65
VASA own, 75 nt	016	multi	12	115
VASA own, 75 nt	016	multi	13	92
VASA own, 75 nt	016	multi	14	14
VASA own, 75 nt	016	multi	15	59
VASA own, 75 nt	016	multi	16	9
VASA own, 75 nt	016	multi	17	8
VASA own, 75 nt	016	multi	18	2
VASA own, 75 nt	016	multi	19	2
VASA own, 75 nt	016	multi	20	25
VASA own, 75 nt	016	single	1	17798
VASA own, 75 nt	016	single	2	981
VASA own, 75 nt	016	single	3	76
VASA own, 75 nt	016	single	4	3
VASA own, 75 nt	016	single	5	1
VASA own, 75 nt	016	single	20	1
VASA published, mouse	002	multi	1	959
VASA published, mouse	002	multi	2	1309
VASA published, mouse	002	multi	3	865
VASA published, mouse	002	multi	4	764
VASA published, mouse	002	multi	5	748
VASA published, mouse	002	multi	6	234
VASA published, mouse	002	multi	7	460
VASA published, mouse	002	multi	8	79
VASA published, mouse	002	multi	9	316
VASA published, mouse	002	multi	10	66
VASA published, mouse	002	multi	11	28
VASA published, mouse	002	multi	12	28
VASA published, mouse	002	multi	13	35
VASA published, mouse	002	multi	14	19
VASA published, mouse	002	multi	15	24
VASA published, mouse	002	multi	16	15
VASA published, mouse	002	multi	17	15
VASA published, mouse	002	multi	18	5
VASA published, mouse	002	multi	19	5
VASA published, mouse	002	multi	20	36
VASA published, mouse	002	single	1	32327
VASA published, mouse	002	single	2	1320
VASA published, mouse	002	single	3	99
VASA published, mouse	002	single	15	3
VASA published, mouse	002	single	17	6
VASA published, mouse	002	single	20	1
VASA published, mouse	004	multi	1	8616
VASA published, mouse	004	multi	2	13161
VASA published, mouse	004	multi	3	9092
VASA published, mouse	004	multi	4	6889
VASA published, mouse	004	multi	5	6563
VASA published, mouse	004	multi	6	1992
VASA published, mouse	004	multi	7	3066
VASA published, mouse	004	multi	8	767
VASA published, mouse	004	multi	9	2245
VASA published, mouse	004	multi	10	652
VASA published, mouse	004	multi	11	315
VASA published, mouse	004	multi	12	236
VASA published, mouse	004	multi	13	139
VASA published, mouse	004	multi	14	192
VASA published, mouse	004	multi	15	185
VASA published, mouse	004	multi	16	52
VASA published, mouse	004	multi	17	82
VASA published, mouse	004	multi	18	41
VASA published, mouse	004	multi	19	128
VASA published, mouse	004	multi	20	440
VASA published, mouse	004	single	1	368374
VASA published, mouse	004	single	2	14696
VASA published, mouse	004	single	3	820
VASA published, mouse	004	single	4	13
VASA published, mouse	004	single	5	5
VASA published, mouse	004	single	6	3
VASA published, mouse	004	single	20	49
VASA published, mouse	006	multi	1	8456
VASA published, mouse	006	multi	2	11536
VASA published, mouse	006	multi	3	7794
VASA published, mouse	006	multi	4	7009
VASA published, mouse	006	multi	5	7224
VASA published, mouse	006	multi	6	2119
VASA published, mouse	006	multi	7	3145
VASA published, mouse	006	multi	8	789
VASA published, mouse	006	multi	9	1746
VASA published, mouse	006	multi	10	1501
VASA published, mouse	006	multi	11	398
VASA published, mouse	006	multi	12	352
VASA published, mouse	006	multi	13	189
VASA published, mouse	006	multi	14	323
VASA published, mouse	006	multi	15	174
VASA published, mouse	006	multi	16	119
VASA published, mouse	006	multi	17	70
VASA published, mouse	006	multi	18	53
VASA published, mouse	006	multi	19	89
VASA published, mouse	006	multi	20	310
VASA published, mouse	006	single	1	342163
VASA published, mouse	006	single	2	15032
VASA published, mouse	006	single	3	829
VASA published, mouse	006	single	4	16
VASA published, mouse	006	single	5	5
VASA published, mouse	006	single	7	1
VASA published, mouse	006	single	8	2
VASA published, mouse	006	single	9	3
VASA published, mouse	006	single	12	10
VASA published, mouse	006	single	15	10
VASA published, mouse	006	single	20	44
VASA published, mouse	008	multi	1	3756
VASA published, mouse	008	multi	2	5971
VASA published, mouse	008	multi	3	4215
VASA published, mouse	008	multi	4	4317
VASA published, mouse	008	multi	5	11618
VASA published, mouse	008	multi	6	964
VASA published, mouse	008	multi	7	2988
VASA published, mouse	008	multi	8	500
VASA published, mouse	008	multi	9	1688
VASA published, mouse	008	multi	10	2268
VASA published, mouse	008	multi	11	168
VASA published, mouse	008	multi	12	601
VASA published, mouse	008	multi	13	377
VASA published, mouse	008	multi	14	324
VASA published, mouse	008	multi	15	115
VASA published, mouse	008	multi	16	69
VASA published, mouse	008	multi	17	41
VASA published, mouse	008	multi	18	31
VASA published, mouse	008	multi	19	30
VASA published, mouse	008	multi	20	161
VASA published, mouse	008	single	1	145135
VASA published, mouse	008	single	2	7948
VASA published, mouse	008	single	3	676
VASA published, mouse	008	single	4	32
VASA published, mouse	008	single	5	2
VASA published, mouse	008	single	6	2
VASA published, mouse	008	single	7	3
VASA published, mouse	008	single	10	1
VASA published, mouse	008	single	12	11
VASA published, mouse	008	single	13	2
VASA published, mouse	008	single	15	9
VASA published, mouse	008	single	16	1
VASA published, mouse	008	single	17	2
VASA published, mouse	008	single	18	4
VASA published, mouse	008	single	19	1
VASA published, mouse	008	single	20	38
VASA published, mouse	010	multi	1	5738
VASA published, mouse	010	multi	2	10072
VASA published, mouse	010	multi	3	6871
VASA published, mouse	010	multi	4	6919
VASA published, mouse	010	multi	5	15530
VASA published, mouse	010	multi	6	1728
VASA published, mouse	010	multi	7	3303
VASA published, mouse	010	multi	8	888
VASA published, mouse	010	multi	9	1583
VASA published, mouse	010	multi	10	2195
VASA published, mouse	010	multi	11	293
VASA published, mouse	010	multi	12	430
VASA published, mouse	010	multi	13	265
VASA published, mouse	010	multi	14	311
VASA published, mouse	010	multi	15	127
VASA published, mouse	010	multi	16	123
VASA published, mouse	010	multi	17	142
VASA published, mouse	010	multi	18	71
VASA published, mouse	010	multi	19	81
VASA published, mouse	010	multi	20	253
VASA published, mouse	010	single	1	225616
VASA published, mouse	010	single	2	12734
VASA published, mouse	010	single	3	740
VASA published, mouse	010	single	4	14
VASA published, mouse	010	single	5	2
VASA published, mouse	010	single	15	3
VASA published, mouse	010	single	20	12
VASA published, mouse	012	multi	1	15990
VASA published, mouse	012	multi	2	24514
VASA published, mouse	012	multi	3	17927
VASA published, mouse	012	multi	4	19080
VASA published, mouse	012	multi	5	33267
VASA published, mouse	012	multi	6	4732
VASA published, mouse	012	multi	7	8735
VASA published, mouse	012	multi	8	1772
VASA published, mouse	012	multi	9	3120
VASA published, mouse	012	multi	10	10850
VASA published, mouse	012	multi	11	759
VASA published, mouse	012	multi	12	856
VASA published, mouse	012	multi	13	649
VASA published, mouse	012	multi	14	1077
VASA published, mouse	012	multi	15	322
VASA published, mouse	012	multi	16	274
VASA published, mouse	012	multi	17	130
VASA published, mouse	012	multi	18	29
VASA published, mouse	012	multi	19	142
VASA published, mouse	012	multi	20	500
VASA published, mouse	012	single	1	628658
VASA published, mouse	012	single	2	30017
VASA published, mouse	012	single	3	1990
VASA published, mouse	012	single	4	89
VASA published, mouse	012	single	5	10
VASA published, mouse	012	single	6	21
VASA published, mouse	012	single	7	4
VASA published, mouse	012	single	9	6
VASA published, mouse	012	single	10	1
VASA published, mouse	012	single	13	19
VASA published, mouse	012	single	20	113
VASA published, mouse	014	multi	1	1213
VASA published, mouse	014	multi	2	2231
VASA published, mouse	014	multi	3	1329
VASA published, mouse	014	multi	4	1258
VASA published, mouse	014	multi	5	2616
VASA published, mouse	014	multi	6	397
VASA published, mouse	014	multi	7	685
VASA published, mouse	014	multi	8	194
VASA published, mouse	014	multi	9	264
VASA published, mouse	014	multi	10	309
VASA published, mouse	014	multi	11	90
VASA published, mouse	014	multi	12	222
VASA published, mouse	014	multi	13	118
VASA published, mouse	014	multi	14	64
VASA published, mouse	014	multi	15	28
VASA published, mouse	014	multi	16	19
VASA published, mouse	014	multi	17	24
VASA published, mouse	014	multi	18	8
VASA published, mouse	014	multi	19	7
VASA published, mouse	014	multi	20	63
VASA published, mouse	014	single	1	31967
VASA published, mouse	014	single	2	1898
VASA published, mouse	014	single	3	100
VASA published, mouse	014	single	16	1
VASA published, mouse	014	single	20	16
VASA published, mouse	016	multi	1	5785
VASA published, mouse	016	multi	2	7484
VASA published, mouse	016	multi	3	4842
VASA published, mouse	016	multi	4	4292
VASA published, mouse	016	multi	5	3622
VASA published, mouse	016	multi	6	1225
VASA published, mouse	016	multi	7	1904
VASA published, mouse	016	multi	8	528
VASA published, mouse	016	multi	9	1175
VASA published, mouse	016	multi	10	660
VASA published, mouse	016	multi	11	190
VASA published, mouse	016	multi	12	208
VASA published, mouse	016	multi	13	69
VASA published, mouse	016	multi	14	163
VASA published, mouse	016	multi	15	103
VASA published, mouse	016	multi	16	33
VASA published, mouse	016	multi	17	57
VASA published, mouse	016	multi	18	13
VASA published, mouse	016	multi	19	96
VASA published, mouse	016	multi	20	247
VASA published, mouse	016	single	1	220327
VASA published, mouse	016	single	2	9475
VASA published, mouse	016	single	3	511
VASA published, mouse	016	single	4	5
VASA published, mouse	016	single	6	8
VASA published, mouse	016	single	9	2
VASA published, mouse	016	single	12	5
VASA published, mouse	016	single	13	3
VASA published, mouse	016	single	16	3
VASA published, mouse	016	single	18	3
VASA published, mouse	016	single	19	4
VASA published, mouse	016	single	20	9
VASA published, mouse	018	multi	1	4667
VASA published, mouse	018	multi	2	7138
VASA published, mouse	018	multi	3	5236
VASA published, mouse	018	multi	4	7354
VASA published, mouse	018	multi	5	15001
VASA published, mouse	018	multi	6	1395
VASA published, mouse	018	multi	7	5917
VASA published, mouse	018	multi	8	1262
VASA published, mouse	018	multi	9	3028
VASA published, mouse	018	multi	10	3216
VASA published, mouse	018	multi	11	270
VASA published, mouse	018	multi	12	1381
VASA published, mouse	018	multi	13	1057
VASA published, mouse	018	multi	14	339
VASA published, mouse	018	multi	15	251
VASA published, mouse	018	multi	16	85
VASA published, mouse	018	multi	17	71
VASA published, mouse	018	multi	18	37
VASA published, mouse	018	multi	19	72
VASA published, mouse	018	multi	20	291
VASA published, mouse	018	single	1	186696
VASA published, mouse	018	single	2	10319
VASA published, mouse	018	single	3	1364
VASA published, mouse	018	single	4	49
VASA published, mouse	018	single	7	5
VASA published, mouse	018	single	8	1
VASA published, mouse	018	single	14	1
VASA published, mouse	018	single	16	7
VASA published, mouse	018	single	20	21
VASA published, mouse	020	multi	1	12354
VASA published, mouse	020	multi	2	18926
VASA published, mouse	020	multi	3	14800
VASA published, mouse	020	multi	4	14043
VASA published, mouse	020	multi	5	36399
VASA published, mouse	020	multi	6	3644
VASA published, mouse	020	multi	7	9494
VASA published, mouse	020	multi	8	2501
VASA published, mouse	020	multi	9	6034
VASA published, mouse	020	multi	10	11346
VASA published, mouse	020	multi	11	779
VASA published, mouse	020	multi	12	1795
VASA published, mouse	020	multi	13	1582
VASA published, mouse	020	multi	14	1828
VASA published, mouse	020	multi	15	423
VASA published, mouse	020	multi	16	265
VASA published, mouse	020	multi	17	200
VASA published, mouse	020	multi	18	40
VASA published, mouse	020	multi	19	70
VASA published, mouse	020	multi	20	420
VASA published, mouse	020	single	1	496882
VASA published, mouse	020	single	2	27195
VASA published, mouse	020	single	3	2856
VASA published, mouse	020	single	4	81
VASA published, mouse	020	single	6	9
VASA published, mouse	020	single	7	8
VASA published, mouse	020	single	8	5
VASA published, mouse	020	single	9	2
VASA published, mouse	020	single	15	8
VASA published, mouse	020	single	19	2
VASA published, mouse	020	single	20	31
VASA published, mouse	022	multi	1	7855
VASA published, mouse	022	multi	2	10571
VASA published, mouse	022	multi	3	5994
VASA published, mouse	022	multi	4	5121
VASA published, mouse	022	multi	5	5219
VASA published, mouse	022	multi	6	1527
VASA published, mouse	022	multi	7	2655
VASA published, mouse	022	multi	8	607
VASA published, mouse	022	multi	9	949
VASA published, mouse	022	multi	10	916
VASA published, mouse	022	multi	11	208
VASA published, mouse	022	multi	12	356
VASA published, mouse	022	multi	13	144
VASA published, mouse	022	multi	14	157
VASA published, mouse	022	multi	15	107
VASA published, mouse	022	multi	16	57
VASA published, mouse	022	multi	17	59
VASA published, mouse	022	multi	18	12
VASA published, mouse	022	multi	19	58
VASA published, mouse	022	multi	20	319
VASA published, mouse	022	single	1	332839
VASA published, mouse	022	single	2	13886
VASA published, mouse	022	single	3	691
VASA published, mouse	022	single	4	27
VASA published, mouse	022	single	5	1
VASA published, mouse	022	single	7	2
VASA published, mouse	022	single	9	2
VASA published, mouse	022	single	10	1
VASA published, mouse	022	single	11	1
VASA published, mouse	022	single	12	3
VASA published, mouse	022	single	13	4
VASA published, mouse	022	single	14	9
VASA published, mouse	022	single	15	15
VASA published, mouse	022	single	16	15
VASA published, mouse	022	single	17	11
VASA published, mouse	022	single	18	4
VASA published, mouse	022	single	19	4
VASA published, mouse	022	single	20	46
VASA published, mouse	026	multi	1	3552
VASA published, mouse	026	multi	2	5369
VASA published, mouse	026	multi	3	3245
VASA published, mouse	026	multi	4	2146
VASA published, mouse	026	multi	5	1785
VASA published, mouse	026	multi	6	698
VASA published, mouse	026	multi	7	872
VASA published, mouse	026	multi	8	251
VASA published, mouse	026	multi	9	455
VASA published, mouse	026	multi	10	348
VASA published, mouse	026	multi	11	148
VASA published, mouse	026	multi	12	93
VASA published, mouse	026	multi	13	40
VASA published, mouse	026	multi	14	84
VASA published, mouse	026	multi	15	52
VASA published, mouse	026	multi	16	38
VASA published, mouse	026	multi	17	21
VASA published, mouse	026	multi	18	16
VASA published, mouse	026	multi	19	23
VASA published, mouse	026	multi	20	119
VASA published, mouse	026	single	1	122183
VASA published, mouse	026	single	2	4898
VASA published, mouse	026	single	3	248
VASA published, mouse	026	single	4	18
VASA published, mouse	026	single	15	15
VASA published, mouse	026	single	20	9
VASA published, mouse	032	multi	1	2836
VASA published, mouse	032	multi	2	4385
VASA published, mouse	032	multi	3	2711
VASA published, mouse	032	multi	4	1766
VASA published, mouse	032	multi	5	1461
VASA published, mouse	032	multi	6	600
VASA published, mouse	032	multi	7	644
VASA published, mouse	032	multi	8	329
VASA published, mouse	032	multi	9	353
VASA published, mouse	032	multi	10	141
VASA published, mouse	032	multi	11	88
VASA published, mouse	032	multi	12	81
VASA published, mouse	032	multi	13	36
VASA published, mouse	032	multi	14	50
VASA published, mouse	032	multi	15	27
VASA published, mouse	032	multi	16	5
VASA published, mouse	032	multi	17	18
VASA published, mouse	032	multi	18	10
VASA published, mouse	032	multi	19	14
VASA published, mouse	032	multi	20	105
VASA published, mouse	032	single	1	112472
VASA published, mouse	032	single	2	4312
VASA published, mouse	032	single	3	239
VASA published, mouse	032	single	6	2
VASA published, mouse	032	single	8	8
VASA published, mouse	032	single	9	1
VASA published, mouse	032	single	12	4
VASA published, mouse	032	single	20	1
VASA published, mouse	034	multi	1	3225
VASA published, mouse	034	multi	2	5279
VASA published, mouse	034	multi	3	3112
VASA published, mouse	034	multi	4	1936
VASA published, mouse	034	multi	5	1532
VASA published, mouse	034	multi	6	972
VASA published, mouse	034	multi	7	690
VASA published, mouse	034	multi	8	342
VASA published, mouse	034	multi	9	280
VASA published, mouse	034	multi	10	151
VASA published, mouse	034	multi	11	144
VASA published, mouse	034	multi	12	132
VASA published, mouse	034	multi	13	40
VASA published, mouse	034	multi	14	45
VASA published, mouse	034	multi	15	68
VASA published, mouse	034	multi	16	45
VASA published, mouse	034	multi	17	43
VASA published, mouse	034	multi	18	12
VASA published, mouse	034	multi	19	49
VASA published, mouse	034	multi	20	286
VASA published, mouse	034	single	1	121876
VASA published, mouse	034	single	2	4900
VASA published, mouse	034	single	3	186
VASA published, mouse	034	single	4	14
VASA published, mouse	034	single	7	2
VASA published, mouse	034	single	9	2
VASA published, mouse	034	single	13	1
VASA published, mouse	034	single	15	1
VASA published, mouse	034	single	16	1
VASA published, mouse	034	single	17	3
VASA published, mouse	034	single	20	28
VASA published, mouse	036	multi	1	5993
VASA published, mouse	036	multi	2	9206
VASA published, mouse	036	multi	3	5534
VASA published, mouse	036	multi	4	3455
VASA published, mouse	036	multi	5	2808
VASA published, mouse	036	multi	6	1201
VASA published, mouse	036	multi	7	1472
VASA published, mouse	036	multi	8	640
VASA published, mouse	036	multi	9	626
VASA published, mouse	036	multi	10	381
VASA published, mouse	036	multi	11	194
VASA published, mouse	036	multi	12	191
VASA published, mouse	036	multi	13	139
VASA published, mouse	036	multi	14	89
VASA published, mouse	036	multi	15	112
VASA published, mouse	036	multi	16	53
VASA published, mouse	036	multi	17	24
VASA published, mouse	036	multi	18	15
VASA published, mouse	036	multi	19	55
VASA published, mouse	036	multi	20	276
VASA published, mouse	036	single	1	218998
VASA published, mouse	036	single	2	9000
VASA published, mouse	036	single	3	358
VASA published, mouse	036	single	4	6
VASA published, mouse	036	single	6	1
VASA published, mouse	036	single	15	4
VASA published, mouse	036	single	16	3
VASA published, mouse	036	single	17	1
VASA published, mouse	036	single	18	6
VASA published, mouse	036	single	20	78
VASA published, mouse	038	multi	1	2137
VASA published, mouse	038	multi	2	2436
VASA published, mouse	038	multi	3	1525
VASA published, mouse	038	multi	4	1049
VASA published, mouse	038	multi	5	794
VASA published, mouse	038	multi	6	427
VASA published, mouse	038	multi	7	396
VASA published, mouse	038	multi	8	103
VASA published, mouse	038	multi	9	215
VASA published, mouse	038	multi	10	114
VASA published, mouse	038	multi	11	48
VASA published, mouse	038	multi	12	56
VASA published, mouse	038	multi	13	23
VASA published, mouse	038	multi	14	35
VASA published, mouse	038	multi	15	21
VASA published, mouse	038	multi	16	7
VASA published, mouse	038	multi	17	7
VASA published, mouse	038	multi	18	6
VASA published, mouse	038	multi	19	14
VASA published, mouse	038	multi	20	54
VASA published, mouse	038	single	1	73605
VASA published, mouse	038	single	2	2803
VASA published, mouse	038	single	3	126
VASA published, mouse	038	single	4	6
VASA published, mouse	038	single	10	1
VASA published, mouse	038	single	13	1
VASA published, mouse	038	single	14	6
VASA published, mouse	038	single	15	1
VASA published, mouse	038	single	18	5
VASA published, mouse	038	single	20	10
VASA published, mouse	040	multi	1	847
VASA published, mouse	040	multi	2	1128
VASA published, mouse	040	multi	3	782
VASA published, mouse	040	multi	4	385
VASA published, mouse	040	multi	5	492
VASA published, mouse	040	multi	6	193
VASA published, mouse	040	multi	7	181
VASA published, mouse	040	multi	8	54
VASA published, mouse	040	multi	9	86
VASA published, mouse	040	multi	10	37
VASA published, mouse	040	multi	11	78
VASA published, mouse	040	multi	12	17
VASA published, mouse	040	multi	13	11
VASA published, mouse	040	multi	14	15
VASA published, mouse	040	multi	15	16
VASA published, mouse	040	multi	16	4
VASA published, mouse	040	multi	17	1
VASA published, mouse	040	multi	18	6
VASA published, mouse	040	multi	19	21
VASA published, mouse	040	multi	20	27
VASA published, mouse	040	single	1	29282
VASA published, mouse	040	single	2	1244
VASA published, mouse	040	single	3	55
VASA published, mouse	040	single	4	1
VASA published, mouse	040	single	13	2
VASA published, mouse	040	single	20	2
VASA published, mouse	042	multi	1	2154
VASA published, mouse	042	multi	2	3284
VASA published, mouse	042	multi	3	2077
VASA published, mouse	042	multi	4	1840
VASA published, mouse	042	multi	5	1712
VASA published, mouse	042	multi	6	491
VASA published, mouse	042	multi	7	981
VASA published, mouse	042	multi	8	235
VASA published, mouse	042	multi	9	283
VASA published, mouse	042	multi	10	320
VASA published, mouse	042	multi	11	127
VASA published, mouse	042	multi	12	140
VASA published, mouse	042	multi	13	30
VASA published, mouse	042	multi	14	60
VASA published, mouse	042	multi	15	32
VASA published, mouse	042	multi	16	27
VASA published, mouse	042	multi	17	21
VASA published, mouse	042	multi	18	22
VASA published, mouse	042	multi	19	12
VASA published, mouse	042	multi	20	110
VASA published, mouse	042	single	1	85488
VASA published, mouse	042	single	2	3516
VASA published, mouse	042	single	3	121
VASA published, mouse	042	single	4	1
VASA published, mouse	042	single	20	8
VASA published, mouse	044	multi	1	2887
VASA published, mouse	044	multi	2	4990
VASA published, mouse	044	multi	3	2853
VASA published, mouse	044	multi	4	1945
VASA published, mouse	044	multi	5	1404
VASA published, mouse	044	multi	6	577
VASA published, mouse	044	multi	7	706
VASA published, mouse	044	multi	8	251
VASA published, mouse	044	multi	9	348
VASA published, mouse	044	multi	10	161
VASA published, mouse	044	multi	11	112
VASA published, mouse	044	multi	12	69
VASA published, mouse	044	multi	13	40
VASA published, mouse	044	multi	14	44
VASA published, mouse	044	multi	15	61
VASA published, mouse	044	multi	16	27
VASA published, mouse	044	multi	17	46
VASA published, mouse	044	multi	18	9
VASA published, mouse	044	multi	19	33
VASA published, mouse	044	multi	20	134
VASA published, mouse	044	single	1	105296
VASA published, mouse	044	single	2	4294
VASA published, mouse	044	single	3	167
VASA published, mouse	044	single	4	12
VASA published, mouse	044	single	10	2
VASA published, mouse	044	single	20	28
VASA published, mouse	046	multi	1	1789
VASA published, mouse	046	multi	2	3751
VASA published, mouse	046	multi	3	2475
VASA published, mouse	046	multi	4	1472
VASA published, mouse	046	multi	5	1069
VASA published, mouse	046	multi	6	548
VASA published, mouse	046	multi	7	396
VASA published, mouse	046	multi	8	256
VASA published, mouse	046	multi	9	105
VASA published, mouse	046	multi	10	118
VASA published, mouse	046	multi	11	105
VASA published, mouse	046	multi	12	82
VASA published, mouse	046	multi	13	56
VASA published, mouse	046	multi	14	61
VASA published, mouse	046	multi	15	72
VASA published, mouse	046	multi	16	40
VASA published, mouse	046	multi	17	69
VASA published, mouse	046	multi	18	12
VASA published, mouse	046	multi	19	41
VASA published, mouse	046	multi	20	278
VASA published, mouse	046	single	1	31082
VASA published, mouse	046	single	2	1805
VASA published, mouse	046	single	3	31
VASA published, mouse	046	single	15	2
VASA published, mouse	050	multi	1	2162
VASA published, mouse	050	multi	2	3747
VASA published, mouse	050	multi	3	2516
VASA published, mouse	050	multi	4	1579
VASA published, mouse	050	multi	5	1156
VASA published, mouse	050	multi	6	610
VASA published, mouse	050	multi	7	523
VASA published, mouse	050	multi	8	215
VASA published, mouse	050	multi	9	145
VASA published, mouse	050	multi	10	148
VASA published, mouse	050	multi	11	94
VASA published, mouse	050	multi	12	68
VASA published, mouse	050	multi	13	50
VASA published, mouse	050	multi	14	55
VASA published, mouse	050	multi	15	43
VASA published, mouse	050	multi	16	52
VASA published, mouse	050	multi	17	43
VASA published, mouse	050	multi	18	17
VASA published, mouse	050	multi	19	35
VASA published, mouse	050	multi	20	171
VASA published, mouse	050	single	1	63756
VASA published, mouse	050	single	2	2781
VASA published, mouse	050	single	3	74
VASA published, mouse	050	single	20	2
VASA published, mouse	054	multi	1	1609
VASA published, mouse	054	multi	2	2192
VASA published, mouse	054	multi	3	1231
VASA published, mouse	054	multi	4	795
VASA published, mouse	054	multi	5	597
VASA published, mouse	054	multi	6	254
VASA published, mouse	054	multi	7	335
VASA published, mouse	054	multi	8	83
VASA published, mouse	054	multi	9	111
VASA published, mouse	054	multi	10	58
VASA published, mouse	054	multi	11	26
VASA published, mouse	054	multi	12	50
VASA published, mouse	054	multi	13	29
VASA published, mouse	054	multi	14	14
VASA published, mouse	054	multi	15	10
VASA published, mouse	054	multi	16	8
VASA published, mouse	054	multi	17	3
VASA published, mouse	054	multi	18	1
VASA published, mouse	054	multi	19	9
VASA published, mouse	054	multi	20	34
VASA published, mouse	054	single	1	48817
VASA published, mouse	054	single	2	2081
VASA published, mouse	054	single	3	94
VASA published, mouse	054	single	4	2
VASA published, mouse	054	single	19	1
VASA published, mouse	054	single	20	12
VASA published, mouse	056	multi	1	13860
VASA published, mouse	056	multi	2	20837
VASA published, mouse	056	multi	3	13332
VASA published, mouse	056	multi	4	14240
VASA published, mouse	056	multi	5	18140
VASA published, mouse	056	multi	6	3554
VASA published, mouse	056	multi	7	6409
VASA published, mouse	056	multi	8	1441
VASA published, mouse	056	multi	9	2968
VASA published, mouse	056	multi	10	4348
VASA published, mouse	056	multi	11	691
VASA published, mouse	056	multi	12	821
VASA published, mouse	056	multi	13	382
VASA published, mouse	056	multi	14	692
VASA published, mouse	056	multi	15	276
VASA published, mouse	056	multi	16	249
VASA published, mouse	056	multi	17	179
VASA published, mouse	056	multi	18	104
VASA published, mouse	056	multi	19	145
VASA published, mouse	056	multi	20	573
VASA published, mouse	056	single	1	536075
VASA published, mouse	056	single	2	26832
VASA published, mouse	056	single	3	1364
VASA published, mouse	056	single	4	73
VASA published, mouse	056	single	5	9
VASA published, mouse	056	single	6	23
VASA published, mouse	056	single	8	7
VASA published, mouse	056	single	9	1
VASA published, mouse	056	single	12	2
VASA published, mouse	056	single	14	9
VASA published, mouse	056	single	15	2
VASA published, mouse	056	single	16	2
VASA published, mouse	056	single	19	8
VASA published, mouse	056	single	20	8
VASA published, mouse	058	multi	1	2088
VASA published, mouse	058	multi	2	3557
VASA published, mouse	058	multi	3	2238
VASA published, mouse	058	multi	4	1463
VASA published, mouse	058	multi	5	1122
VASA published, mouse	058	multi	6	410
VASA published, mouse	058	multi	7	480
VASA published, mouse	058	multi	8	208
VASA published, mouse	058	multi	9	156
VASA published, mouse	058	multi	10	119
VASA published, mouse	058	multi	11	88
VASA published, mouse	058	multi	12	80
VASA published, mouse	058	multi	13	26
VASA published, mouse	058	multi	14	44
VASA published, mouse	058	multi	15	38
VASA published, mouse	058	multi	16	59
VASA published, mouse	058	multi	17	21
VASA published, mouse	058	multi	18	56
VASA published, mouse	058	multi	19	33
VASA published, mouse	058	multi	20	224
VASA published, mouse	058	single	1	75813
VASA published, mouse	058	single	2	3031
VASA published, mouse	058	single	3	91
VASA published, mouse	058	single	4	4
VASA published, mouse	058	single	5	8
VASA published, mouse	058	single	9	4
VASA published, mouse	058	single	16	6
VASA published, mouse	058	single	18	2
VASA published, mouse	058	single	20	6
VASA published, mouse	060	multi	1	4307
VASA published, mouse	060	multi	2	5827
VASA published, mouse	060	multi	3	4183
VASA published, mouse	060	multi	4	2852
VASA published, mouse	060	multi	5	2498
VASA published, mouse	060	multi	6	892
VASA published, mouse	060	multi	7	1182
VASA published, mouse	060	multi	8	394
VASA published, mouse	060	multi	9	575
VASA published, mouse	060	multi	10	344
VASA published, mouse	060	multi	11	130
VASA published, mouse	060	multi	12	148
VASA published, mouse	060	multi	13	63
VASA published, mouse	060	multi	14	76
VASA published, mouse	060	multi	15	57
VASA published, mouse	060	multi	16	44
VASA published, mouse	060	multi	17	25
VASA published, mouse	060	multi	18	18
VASA published, mouse	060	multi	19	31
VASA published, mouse	060	multi	20	171
VASA published, mouse	060	single	1	179896
VASA published, mouse	060	single	2	7511
VASA published, mouse	060	single	3	299
VASA published, mouse	060	single	4	8
VASA published, mouse	060	single	5	1
VASA published, mouse	060	single	8	11
VASA published, mouse	060	single	9	1
VASA published, mouse	060	single	15	4
VASA published, mouse	060	single	20	30
VASA published, mouse	062	multi	1	4566
VASA published, mouse	062	multi	2	6679
VASA published, mouse	062	multi	3	3591
VASA published, mouse	062	multi	4	2630
VASA published, mouse	062	multi	5	1935
VASA published, mouse	062	multi	6	793
VASA published, mouse	062	multi	7	1017
VASA published, mouse	062	multi	8	409
VASA published, mouse	062	multi	9	491
VASA published, mouse	062	multi	10	173
VASA published, mouse	062	multi	11	166
VASA published, mouse	062	multi	12	124
VASA published, mouse	062	multi	13	73
VASA published, mouse	062	multi	14	84
VASA published, mouse	062	multi	15	65
VASA published, mouse	062	multi	16	44
VASA published, mouse	062	multi	17	49
VASA published, mouse	062	multi	18	28
VASA published, mouse	062	multi	19	48
VASA published, mouse	062	multi	20	166
VASA published, mouse	062	single	1	168082
VASA published, mouse	062	single	2	7134
VASA published, mouse	062	single	3	348
VASA published, mouse	062	single	4	2
VASA published, mouse	062	single	5	10
VASA published, mouse	062	single	7	7
VASA published, mouse	062	single	8	3
VASA published, mouse	062	single	13	7
VASA published, mouse	062	single	15	6
VASA published, mouse	062	single	20	6
VASA published, mouse	064	multi	1	4967
VASA published, mouse	064	multi	2	7534
VASA published, mouse	064	multi	3	3927
VASA published, mouse	064	multi	4	2475
VASA published, mouse	064	multi	5	1850
VASA published, mouse	064	multi	6	912
VASA published, mouse	064	multi	7	822
VASA published, mouse	064	multi	8	376
VASA published, mouse	064	multi	9	362
VASA published, mouse	064	multi	10	267
VASA published, mouse	064	multi	11	123
VASA published, mouse	064	multi	12	173
VASA published, mouse	064	multi	13	60
VASA published, mouse	064	multi	14	81
VASA published, mouse	064	multi	15	48
VASA published, mouse	064	multi	16	40
VASA published, mouse	064	multi	17	23
VASA published, mouse	064	multi	18	6
VASA published, mouse	064	multi	19	21
VASA published, mouse	064	multi	20	195
VASA published, mouse	064	single	1	135711
VASA published, mouse	064	single	2	5413
VASA published, mouse	064	single	3	179
VASA published, mouse	064	single	4	4
VASA published, mouse	064	single	13	1
VASA published, mouse	064	single	15	2
VASA published, mouse	064	single	16	4
VASA published, mouse	064	single	18	3
VASA published, mouse	064	single	19	10
VASA published, mouse	064	single	20	15
VASA published, mouse	066	multi	1	7146
VASA published, mouse	066	multi	2	11191
VASA published, mouse	066	multi	3	6808
VASA published, mouse	066	multi	4	4830
VASA published, mouse	066	multi	5	3629
VASA published, mouse	066	multi	6	1668
VASA published, mouse	066	multi	7	1751
VASA published, mouse	066	multi	8	674
VASA published, mouse	066	multi	9	685
VASA published, mouse	066	multi	10	517
VASA published, mouse	066	multi	11	259
VASA published, mouse	066	multi	12	243
VASA published, mouse	066	multi	13	78
VASA published, mouse	066	multi	14	114
VASA published, mouse	066	multi	15	114
VASA published, mouse	066	multi	16	53
VASA published, mouse	066	multi	17	56
VASA published, mouse	066	multi	18	24
VASA published, mouse	066	multi	19	80
VASA published, mouse	066	multi	20	320
VASA published, mouse	066	single	1	250767
VASA published, mouse	066	single	2	10757
VASA published, mouse	066	single	3	440
VASA published, mouse	066	single	4	27
VASA published, mouse	066	single	5	4
VASA published, mouse	066	single	9	1
VASA published, mouse	066	single	13	1
VASA published, mouse	066	single	15	6
VASA published, mouse	066	single	16	3
VASA published, mouse	066	single	17	12
VASA published, mouse	066	single	18	2
VASA published, mouse	066	single	20	54
VASA published, mouse	068	multi	1	3097
VASA published, mouse	068	multi	2	5362
VASA published, mouse	068	multi	3	3071
VASA published, mouse	068	multi	4	2146
VASA published, mouse	068	multi	5	1624
VASA published, mouse	068	multi	6	607
VASA published, mouse	068	multi	7	1036
VASA published, mouse	068	multi	8	284
VASA published, mouse	068	multi	9	302
VASA published, mouse	068	multi	10	195
VASA published, mouse	068	multi	11	101
VASA published, mouse	068	multi	12	131
VASA published, mouse	068	multi	13	51
VASA published, mouse	068	multi	14	51
VASA published, mouse	068	multi	15	35
VASA published, mouse	068	multi	16	52
VASA published, mouse	068	multi	17	97
VASA published, mouse	068	multi	18	11
VASA published, mouse	068	multi	19	49
VASA published, mouse	068	multi	20	142
VASA published, mouse	068	single	1	110393
VASA published, mouse	068	single	2	4445
VASA published, mouse	068	single	3	182
VASA published, mouse	068	single	4	2
VASA published, mouse	068	single	19	3
VASA published, mouse	068	single	20	9
VASA published, mouse	070	multi	1	3530
VASA published, mouse	070	multi	2	4618
VASA published, mouse	070	multi	3	2416
VASA published, mouse	070	multi	4	2222
VASA published, mouse	070	multi	5	1732
VASA published, mouse	070	multi	6	575
VASA published, mouse	070	multi	7	846
VASA published, mouse	070	multi	8	266
VASA published, mouse	070	multi	9	311
VASA published, mouse	070	multi	10	391
VASA published, mouse	070	multi	11	76
VASA published, mouse	070	multi	12	135
VASA published, mouse	070	multi	13	50
VASA published, mouse	070	multi	14	66
VASA published, mouse	070	multi	15	43
VASA published, mouse	070	multi	16	23
VASA published, mouse	070	multi	17	24
VASA published, mouse	070	multi	18	6
VASA published, mouse	070	multi	19	18
VASA published, mouse	070	multi	20	88
VASA published, mouse	070	single	1	104766
VASA published, mouse	070	single	2	4595
VASA published, mouse	070	single	3	175
VASA published, mouse	070	single	4	3
VASA published, mouse	070	single	6	1
VASA published, mouse	070	single	15	1
VASA published, mouse	070	single	20	4
VASA published, mouse	076	multi	1	7488
VASA published, mouse	076	multi	2	10941
VASA published, mouse	076	multi	3	6421
VASA published, mouse	076	multi	4	4277
VASA published, mouse	076	multi	5	3235
VASA published, mouse	076	multi	6	1407
VASA published, mouse	076	multi	7	1802
VASA published, mouse	076	multi	8	591
VASA published, mouse	076	multi	9	572
VASA published, mouse	076	multi	10	415
VASA published, mouse	076	multi	11	189
VASA published, mouse	076	multi	12	197
VASA published, mouse	076	multi	13	104
VASA published, mouse	076	multi	14	127
VASA published, mouse	076	multi	15	74
VASA published, mouse	076	multi	16	41
VASA published, mouse	076	multi	17	42
VASA published, mouse	076	multi	18	42
VASA published, mouse	076	multi	19	30
VASA published, mouse	076	multi	20	274
VASA published, mouse	076	single	1	248827
VASA published, mouse	076	single	2	10342
VASA published, mouse	076	single	3	342
VASA published, mouse	076	single	4	4
VASA published, mouse	076	single	5	8
VASA published, mouse	076	single	6	9
VASA published, mouse	076	single	7	8
VASA published, mouse	076	single	8	7
VASA published, mouse	076	single	9	4
VASA published, mouse	076	single	10	5
VASA published, mouse	076	single	11	3
VASA published, mouse	076	single	12	4
VASA published, mouse	076	single	14	7
VASA published, mouse	076	single	15	6
VASA published, mouse	076	single	16	8
VASA published, mouse	076	single	17	2
VASA published, mouse	076	single	18	1
VASA published, mouse	076	single	19	8
VASA published, mouse	076	single	20	79
VASA published, mouse	078	multi	1	6144
VASA published, mouse	078	multi	2	9354
VASA published, mouse	078	multi	3	6026
VASA published, mouse	078	multi	4	4076
VASA published, mouse	078	multi	5	3432
VASA published, mouse	078	multi	6	1278
VASA published, mouse	078	multi	7	1692
VASA published, mouse	078	multi	8	526
VASA published, mouse	078	multi	9	789
VASA published, mouse	078	multi	10	719
VASA published, mouse	078	multi	11	255
VASA published, mouse	078	multi	12	182
VASA published, mouse	078	multi	13	95
VASA published, mouse	078	multi	14	129
VASA published, mouse	078	multi	15	90
VASA published, mouse	078	multi	16	43
VASA published, mouse	078	multi	17	90
VASA published, mouse	078	multi	18	50
VASA published, mouse	078	multi	19	59
VASA published, mouse	078	multi	20	284
VASA published, mouse	078	single	1	219851
VASA published, mouse	078	single	2	9825
VASA published, mouse	078	single	3	327
VASA published, mouse	078	single	4	5
VASA published, mouse	078	single	8	1
VASA published, mouse	078	single	15	7
VASA published, mouse	078	single	16	6
VASA published, mouse	078	single	20	31
VASA published, mouse	080	multi	1	4871
VASA published, mouse	080	multi	2	8132
VASA published, mouse	080	multi	3	4759
VASA published, mouse	080	multi	4	3796
VASA published, mouse	080	multi	5	3483
VASA published, mouse	080	multi	6	960
VASA published, mouse	080	multi	7	1698
VASA published, mouse	080	multi	8	435
VASA published, mouse	080	multi	9	576
VASA published, mouse	080	multi	10	483
VASA published, mouse	080	multi	11	158
VASA published, mouse	080	multi	12	177
VASA published, mouse	080	multi	13	94
VASA published, mouse	080	multi	14	148
VASA published, mouse	080	multi	15	76
VASA published, mouse	080	multi	16	34
VASA published, mouse	080	multi	17	59
VASA published, mouse	080	multi	18	18
VASA published, mouse	080	multi	19	77
VASA published, mouse	080	multi	20	170
VASA published, mouse	080	single	1	191304
VASA published, mouse	080	single	2	7905
VASA published, mouse	080	single	3	294
VASA published, mouse	080	single	4	23
VASA published, mouse	080	single	17	1
VASA published, mouse	080	single	18	1
VASA published, mouse	080	single	20	36
VASA published, mouse	082	multi	1	2960
VASA published, mouse	082	multi	2	4842
VASA published, mouse	082	multi	3	3301
VASA published, mouse	082	multi	4	1779
VASA published, mouse	082	multi	5	1346
VASA published, mouse	082	multi	6	677
VASA published, mouse	082	multi	7	549
VASA published, mouse	082	multi	8	215
VASA published, mouse	082	multi	9	224
VASA published, mouse	082	multi	10	155
VASA published, mouse	082	multi	11	105
VASA published, mouse	082	multi	12	95
VASA published, mouse	082	multi	13	45
VASA published, mouse	082	multi	14	66
VASA published, mouse	082	multi	15	44
VASA published, mouse	082	multi	16	35
VASA published, mouse	082	multi	17	16
VASA published, mouse	082	multi	18	15
VASA published, mouse	082	multi	19	52
VASA published, mouse	082	multi	20	162
VASA published, mouse	082	single	1	82552
VASA published, mouse	082	single	2	3441
VASA published, mouse	082	single	3	111
VASA published, mouse	082	single	4	2
VASA published, mouse	082	single	20	8
VASA published, mouse	084	multi	1	1960
VASA published, mouse	084	multi	2	3898
VASA published, mouse	084	multi	3	2411
VASA published, mouse	084	multi	4	1338
VASA published, mouse	084	multi	5	1037
VASA published, mouse	084	multi	6	560
VASA published, mouse	084	multi	7	484
VASA published, mouse	084	multi	8	271
VASA published, mouse	084	multi	9	146
VASA published, mouse	084	multi	10	112
VASA published, mouse	084	multi	11	91
VASA published, mouse	084	multi	12	90
VASA published, mouse	084	multi	13	36
VASA published, mouse	084	multi	14	52
VASA published, mouse	084	multi	15	41
VASA published, mouse	084	multi	16	23
VASA published, mouse	084	multi	17	15
VASA published, mouse	084	multi	18	20
VASA published, mouse	084	multi	19	32
VASA published, mouse	084	multi	20	155
VASA published, mouse	084	single	1	70738
VASA published, mouse	084	single	2	3159
VASA published, mouse	084	single	3	57
VASA published, mouse	084	single	5	1
VASA published, mouse	084	single	12	5
VASA published, mouse	084	single	20	24
VASA published, mouse	086	multi	1	2905
VASA published, mouse	086	multi	2	4975
VASA published, mouse	086	multi	3	3062
VASA published, mouse	086	multi	4	1889
VASA published, mouse	086	multi	5	1329
VASA published, mouse	086	multi	6	558
VASA published, mouse	086	multi	7	703
VASA published, mouse	086	multi	8	250
VASA published, mouse	086	multi	9	161
VASA published, mouse	086	multi	10	176
VASA published, mouse	086	multi	11	132
VASA published, mouse	086	multi	12	88
VASA published, mouse	086	multi	13	37
VASA published, mouse	086	multi	14	49
VASA published, mouse	086	multi	15	39
VASA published, mouse	086	multi	16	30
VASA published, mouse	086	multi	17	42
VASA published, mouse	086	multi	18	10
VASA published, mouse	086	multi	19	21
VASA published, mouse	086	multi	20	213
VASA published, mouse	086	single	1	106623
VASA published, mouse	086	single	2	4294
VASA published, mouse	086	single	3	100
VASA published, mouse	086	single	4	4
VASA published, mouse	086	single	5	1
VASA published, mouse	086	single	13	1
VASA published, mouse	086	single	15	1
VASA published, mouse	086	single	20	5
VASA published, mouse	088	multi	1	8434
VASA published, mouse	088	multi	2	14382
VASA published, mouse	088	multi	3	7916
VASA published, mouse	088	multi	4	5421
VASA published, mouse	088	multi	5	3793
VASA published, mouse	088	multi	6	1737
VASA published, mouse	088	multi	7	2198
VASA published, mouse	088	multi	8	775
VASA published, mouse	088	multi	9	647
VASA published, mouse	088	multi	10	435
VASA published, mouse	088	multi	11	286
VASA published, mouse	088	multi	12	188
VASA published, mouse	088	multi	13	113
VASA published, mouse	088	multi	14	136
VASA published, mouse	088	multi	15	114
VASA published, mouse	088	multi	16	90
VASA published, mouse	088	multi	17	107
VASA published, mouse	088	multi	18	28
VASA published, mouse	088	multi	19	68
VASA published, mouse	088	multi	20	483
VASA published, mouse	088	single	1	267058
VASA published, mouse	088	single	2	10896
VASA published, mouse	088	single	3	383
VASA published, mouse	088	single	4	15
VASA published, mouse	088	single	16	1
VASA published, mouse	088	single	19	1
VASA published, mouse	088	single	20	55
VASA published, mouse	090	multi	1	11111
VASA published, mouse	090	multi	2	17388
VASA published, mouse	090	multi	3	9978
VASA published, mouse	090	multi	4	8679
VASA published, mouse	090	multi	5	8412
VASA published, mouse	090	multi	6	2347
VASA published, mouse	090	multi	7	3471
VASA published, mouse	090	multi	8	1146
VASA published, mouse	090	multi	9	1385
VASA published, mouse	090	multi	10	2006
VASA published, mouse	090	multi	11	479
VASA published, mouse	090	multi	12	395
VASA published, mouse	090	multi	13	177
VASA published, mouse	090	multi	14	407
VASA published, mouse	090	multi	15	201
VASA published, mouse	090	multi	16	138
VASA published, mouse	090	multi	17	112
VASA published, mouse	090	multi	18	58
VASA published, mouse	090	multi	19	91
VASA published, mouse	090	multi	20	419
VASA published, mouse	090	single	1	401048
VASA published, mouse	090	single	2	17193
VASA published, mouse	090	single	3	778
VASA published, mouse	090	single	4	83
VASA published, mouse	090	single	6	2
VASA published, mouse	090	single	7	2
VASA published, mouse	090	single	8	5
VASA published, mouse	090	single	9	1
VASA published, mouse	090	single	11	2
VASA published, mouse	090	single	12	10
VASA published, mouse	090	single	13	5
VASA published, mouse	090	single	15	2
VASA published, mouse	090	single	20	42
VASA published, mouse	092	multi	1	6058
VASA published, mouse	092	multi	2	11010
VASA published, mouse	092	multi	3	6502
VASA published, mouse	092	multi	4	3908
VASA published, mouse	092	multi	5	2781
VASA published, mouse	092	multi	6	1489
VASA published, mouse	092	multi	7	1500
VASA published, mouse	092	multi	8	687
VASA published, mouse	092	multi	9	471
VASA published, mouse	092	multi	10	350
VASA published, mouse	092	multi	11	241
VASA published, mouse	092	multi	12	199
VASA published, mouse	092	multi	13	83
VASA published, mouse	092	multi	14	137
VASA published, mouse	092	multi	15	127
VASA published, mouse	092	multi	16	55
VASA published, mouse	092	multi	17	83
VASA published, mouse	092	multi	18	42
VASA published, mouse	092	multi	19	78
VASA published, mouse	092	multi	20	423
VASA published, mouse	092	single	1	216588
VASA published, mouse	092	single	2	8652
VASA published, mouse	092	single	3	300
VASA published, mouse	092	single	4	5
VASA published, mouse	092	single	15	5
VASA published, mouse	092	single	20	35
VASA published, mouse	094	multi	1	5373
VASA published, mouse	094	multi	2	8883
VASA published, mouse	094	multi	3	5853
VASA published, mouse	094	multi	4	3359
VASA published, mouse	094	multi	5	2559
VASA published, mouse	094	multi	6	1122
VASA published, mouse	094	multi	7	1351
VASA published, mouse	094	multi	8	609
VASA published, mouse	094	multi	9	446
VASA published, mouse	094	multi	10	349
VASA published, mouse	094	multi	11	199
VASA published, mouse	094	multi	12	158
VASA published, mouse	094	multi	13	72
VASA published, mouse	094	multi	14	78
VASA published, mouse	094	multi	15	63
VASA published, mouse	094	multi	16	24
VASA published, mouse	094	multi	17	29
VASA published, mouse	094	multi	18	16
VASA published, mouse	094	multi	19	47
VASA published, mouse	094	multi	20	280
VASA published, mouse	094	single	1	204235
VASA published, mouse	094	single	2	8540
VASA published, mouse	094	single	3	283
VASA published, mouse	094	single	4	6
VASA published, mouse	094	single	13	2
VASA published, mouse	094	single	15	4
VASA published, mouse	094	single	18	4
VASA published, mouse	094	single	19	1
VASA published, mouse	094	single	20	22
VASA published, mouse	098	multi	1	2752
VASA published, mouse	098	multi	2	5331
VASA published, mouse	098	multi	3	3621
VASA published, mouse	098	multi	4	2053
VASA published, mouse	098	multi	5	1780
VASA published, mouse	098	multi	6	863
VASA published, mouse	098	multi	7	724
VASA published, mouse	098	multi	8	367
VASA published, mouse	098	multi	9	144
VASA published, mouse	098	multi	10	181
VASA published, mouse	098	multi	11	151
VASA published, mouse	098	multi	12	111
VASA published, mouse	098	multi	13	70
VASA published, mouse	098	multi	14	68
VASA published, mouse	098	multi	15	71
VASA published, mouse	098	multi	16	83
VASA published, mouse	098	multi	17	56
VASA published, mouse	098	multi	18	24
VASA published, mouse	098	multi	19	53
VASA published, mouse	098	multi	20	204
VASA published, mouse	098	single	1	73670
VASA published, mouse	098	single	2	3877
VASA published, mouse	098	single	3	122
VASA published, mouse	098	single	4	5
VASA published, mouse	098	single	16	1
VASA published, mouse	098	single	17	3
VASA published, mouse	100	multi	1	6992
VASA published, mouse	100	multi	2	11936
VASA published, mouse	100	multi	3	7330
VASA published, mouse	100	multi	4	5430
VASA published, mouse	100	multi	5	4865
VASA published, mouse	100	multi	6	1620
VASA published, mouse	100	multi	7	2156
VASA published, mouse	100	multi	8	755
VASA published, mouse	100	multi	9	780
VASA published, mouse	100	multi	10	733
VASA published, mouse	100	multi	11	361
VASA published, mouse	100	multi	12	193
VASA published, mouse	100	multi	13	102
VASA published, mouse	100	multi	14	137
VASA published, mouse	100	multi	15	130
VASA published, mouse	100	multi	16	61
VASA published, mouse	100	multi	17	78
VASA published, mouse	100	multi	18	45
VASA published, mouse	100	multi	19	77
VASA published, mouse	100	multi	20	371
VASA published, mouse	100	single	1	274194
VASA published, mouse	100	single	2	10562
VASA published, mouse	100	single	3	355
VASA published, mouse	100	single	4	11
VASA published, mouse	100	single	5	1
VASA published, mouse	100	single	14	7
VASA published, mouse	100	single	16	6
VASA published, mouse	100	single	20	8
VASA published, mouse	104	multi	1	3009
VASA published, mouse	104	multi	2	4212
VASA published, mouse	104	multi	3	2417
VASA published, mouse	104	multi	4	1573
VASA published, mouse	104	multi	5	1362
VASA published, mouse	104	multi	6	561
VASA published, mouse	104	multi	7	613
VASA published, mouse	104	multi	8	235
VASA published, mouse	104	multi	9	253
VASA published, mouse	104	multi	10	231
VASA published, mouse	104	multi	11	83
VASA published, mouse	104	multi	12	88
VASA published, mouse	104	multi	13	33
VASA published, mouse	104	multi	14	55
VASA published, mouse	104	multi	15	37
VASA published, mouse	104	multi	16	21
VASA published, mouse	104	multi	17	33
VASA published, mouse	104	multi	18	8
VASA published, mouse	104	multi	19	26
VASA published, mouse	104	multi	20	155
VASA published, mouse	104	single	1	89391
VASA published, mouse	104	single	2	3543
VASA published, mouse	104	single	3	175
VASA published, mouse	104	single	4	16
VASA published, mouse	104	single	20	12
VASA published, mouse	106	multi	1	4063
VASA published, mouse	106	multi	2	7333
VASA published, mouse	106	multi	3	4296
VASA published, mouse	106	multi	4	2695
VASA published, mouse	106	multi	5	2006
VASA published, mouse	106	multi	6	892
VASA published, mouse	106	multi	7	997
VASA published, mouse	106	multi	8	358
VASA published, mouse	106	multi	9	319
VASA published, mouse	106	multi	10	280
VASA published, mouse	106	multi	11	132
VASA published, mouse	106	multi	12	140
VASA published, mouse	106	multi	13	92
VASA published, mouse	106	multi	14	80
VASA published, mouse	106	multi	15	62
VASA published, mouse	106	multi	16	55
VASA published, mouse	106	multi	17	53
VASA published, mouse	106	multi	18	15
VASA published, mouse	106	multi	19	32
VASA published, mouse	106	multi	20	235
VASA published, mouse	106	single	1	132883
VASA published, mouse	106	single	2	4883
VASA published, mouse	106	single	3	194
VASA published, mouse	106	single	4	7
VASA published, mouse	106	single	12	2
VASA published, mouse	106	single	13	4
VASA published, mouse	106	single	19	1
VASA published, mouse	106	single	20	34
VASA published, mouse	108	multi	1	6380
VASA published, mouse	108	multi	2	9702
VASA published, mouse	108	multi	3	5181
VASA published, mouse	108	multi	4	3939
VASA published, mouse	108	multi	5	3168
VASA published, mouse	108	multi	6	1249
VASA published, mouse	108	multi	7	1588
VASA published, mouse	108	multi	8	551
VASA published, mouse	108	multi	9	581
VASA published, mouse	108	multi	10	452
VASA published, mouse	108	multi	11	241
VASA published, mouse	108	multi	12	208
VASA published, mouse	108	multi	13	104
VASA published, mouse	108	multi	14	135
VASA published, mouse	108	multi	15	109
VASA published, mouse	108	multi	16	75
VASA published, mouse	108	multi	17	57
VASA published, mouse	108	multi	18	38
VASA published, mouse	108	multi	19	48
VASA published, mouse	108	multi	20	341
VASA published, mouse	108	single	1	232498
VASA published, mouse	108	single	2	9824
VASA published, mouse	108	single	3	318
VASA published, mouse	108	single	4	22
VASA published, mouse	108	single	6	3
VASA published, mouse	108	single	13	1
VASA published, mouse	108	single	14	2
VASA published, mouse	108	single	15	2
VASA published, mouse	108	single	16	6
VASA published, mouse	108	single	18	1
VASA published, mouse	108	single	20	26
VASA published, mouse	112	multi	1	9362
VASA published, mouse	112	multi	2	13200
VASA published, mouse	112	multi	3	7543
VASA published, mouse	112	multi	4	5072
VASA published, mouse	112	multi	5	4132
VASA published, mouse	112	multi	6	1656
VASA published, mouse	112	multi	7	2143
VASA published, mouse	112	multi	8	824
VASA published, mouse	112	multi	9	839
VASA published, mouse	112	multi	10	587
VASA published, mouse	112	multi	11	335
VASA published, mouse	112	multi	12	341
VASA published, mouse	112	multi	13	99
VASA published, mouse	112	multi	14	128
VASA published, mouse	112	multi	15	99
VASA published, mouse	112	multi	16	79
VASA published, mouse	112	multi	17	52
VASA published, mouse	112	multi	18	27
VASA published, mouse	112	multi	19	58
VASA published, mouse	112	multi	20	247
VASA published, mouse	112	single	1	335647
VASA published, mouse	112	single	2	12958
VASA published, mouse	112	single	3	414
VASA published, mouse	112	single	4	28
VASA published, mouse	112	single	6	6
VASA published, mouse	112	single	7	1
VASA published, mouse	112	single	10	3
VASA published, mouse	112	single	13	8
VASA published, mouse	112	single	14	1
VASA published, mouse	112	single	15	10
VASA published, mouse	112	single	17	1
VASA published, mouse	112	single	19	1
VASA published, mouse	112	single	20	54
VASA published, mouse	114	multi	1	3860
VASA published, mouse	114	multi	2	6606
VASA published, mouse	114	multi	3	4452
VASA published, mouse	114	multi	4	3059
VASA published, mouse	114	multi	5	8709
VASA published, mouse	114	multi	6	959
VASA published, mouse	114	multi	7	1400
VASA published, mouse	114	multi	8	489
VASA published, mouse	114	multi	9	686
VASA published, mouse	114	multi	10	343
VASA published, mouse	114	multi	11	171
VASA published, mouse	114	multi	12	330
VASA published, mouse	114	multi	13	147
VASA published, mouse	114	multi	14	92
VASA published, mouse	114	multi	15	103
VASA published, mouse	114	multi	16	75
VASA published, mouse	114	multi	17	56
VASA published, mouse	114	multi	18	27
VASA published, mouse	114	multi	19	47
VASA published, mouse	114	multi	20	212
VASA published, mouse	114	single	1	97734
VASA published, mouse	114	single	2	5137
VASA published, mouse	114	single	3	217
VASA published, mouse	114	single	4	19
VASA published, mouse	114	single	7	7
VASA published, mouse	114	single	15	4
VASA published, mouse	114	single	20	8
VASA published, mouse	116	multi	1	9521
VASA published, mouse	116	multi	2	15774
VASA published, mouse	116	multi	3	8968
VASA published, mouse	116	multi	4	5940
VASA published, mouse	116	multi	5	4840
VASA published, mouse	116	multi	6	2105
VASA published, mouse	116	multi	7	2364
VASA published, mouse	116	multi	8	910
VASA published, mouse	116	multi	9	961
VASA published, mouse	116	multi	10	587
VASA published, mouse	116	multi	11	359
VASA published, mouse	116	multi	12	313
VASA published, mouse	116	multi	13	147
VASA published, mouse	116	multi	14	149
VASA published, mouse	116	multi	15	135
VASA published, mouse	116	multi	16	61
VASA published, mouse	116	multi	17	133
VASA published, mouse	116	multi	18	64
VASA published, mouse	116	multi	19	51
VASA published, mouse	116	multi	20	444
VASA published, mouse	116	single	1	350740
VASA published, mouse	116	single	2	14379
VASA published, mouse	116	single	3	524
VASA published, mouse	116	single	4	28
VASA published, mouse	116	single	10	6
VASA published, mouse	116	single	11	1
VASA published, mouse	116	single	16	14
VASA published, mouse	116	single	18	2
VASA published, mouse	116	single	19	8
VASA published, mouse	116	single	20	37
VASA published, mouse	118	multi	1	1464
VASA published, mouse	118	multi	2	2162
VASA published, mouse	118	multi	3	1137
VASA published, mouse	118	multi	4	803
VASA published, mouse	118	multi	5	566
VASA published, mouse	118	multi	6	231
VASA published, mouse	118	multi	7	318
VASA published, mouse	118	multi	8	88
VASA published, mouse	118	multi	9	124
VASA published, mouse	118	multi	10	78
VASA published, mouse	118	multi	11	41
VASA published, mouse	118	multi	12	27
VASA published, mouse	118	multi	13	11
VASA published, mouse	118	multi	14	24
VASA published, mouse	118	multi	15	25
VASA published, mouse	118	multi	16	10
VASA published, mouse	118	multi	17	14
VASA published, mouse	118	multi	18	9
VASA published, mouse	118	multi	19	15
VASA published, mouse	118	multi	20	26
VASA published, mouse	118	single	1	42838
VASA published, mouse	118	single	2	1743
VASA published, mouse	118	single	3	50
VASA published, mouse	118	single	14	3
VASA published, mouse	118	single	15	3
VASA published, mouse	118	single	19	1
VASA published, mouse	118	single	20	1
VASA published, mouse	122	multi	1	3766
VASA published, mouse	122	multi	2	6432
VASA published, mouse	122	multi	3	3757
VASA published, mouse	122	multi	4	2128
VASA published, mouse	122	multi	5	1797
VASA published, mouse	122	multi	6	828
VASA published, mouse	122	multi	7	864
VASA published, mouse	122	multi	8	377
VASA published, mouse	122	multi	9	306
VASA published, mouse	122	multi	10	188
VASA published, mouse	122	multi	11	156
VASA published, mouse	122	multi	12	137
VASA published, mouse	122	multi	13	81
VASA published, mouse	122	multi	14	71
VASA published, mouse	122	multi	15	73
VASA published, mouse	122	multi	16	30
VASA published, mouse	122	multi	17	61
VASA published, mouse	122	multi	18	45
VASA published, mouse	122	multi	19	33
VASA published, mouse	122	multi	20	263
VASA published, mouse	122	single	1	117519
VASA published, mouse	122	single	2	5332
VASA published, mouse	122	single	3	123
VASA published, mouse	122	single	4	6
VASA published, mouse	122	single	17	3
VASA published, mouse	122	single	20	9
VASA published, mouse	124	multi	1	6176
VASA published, mouse	124	multi	2	9997
VASA published, mouse	124	multi	3	6074
VASA published, mouse	124	multi	4	4767
VASA published, mouse	124	multi	5	3838
VASA published, mouse	124	multi	6	1316
VASA published, mouse	124	multi	7	1854
VASA published, mouse	124	multi	8	546
VASA published, mouse	124	multi	9	784
VASA published, mouse	124	multi	10	460
VASA published, mouse	124	multi	11	247
VASA published, mouse	124	multi	12	211
VASA published, mouse	124	multi	13	128
VASA published, mouse	124	multi	14	155
VASA published, mouse	124	multi	15	96
VASA published, mouse	124	multi	16	69
VASA published, mouse	124	multi	17	107
VASA published, mouse	124	multi	18	34
VASA published, mouse	124	multi	19	93
VASA published, mouse	124	multi	20	379
VASA published, mouse	124	single	1	245383
VASA published, mouse	124	single	2	10550
VASA published, mouse	124	single	3	356
VASA published, mouse	124	single	4	8
VASA published, mouse	124	single	5	10
VASA published, mouse	124	single	6	1
VASA published, mouse	124	single	7	2
VASA published, mouse	124	single	10	1
VASA published, mouse	124	single	15	2
VASA published, mouse	124	single	20	33
VASA published, mouse	126	multi	1	695
VASA published, mouse	126	multi	2	983
VASA published, mouse	126	multi	3	630
VASA published, mouse	126	multi	4	436
VASA published, mouse	126	multi	5	306
VASA published, mouse	126	multi	6	155
VASA published, mouse	126	multi	7	145
VASA published, mouse	126	multi	8	42
VASA published, mouse	126	multi	9	61
VASA published, mouse	126	multi	10	22
VASA published, mouse	126	multi	11	28
VASA published, mouse	126	multi	12	24
VASA published, mouse	126	multi	13	7
VASA published, mouse	126	multi	14	8
VASA published, mouse	126	multi	15	12
VASA published, mouse	126	multi	16	5
VASA published, mouse	126	multi	17	18
VASA published, mouse	126	multi	18	2
VASA published, mouse	126	multi	19	3
VASA published, mouse	126	multi	20	22
VASA published, mouse	126	single	1	19998
VASA published, mouse	126	single	2	778
VASA published, mouse	126	single	3	20
VASA published, mouse	126	single	4	1
VASA published, mouse	126	single	13	1
VASA published, mouse	126	single	20	1
VASA published, mouse	128	multi	1	7561
VASA published, mouse	128	multi	2	12689
VASA published, mouse	128	multi	3	7585
VASA published, mouse	128	multi	4	4658
VASA published, mouse	128	multi	5	3871
VASA published, mouse	128	multi	6	1488
VASA published, mouse	128	multi	7	2105
VASA published, mouse	128	multi	8	816
VASA published, mouse	128	multi	9	786
VASA published, mouse	128	multi	10	682
VASA published, mouse	128	multi	11	420
VASA published, mouse	128	multi	12	317
VASA published, mouse	128	multi	13	115
VASA published, mouse	128	multi	14	217
VASA published, mouse	128	multi	15	89
VASA published, mouse	128	multi	16	115
VASA published, mouse	128	multi	17	87
VASA published, mouse	128	multi	18	55
VASA published, mouse	128	multi	19	86
VASA published, mouse	128	multi	20	345
VASA published, mouse	128	single	1	272858
VASA published, mouse	128	single	2	11423
VASA published, mouse	128	single	3	442
VASA published, mouse	128	single	4	2
VASA published, mouse	128	single	6	1
VASA published, mouse	128	single	15	13
VASA published, mouse	128	single	16	3
VASA published, mouse	128	single	17	32
VASA published, mouse	128	single	19	2
VASA published, mouse	128	single	20	21
VASA published, mouse	130	multi	1	1414
VASA published, mouse	130	multi	2	2617
VASA published, mouse	130	multi	3	1882
VASA published, mouse	130	multi	4	1279
VASA published, mouse	130	multi	5	4142
VASA published, mouse	130	multi	6	377
VASA published, mouse	130	multi	7	729
VASA published, mouse	130	multi	8	212
VASA published, mouse	130	multi	9	306
VASA published, mouse	130	multi	10	292
VASA published, mouse	130	multi	11	107
VASA published, mouse	130	multi	12	124
VASA published, mouse	130	multi	13	93
VASA published, mouse	130	multi	14	61
VASA published, mouse	130	multi	15	64
VASA published, mouse	130	multi	16	35
VASA published, mouse	130	multi	17	32
VASA published, mouse	130	multi	18	8
VASA published, mouse	130	multi	19	20
VASA published, mouse	130	multi	20	108
VASA published, mouse	130	single	1	27647
VASA published, mouse	130	single	2	1857
VASA published, mouse	130	single	3	131
VASA published, mouse	130	single	4	7
VASA published, mouse	130	single	20	2
VASA published, mouse	132	multi	1	5055
VASA published, mouse	132	multi	2	9038
VASA published, mouse	132	multi	3	5657
VASA published, mouse	132	multi	4	3191
VASA published, mouse	132	multi	5	2393
VASA published, mouse	132	multi	6	1191
VASA published, mouse	132	multi	7	1055
VASA published, mouse	132	multi	8	418
VASA published, mouse	132	multi	9	386
VASA published, mouse	132	multi	10	331
VASA published, mouse	132	multi	11	336
VASA published, mouse	132	multi	12	164
VASA published, mouse	132	multi	13	86
VASA published, mouse	132	multi	14	82
VASA published, mouse	132	multi	15	86
VASA published, mouse	132	multi	16	114
VASA published, mouse	132	multi	17	80
VASA published, mouse	132	multi	18	26
VASA published, mouse	132	multi	19	81
VASA published, mouse	132	multi	20	417
VASA published, mouse	132	single	1	146123
VASA published, mouse	132	single	2	6104
VASA published, mouse	132	single	3	178
VASA published, mouse	132	single	4	9
VASA published, mouse	132	single	20	12
VASA published, mouse	134	multi	1	3062
VASA published, mouse	134	multi	2	3445
VASA published, mouse	134	multi	3	1476
VASA published, mouse	134	multi	4	799
VASA published, mouse	134	multi	5	633
VASA published, mouse	134	multi	6	255
VASA published, mouse	134	multi	7	250
VASA published, mouse	134	multi	8	121
VASA published, mouse	134	multi	9	98
VASA published, mouse	134	multi	10	66
VASA published, mouse	134	multi	11	41
VASA published, mouse	134	multi	12	43
VASA published, mouse	134	multi	13	18
VASA published, mouse	134	multi	14	8
VASA published, mouse	134	multi	15	17
VASA published, mouse	134	multi	16	15
VASA published, mouse	134	multi	17	7
VASA published, mouse	134	multi	18	3
VASA published, mouse	134	multi	19	14
VASA published, mouse	134	multi	20	65
VASA published, mouse	134	single	1	38697
VASA published, mouse	134	single	2	1860
VASA published, mouse	134	single	3	30
VASA published, mouse	134	single	13	5
VASA published, mouse	134	single	20	7
VASA published, mouse	136	multi	1	3382
VASA published, mouse	136	multi	2	5181
VASA published, mouse	136	multi	3	3015
VASA published, mouse	136	multi	4	1921
VASA published, mouse	136	multi	5	1461
VASA published, mouse	136	multi	6	692
VASA published, mouse	136	multi	7	772
VASA published, mouse	136	multi	8	338
VASA published, mouse	136	multi	9	314
VASA published, mouse	136	multi	10	166
VASA published, mouse	136	multi	11	141
VASA published, mouse	136	multi	12	95
VASA published, mouse	136	multi	13	54
VASA published, mouse	136	multi	14	60
VASA published, mouse	136	multi	15	66
VASA published, mouse	136	multi	16	34
VASA published, mouse	136	multi	17	30
VASA published, mouse	136	multi	18	35
VASA published, mouse	136	multi	19	45
VASA published, mouse	136	multi	20	206
VASA published, mouse	136	single	1	113238
VASA published, mouse	136	single	2	4860
VASA published, mouse	136	single	3	154
VASA published, mouse	136	single	4	3
VASA published, mouse	136	single	18	2
VASA published, mouse	136	single	20	4
VASA published, mouse	138	multi	1	2395
VASA published, mouse	138	multi	2	4527
VASA published, mouse	138	multi	3	2500
VASA published, mouse	138	multi	4	1822
VASA published, mouse	138	multi	5	1411
VASA published, mouse	138	multi	6	543
VASA published, mouse	138	multi	7	719
VASA published, mouse	138	multi	8	177
VASA published, mouse	138	multi	9	271
VASA published, mouse	138	multi	10	141
VASA published, mouse	138	multi	11	63
VASA published, mouse	138	multi	12	90
VASA published, mouse	138	multi	13	30
VASA published, mouse	138	multi	14	42
VASA published, mouse	138	multi	15	36
VASA published, mouse	138	multi	16	34
VASA published, mouse	138	multi	17	54
VASA published, mouse	138	multi	18	9
VASA published, mouse	138	multi	19	35
VASA published, mouse	138	multi	20	166
VASA published, mouse	138	single	1	83574
VASA published, mouse	138	single	2	3793
VASA published, mouse	138	single	3	154
VASA published, mouse	138	single	4	4
VASA published, mouse	138	single	5	2
VASA published, mouse	138	single	14	1
VASA published, mouse	138	single	15	1
VASA published, mouse	138	single	16	2
VASA published, mouse	138	single	19	6
VASA published, mouse	138	single	20	34
VASA published, mouse	140	multi	1	5194
VASA published, mouse	140	multi	2	8190
VASA published, mouse	140	multi	3	5211
VASA published, mouse	140	multi	4	3081
VASA published, mouse	140	multi	5	2471
VASA published, mouse	140	multi	6	1066
VASA published, mouse	140	multi	7	1165
VASA published, mouse	140	multi	8	522
VASA published, mouse	140	multi	9	397
VASA published, mouse	140	multi	10	417
VASA published, mouse	140	multi	11	242
VASA published, mouse	140	multi	12	234
VASA published, mouse	140	multi	13	94
VASA published, mouse	140	multi	14	107
VASA published, mouse	140	multi	15	97
VASA published, mouse	140	multi	16	32
VASA published, mouse	140	multi	17	112
VASA published, mouse	140	multi	18	21
VASA published, mouse	140	multi	19	47
VASA published, mouse	140	multi	20	251
VASA published, mouse	140	single	1	177310
VASA published, mouse	140	single	2	7707
VASA published, mouse	140	single	3	326
VASA published, mouse	140	single	4	18
VASA published, mouse	140	single	5	1
VASA published, mouse	140	single	20	14
VASA published, mouse	142	multi	1	6544
VASA published, mouse	142	multi	2	10920
VASA published, mouse	142	multi	3	6258
VASA published, mouse	142	multi	4	4179
VASA published, mouse	142	multi	5	3257
VASA published, mouse	142	multi	6	1327
VASA published, mouse	142	multi	7	1849
VASA published, mouse	142	multi	8	637
VASA published, mouse	142	multi	9	625
VASA published, mouse	142	multi	10	483
VASA published, mouse	142	multi	11	235
VASA published, mouse	142	multi	12	171
VASA published, mouse	142	multi	13	102
VASA published, mouse	142	multi	14	134
VASA published, mouse	142	multi	15	69
VASA published, mouse	142	multi	16	65
VASA published, mouse	142	multi	17	98
VASA published, mouse	142	multi	18	21
VASA published, mouse	142	multi	19	46
VASA published, mouse	142	multi	20	293
VASA published, mouse	142	single	1	234673
VASA published, mouse	142	single	2	10361
VASA published, mouse	142	single	3	404
VASA published, mouse	142	single	4	6
VASA published, mouse	142	single	9	4
VASA published, mouse	142	single	12	3
VASA published, mouse	142	single	13	1
VASA published, mouse	142	single	15	6
VASA published, mouse	142	single	19	4
VASA published, mouse	142	single	20	7
VASA published, mouse	146	multi	1	1632
VASA published, mouse	146	multi	2	2791
VASA published, mouse	146	multi	3	1757
VASA published, mouse	146	multi	4	1076
VASA published, mouse	146	multi	5	813
VASA published, mouse	146	multi	6	436
VASA published, mouse	146	multi	7	378
VASA published, mouse	146	multi	8	146
VASA published, mouse	146	multi	9	101
VASA published, mouse	146	multi	10	68
VASA published, mouse	146	multi	11	73
VASA published, mouse	146	multi	12	65
VASA published, mouse	146	multi	13	46
VASA published, mouse	146	multi	14	63
VASA published, mouse	146	multi	15	53
VASA published, mouse	146	multi	16	24
VASA published, mouse	146	multi	17	27
VASA published, mouse	146	multi	18	11
VASA published, mouse	146	multi	19	56
VASA published, mouse	146	multi	20	161
VASA published, mouse	146	single	1	51100
VASA published, mouse	146	single	2	2133
VASA published, mouse	146	single	3	73
VASA published, mouse	146	single	7	1
VASA published, mouse	146	single	8	3
VASA published, mouse	146	single	20	5
VASA published, mouse	148	multi	1	4916
VASA published, mouse	148	multi	2	7830
VASA published, mouse	148	multi	3	4966
VASA published, mouse	148	multi	4	3020
VASA published, mouse	148	multi	5	2499
VASA published, mouse	148	multi	6	1185
VASA published, mouse	148	multi	7	1194
VASA published, mouse	148	multi	8	576
VASA published, mouse	148	multi	9	375
VASA published, mouse	148	multi	10	512
VASA published, mouse	148	multi	11	221
VASA published, mouse	148	multi	12	150
VASA published, mouse	148	multi	13	92
VASA published, mouse	148	multi	14	106
VASA published, mouse	148	multi	15	97
VASA published, mouse	148	multi	16	79
VASA published, mouse	148	multi	17	97
VASA published, mouse	148	multi	18	27
VASA published, mouse	148	multi	19	41
VASA published, mouse	148	multi	20	188
VASA published, mouse	148	single	1	169739
VASA published, mouse	148	single	2	6714
VASA published, mouse	148	single	3	192
VASA published, mouse	148	single	4	4
VASA published, mouse	148	single	9	1
VASA published, mouse	148	single	10	1
VASA published, mouse	148	single	11	7
VASA published, mouse	148	single	20	20
VASA published, mouse	150	multi	1	2793
VASA published, mouse	150	multi	2	4087
VASA published, mouse	150	multi	3	2389
VASA published, mouse	150	multi	4	2095
VASA published, mouse	150	multi	5	2039
VASA published, mouse	150	multi	6	505
VASA published, mouse	150	multi	7	727
VASA published, mouse	150	multi	8	250
VASA published, mouse	150	multi	9	443
VASA published, mouse	150	multi	10	343
VASA published, mouse	150	multi	11	77
VASA published, mouse	150	multi	12	99
VASA published, mouse	150	multi	13	30
VASA published, mouse	150	multi	14	48
VASA published, mouse	150	multi	15	31
VASA published, mouse	150	multi	16	30
VASA published, mouse	150	multi	17	12
VASA published, mouse	150	multi	18	4
VASA published, mouse	150	multi	19	18
VASA published, mouse	150	multi	20	70
VASA published, mouse	150	single	1	121444
VASA published, mouse	150	single	2	5628
VASA published, mouse	150	single	3	244
VASA published, mouse	150	single	4	17
VASA published, mouse	150	single	16	1
VASA published, mouse	150	single	19	5
VASA published, mouse	150	single	20	23
VASA published, mouse	154	multi	1	7069
VASA published, mouse	154	multi	2	11868
VASA published, mouse	154	multi	3	7438
VASA published, mouse	154	multi	4	4781
VASA published, mouse	154	multi	5	3909
VASA published, mouse	154	multi	6	1748
VASA published, mouse	154	multi	7	1939
VASA published, mouse	154	multi	8	809
VASA published, mouse	154	multi	9	772
VASA published, mouse	154	multi	10	671
VASA published, mouse	154	multi	11	393
VASA published, mouse	154	multi	12	322
VASA published, mouse	154	multi	13	127
VASA published, mouse	154	multi	14	163
VASA published, mouse	154	multi	15	143
VASA published, mouse	154	multi	16	63
VASA published, mouse	154	multi	17	122
VASA published, mouse	154	multi	18	50
VASA published, mouse	154	multi	19	69
VASA published, mouse	154	multi	20	379
VASA published, mouse	154	single	1	281655
VASA published, mouse	154	single	2	11574
VASA published, mouse	154	single	3	384
VASA published, mouse	154	single	4	17
VASA published, mouse	154	single	5	3
VASA published, mouse	154	single	7	3
VASA published, mouse	154	single	14	2
VASA published, mouse	154	single	15	4
VASA published, mouse	154	single	17	2
VASA published, mouse	154	single	19	10
VASA published, mouse	154	single	20	8
VASA published, mouse	156	multi	1	4563
VASA published, mouse	156	multi	2	7772
VASA published, mouse	156	multi	3	4282
VASA published, mouse	156	multi	4	2917
VASA published, mouse	156	multi	5	2348
VASA published, mouse	156	multi	6	943
VASA published, mouse	156	multi	7	1102
VASA published, mouse	156	multi	8	433
VASA published, mouse	156	multi	9	481
VASA published, mouse	156	multi	10	303
VASA published, mouse	156	multi	11	184
VASA published, mouse	156	multi	12	170
VASA published, mouse	156	multi	13	69
VASA published, mouse	156	multi	14	84
VASA published, mouse	156	multi	15	80
VASA published, mouse	156	multi	16	52
VASA published, mouse	156	multi	17	64
VASA published, mouse	156	multi	18	33
VASA published, mouse	156	multi	19	25
VASA published, mouse	156	multi	20	158
VASA published, mouse	156	single	1	140352
VASA published, mouse	156	single	2	6112
VASA published, mouse	156	single	3	212
VASA published, mouse	156	single	4	13
VASA published, mouse	156	single	16	3
VASA published, mouse	156	single	17	23
VASA published, mouse	156	single	18	6
VASA published, mouse	156	single	20	38
VASA published, mouse	158	multi	1	4901
VASA published, mouse	158	multi	2	7192
VASA published, mouse	158	multi	3	4207
VASA published, mouse	158	multi	4	3075
VASA published, mouse	158	multi	5	2301
VASA published, mouse	158	multi	6	1007
VASA published, mouse	158	multi	7	1319
VASA published, mouse	158	multi	8	460
VASA published, mouse	158	multi	9	487
VASA published, mouse	158	multi	10	298
VASA published, mouse	158	multi	11	156
VASA published, mouse	158	multi	12	206
VASA published, mouse	158	multi	13	65
VASA published, mouse	158	multi	14	119
VASA published, mouse	158	multi	15	103
VASA published, mouse	158	multi	16	39
VASA published, mouse	158	multi	17	70
VASA published, mouse	158	multi	18	51
VASA published, mouse	158	multi	19	78
VASA published, mouse	158	multi	20	206
VASA published, mouse	158	single	1	171831
VASA published, mouse	158	single	2	7161
VASA published, mouse	158	single	3	220
VASA published, mouse	158	single	4	8
VASA published, mouse	158	single	15	2
VASA published, mouse	158	single	16	5
VASA published, mouse	158	single	17	3
VASA published, mouse	158	single	20	4
VASA published, mouse	160	multi	1	3365
VASA published, mouse	160	multi	2	4914
VASA published, mouse	160	multi	3	3321
VASA published, mouse	160	multi	4	4070
VASA published, mouse	160	multi	5	5770
VASA published, mouse	160	multi	6	941
VASA published, mouse	160	multi	7	3150
VASA published, mouse	160	multi	8	389
VASA published, mouse	160	multi	9	2100
VASA published, mouse	160	multi	10	688
VASA published, mouse	160	multi	11	136
VASA published, mouse	160	multi	12	113
VASA published, mouse	160	multi	13	70
VASA published, mouse	160	multi	14	111
VASA published, mouse	160	multi	15	64
VASA published, mouse	160	multi	16	34
VASA published, mouse	160	multi	17	16
VASA published, mouse	160	multi	18	23
VASA published, mouse	160	multi	19	31
VASA published, mouse	160	multi	20	125
VASA published, mouse	160	single	1	114924
VASA published, mouse	160	single	2	5543
VASA published, mouse	160	single	3	395
VASA published, mouse	160	single	4	12
VASA published, mouse	160	single	15	1
VASA published, mouse	160	single	20	15
VASA published, mouse	162	multi	1	3528
VASA published, mouse	162	multi	2	6707
VASA published, mouse	162	multi	3	3838
VASA published, mouse	162	multi	4	2287
VASA published, mouse	162	multi	5	1822
VASA published, mouse	162	multi	6	801
VASA published, mouse	162	multi	7	926
VASA published, mouse	162	multi	8	423
VASA published, mouse	162	multi	9	411
VASA published, mouse	162	multi	10	280
VASA published, mouse	162	multi	11	149
VASA published, mouse	162	multi	12	148
VASA published, mouse	162	multi	13	61
VASA published, mouse	162	multi	14	58
VASA published, mouse	162	multi	15	78
VASA published, mouse	162	multi	16	47
VASA published, mouse	162	multi	17	22
VASA published, mouse	162	multi	18	29
VASA published, mouse	162	multi	19	35
VASA published, mouse	162	multi	20	194
VASA published, mouse	162	single	1	117057
VASA published, mouse	162	single	2	4963
VASA published, mouse	162	single	3	198
VASA published, mouse	162	single	4	23
VASA published, mouse	162	single	5	9
VASA published, mouse	162	single	7	6
VASA published, mouse	162	single	13	2
VASA published, mouse	162	single	16	1
VASA published, mouse	162	single	20	38
VASA published, mouse	164	multi	1	2637
VASA published, mouse	164	multi	2	4529
VASA published, mouse	164	multi	3	2675
VASA published, mouse	164	multi	4	1590
VASA published, mouse	164	multi	5	1215
VASA published, mouse	164	multi	6	629
VASA published, mouse	164	multi	7	595
VASA published, mouse	164	multi	8	297
VASA published, mouse	164	multi	9	208
VASA published, mouse	164	multi	10	168
VASA published, mouse	164	multi	11	75
VASA published, mouse	164	multi	12	81
VASA published, mouse	164	multi	13	42
VASA published, mouse	164	multi	14	62
VASA published, mouse	164	multi	15	32
VASA published, mouse	164	multi	16	57
VASA published, mouse	164	multi	17	30
VASA published, mouse	164	multi	18	28
VASA published, mouse	164	multi	19	26
VASA published, mouse	164	multi	20	148
VASA published, mouse	164	single	1	81299
VASA published, mouse	164	single	2	3404
VASA published, mouse	164	single	3	122
VASA published, mouse	164	single	7	6
VASA published, mouse	164	single	15	2
VASA published, mouse	164	single	20	12
VASA published, mouse	166	multi	1	1825
VASA published, mouse	166	multi	2	3497
VASA published, mouse	166	multi	3	1994
VASA published, mouse	166	multi	4	1184
VASA published, mouse	166	multi	5	952
VASA published, mouse	166	multi	6	545
VASA published, mouse	166	multi	7	431
VASA published, mouse	166	multi	8	212
VASA published, mouse	166	multi	9	96
VASA published, mouse	166	multi	10	91
VASA published, mouse	166	multi	11	87
VASA published, mouse	166	multi	12	49
VASA published, mouse	166	multi	13	55
VASA published, mouse	166	multi	14	60
VASA published, mouse	166	multi	15	56
VASA published, mouse	166	multi	16	50
VASA published, mouse	166	multi	17	36
VASA published, mouse	166	multi	18	25
VASA published, mouse	166	multi	19	25
VASA published, mouse	166	multi	20	112
VASA published, mouse	166	single	1	50136
VASA published, mouse	166	single	2	2238
VASA published, mouse	166	single	3	61
VASA published, mouse	166	single	5	2
VASA published, mouse	166	single	20	6
VASA published, mouse	170	multi	1	2020
VASA published, mouse	170	multi	2	2908
VASA published, mouse	170	multi	3	1651
VASA published, mouse	170	multi	4	1253
VASA published, mouse	170	multi	5	1092
VASA published, mouse	170	multi	6	435
VASA published, mouse	170	multi	7	480
VASA published, mouse	170	multi	8	154
VASA published, mouse	170	multi	9	209
VASA published, mouse	170	multi	10	103
VASA published, mouse	170	multi	11	65
VASA published, mouse	170	multi	12	89
VASA published, mouse	170	multi	13	22
VASA published, mouse	170	multi	14	31
VASA published, mouse	170	multi	15	26
VASA published, mouse	170	multi	16	17
VASA published, mouse	170	multi	17	9
VASA published, mouse	170	multi	18	10
VASA published, mouse	170	multi	19	12
VASA published, mouse	170	multi	20	70
VASA published, mouse	170	single	1	65292
VASA published, mouse	170	single	2	2656
VASA published, mouse	170	single	3	98
VASA published, mouse	170	single	4	1
VASA published, mouse	170	single	20	22
VASA published, mouse	172	multi	1	3578
VASA published, mouse	172	multi	2	5954
VASA published, mouse	172	multi	3	3511
VASA published, mouse	172	multi	4	1966
VASA published, mouse	172	multi	5	1599
VASA published, mouse	172	multi	6	819
VASA published, mouse	172	multi	7	936
VASA published, mouse	172	multi	8	357
VASA published, mouse	172	multi	9	254
VASA published, mouse	172	multi	10	138
VASA published, mouse	172	multi	11	143
VASA published, mouse	172	multi	12	139
VASA published, mouse	172	multi	13	51
VASA published, mouse	172	multi	14	68
VASA published, mouse	172	multi	15	66
VASA published, mouse	172	multi	16	81
VASA published, mouse	172	multi	17	41
VASA published, mouse	172	multi	18	21
VASA published, mouse	172	multi	19	39
VASA published, mouse	172	multi	20	213
VASA published, mouse	172	single	1	112411
VASA published, mouse	172	single	2	4532
VASA published, mouse	172	single	3	139
VASA published, mouse	172	single	4	6
VASA published, mouse	172	single	5	3
VASA published, mouse	172	single	6	10
VASA published, mouse	172	single	7	11
VASA published, mouse	172	single	10	1
VASA published, mouse	172	single	13	2
VASA published, mouse	172	single	19	3
VASA published, mouse	172	single	20	14
VASA published, mouse	174	multi	1	2052
VASA published, mouse	174	multi	2	3347
VASA published, mouse	174	multi	3	1657
VASA published, mouse	174	multi	4	910
VASA published, mouse	174	multi	5	839
VASA published, mouse	174	multi	6	286
VASA published, mouse	174	multi	7	441
VASA published, mouse	174	multi	8	141
VASA published, mouse	174	multi	9	229
VASA published, mouse	174	multi	10	80
VASA published, mouse	174	multi	11	60
VASA published, mouse	174	multi	12	54
VASA published, mouse	174	multi	13	19
VASA published, mouse	174	multi	14	36
VASA published, mouse	174	multi	15	21
VASA published, mouse	174	multi	16	22
VASA published, mouse	174	multi	17	30
VASA published, mouse	174	multi	18	3
VASA published, mouse	174	multi	19	40
VASA published, mouse	174	multi	20	53
VASA published, mouse	174	single	1	81420
VASA published, mouse	174	single	2	3109
VASA published, mouse	174	single	3	118
VASA published, mouse	174	single	4	9
VASA published, mouse	174	single	9	1
VASA published, mouse	174	single	10	5
VASA published, mouse	174	single	11	1
VASA published, mouse	174	single	14	3
VASA published, mouse	174	single	15	1
VASA published, mouse	174	single	20	12
VASA published, mouse	176	multi	1	3222
VASA published, mouse	176	multi	2	5981
VASA published, mouse	176	multi	3	4077
VASA published, mouse	176	multi	4	2411
VASA published, mouse	176	multi	5	1936
VASA published, mouse	176	multi	6	1021
VASA published, mouse	176	multi	7	904
VASA published, mouse	176	multi	8	363
VASA published, mouse	176	multi	9	288
VASA published, mouse	176	multi	10	211
VASA published, mouse	176	multi	11	168
VASA published, mouse	176	multi	12	146
VASA published, mouse	176	multi	13	82
VASA published, mouse	176	multi	14	71
VASA published, mouse	176	multi	15	76
VASA published, mouse	176	multi	16	61
VASA published, mouse	176	multi	17	37
VASA published, mouse	176	multi	18	33
VASA published, mouse	176	multi	19	60
VASA published, mouse	176	multi	20	303
VASA published, mouse	176	single	1	97056
VASA published, mouse	176	single	2	4478
VASA published, mouse	176	single	3	134
VASA published, mouse	176	single	4	3
VASA published, mouse	176	single	7	12
VASA published, mouse	176	single	8	2
VASA published, mouse	176	single	18	3
VASA published, mouse	176	single	20	13
VASA published, mouse	178	multi	1	3989
VASA published, mouse	178	multi	2	6205
VASA published, mouse	178	multi	3	4044
VASA published, mouse	178	multi	4	2284
VASA published, mouse	178	multi	5	1848
VASA published, mouse	178	multi	6	816
VASA published, mouse	178	multi	7	920
VASA published, mouse	178	multi	8	400
VASA published, mouse	178	multi	9	285
VASA published, mouse	178	multi	10	189
VASA published, mouse	178	multi	11	124
VASA published, mouse	178	multi	12	118
VASA published, mouse	178	multi	13	84
VASA published, mouse	178	multi	14	88
VASA published, mouse	178	multi	15	93
VASA published, mouse	178	multi	16	37
VASA published, mouse	178	multi	17	78
VASA published, mouse	178	multi	18	10
VASA published, mouse	178	multi	19	29
VASA published, mouse	178	multi	20	207
VASA published, mouse	178	single	1	126245
VASA published, mouse	178	single	2	5211
VASA published, mouse	178	single	3	148
VASA published, mouse	178	single	4	2
VASA published, mouse	178	single	6	5
VASA published, mouse	178	single	15	2
VASA published, mouse	178	single	20	8
VASA published, mouse	180	multi	1	7068
VASA published, mouse	180	multi	2	11116
VASA published, mouse	180	multi	3	6373
VASA published, mouse	180	multi	4	4013
VASA published, mouse	180	multi	5	2871
VASA published, mouse	180	multi	6	1405
VASA published, mouse	180	multi	7	1714
VASA published, mouse	180	multi	8	740
VASA published, mouse	180	multi	9	695
VASA published, mouse	180	multi	10	425
VASA published, mouse	180	multi	11	240
VASA published, mouse	180	multi	12	265
VASA published, mouse	180	multi	13	87
VASA published, mouse	180	multi	14	174
VASA published, mouse	180	multi	15	91
VASA published, mouse	180	multi	16	62
VASA published, mouse	180	multi	17	43
VASA published, mouse	180	multi	18	29
VASA published, mouse	180	multi	19	88
VASA published, mouse	180	multi	20	395
VASA published, mouse	180	single	1	226063
VASA published, mouse	180	single	2	9028
VASA published, mouse	180	single	3	338
VASA published, mouse	180	single	4	13
VASA published, mouse	180	single	6	3
VASA published, mouse	180	single	7	1
VASA published, mouse	180	single	8	7
VASA published, mouse	180	single	13	1
VASA published, mouse	180	single	15	19
VASA published, mouse	180	single	16	3
VASA published, mouse	180	single	17	5
VASA published, mouse	180	single	18	9
VASA published, mouse	180	single	19	12
VASA published, mouse	180	single	20	51
VASA published, mouse	182	multi	1	3278
VASA published, mouse	182	multi	2	5332
VASA published, mouse	182	multi	3	3292
VASA published, mouse	182	multi	4	2114
VASA published, mouse	182	multi	5	1462
VASA published, mouse	182	multi	6	744
VASA published, mouse	182	multi	7	676
VASA published, mouse	182	multi	8	307
VASA published, mouse	182	multi	9	301
VASA published, mouse	182	multi	10	175
VASA published, mouse	182	multi	11	131
VASA published, mouse	182	multi	12	86
VASA published, mouse	182	multi	13	49
VASA published, mouse	182	multi	14	47
VASA published, mouse	182	multi	15	36
VASA published, mouse	182	multi	16	32
VASA published, mouse	182	multi	17	24
VASA published, mouse	182	multi	18	20
VASA published, mouse	182	multi	19	37
VASA published, mouse	182	multi	20	134
VASA published, mouse	182	single	1	104914
VASA published, mouse	182	single	2	4233
VASA published, mouse	182	single	3	118
VASA published, mouse	182	single	4	9
VASA published, mouse	184	multi	1	5310
VASA published, mouse	184	multi	2	8961
VASA published, mouse	184	multi	3	5231
VASA published, mouse	184	multi	4	3442
VASA published, mouse	184	multi	5	3135
VASA published, mouse	184	multi	6	1200
VASA published, mouse	184	multi	7	1517
VASA published, mouse	184	multi	8	534
VASA published, mouse	184	multi	9	519
VASA published, mouse	184	multi	10	295
VASA published, mouse	184	multi	11	158
VASA published, mouse	184	multi	12	180
VASA published, mouse	184	multi	13	84
VASA published, mouse	184	multi	14	113
VASA published, mouse	184	multi	15	79
VASA published, mouse	184	multi	16	46
VASA published, mouse	184	multi	17	96
VASA published, mouse	184	multi	18	17
VASA published, mouse	184	multi	19	20
VASA published, mouse	184	multi	20	198
VASA published, mouse	184	single	1	202056
VASA published, mouse	184	single	2	7669
VASA published, mouse	184	single	3	347
VASA published, mouse	184	single	4	5
VASA published, mouse	184	single	13	5
VASA published, mouse	184	single	15	2
VASA published, mouse	184	single	16	1
VASA published, mouse	184	single	17	6
VASA published, mouse	184	single	18	2
VASA published, mouse	184	single	20	23
VASA published, mouse	186	multi	1	12480
VASA published, mouse	186	multi	2	17980
VASA published, mouse	186	multi	3	9504
VASA published, mouse	186	multi	4	6427
VASA published, mouse	186	multi	5	5587
VASA published, mouse	186	multi	6	2052
VASA published, mouse	186	multi	7	2497
VASA published, mouse	186	multi	8	967
VASA published, mouse	186	multi	9	954
VASA published, mouse	186	multi	10	857
VASA published, mouse	186	multi	11	345
VASA published, mouse	186	multi	12	473
VASA published, mouse	186	multi	13	163
VASA published, mouse	186	multi	14	200
VASA published, mouse	186	multi	15	144
VASA published, mouse	186	multi	16	122
VASA published, mouse	186	multi	17	55
VASA published, mouse	186	multi	18	40
VASA published, mouse	186	multi	19	97
VASA published, mouse	186	multi	20	367
VASA published, mouse	186	single	1	364558
VASA published, mouse	186	single	2	16257
VASA published, mouse	186	single	3	585
VASA published, mouse	186	single	4	9
VASA published, mouse	186	single	11	2
VASA published, mouse	186	single	13	13
VASA published, mouse	186	single	14	3
VASA published, mouse	186	single	15	3
VASA published, mouse	186	single	20	37
VASA published, mouse	188	multi	1	4239
VASA published, mouse	188	multi	2	7446
VASA published, mouse	188	multi	3	4131
VASA published, mouse	188	multi	4	2935
VASA published, mouse	188	multi	5	2359
VASA published, mouse	188	multi	6	923
VASA published, mouse	188	multi	7	1012
VASA published, mouse	188	multi	8	419
VASA published, mouse	188	multi	9	439
VASA published, mouse	188	multi	10	317
VASA published, mouse	188	multi	11	142
VASA published, mouse	188	multi	12	188
VASA published, mouse	188	multi	13	64
VASA published, mouse	188	multi	14	98
VASA published, mouse	188	multi	15	86
VASA published, mouse	188	multi	16	62
VASA published, mouse	188	multi	17	24
VASA published, mouse	188	multi	18	65
VASA published, mouse	188	multi	19	42
VASA published, mouse	188	multi	20	201
VASA published, mouse	188	single	1	145253
VASA published, mouse	188	single	2	6493
VASA published, mouse	188	single	3	249
VASA published, mouse	188	single	4	15
VASA published, mouse	188	single	6	3
VASA published, mouse	188	single	14	1
VASA published, mouse	188	single	16	1
VASA published, mouse	188	single	17	2
VASA published, mouse	188	single	20	10
VASA published, mouse	190	multi	1	5390
VASA published, mouse	190	multi	2	8488
VASA published, mouse	190	multi	3	4708
VASA published, mouse	190	multi	4	3316
VASA published, mouse	190	multi	5	2543
VASA published, mouse	190	multi	6	1130
VASA published, mouse	190	multi	7	1411
VASA published, mouse	190	multi	8	405
VASA published, mouse	190	multi	9	554
VASA published, mouse	190	multi	10	282
VASA published, mouse	190	multi	11	175
VASA published, mouse	190	multi	12	167
VASA published, mouse	190	multi	13	44
VASA published, mouse	190	multi	14	68
VASA published, mouse	190	multi	15	84
VASA published, mouse	190	multi	16	56
VASA published, mouse	190	multi	17	44
VASA published, mouse	190	multi	18	42
VASA published, mouse	190	multi	19	27
VASA published, mouse	190	multi	20	274
VASA published, mouse	190	single	1	182554
VASA published, mouse	190	single	2	8015
VASA published, mouse	190	single	3	287
VASA published, mouse	190	single	4	7
VASA published, mouse	190	single	8	2
VASA published, mouse	190	single	15	1
VASA published, mouse	190	single	16	4
VASA published, mouse	190	single	20	52
VASA published, mouse	194	multi	1	940
VASA published, mouse	194	multi	2	1638
VASA published, mouse	194	multi	3	1037
VASA published, mouse	194	multi	4	658
VASA published, mouse	194	multi	5	594
VASA published, mouse	194	multi	6	224
VASA published, mouse	194	multi	7	228
VASA published, mouse	194	multi	8	80
VASA published, mouse	194	multi	9	164
VASA published, mouse	194	multi	10	125
VASA published, mouse	194	multi	11	46
VASA published, mouse	194	multi	12	26
VASA published, mouse	194	multi	13	14
VASA published, mouse	194	multi	14	32
VASA published, mouse	194	multi	15	7
VASA published, mouse	194	multi	16	22
VASA published, mouse	194	multi	17	12
VASA published, mouse	194	multi	18	5
VASA published, mouse	194	multi	19	12
VASA published, mouse	194	multi	20	62
VASA published, mouse	194	single	1	25586
VASA published, mouse	194	single	2	1908
VASA published, mouse	194	single	3	58
VASA published, mouse	194	single	4	4
VASA published, mouse	194	single	7	2
VASA published, mouse	194	single	20	6
VASA published, mouse	196	multi	1	2106
VASA published, mouse	196	multi	2	3207
VASA published, mouse	196	multi	3	2320
VASA published, mouse	196	multi	4	1794
VASA published, mouse	196	multi	5	1716
VASA published, mouse	196	multi	6	504
VASA published, mouse	196	multi	7	689
VASA published, mouse	196	multi	8	208
VASA published, mouse	196	multi	9	240
VASA published, mouse	196	multi	10	419
VASA published, mouse	196	multi	11	110
VASA published, mouse	196	multi	12	82
VASA published, mouse	196	multi	13	35
VASA published, mouse	196	multi	14	89
VASA published, mouse	196	multi	15	30
VASA published, mouse	196	multi	16	26
VASA published, mouse	196	multi	17	33
VASA published, mouse	196	multi	18	11
VASA published, mouse	196	multi	19	37
VASA published, mouse	196	multi	20	77
VASA published, mouse	196	single	1	69042
VASA published, mouse	196	single	2	3616
VASA published, mouse	196	single	3	126
VASA published, mouse	196	single	4	7
VASA published, mouse	196	single	20	11
VASA published, mouse	198	multi	1	4115
VASA published, mouse	198	multi	2	5892
VASA published, mouse	198	multi	3	3794
VASA published, mouse	198	multi	4	2552
VASA published, mouse	198	multi	5	1636
VASA published, mouse	198	multi	6	727
VASA published, mouse	198	multi	7	937
VASA published, mouse	198	multi	8	425
VASA published, mouse	198	multi	9	214
VASA published, mouse	198	multi	10	140
VASA published, mouse	198	multi	11	110
VASA published, mouse	198	multi	12	137
VASA published, mouse	198	multi	13	57
VASA published, mouse	198	multi	14	52
VASA published, mouse	198	multi	15	67
VASA published, mouse	198	multi	16	49
VASA published, mouse	198	multi	17	78
VASA published, mouse	198	multi	18	31
VASA published, mouse	198	multi	19	39
VASA published, mouse	198	multi	20	199
VASA published, mouse	198	single	1	130863
VASA published, mouse	198	single	2	5031
VASA published, mouse	198	single	3	128
VASA published, mouse	198	single	4	5
VASA published, mouse	198	single	7	1
VASA published, mouse	198	single	9	4
VASA published, mouse	198	single	13	4
VASA published, mouse	198	single	20	26
VASA published, mouse	200	multi	1	5325
VASA published, mouse	200	multi	2	8026
VASA published, mouse	200	multi	3	4767
VASA published, mouse	200	multi	4	3618
VASA published, mouse	200	multi	5	2911
VASA published, mouse	200	multi	6	1169
VASA published, mouse	200	multi	7	1369
VASA published, mouse	200	multi	8	475
VASA published, mouse	200	multi	9	407
VASA published, mouse	200	multi	10	431
VASA published, mouse	200	multi	11	221
VASA published, mouse	200	multi	12	230
VASA published, mouse	200	multi	13	81
VASA published, mouse	200	multi	14	109
VASA published, mouse	200	multi	15	58
VASA published, mouse	200	multi	16	36
VASA published, mouse	200	multi	17	49
VASA published, mouse	200	multi	18	26
VASA published, mouse	200	multi	19	40
VASA published, mouse	200	multi	20	276
VASA published, mouse	200	single	1	174399
VASA published, mouse	200	single	2	7220
VASA published, mouse	200	single	3	324
VASA published, mouse	200	single	4	2
VASA published, mouse	200	single	6	4
VASA published, mouse	200	single	10	3
VASA published, mouse	200	single	19	1
VASA published, mouse	200	single	20	5
VASA published, mouse	202	multi	1	12056
VASA published, mouse	202	multi	2	18776
VASA published, mouse	202	multi	3	11803
VASA published, mouse	202	multi	4	7588
VASA published, mouse	202	multi	5	6465
VASA published, mouse	202	multi	6	2718
VASA published, mouse	202	multi	7	2966
VASA published, mouse	202	multi	8	1404
VASA published, mouse	202	multi	9	1229
VASA published, mouse	202	multi	10	813
VASA published, mouse	202	multi	11	526
VASA published, mouse	202	multi	12	520
VASA published, mouse	202	multi	13	193
VASA published, mouse	202	multi	14	293
VASA published, mouse	202	multi	15	208
VASA published, mouse	202	multi	16	133
VASA published, mouse	202	multi	17	142
VASA published, mouse	202	multi	18	17
VASA published, mouse	202	multi	19	158
VASA published, mouse	202	multi	20	524
VASA published, mouse	202	single	1	434726
VASA published, mouse	202	single	2	17437
VASA published, mouse	202	single	3	608
VASA published, mouse	202	single	4	32
VASA published, mouse	202	single	5	6
VASA published, mouse	202	single	6	1
VASA published, mouse	202	single	7	1
VASA published, mouse	202	single	9	5
VASA published, mouse	202	single	16	1
VASA published, mouse	202	single	17	2
VASA published, mouse	202	single	20	69
VASA published, mouse	204	multi	1	4378
VASA published, mouse	204	multi	2	5817
VASA published, mouse	204	multi	3	3929
VASA published, mouse	204	multi	4	2996
VASA published, mouse	204	multi	5	3006
VASA published, mouse	204	multi	6	888
VASA published, mouse	204	multi	7	1741
VASA published, mouse	204	multi	8	363
VASA published, mouse	204	multi	9	923
VASA published, mouse	204	multi	10	334
VASA published, mouse	204	multi	11	180
VASA published, mouse	204	multi	12	121
VASA published, mouse	204	multi	13	54
VASA published, mouse	204	multi	14	102
VASA published, mouse	204	multi	15	67
VASA published, mouse	204	multi	16	40
VASA published, mouse	204	multi	17	30
VASA published, mouse	204	multi	18	18
VASA published, mouse	204	multi	19	23
VASA published, mouse	204	multi	20	162
VASA published, mouse	204	single	1	158674
VASA published, mouse	204	single	2	6853
VASA published, mouse	204	single	3	367
VASA published, mouse	204	single	4	1
VASA published, mouse	204	single	10	2
VASA published, mouse	204	single	20	5
VASA published, mouse	208	multi	1	5939
VASA published, mouse	208	multi	2	9076
VASA published, mouse	208	multi	3	6108
VASA published, mouse	208	multi	4	5318
VASA published, mouse	208	multi	5	5562
VASA published, mouse	208	multi	6	1352
VASA published, mouse	208	multi	7	2761
VASA published, mouse	208	multi	8	560
VASA published, mouse	208	multi	9	1117
VASA published, mouse	208	multi	10	958
VASA published, mouse	208	multi	11	274
VASA published, mouse	208	multi	12	239
VASA published, mouse	208	multi	13	112
VASA published, mouse	208	multi	14	202
VASA published, mouse	208	multi	15	130
VASA published, mouse	208	multi	16	91
VASA published, mouse	208	multi	17	42
VASA published, mouse	208	multi	18	11
VASA published, mouse	208	multi	19	70
VASA published, mouse	208	multi	20	278
VASA published, mouse	208	single	1	242230
VASA published, mouse	208	single	2	10152
VASA published, mouse	208	single	3	533
VASA published, mouse	208	single	4	16
VASA published, mouse	208	single	5	2
VASA published, mouse	208	single	8	2
VASA published, mouse	208	single	20	41
VASA published, mouse	210	multi	1	6603
VASA published, mouse	210	multi	2	11490
VASA published, mouse	210	multi	3	6724
VASA published, mouse	210	multi	4	4699
VASA published, mouse	210	multi	5	3989
VASA published, mouse	210	multi	6	1488
VASA published, mouse	210	multi	7	2055
VASA published, mouse	210	multi	8	779
VASA published, mouse	210	multi	9	766
VASA published, mouse	210	multi	10	463
VASA published, mouse	210	multi	11	245
VASA published, mouse	210	multi	12	252
VASA published, mouse	210	multi	13	149
VASA published, mouse	210	multi	14	183
VASA published, mouse	210	multi	15	99
VASA published, mouse	210	multi	16	62
VASA published, mouse	210	multi	17	45
VASA published, mouse	210	multi	18	20
VASA published, mouse	210	multi	19	85
VASA published, mouse	210	multi	20	429
VASA published, mouse	210	single	1	270794
VASA published, mouse	210	single	2	11009
VASA published, mouse	210	single	3	393
VASA published, mouse	210	single	4	12
VASA published, mouse	210	single	6	2
VASA published, mouse	210	single	10	1
VASA published, mouse	210	single	20	47
VASA published, mouse	214	multi	1	1422
VASA published, mouse	214	multi	2	2173
VASA published, mouse	214	multi	3	1560
VASA published, mouse	214	multi	4	871
VASA published, mouse	214	multi	5	629
VASA published, mouse	214	multi	6	344
VASA published, mouse	214	multi	7	330
VASA published, mouse	214	multi	8	170
VASA published, mouse	214	multi	9	117
VASA published, mouse	214	multi	10	73
VASA published, mouse	214	multi	11	58
VASA published, mouse	214	multi	12	61
VASA published, mouse	214	multi	13	31
VASA published, mouse	214	multi	14	30
VASA published, mouse	214	multi	15	39
VASA published, mouse	214	multi	16	21
VASA published, mouse	214	multi	17	14
VASA published, mouse	214	multi	18	3
VASA published, mouse	214	multi	19	15
VASA published, mouse	214	multi	20	72
VASA published, mouse	214	single	1	47550
VASA published, mouse	214	single	2	1977
VASA published, mouse	214	single	3	77
VASA published, mouse	214	single	20	3
VASA published, mouse	215	multi	1	3476
VASA published, mouse	215	multi	2	4874
VASA published, mouse	215	multi	3	2547
VASA published, mouse	215	multi	4	2085
VASA published, mouse	215	multi	5	1557
VASA published, mouse	215	multi	6	609
VASA published, mouse	215	multi	7	737
VASA published, mouse	215	multi	8	232
VASA published, mouse	215	multi	9	324
VASA published, mouse	215	multi	10	130
VASA published, mouse	215	multi	11	123
VASA published, mouse	215	multi	12	117
VASA published, mouse	215	multi	13	54
VASA published, mouse	215	multi	14	58
VASA published, mouse	215	multi	15	45
VASA published, mouse	215	multi	16	22
VASA published, mouse	215	multi	17	15
VASA published, mouse	215	multi	18	46
VASA published, mouse	215	multi	19	15
VASA published, mouse	215	multi	20	101
VASA published, mouse	215	single	1	119293
VASA published, mouse	215	single	2	4953
VASA published, mouse	215	single	3	171
VASA published, mouse	215	single	4	2
VASA published, mouse	215	single	6	1
VASA published, mouse	215	single	8	1
VASA published, mouse	215	single	20	4
VASA published, mouse	218	multi	1	5414
VASA published, mouse	218	multi	2	8019
VASA published, mouse	218	multi	3	5175
VASA published, mouse	218	multi	4	4510
VASA published, mouse	218	multi	5	4176
VASA published, mouse	218	multi	6	1338
VASA published, mouse	218	multi	7	1493
VASA published, mouse	218	multi	8	614
VASA published, mouse	218	multi	9	639
VASA published, mouse	218	multi	10	471
VASA published, mouse	218	multi	11	180
VASA published, mouse	218	multi	12	258
VASA published, mouse	218	multi	13	107
VASA published, mouse	218	multi	14	133
VASA published, mouse	218	multi	15	92
VASA published, mouse	218	multi	16	67
VASA published, mouse	218	multi	17	83
VASA published, mouse	218	multi	18	75
VASA published, mouse	218	multi	19	69
VASA published, mouse	218	multi	20	305
VASA published, mouse	218	single	1	216738
VASA published, mouse	218	single	2	9140
VASA published, mouse	218	single	3	365
VASA published, mouse	218	single	4	16
VASA published, mouse	218	single	9	1
VASA published, mouse	218	single	17	1
VASA published, mouse	218	single	20	25
VASA published, mouse	220	multi	1	8797
VASA published, mouse	220	multi	2	14400
VASA published, mouse	220	multi	3	8500
VASA published, mouse	220	multi	4	6040
VASA published, mouse	220	multi	5	5099
VASA published, mouse	220	multi	6	2017
VASA published, mouse	220	multi	7	2599
VASA published, mouse	220	multi	8	966
VASA published, mouse	220	multi	9	1359
VASA published, mouse	220	multi	10	1127
VASA published, mouse	220	multi	11	431
VASA published, mouse	220	multi	12	359
VASA published, mouse	220	multi	13	174
VASA published, mouse	220	multi	14	252
VASA published, mouse	220	multi	15	153
VASA published, mouse	220	multi	16	97
VASA published, mouse	220	multi	17	56
VASA published, mouse	220	multi	18	68
VASA published, mouse	220	multi	19	65
VASA published, mouse	220	multi	20	347
VASA published, mouse	220	single	1	356061
VASA published, mouse	220	single	2	14594
VASA published, mouse	220	single	3	614
VASA published, mouse	220	single	4	24
VASA published, mouse	220	single	5	1
VASA published, mouse	220	single	12	2
VASA published, mouse	220	single	13	1
VASA published, mouse	220	single	15	7
VASA published, mouse	220	single	16	5
VASA published, mouse	220	single	18	1
VASA published, mouse	220	single	20	48
VASA published, mouse	222	multi	1	6408
VASA published, mouse	222	multi	2	11367
VASA published, mouse	222	multi	3	6721
VASA published, mouse	222	multi	4	3887
VASA published, mouse	222	multi	5	2996
VASA published, mouse	222	multi	6	1407
VASA published, mouse	222	multi	7	1537
VASA published, mouse	222	multi	8	642
VASA published, mouse	222	multi	9	518
VASA published, mouse	222	multi	10	408
VASA published, mouse	222	multi	11	222
VASA published, mouse	222	multi	12	215
VASA published, mouse	222	multi	13	122
VASA published, mouse	222	multi	14	129
VASA published, mouse	222	multi	15	94
VASA published, mouse	222	multi	16	97
VASA published, mouse	222	multi	17	101
VASA published, mouse	222	multi	18	23
VASA published, mouse	222	multi	19	84
VASA published, mouse	222	multi	20	320
VASA published, mouse	222	single	1	228224
VASA published, mouse	222	single	2	8935
VASA published, mouse	222	single	3	305
VASA published, mouse	222	single	4	13
VASA published, mouse	222	single	5	2
VASA published, mouse	222	single	7	1
VASA published, mouse	222	single	8	1
VASA published, mouse	222	single	9	2
VASA published, mouse	222	single	11	2
VASA published, mouse	222	single	14	4
VASA published, mouse	222	single	15	1
VASA published, mouse	222	single	16	3
VASA published, mouse	222	single	17	3
VASA published, mouse	222	single	20	36
VASA published, mouse	224	multi	1	1494
VASA published, mouse	224	multi	2	3628
VASA published, mouse	224	multi	3	1986
VASA published, mouse	224	multi	4	1063
VASA published, mouse	224	multi	5	862
VASA published, mouse	224	multi	6	438
VASA published, mouse	224	multi	7	390
VASA published, mouse	224	multi	8	200
VASA published, mouse	224	multi	9	119
VASA published, mouse	224	multi	10	137
VASA published, mouse	224	multi	11	78
VASA published, mouse	224	multi	12	37
VASA published, mouse	224	multi	13	27
VASA published, mouse	224	multi	14	51
VASA published, mouse	224	multi	15	33
VASA published, mouse	224	multi	16	66
VASA published, mouse	224	multi	17	8
VASA published, mouse	224	multi	18	18
VASA published, mouse	224	multi	19	33
VASA published, mouse	224	multi	20	117
VASA published, mouse	224	single	1	46358
VASA published, mouse	224	single	2	2236
VASA published, mouse	224	single	3	76
VASA published, mouse	224	single	4	12
VASA published, mouse	224	single	19	2
VASA published, mouse	224	single	20	4
VASA published, mouse	226	multi	1	3336
VASA published, mouse	226	multi	2	6183
VASA published, mouse	226	multi	3	3850
VASA published, mouse	226	multi	4	2157
VASA published, mouse	226	multi	5	1595
VASA published, mouse	226	multi	6	774
VASA published, mouse	226	multi	7	727
VASA published, mouse	226	multi	8	323
VASA published, mouse	226	multi	9	202
VASA published, mouse	226	multi	10	193
VASA published, mouse	226	multi	11	146
VASA published, mouse	226	multi	12	117
VASA published, mouse	226	multi	13	63
VASA published, mouse	226	multi	14	89
VASA published, mouse	226	multi	15	58
VASA published, mouse	226	multi	16	112
VASA published, mouse	226	multi	17	47
VASA published, mouse	226	multi	18	12
VASA published, mouse	226	multi	19	38
VASA published, mouse	226	multi	20	170
VASA published, mouse	226	single	1	89623
VASA published, mouse	226	single	2	3994
VASA published, mouse	226	single	3	85
VASA published, mouse	226	single	15	2
VASA published, mouse	226	single	20	4
VASA published, mouse	228	multi	1	919
VASA published, mouse	228	multi	2	1679
VASA published, mouse	228	multi	3	1135
VASA published, mouse	228	multi	4	711
VASA published, mouse	228	multi	5	420
VASA published, mouse	228	multi	6	247
VASA published, mouse	228	multi	7	180
VASA published, mouse	228	multi	8	133
VASA published, mouse	228	multi	9	51
VASA published, mouse	228	multi	10	54
VASA published, mouse	228	multi	11	41
VASA published, mouse	228	multi	12	41
VASA published, mouse	228	multi	13	7
VASA published, mouse	228	multi	14	31
VASA published, mouse	228	multi	15	20
VASA published, mouse	228	multi	16	25
VASA published, mouse	228	multi	17	13
VASA published, mouse	228	multi	18	7
VASA published, mouse	228	multi	19	6
VASA published, mouse	228	multi	20	73
VASA published, mouse	228	single	1	18553
VASA published, mouse	228	single	2	947
VASA published, mouse	228	single	3	32
VASA published, mouse	228	single	20	2
VASA published, mouse	230	multi	1	2062
VASA published, mouse	230	multi	2	3366
VASA published, mouse	230	multi	3	2175
VASA published, mouse	230	multi	4	1415
VASA published, mouse	230	multi	5	1083
VASA published, mouse	230	multi	6	493
VASA published, mouse	230	multi	7	490
VASA published, mouse	230	multi	8	225
VASA published, mouse	230	multi	9	173
VASA published, mouse	230	multi	10	125
VASA published, mouse	230	multi	11	101
VASA published, mouse	230	multi	12	76
VASA published, mouse	230	multi	13	60
VASA published, mouse	230	multi	14	36
VASA published, mouse	230	multi	15	66
VASA published, mouse	230	multi	16	18
VASA published, mouse	230	multi	17	23
VASA published, mouse	230	multi	18	15
VASA published, mouse	230	multi	19	51
VASA published, mouse	230	multi	20	145
VASA published, mouse	230	single	1	65743
VASA published, mouse	230	single	2	2952
VASA published, mouse	230	single	3	63
VASA published, mouse	230	single	4	5
VASA published, mouse	230	single	20	18
VASA published, mouse	232	multi	1	2794
VASA published, mouse	232	multi	2	4626
VASA published, mouse	232	multi	3	2810
VASA published, mouse	232	multi	4	2370
VASA published, mouse	232	multi	5	2274
VASA published, mouse	232	multi	6	699
VASA published, mouse	232	multi	7	1141
VASA published, mouse	232	multi	8	318
VASA published, mouse	232	multi	9	345
VASA published, mouse	232	multi	10	295
VASA published, mouse	232	multi	11	110
VASA published, mouse	232	multi	12	81
VASA published, mouse	232	multi	13	53
VASA published, mouse	232	multi	14	48
VASA published, mouse	232	multi	15	37
VASA published, mouse	232	multi	16	33
VASA published, mouse	232	multi	17	37
VASA published, mouse	232	multi	18	10
VASA published, mouse	232	multi	19	19
VASA published, mouse	232	multi	20	121
VASA published, mouse	232	single	1	117526
VASA published, mouse	232	single	2	5054
VASA published, mouse	232	single	3	235
VASA published, mouse	232	single	4	1
VASA published, mouse	232	single	8	1
VASA published, mouse	232	single	12	1
VASA published, mouse	232	single	15	2
VASA published, mouse	232	single	17	5
VASA published, mouse	232	single	20	30
VASA published, mouse	234	multi	1	4588
VASA published, mouse	234	multi	2	7307
VASA published, mouse	234	multi	3	4596
VASA published, mouse	234	multi	4	3291
VASA published, mouse	234	multi	5	3255
VASA published, mouse	234	multi	6	1051
VASA published, mouse	234	multi	7	1218
VASA published, mouse	234	multi	8	589
VASA published, mouse	234	multi	9	624
VASA published, mouse	234	multi	10	387
VASA published, mouse	234	multi	11	145
VASA published, mouse	234	multi	12	149
VASA published, mouse	234	multi	13	62
VASA published, mouse	234	multi	14	88
VASA published, mouse	234	multi	15	102
VASA published, mouse	234	multi	16	16
VASA published, mouse	234	multi	17	30
VASA published, mouse	234	multi	18	18
VASA published, mouse	234	multi	19	38
VASA published, mouse	234	multi	20	181
VASA published, mouse	234	single	1	185761
VASA published, mouse	234	single	2	7452
VASA published, mouse	234	single	3	300
VASA published, mouse	234	single	4	8
VASA published, mouse	234	single	15	2
VASA published, mouse	234	single	20	23
VASA published, mouse	236	multi	1	1721
VASA published, mouse	236	multi	2	2702
VASA published, mouse	236	multi	3	1656
VASA published, mouse	236	multi	4	994
VASA published, mouse	236	multi	5	860
VASA published, mouse	236	multi	6	508
VASA published, mouse	236	multi	7	367
VASA published, mouse	236	multi	8	171
VASA published, mouse	236	multi	9	148
VASA published, mouse	236	multi	10	70
VASA published, mouse	236	multi	11	56
VASA published, mouse	236	multi	12	43
VASA published, mouse	236	multi	13	17
VASA published, mouse	236	multi	14	25
VASA published, mouse	236	multi	15	27
VASA published, mouse	236	multi	16	15
VASA published, mouse	236	multi	17	32
VASA published, mouse	236	multi	18	12
VASA published, mouse	236	multi	19	29
VASA published, mouse	236	multi	20	111
VASA published, mouse	236	single	1	49158
VASA published, mouse	236	single	2	2033
VASA published, mouse	236	single	3	41
VASA published, mouse	236	single	4	2
VASA published, mouse	236	single	6	2
VASA published, mouse	236	single	20	4
VASA published, mouse	238	multi	1	747
VASA published, mouse	238	multi	2	1235
VASA published, mouse	238	multi	3	737
VASA published, mouse	238	multi	4	487
VASA published, mouse	238	multi	5	377
VASA published, mouse	238	multi	6	151
VASA published, mouse	238	multi	7	154
VASA published, mouse	238	multi	8	62
VASA published, mouse	238	multi	9	54
VASA published, mouse	238	multi	10	37
VASA published, mouse	238	multi	11	21
VASA published, mouse	238	multi	12	10
VASA published, mouse	238	multi	13	11
VASA published, mouse	238	multi	14	9
VASA published, mouse	238	multi	15	13
VASA published, mouse	238	multi	16	9
VASA published, mouse	238	multi	17	12
VASA published, mouse	238	multi	18	3
VASA published, mouse	238	multi	19	8
VASA published, mouse	238	multi	20	31
VASA published, mouse	238	single	1	30372
VASA published, mouse	238	single	2	1157
VASA published, mouse	238	single	3	27
VASA published, mouse	238	single	8	4
VASA published, mouse	238	single	13	2
VASA published, mouse	238	single	14	4
VASA published, mouse	238	single	16	1
VASA published, mouse	242	multi	1	4938
VASA published, mouse	242	multi	2	8553
VASA published, mouse	242	multi	3	4333
VASA published, mouse	242	multi	4	3608
VASA published, mouse	242	multi	5	3501
VASA published, mouse	242	multi	6	1077
VASA published, mouse	242	multi	7	1364
VASA published, mouse	242	multi	8	473
VASA published, mouse	242	multi	9	386
VASA published, mouse	242	multi	10	478
VASA published, mouse	242	multi	11	169
VASA published, mouse	242	multi	12	186
VASA published, mouse	242	multi	13	88
VASA published, mouse	242	multi	14	114
VASA published, mouse	242	multi	15	118
VASA published, mouse	242	multi	16	73
VASA published, mouse	242	multi	17	67
VASA published, mouse	242	multi	18	24
VASA published, mouse	242	multi	19	39
VASA published, mouse	242	multi	20	205
VASA published, mouse	242	single	1	162340
VASA published, mouse	242	single	2	7002
VASA published, mouse	242	single	3	297
VASA published, mouse	242	single	4	4
VASA published, mouse	242	single	8	1
VASA published, mouse	242	single	18	7
VASA published, mouse	242	single	20	20
VASA published, mouse	244	multi	1	6041
VASA published, mouse	244	multi	2	9446
VASA published, mouse	244	multi	3	5443
VASA published, mouse	244	multi	4	3398
VASA published, mouse	244	multi	5	2904
VASA published, mouse	244	multi	6	1298
VASA published, mouse	244	multi	7	1535
VASA published, mouse	244	multi	8	570
VASA published, mouse	244	multi	9	683
VASA published, mouse	244	multi	10	355
VASA published, mouse	244	multi	11	188
VASA published, mouse	244	multi	12	181
VASA published, mouse	244	multi	13	111
VASA published, mouse	244	multi	14	86
VASA published, mouse	244	multi	15	79
VASA published, mouse	244	multi	16	55
VASA published, mouse	244	multi	17	57
VASA published, mouse	244	multi	18	66
VASA published, mouse	244	multi	19	61
VASA published, mouse	244	multi	20	338
VASA published, mouse	244	single	1	210455
VASA published, mouse	244	single	2	8444
VASA published, mouse	244	single	3	289
VASA published, mouse	244	single	4	10
VASA published, mouse	244	single	5	5
VASA published, mouse	244	single	6	1
VASA published, mouse	244	single	7	4
VASA published, mouse	244	single	13	2
VASA published, mouse	244	single	14	7
VASA published, mouse	244	single	20	8
VASA published, mouse	246	multi	1	4257
VASA published, mouse	246	multi	2	6637
VASA published, mouse	246	multi	3	4152
VASA published, mouse	246	multi	4	2648
VASA published, mouse	246	multi	5	2239
VASA published, mouse	246	multi	6	990
VASA published, mouse	246	multi	7	992
VASA published, mouse	246	multi	8	554
VASA published, mouse	246	multi	9	371
VASA published, mouse	246	multi	10	227
VASA published, mouse	246	multi	11	177
VASA published, mouse	246	multi	12	129
VASA published, mouse	246	multi	13	88
VASA published, mouse	246	multi	14	73
VASA published, mouse	246	multi	15	62
VASA published, mouse	246	multi	16	90
VASA published, mouse	246	multi	17	84
VASA published, mouse	246	multi	18	38
VASA published, mouse	246	multi	19	52
VASA published, mouse	246	multi	20	262
VASA published, mouse	246	single	1	151158
VASA published, mouse	246	single	2	5908
VASA published, mouse	246	single	3	174
VASA published, mouse	246	single	4	5
VASA published, mouse	246	single	6	3
VASA published, mouse	246	single	14	1
VASA published, mouse	246	single	15	3
VASA published, mouse	246	single	20	22
VASA published, mouse	248	multi	1	10215
VASA published, mouse	248	multi	2	17081
VASA published, mouse	248	multi	3	9717
VASA published, mouse	248	multi	4	6341
VASA published, mouse	248	multi	5	4743
VASA published, mouse	248	multi	6	2426
VASA published, mouse	248	multi	7	2518
VASA published, mouse	248	multi	8	1085
VASA published, mouse	248	multi	9	897
VASA published, mouse	248	multi	10	572
VASA published, mouse	248	multi	11	335
VASA published, mouse	248	multi	12	360
VASA published, mouse	248	multi	13	197
VASA published, mouse	248	multi	14	171
VASA published, mouse	248	multi	15	134
VASA published, mouse	248	multi	16	88
VASA published, mouse	248	multi	17	72
VASA published, mouse	248	multi	18	55
VASA published, mouse	248	multi	19	78
VASA published, mouse	248	multi	20	466
VASA published, mouse	248	single	1	353462
VASA published, mouse	248	single	2	14037
VASA published, mouse	248	single	3	599
VASA published, mouse	248	single	4	32
VASA published, mouse	248	single	5	1
VASA published, mouse	248	single	6	7
VASA published, mouse	248	single	7	5
VASA published, mouse	248	single	10	1
VASA published, mouse	248	single	11	1
VASA published, mouse	248	single	12	1
VASA published, mouse	248	single	14	1
VASA published, mouse	248	single	15	4
VASA published, mouse	248	single	16	8
VASA published, mouse	248	single	20	54
VASA published, mouse	250	multi	1	5372
VASA published, mouse	250	multi	2	8094
VASA published, mouse	250	multi	3	5565
VASA published, mouse	250	multi	4	6165
VASA published, mouse	250	multi	5	6949
VASA published, mouse	250	multi	6	1203
VASA published, mouse	250	multi	7	2892
VASA published, mouse	250	multi	8	535
VASA published, mouse	250	multi	9	947
VASA published, mouse	250	multi	10	908
VASA published, mouse	250	multi	11	225
VASA published, mouse	250	multi	12	259
VASA published, mouse	250	multi	13	104
VASA published, mouse	250	multi	14	192
VASA published, mouse	250	multi	15	75
VASA published, mouse	250	multi	16	61
VASA published, mouse	250	multi	17	42
VASA published, mouse	250	multi	18	9
VASA published, mouse	250	multi	19	39
VASA published, mouse	250	multi	20	207
VASA published, mouse	250	single	1	244129
VASA published, mouse	250	single	2	10611
VASA published, mouse	250	single	3	511
VASA published, mouse	250	single	4	26
VASA published, mouse	250	single	5	9
VASA published, mouse	250	single	6	5
VASA published, mouse	250	single	20	43
VASA published, mouse	252	multi	1	10279
VASA published, mouse	252	multi	2	15482
VASA published, mouse	252	multi	3	9338
VASA published, mouse	252	multi	4	6674
VASA published, mouse	252	multi	5	6074
VASA published, mouse	252	multi	6	2052
VASA published, mouse	252	multi	7	2843
VASA published, mouse	252	multi	8	958
VASA published, mouse	252	multi	9	1020
VASA published, mouse	252	multi	10	1498
VASA published, mouse	252	multi	11	473
VASA published, mouse	252	multi	12	396
VASA published, mouse	252	multi	13	158
VASA published, mouse	252	multi	14	323
VASA published, mouse	252	multi	15	158
VASA published, mouse	252	multi	16	96
VASA published, mouse	252	multi	17	97
VASA published, mouse	252	multi	18	39
VASA published, mouse	252	multi	19	75
VASA published, mouse	252	multi	20	326
VASA published, mouse	252	single	1	340904
VASA published, mouse	252	single	2	14464
VASA published, mouse	252	single	3	567
VASA published, mouse	252	single	4	45
VASA published, mouse	252	single	15	2
VASA published, mouse	252	single	16	1
VASA published, mouse	252	single	17	1
VASA published, mouse	252	single	19	3
VASA published, mouse	252	single	20	50
VASA published, mouse	254	multi	1	10600
VASA published, mouse	254	multi	2	17615
VASA published, mouse	254	multi	3	10661
VASA published, mouse	254	multi	4	6661
VASA published, mouse	254	multi	5	5385
VASA published, mouse	254	multi	6	2281
VASA published, mouse	254	multi	7	2578
VASA published, mouse	254	multi	8	991
VASA published, mouse	254	multi	9	946
VASA published, mouse	254	multi	10	688
VASA published, mouse	254	multi	11	362
VASA published, mouse	254	multi	12	479
VASA published, mouse	254	multi	13	185
VASA published, mouse	254	multi	14	191
VASA published, mouse	254	multi	15	204
VASA published, mouse	254	multi	16	97
VASA published, mouse	254	multi	17	78
VASA published, mouse	254	multi	18	69
VASA published, mouse	254	multi	19	119
VASA published, mouse	254	multi	20	595
VASA published, mouse	254	single	1	351484
VASA published, mouse	254	single	2	13837
VASA published, mouse	254	single	3	509
VASA published, mouse	254	single	4	33
VASA published, mouse	254	single	13	2
VASA published, mouse	254	single	15	1
VASA published, mouse	254	single	17	5
VASA published, mouse	254	single	18	3
VASA published, mouse	254	single	19	5
VASA published, mouse	254	single	20	93
VASA published, mouse	256	multi	1	6310
VASA published, mouse	256	multi	2	9897
VASA published, mouse	256	multi	3	5801
VASA published, mouse	256	multi	4	3922
VASA published, mouse	256	multi	5	2802
VASA published, mouse	256	multi	6	1320
VASA published, mouse	256	multi	7	1639
VASA published, mouse	256	multi	8	581
VASA published, mouse	256	multi	9	543
VASA published, mouse	256	multi	10	398
VASA published, mouse	256	multi	11	167
VASA published, mouse	256	multi	12	173
VASA published, mouse	256	multi	13	80
VASA published, mouse	256	multi	14	114
VASA published, mouse	256	multi	15	78
VASA published, mouse	256	multi	16	79
VASA published, mouse	256	multi	17	66
VASA published, mouse	256	multi	18	42
VASA published, mouse	256	multi	19	69
VASA published, mouse	256	multi	20	265
VASA published, mouse	256	single	1	221529
VASA published, mouse	256	single	2	9024
VASA published, mouse	256	single	3	333
VASA published, mouse	256	single	4	8
VASA published, mouse	256	single	15	7
VASA published, mouse	256	single	16	2
VASA published, mouse	256	single	17	11
VASA published, mouse	256	single	18	5
VASA published, mouse	256	single	19	1
VASA published, mouse	256	single	20	6
VASA published, mouse	258	multi	1	6344
VASA published, mouse	258	multi	2	9076
VASA published, mouse	258	multi	3	5637
VASA published, mouse	258	multi	4	3983
VASA published, mouse	258	multi	5	3365
VASA published, mouse	258	multi	6	1364
VASA published, mouse	258	multi	7	1698
VASA published, mouse	258	multi	8	682
VASA published, mouse	258	multi	9	766
VASA published, mouse	258	multi	10	401
VASA published, mouse	258	multi	11	246
VASA published, mouse	258	multi	12	250
VASA published, mouse	258	multi	13	65
VASA published, mouse	258	multi	14	159
VASA published, mouse	258	multi	15	119
VASA published, mouse	258	multi	16	113
VASA published, mouse	258	multi	17	54
VASA published, mouse	258	multi	18	12
VASA published, mouse	258	multi	19	75
VASA published, mouse	258	multi	20	324
VASA published, mouse	258	single	1	256357
VASA published, mouse	258	single	2	10599
VASA published, mouse	258	single	3	392
VASA published, mouse	258	single	4	26
VASA published, mouse	258	single	13	4
VASA published, mouse	258	single	14	1
VASA published, mouse	258	single	17	3
VASA published, mouse	258	single	18	4
VASA published, mouse	258	single	20	26
VASA published, mouse	260	multi	1	5396
VASA published, mouse	260	multi	2	8576
VASA published, mouse	260	multi	3	4876
VASA published, mouse	260	multi	4	4342
VASA published, mouse	260	multi	5	4020
VASA published, mouse	260	multi	6	1159
VASA published, mouse	260	multi	7	1926
VASA published, mouse	260	multi	8	488
VASA published, mouse	260	multi	9	633
VASA published, mouse	260	multi	10	624
VASA published, mouse	260	multi	11	213
VASA published, mouse	260	multi	12	206
VASA published, mouse	260	multi	13	62
VASA published, mouse	260	multi	14	131
VASA published, mouse	260	multi	15	74
VASA published, mouse	260	multi	16	44
VASA published, mouse	260	multi	17	29
VASA published, mouse	260	multi	18	12
VASA published, mouse	260	multi	19	28
VASA published, mouse	260	multi	20	120
VASA published, mouse	260	single	1	182919
VASA published, mouse	260	single	2	7190
VASA published, mouse	260	single	3	301
VASA published, mouse	260	single	4	7
VASA published, mouse	260	single	8	2
VASA published, mouse	260	single	10	1
VASA published, mouse	260	single	12	6
VASA published, mouse	260	single	17	1
VASA published, mouse	260	single	20	31
VASA published, mouse	262	multi	1	3626
VASA published, mouse	262	multi	2	5801
VASA published, mouse	262	multi	3	3574
VASA published, mouse	262	multi	4	2050
VASA published, mouse	262	multi	5	1626
VASA published, mouse	262	multi	6	713
VASA published, mouse	262	multi	7	753
VASA published, mouse	262	multi	8	322
VASA published, mouse	262	multi	9	282
VASA published, mouse	262	multi	10	252
VASA published, mouse	262	multi	11	132
VASA published, mouse	262	multi	12	89
VASA published, mouse	262	multi	13	81
VASA published, mouse	262	multi	14	76
VASA published, mouse	262	multi	15	34
VASA published, mouse	262	multi	16	14
VASA published, mouse	262	multi	17	29
VASA published, mouse	262	multi	18	3
VASA published, mouse	262	multi	19	30
VASA published, mouse	262	multi	20	151
VASA published, mouse	262	single	1	120201
VASA published, mouse	262	single	2	4727
VASA published, mouse	262	single	3	124
VASA published, mouse	262	single	20	12
VASA published, mouse	263	multi	1	3937
VASA published, mouse	263	multi	2	6020
VASA published, mouse	263	multi	3	3929
VASA published, mouse	263	multi	4	2410
VASA published, mouse	263	multi	5	2031
VASA published, mouse	263	multi	6	947
VASA published, mouse	263	multi	7	1188
VASA published, mouse	263	multi	8	354
VASA published, mouse	263	multi	9	380
VASA published, mouse	263	multi	10	231
VASA published, mouse	263	multi	11	135
VASA published, mouse	263	multi	12	173
VASA published, mouse	263	multi	13	58
VASA published, mouse	263	multi	14	90
VASA published, mouse	263	multi	15	65
VASA published, mouse	263	multi	16	40
VASA published, mouse	263	multi	17	36
VASA published, mouse	263	multi	18	22
VASA published, mouse	263	multi	19	37
VASA published, mouse	263	multi	20	183
VASA published, mouse	263	single	1	146922
VASA published, mouse	263	single	2	5627
VASA published, mouse	263	single	3	209
VASA published, mouse	263	single	4	7
VASA published, mouse	263	single	5	2
VASA published, mouse	263	single	16	3
VASA published, mouse	263	single	20	5
VASA published, mouse	266	multi	1	13008
VASA published, mouse	266	multi	2	17169
VASA published, mouse	266	multi	3	12262
VASA published, mouse	266	multi	4	14081
VASA published, mouse	266	multi	5	23580
VASA published, mouse	266	multi	6	2813
VASA published, mouse	266	multi	7	6332
VASA published, mouse	266	multi	8	1352
VASA published, mouse	266	multi	9	3084
VASA published, mouse	266	multi	10	3688
VASA published, mouse	266	multi	11	526
VASA published, mouse	266	multi	12	686
VASA published, mouse	266	multi	13	350
VASA published, mouse	266	multi	14	826
VASA published, mouse	266	multi	15	271
VASA published, mouse	266	multi	16	183
VASA published, mouse	266	multi	17	189
VASA published, mouse	266	multi	18	82
VASA published, mouse	266	multi	19	114
VASA published, mouse	266	multi	20	618
VASA published, mouse	266	single	1	534981
VASA published, mouse	266	single	2	27412
VASA published, mouse	266	single	3	1208
VASA published, mouse	266	single	4	40
VASA published, mouse	266	single	5	1
VASA published, mouse	266	single	6	3
VASA published, mouse	266	single	7	4
VASA published, mouse	266	single	8	1
VASA published, mouse	266	single	9	4
VASA published, mouse	266	single	10	2
VASA published, mouse	266	single	12	5
VASA published, mouse	266	single	13	1
VASA published, mouse	266	single	14	5
VASA published, mouse	266	single	15	5
VASA published, mouse	266	single	16	27
VASA published, mouse	266	single	17	2
VASA published, mouse	266	single	18	2
VASA published, mouse	266	single	19	23
VASA published, mouse	266	single	20	44
VASA published, mouse	268	multi	1	4002
VASA published, mouse	268	multi	2	7496
VASA published, mouse	268	multi	3	4637
VASA published, mouse	268	multi	4	2648
VASA published, mouse	268	multi	5	2053
VASA published, mouse	268	multi	6	1178
VASA published, mouse	268	multi	7	968
VASA published, mouse	268	multi	8	510
VASA published, mouse	268	multi	9	288
VASA published, mouse	268	multi	10	275
VASA published, mouse	268	multi	11	186
VASA published, mouse	268	multi	12	170
VASA published, mouse	268	multi	13	60
VASA published, mouse	268	multi	14	109
VASA published, mouse	268	multi	15	70
VASA published, mouse	268	multi	16	82
VASA published, mouse	268	multi	17	69
VASA published, mouse	268	multi	18	38
VASA published, mouse	268	multi	19	48
VASA published, mouse	268	multi	20	298
VASA published, mouse	268	single	1	129609
VASA published, mouse	268	single	2	5743
VASA published, mouse	268	single	3	269
VASA published, mouse	268	single	4	6
VASA published, mouse	268	single	15	9
VASA published, mouse	268	single	16	2
VASA published, mouse	268	single	17	6
VASA published, mouse	268	single	20	20
VASA published, mouse	270	multi	1	5345
VASA published, mouse	270	multi	2	8718
VASA published, mouse	270	multi	3	4937
VASA published, mouse	270	multi	4	3937
VASA published, mouse	270	multi	5	3807
VASA published, mouse	270	multi	6	1295
VASA published, mouse	270	multi	7	1722
VASA published, mouse	270	multi	8	524
VASA published, mouse	270	multi	9	668
VASA published, mouse	270	multi	10	745
VASA published, mouse	270	multi	11	258
VASA published, mouse	270	multi	12	214
VASA published, mouse	270	multi	13	107
VASA published, mouse	270	multi	14	107
VASA published, mouse	270	multi	15	88
VASA published, mouse	270	multi	16	64
VASA published, mouse	270	multi	17	106
VASA published, mouse	270	multi	18	32
VASA published, mouse	270	multi	19	82
VASA published, mouse	270	multi	20	297
VASA published, mouse	270	single	1	192492
VASA published, mouse	270	single	2	7897
VASA published, mouse	270	single	3	310
VASA published, mouse	270	single	4	33
VASA published, mouse	270	single	8	1
VASA published, mouse	270	single	9	1
VASA published, mouse	270	single	11	6
VASA published, mouse	270	single	14	1
VASA published, mouse	270	single	15	6
VASA published, mouse	270	single	20	29
VASA published, mouse	272	multi	1	4774
VASA published, mouse	272	multi	2	7347
VASA published, mouse	272	multi	3	4175
VASA published, mouse	272	multi	4	3150
VASA published, mouse	272	multi	5	3275
VASA published, mouse	272	multi	6	1060
VASA published, mouse	272	multi	7	1520
VASA published, mouse	272	multi	8	401
VASA published, mouse	272	multi	9	575
VASA published, mouse	272	multi	10	308
VASA published, mouse	272	multi	11	146
VASA published, mouse	272	multi	12	200
VASA published, mouse	272	multi	13	57
VASA published, mouse	272	multi	14	110
VASA published, mouse	272	multi	15	99
VASA published, mouse	272	multi	16	26
VASA published, mouse	272	multi	17	53
VASA published, mouse	272	multi	18	32
VASA published, mouse	272	multi	19	66
VASA published, mouse	272	multi	20	266
VASA published, mouse	272	single	1	181028
VASA published, mouse	272	single	2	7304
VASA published, mouse	272	single	3	255
VASA published, mouse	272	single	5	4
VASA published, mouse	272	single	15	1
VASA published, mouse	272	single	16	4
VASA published, mouse	272	single	18	7
VASA published, mouse	272	single	19	6
VASA published, mouse	272	single	20	4
VASA published, mouse	274	multi	1	2868
VASA published, mouse	274	multi	2	4908
VASA published, mouse	274	multi	3	2864
VASA published, mouse	274	multi	4	2208
VASA published, mouse	274	multi	5	1815
VASA published, mouse	274	multi	6	557
VASA published, mouse	274	multi	7	944
VASA published, mouse	274	multi	8	285
VASA published, mouse	274	multi	9	301
VASA published, mouse	274	multi	10	303
VASA published, mouse	274	multi	11	112
VASA published, mouse	274	multi	12	111
VASA published, mouse	274	multi	13	37
VASA published, mouse	274	multi	14	77
VASA published, mouse	274	multi	15	72
VASA published, mouse	274	multi	16	43
VASA published, mouse	274	multi	17	53
VASA published, mouse	274	multi	18	14
VASA published, mouse	274	multi	19	42
VASA published, mouse	274	multi	20	133
VASA published, mouse	274	single	1	104435
VASA published, mouse	274	single	2	4581
VASA published, mouse	274	single	3	205
VASA published, mouse	274	single	4	5
VASA published, mouse	274	single	20	5
VASA published, mouse	276	multi	1	9409
VASA published, mouse	276	multi	2	12949
VASA published, mouse	276	multi	3	8136
VASA published, mouse	276	multi	4	9046
VASA published, mouse	276	multi	5	9581
VASA published, mouse	276	multi	6	1796
VASA published, mouse	276	multi	7	3752
VASA published, mouse	276	multi	8	881
VASA published, mouse	276	multi	9	1422
VASA published, mouse	276	multi	10	2071
VASA published, mouse	276	multi	11	342
VASA published, mouse	276	multi	12	398
VASA published, mouse	276	multi	13	134
VASA published, mouse	276	multi	14	320
VASA published, mouse	276	multi	15	204
VASA published, mouse	276	multi	16	118
VASA published, mouse	276	multi	17	138
VASA published, mouse	276	multi	18	33
VASA published, mouse	276	multi	19	93
VASA published, mouse	276	multi	20	408
VASA published, mouse	276	single	1	398759
VASA published, mouse	276	single	2	17986
VASA published, mouse	276	single	3	788
VASA published, mouse	276	single	4	36
VASA published, mouse	276	single	5	3
VASA published, mouse	276	single	10	4
VASA published, mouse	276	single	15	2
VASA published, mouse	276	single	16	1
VASA published, mouse	276	single	17	1
VASA published, mouse	276	single	18	12
VASA published, mouse	276	single	20	68
VASA published, mouse	278	multi	1	2135
VASA published, mouse	278	multi	2	3436
VASA published, mouse	278	multi	3	2022
VASA published, mouse	278	multi	4	1134
VASA published, mouse	278	multi	5	1087
VASA published, mouse	278	multi	6	452
VASA published, mouse	278	multi	7	475
VASA published, mouse	278	multi	8	184
VASA published, mouse	278	multi	9	124
VASA published, mouse	278	multi	10	141
VASA published, mouse	278	multi	11	54
VASA published, mouse	278	multi	12	69
VASA published, mouse	278	multi	13	36
VASA published, mouse	278	multi	14	35
VASA published, mouse	278	multi	15	43
VASA published, mouse	278	multi	16	25
VASA published, mouse	278	multi	17	23
VASA published, mouse	278	multi	18	10
VASA published, mouse	278	multi	19	15
VASA published, mouse	278	multi	20	66
VASA published, mouse	278	single	1	65742
VASA published, mouse	278	single	2	2862
VASA published, mouse	278	single	3	116
VASA published, mouse	278	single	4	1
VASA published, mouse	278	single	5	1
VASA published, mouse	278	single	8	1
VASA published, mouse	278	single	14	2
VASA published, mouse	278	single	20	9
VASA published, mouse	280	multi	1	658
VASA published, mouse	280	multi	2	822
VASA published, mouse	280	multi	3	452
VASA published, mouse	280	multi	4	253
VASA published, mouse	280	multi	5	229
VASA published, mouse	280	multi	6	102
VASA published, mouse	280	multi	7	109
VASA published, mouse	280	multi	8	46
VASA published, mouse	280	multi	9	31
VASA published, mouse	280	multi	10	23
VASA published, mouse	280	multi	11	13
VASA published, mouse	280	multi	12	16
VASA published, mouse	280	multi	13	6
VASA published, mouse	280	multi	14	12
VASA published, mouse	280	multi	15	6
VASA published, mouse	280	multi	16	3
VASA published, mouse	280	multi	17	5
VASA published, mouse	280	multi	20	6
VASA published, mouse	280	single	1	16536
VASA published, mouse	280	single	2	603
VASA published, mouse	280	single	3	18
VASA published, mouse	280	single	4	2
VASA published, mouse	280	single	10	1
VASA published, mouse	280	single	15	1
VASA published, mouse	280	single	20	3
VASA published, mouse	282	multi	1	7835
VASA published, mouse	282	multi	2	10683
VASA published, mouse	282	multi	3	6468
VASA published, mouse	282	multi	4	5173
VASA published, mouse	282	multi	5	4390
VASA published, mouse	282	multi	6	1716
VASA published, mouse	282	multi	7	2171
VASA published, mouse	282	multi	8	705
VASA published, mouse	282	multi	9	924
VASA published, mouse	282	multi	10	509
VASA published, mouse	282	multi	11	321
VASA published, mouse	282	multi	12	398
VASA published, mouse	282	multi	13	140
VASA published, mouse	282	multi	14	183
VASA published, mouse	282	multi	15	115
VASA published, mouse	282	multi	16	89
VASA published, mouse	282	multi	17	102
VASA published, mouse	282	multi	18	41
VASA published, mouse	282	multi	19	67
VASA published, mouse	282	multi	20	481
VASA published, mouse	282	single	1	307548
VASA published, mouse	282	single	2	13134
VASA published, mouse	282	single	3	566
VASA published, mouse	282	single	4	15
VASA published, mouse	282	single	5	2
VASA published, mouse	282	single	8	1
VASA published, mouse	282	single	9	1
VASA published, mouse	282	single	10	5
VASA published, mouse	282	single	14	4
VASA published, mouse	282	single	15	6
VASA published, mouse	282	single	16	13
VASA published, mouse	282	single	17	1
VASA published, mouse	282	single	18	12
VASA published, mouse	282	single	19	2
VASA published, mouse	282	single	20	53
VASA published, mouse	284	multi	1	5355
VASA published, mouse	284	multi	2	8081
VASA published, mouse	284	multi	3	4774
VASA published, mouse	284	multi	4	3078
VASA published, mouse	284	multi	5	2281
VASA published, mouse	284	multi	6	1081
VASA published, mouse	284	multi	7	1224
VASA published, mouse	284	multi	8	484
VASA published, mouse	284	multi	9	458
VASA published, mouse	284	multi	10	242
VASA published, mouse	284	multi	11	145
VASA published, mouse	284	multi	12	167
VASA published, mouse	284	multi	13	55
VASA published, mouse	284	multi	14	72
VASA published, mouse	284	multi	15	48
VASA published, mouse	284	multi	16	41
VASA published, mouse	284	multi	17	56
VASA published, mouse	284	multi	18	21
VASA published, mouse	284	multi	19	39
VASA published, mouse	284	multi	20	208
VASA published, mouse	284	single	1	170550
VASA published, mouse	284	single	2	6929
VASA published, mouse	284	single	3	247
VASA published, mouse	284	single	4	7
VASA published, mouse	284	single	20	38
VASA published, mouse	286	multi	1	7061
VASA published, mouse	286	multi	2	11308
VASA published, mouse	286	multi	3	6553
VASA published, mouse	286	multi	4	3876
VASA published, mouse	286	multi	5	3207
VASA published, mouse	286	multi	6	1484
VASA published, mouse	286	multi	7	1709
VASA published, mouse	286	multi	8	630
VASA published, mouse	286	multi	9	673
VASA published, mouse	286	multi	10	472
VASA published, mouse	286	multi	11	255
VASA published, mouse	286	multi	12	263
VASA published, mouse	286	multi	13	139
VASA published, mouse	286	multi	14	138
VASA published, mouse	286	multi	15	97
VASA published, mouse	286	multi	16	66
VASA published, mouse	286	multi	17	70
VASA published, mouse	286	multi	18	38
VASA published, mouse	286	multi	19	67
VASA published, mouse	286	multi	20	277
VASA published, mouse	286	single	1	224483
VASA published, mouse	286	single	2	9096
VASA published, mouse	286	single	3	297
VASA published, mouse	286	single	4	33
VASA published, mouse	286	single	8	7
VASA published, mouse	286	single	16	1
VASA published, mouse	286	single	17	19
VASA published, mouse	286	single	18	2
VASA published, mouse	286	single	19	19
VASA published, mouse	286	single	20	4
VASA published, mouse	287	multi	1	13590
VASA published, mouse	287	multi	2	23635
VASA published, mouse	287	multi	3	13899
VASA published, mouse	287	multi	4	8689
VASA published, mouse	287	multi	5	6941
VASA published, mouse	287	multi	6	2908
VASA published, mouse	287	multi	7	3205
VASA published, mouse	287	multi	8	1618
VASA published, mouse	287	multi	9	1334
VASA published, mouse	287	multi	10	695
VASA published, mouse	287	multi	11	498
VASA published, mouse	287	multi	12	601
VASA published, mouse	287	multi	13	261
VASA published, mouse	287	multi	14	244
VASA published, mouse	287	multi	15	146
VASA published, mouse	287	multi	16	122
VASA published, mouse	287	multi	17	113
VASA published, mouse	287	multi	18	42
VASA published, mouse	287	multi	19	84
VASA published, mouse	287	multi	20	586
VASA published, mouse	287	single	1	517601
VASA published, mouse	287	single	2	19818
VASA published, mouse	287	single	3	703
VASA published, mouse	287	single	4	34
VASA published, mouse	287	single	5	5
VASA published, mouse	287	single	6	7
VASA published, mouse	287	single	7	2
VASA published, mouse	287	single	8	5
VASA published, mouse	287	single	15	6
VASA published, mouse	287	single	17	1
VASA published, mouse	287	single	20	14
VASA published, mouse	290	multi	1	1748
VASA published, mouse	290	multi	2	3123
VASA published, mouse	290	multi	3	1727
VASA published, mouse	290	multi	4	1123
VASA published, mouse	290	multi	5	869
VASA published, mouse	290	multi	6	432
VASA published, mouse	290	multi	7	450
VASA published, mouse	290	multi	8	206
VASA published, mouse	290	multi	9	150
VASA published, mouse	290	multi	10	135
VASA published, mouse	290	multi	11	92
VASA published, mouse	290	multi	12	67
VASA published, mouse	290	multi	13	31
VASA published, mouse	290	multi	14	32
VASA published, mouse	290	multi	15	34
VASA published, mouse	290	multi	16	32
VASA published, mouse	290	multi	17	24
VASA published, mouse	290	multi	18	4
VASA published, mouse	290	multi	19	22
VASA published, mouse	290	multi	20	125
VASA published, mouse	290	single	1	46846
VASA published, mouse	290	single	2	2138
VASA published, mouse	290	single	3	63
VASA published, mouse	290	single	4	4
VASA published, mouse	290	single	10	2
VASA published, mouse	290	single	15	9
VASA published, mouse	290	single	20	8
VASA published, mouse	292	multi	1	1224
VASA published, mouse	292	multi	2	2108
VASA published, mouse	292	multi	3	1258
VASA published, mouse	292	multi	4	959
VASA published, mouse	292	multi	5	742
VASA published, mouse	292	multi	6	267
VASA published, mouse	292	multi	7	375
VASA published, mouse	292	multi	8	124
VASA published, mouse	292	multi	9	131
VASA published, mouse	292	multi	10	95
VASA published, mouse	292	multi	11	32
VASA published, mouse	292	multi	12	57
VASA published, mouse	292	multi	13	26
VASA published, mouse	292	multi	14	31
VASA published, mouse	292	multi	15	28
VASA published, mouse	292	multi	16	10
VASA published, mouse	292	multi	17	55
VASA published, mouse	292	multi	18	7
VASA published, mouse	292	multi	19	11
VASA published, mouse	292	multi	20	66
VASA published, mouse	292	single	1	37297
VASA published, mouse	292	single	2	2301
VASA published, mouse	292	single	3	89
VASA published, mouse	292	single	4	1
VASA published, mouse	292	single	8	1
VASA published, mouse	292	single	18	3
VASA published, mouse	292	single	20	1
VASA published, mouse	294	multi	1	9695
VASA published, mouse	294	multi	2	15098
VASA published, mouse	294	multi	3	9864
VASA published, mouse	294	multi	4	7926
VASA published, mouse	294	multi	5	11882
VASA published, mouse	294	multi	6	2303
VASA published, mouse	294	multi	7	3329
VASA published, mouse	294	multi	8	912
VASA published, mouse	294	multi	9	1391
VASA published, mouse	294	multi	10	2447
VASA published, mouse	294	multi	11	451
VASA published, mouse	294	multi	12	338
VASA published, mouse	294	multi	13	192
VASA published, mouse	294	multi	14	318
VASA published, mouse	294	multi	15	224
VASA published, mouse	294	multi	16	85
VASA published, mouse	294	multi	17	98
VASA published, mouse	294	multi	18	18
VASA published, mouse	294	multi	19	61
VASA published, mouse	294	multi	20	352
VASA published, mouse	294	single	1	351718
VASA published, mouse	294	single	2	18358
VASA published, mouse	294	single	3	749
VASA published, mouse	294	single	4	13
VASA published, mouse	294	single	5	2
VASA published, mouse	294	single	6	1
VASA published, mouse	294	single	9	4
VASA published, mouse	294	single	10	6
VASA published, mouse	294	single	16	3
VASA published, mouse	294	single	17	10
VASA published, mouse	294	single	19	7
VASA published, mouse	294	single	20	43
VASA published, mouse	296	multi	1	10335
VASA published, mouse	296	multi	2	17073
VASA published, mouse	296	multi	3	10969
VASA published, mouse	296	multi	4	8225
VASA published, mouse	296	multi	5	7766
VASA published, mouse	296	multi	6	2547
VASA published, mouse	296	multi	7	4209
VASA published, mouse	296	multi	8	1217
VASA published, mouse	296	multi	9	1576
VASA published, mouse	296	multi	10	1616
VASA published, mouse	296	multi	11	427
VASA published, mouse	296	multi	12	460
VASA published, mouse	296	multi	13	222
VASA published, mouse	296	multi	14	315
VASA published, mouse	296	multi	15	115
VASA published, mouse	296	multi	16	81
VASA published, mouse	296	multi	17	112
VASA published, mouse	296	multi	18	31
VASA published, mouse	296	multi	19	79
VASA published, mouse	296	multi	20	319
VASA published, mouse	296	single	1	426530
VASA published, mouse	296	single	2	17834
VASA published, mouse	296	single	3	860
VASA published, mouse	296	single	4	63
VASA published, mouse	296	single	5	2
VASA published, mouse	296	single	8	4
VASA published, mouse	296	single	10	7
VASA published, mouse	296	single	15	1
VASA published, mouse	296	single	16	2
VASA published, mouse	296	single	17	1
VASA published, mouse	296	single	19	5
VASA published, mouse	296	single	20	11
VASA published, mouse	298	multi	1	1062
VASA published, mouse	298	multi	2	1505
VASA published, mouse	298	multi	3	999
VASA published, mouse	298	multi	4	572
VASA published, mouse	298	multi	5	442
VASA published, mouse	298	multi	6	202
VASA published, mouse	298	multi	7	193
VASA published, mouse	298	multi	8	114
VASA published, mouse	298	multi	9	81
VASA published, mouse	298	multi	10	51
VASA published, mouse	298	multi	11	36
VASA published, mouse	298	multi	12	61
VASA published, mouse	298	multi	13	19
VASA published, mouse	298	multi	14	22
VASA published, mouse	298	multi	15	11
VASA published, mouse	298	multi	16	16
VASA published, mouse	298	multi	17	14
VASA published, mouse	298	multi	18	2
VASA published, mouse	298	multi	19	16
VASA published, mouse	298	multi	20	58
VASA published, mouse	298	single	1	32958
VASA published, mouse	298	single	2	1377
VASA published, mouse	298	single	3	33
VASA published, mouse	300	multi	1	13835
VASA published, mouse	300	multi	2	20351
VASA published, mouse	300	multi	3	12686
VASA published, mouse	300	multi	4	11902
VASA published, mouse	300	multi	5	17807
VASA published, mouse	300	multi	6	2994
VASA published, mouse	300	multi	7	5771
VASA published, mouse	300	multi	8	1186
VASA published, mouse	300	multi	9	2541
VASA published, mouse	300	multi	10	3611
VASA published, mouse	300	multi	11	502
VASA published, mouse	300	multi	12	543
VASA published, mouse	300	multi	13	277
VASA published, mouse	300	multi	14	531
VASA published, mouse	300	multi	15	199
VASA published, mouse	300	multi	16	124
VASA published, mouse	300	multi	17	150
VASA published, mouse	300	multi	18	48
VASA published, mouse	300	multi	19	91
VASA published, mouse	300	multi	20	396
VASA published, mouse	300	single	1	528242
VASA published, mouse	300	single	2	25029
VASA published, mouse	300	single	3	1256
VASA published, mouse	300	single	4	67
VASA published, mouse	300	single	6	8
VASA published, mouse	300	single	8	9
VASA published, mouse	300	single	9	1
VASA published, mouse	300	single	10	1
VASA published, mouse	300	single	12	1
VASA published, mouse	300	single	13	14
VASA published, mouse	300	single	15	1
VASA published, mouse	300	single	17	4
VASA published, mouse	300	single	20	21
VASA published, mouse	302	multi	1	5507
VASA published, mouse	302	multi	2	9549
VASA published, mouse	302	multi	3	5813
VASA published, mouse	302	multi	4	3617
VASA published, mouse	302	multi	5	2442
VASA published, mouse	302	multi	6	1385
VASA published, mouse	302	multi	7	1274
VASA published, mouse	302	multi	8	573
VASA published, mouse	302	multi	9	540
VASA published, mouse	302	multi	10	315
VASA published, mouse	302	multi	11	197
VASA published, mouse	302	multi	12	137
VASA published, mouse	302	multi	13	83
VASA published, mouse	302	multi	14	97
VASA published, mouse	302	multi	15	66
VASA published, mouse	302	multi	16	62
VASA published, mouse	302	multi	17	68
VASA published, mouse	302	multi	18	42
VASA published, mouse	302	multi	19	55
VASA published, mouse	302	multi	20	279
VASA published, mouse	302	single	1	208224
VASA published, mouse	302	single	2	8536
VASA published, mouse	302	single	3	241
VASA published, mouse	302	single	4	10
VASA published, mouse	302	single	5	4
VASA published, mouse	302	single	8	2
VASA published, mouse	302	single	10	2
VASA published, mouse	302	single	12	1
VASA published, mouse	302	single	13	2
VASA published, mouse	302	single	18	2
VASA published, mouse	302	single	20	8
VASA published, mouse	304	multi	1	1161
VASA published, mouse	304	multi	2	1271
VASA published, mouse	304	multi	3	692
VASA published, mouse	304	multi	4	587
VASA published, mouse	304	multi	5	853
VASA published, mouse	304	multi	6	225
VASA published, mouse	304	multi	7	686
VASA published, mouse	304	multi	8	44
VASA published, mouse	304	multi	9	511
VASA published, mouse	304	multi	10	95
VASA published, mouse	304	multi	11	42
VASA published, mouse	304	multi	12	22
VASA published, mouse	304	multi	13	10
VASA published, mouse	304	multi	14	15
VASA published, mouse	304	multi	15	8
VASA published, mouse	304	multi	16	5
VASA published, mouse	304	multi	17	1
VASA published, mouse	304	multi	18	2
VASA published, mouse	304	multi	19	8
VASA published, mouse	304	multi	20	17
VASA published, mouse	304	single	1	17979
VASA published, mouse	304	single	2	1036
VASA published, mouse	304	single	3	97
VASA published, mouse	304	single	16	2
VASA published, mouse	304	single	20	1
VASA published, mouse	306	multi	1	2139
VASA published, mouse	306	multi	2	3103
VASA published, mouse	306	multi	3	1750
VASA published, mouse	306	multi	4	1054
VASA published, mouse	306	multi	5	983
VASA published, mouse	306	multi	6	426
VASA published, mouse	306	multi	7	447
VASA published, mouse	306	multi	8	255
VASA published, mouse	306	multi	9	138
VASA published, mouse	306	multi	10	166
VASA published, mouse	306	multi	11	83
VASA published, mouse	306	multi	12	92
VASA published, mouse	306	multi	13	45
VASA published, mouse	306	multi	14	20
VASA published, mouse	306	multi	15	17
VASA published, mouse	306	multi	16	30
VASA published, mouse	306	multi	17	15
VASA published, mouse	306	multi	18	3
VASA published, mouse	306	multi	19	13
VASA published, mouse	306	multi	20	167
VASA published, mouse	306	single	1	63668
VASA published, mouse	306	single	2	2798
VASA published, mouse	306	single	3	93
VASA published, mouse	306	single	6	1
VASA published, mouse	306	single	15	6
VASA published, mouse	306	single	17	1
VASA published, mouse	306	single	20	16
VASA published, mouse	308	multi	1	8189
VASA published, mouse	308	multi	2	12966
VASA published, mouse	308	multi	3	7513
VASA published, mouse	308	multi	4	5545
VASA published, mouse	308	multi	5	4765
VASA published, mouse	308	multi	6	1493
VASA published, mouse	308	multi	7	2723
VASA published, mouse	308	multi	8	791
VASA published, mouse	308	multi	9	1116
VASA published, mouse	308	multi	10	527
VASA published, mouse	308	multi	11	269
VASA published, mouse	308	multi	12	303
VASA published, mouse	308	multi	13	102
VASA published, mouse	308	multi	14	192
VASA published, mouse	308	multi	15	180
VASA published, mouse	308	multi	16	95
VASA published, mouse	308	multi	17	48
VASA published, mouse	308	multi	18	46
VASA published, mouse	308	multi	19	64
VASA published, mouse	308	multi	20	391
VASA published, mouse	308	single	1	307467
VASA published, mouse	308	single	2	12716
VASA published, mouse	308	single	3	427
VASA published, mouse	308	single	4	14
VASA published, mouse	308	single	20	38
VASA published, mouse	310	multi	1	8198
VASA published, mouse	310	multi	2	12753
VASA published, mouse	310	multi	3	8191
VASA published, mouse	310	multi	4	6183
VASA published, mouse	310	multi	5	5654
VASA published, mouse	310	multi	6	1708
VASA published, mouse	310	multi	7	2687
VASA published, mouse	310	multi	8	817
VASA published, mouse	310	multi	9	1109
VASA published, mouse	310	multi	10	824
VASA published, mouse	310	multi	11	355
VASA published, mouse	310	multi	12	334
VASA published, mouse	310	multi	13	130
VASA published, mouse	310	multi	14	154
VASA published, mouse	310	multi	15	125
VASA published, mouse	310	multi	16	80
VASA published, mouse	310	multi	17	65
VASA published, mouse	310	multi	18	35
VASA published, mouse	310	multi	19	63
VASA published, mouse	310	multi	20	345
VASA published, mouse	310	single	1	313952
VASA published, mouse	310	single	2	12830
VASA published, mouse	310	single	3	481
VASA published, mouse	310	single	4	21
VASA published, mouse	310	single	15	2
VASA published, mouse	310	single	20	54
VASA published, mouse	311	multi	1	7403
VASA published, mouse	311	multi	2	11153
VASA published, mouse	311	multi	3	6776
VASA published, mouse	311	multi	4	5338
VASA published, mouse	311	multi	5	4802
VASA published, mouse	311	multi	6	1526
VASA published, mouse	311	multi	7	2071
VASA published, mouse	311	multi	8	737
VASA published, mouse	311	multi	9	804
VASA published, mouse	311	multi	10	516
VASA published, mouse	311	multi	11	228
VASA published, mouse	311	multi	12	241
VASA published, mouse	311	multi	13	80
VASA published, mouse	311	multi	14	137
VASA published, mouse	311	multi	15	80
VASA published, mouse	311	multi	16	91
VASA published, mouse	311	multi	17	40
VASA published, mouse	311	multi	18	23
VASA published, mouse	311	multi	19	50
VASA published, mouse	311	multi	20	257
VASA published, mouse	311	single	1	297015
VASA published, mouse	311	single	2	12534
VASA published, mouse	311	single	3	481
VASA published, mouse	311	single	4	8
VASA published, mouse	311	single	5	4
VASA published, mouse	311	single	6	3
VASA published, mouse	311	single	13	4
VASA published, mouse	311	single	20	40
VASA published, mouse	314	multi	1	8614
VASA published, mouse	314	multi	2	14031
VASA published, mouse	314	multi	3	8898
VASA published, mouse	314	multi	4	12419
VASA published, mouse	314	multi	5	20200
VASA published, mouse	314	multi	6	2168
VASA published, mouse	314	multi	7	4045
VASA published, mouse	314	multi	8	1006
VASA published, mouse	314	multi	9	2092
VASA published, mouse	314	multi	10	2146
VASA published, mouse	314	multi	11	455
VASA published, mouse	314	multi	12	439
VASA published, mouse	314	multi	13	217
VASA published, mouse	314	multi	14	454
VASA published, mouse	314	multi	15	213
VASA published, mouse	314	multi	16	198
VASA published, mouse	314	multi	17	141
VASA published, mouse	314	multi	18	57
VASA published, mouse	314	multi	19	115
VASA published, mouse	314	multi	20	386
VASA published, mouse	314	single	1	367813
VASA published, mouse	314	single	2	17961
VASA published, mouse	314	single	3	931
VASA published, mouse	314	single	4	27
VASA published, mouse	314	single	5	4
VASA published, mouse	314	single	15	1
VASA published, mouse	314	single	17	8
VASA published, mouse	314	single	20	42
VASA published, mouse	316	multi	1	1662
VASA published, mouse	316	multi	2	3259
VASA published, mouse	316	multi	3	2166
VASA published, mouse	316	multi	4	1270
VASA published, mouse	316	multi	5	976
VASA published, mouse	316	multi	6	418
VASA published, mouse	316	multi	7	438
VASA published, mouse	316	multi	8	194
VASA published, mouse	316	multi	9	114
VASA published, mouse	316	multi	10	81
VASA published, mouse	316	multi	11	101
VASA published, mouse	316	multi	12	55
VASA published, mouse	316	multi	13	39
VASA published, mouse	316	multi	14	36
VASA published, mouse	316	multi	15	17
VASA published, mouse	316	multi	16	25
VASA published, mouse	316	multi	17	50
VASA published, mouse	316	multi	18	7
VASA published, mouse	316	multi	19	47
VASA published, mouse	316	multi	20	145
VASA published, mouse	316	single	1	50744
VASA published, mouse	316	single	2	2153
VASA published, mouse	316	single	3	84
VASA published, mouse	316	single	4	2
VASA published, mouse	316	single	20	2
VASA published, mouse	318	multi	1	12088
VASA published, mouse	318	multi	2	17526
VASA published, mouse	318	multi	3	11640
VASA published, mouse	318	multi	4	9864
VASA published, mouse	318	multi	5	8982
VASA published, mouse	318	multi	6	2370
VASA published, mouse	318	multi	7	4212
VASA published, mouse	318	multi	8	1339
VASA published, mouse	318	multi	9	1900
VASA published, mouse	318	multi	10	1536
VASA published, mouse	318	multi	11	429
VASA published, mouse	318	multi	12	474
VASA published, mouse	318	multi	13	206
VASA published, mouse	318	multi	14	320
VASA published, mouse	318	multi	15	234
VASA published, mouse	318	multi	16	133
VASA published, mouse	318	multi	17	155
VASA published, mouse	318	multi	18	39
VASA published, mouse	318	multi	19	99
VASA published, mouse	318	multi	20	494
VASA published, mouse	318	single	1	540385
VASA published, mouse	318	single	2	21841
VASA published, mouse	318	single	3	1098
VASA published, mouse	318	single	4	44
VASA published, mouse	318	single	5	2
VASA published, mouse	318	single	6	4
VASA published, mouse	318	single	9	1
VASA published, mouse	318	single	15	3
VASA published, mouse	318	single	19	2
VASA published, mouse	318	single	20	47
VASA published, mouse	322	multi	1	13497
VASA published, mouse	322	multi	2	21804
VASA published, mouse	322	multi	3	13922
VASA published, mouse	322	multi	4	15448
VASA published, mouse	322	multi	5	23234
VASA published, mouse	322	multi	6	3679
VASA published, mouse	322	multi	7	7839
VASA published, mouse	322	multi	8	1547
VASA published, mouse	322	multi	9	2928
VASA published, mouse	322	multi	10	5945
VASA published, mouse	322	multi	11	610
VASA published, mouse	322	multi	12	635
VASA published, mouse	322	multi	13	367
VASA published, mouse	322	multi	14	778
VASA published, mouse	322	multi	15	305
VASA published, mouse	322	multi	16	225
VASA published, mouse	322	multi	17	128
VASA published, mouse	322	multi	18	61
VASA published, mouse	322	multi	19	145
VASA published, mouse	322	multi	20	759
VASA published, mouse	322	single	1	595520
VASA published, mouse	322	single	2	26916
VASA published, mouse	322	single	3	1357
VASA published, mouse	322	single	4	18
VASA published, mouse	322	single	5	1
VASA published, mouse	322	single	6	2
VASA published, mouse	322	single	7	1
VASA published, mouse	322	single	14	1
VASA published, mouse	322	single	15	3
VASA published, mouse	322	single	19	6
VASA published, mouse	322	single	20	53
VASA published, mouse	324	multi	1	3630
VASA published, mouse	324	multi	2	5298
VASA published, mouse	324	multi	3	3251
VASA published, mouse	324	multi	4	2282
VASA published, mouse	324	multi	5	1840
VASA published, mouse	324	multi	6	754
VASA published, mouse	324	multi	7	1009
VASA published, mouse	324	multi	8	309
VASA published, mouse	324	multi	9	388
VASA published, mouse	324	multi	10	283
VASA published, mouse	324	multi	11	101
VASA published, mouse	324	multi	12	105
VASA published, mouse	324	multi	13	58
VASA published, mouse	324	multi	14	84
VASA published, mouse	324	multi	15	61
VASA published, mouse	324	multi	16	27
VASA published, mouse	324	multi	17	28
VASA published, mouse	324	multi	18	12
VASA published, mouse	324	multi	19	31
VASA published, mouse	324	multi	20	109
VASA published, mouse	324	single	1	136750
VASA published, mouse	324	single	2	5215
VASA published, mouse	324	single	3	293
VASA published, mouse	324	single	4	6
VASA published, mouse	324	single	7	1
VASA published, mouse	324	single	15	8
VASA published, mouse	324	single	20	12
VASA published, mouse	326	multi	1	6274
VASA published, mouse	326	multi	2	9619
VASA published, mouse	326	multi	3	6005
VASA published, mouse	326	multi	4	3817
VASA published, mouse	326	multi	5	3319
VASA published, mouse	326	multi	6	1290
VASA published, mouse	326	multi	7	1445
VASA published, mouse	326	multi	8	593
VASA published, mouse	326	multi	9	576
VASA published, mouse	326	multi	10	481
VASA published, mouse	326	multi	11	242
VASA published, mouse	326	multi	12	241
VASA published, mouse	326	multi	13	110
VASA published, mouse	326	multi	14	140
VASA published, mouse	326	multi	15	95
VASA published, mouse	326	multi	16	36
VASA published, mouse	326	multi	17	74
VASA published, mouse	326	multi	18	17
VASA published, mouse	326	multi	19	59
VASA published, mouse	326	multi	20	266
VASA published, mouse	326	single	1	235337
VASA published, mouse	326	single	2	10190
VASA published, mouse	326	single	3	322
VASA published, mouse	326	single	4	14
VASA published, mouse	326	single	6	1
VASA published, mouse	326	single	14	2
VASA published, mouse	326	single	20	3
VASA published, mouse	328	multi	1	5631
VASA published, mouse	328	multi	2	8912
VASA published, mouse	328	multi	3	4252
VASA published, mouse	328	multi	4	2610
VASA published, mouse	328	multi	5	2206
VASA published, mouse	328	multi	6	779
VASA published, mouse	328	multi	7	1132
VASA published, mouse	328	multi	8	415
VASA published, mouse	328	multi	9	583
VASA published, mouse	328	multi	10	313
VASA published, mouse	328	multi	11	130
VASA published, mouse	328	multi	12	187
VASA published, mouse	328	multi	13	54
VASA published, mouse	328	multi	14	77
VASA published, mouse	328	multi	15	76
VASA published, mouse	328	multi	16	41
VASA published, mouse	328	multi	17	21
VASA published, mouse	328	multi	18	16
VASA published, mouse	328	multi	19	38
VASA published, mouse	328	multi	20	164
VASA published, mouse	328	single	1	140700
VASA published, mouse	328	single	2	6897
VASA published, mouse	328	single	3	216
VASA published, mouse	328	single	4	1
VASA published, mouse	328	single	9	1
VASA published, mouse	328	single	20	8
VASA published, mouse	330	multi	1	2643
VASA published, mouse	330	multi	2	3316
VASA published, mouse	330	multi	3	2149
VASA published, mouse	330	multi	4	1673
VASA published, mouse	330	multi	5	1526
VASA published, mouse	330	multi	6	516
VASA published, mouse	330	multi	7	703
VASA published, mouse	330	multi	8	202
VASA published, mouse	330	multi	9	212
VASA published, mouse	330	multi	10	168
VASA published, mouse	330	multi	11	95
VASA published, mouse	330	multi	12	90
VASA published, mouse	330	multi	13	40
VASA published, mouse	330	multi	14	54
VASA published, mouse	330	multi	15	51
VASA published, mouse	330	multi	16	21
VASA published, mouse	330	multi	17	29
VASA published, mouse	330	multi	18	3
VASA published, mouse	330	multi	19	16
VASA published, mouse	330	multi	20	63
VASA published, mouse	330	single	1	88035
VASA published, mouse	330	single	2	3723
VASA published, mouse	330	single	3	142
VASA published, mouse	330	single	4	6
VASA published, mouse	330	single	16	1
VASA published, mouse	330	single	20	9
VASA published, mouse	332	multi	1	2805
VASA published, mouse	332	multi	2	5206
VASA published, mouse	332	multi	3	3058
VASA published, mouse	332	multi	4	1862
VASA published, mouse	332	multi	5	1394
VASA published, mouse	332	multi	6	723
VASA published, mouse	332	multi	7	726
VASA published, mouse	332	multi	8	262
VASA published, mouse	332	multi	9	222
VASA published, mouse	332	multi	10	146
VASA published, mouse	332	multi	11	120
VASA published, mouse	332	multi	12	116
VASA published, mouse	332	multi	13	46
VASA published, mouse	332	multi	14	43
VASA published, mouse	332	multi	15	36
VASA published, mouse	332	multi	16	17
VASA published, mouse	332	multi	17	34
VASA published, mouse	332	multi	18	14
VASA published, mouse	332	multi	19	12
VASA published, mouse	332	multi	20	181
VASA published, mouse	332	single	1	92882
VASA published, mouse	332	single	2	3800
VASA published, mouse	332	single	3	167
VASA published, mouse	332	single	18	1
VASA published, mouse	332	single	19	11
VASA published, mouse	332	single	20	15
VASA published, mouse	334	multi	1	6209
VASA published, mouse	334	multi	2	10017
VASA published, mouse	334	multi	3	6034
VASA published, mouse	334	multi	4	5426
VASA published, mouse	334	multi	5	6013
VASA published, mouse	334	multi	6	1233
VASA published, mouse	334	multi	7	2180
VASA published, mouse	334	multi	8	729
VASA published, mouse	334	multi	9	1018
VASA published, mouse	334	multi	10	1023
VASA published, mouse	334	multi	11	257
VASA published, mouse	334	multi	12	240
VASA published, mouse	334	multi	13	97
VASA published, mouse	334	multi	14	277
VASA published, mouse	334	multi	15	173
VASA published, mouse	334	multi	16	85
VASA published, mouse	334	multi	17	70
VASA published, mouse	334	multi	18	45
VASA published, mouse	334	multi	19	54
VASA published, mouse	334	multi	20	283
VASA published, mouse	334	single	1	243236
VASA published, mouse	334	single	2	11403
VASA published, mouse	334	single	3	399
VASA published, mouse	334	single	4	22
VASA published, mouse	334	single	8	4
VASA published, mouse	334	single	10	10
VASA published, mouse	334	single	20	65
VASA published, mouse	335	multi	1	9577
VASA published, mouse	335	multi	2	15934
VASA published, mouse	335	multi	3	9883
VASA published, mouse	335	multi	4	9780
VASA published, mouse	335	multi	5	14408
VASA published, mouse	335	multi	6	2177
VASA published, mouse	335	multi	7	4566
VASA published, mouse	335	multi	8	1060
VASA published, mouse	335	multi	9	1725
VASA published, mouse	335	multi	10	2771
VASA published, mouse	335	multi	11	587
VASA published, mouse	335	multi	12	478
VASA published, mouse	335	multi	13	189
VASA published, mouse	335	multi	14	648
VASA published, mouse	335	multi	15	213
VASA published, mouse	335	multi	16	194
VASA published, mouse	335	multi	17	114
VASA published, mouse	335	multi	18	73
VASA published, mouse	335	multi	19	117
VASA published, mouse	335	multi	20	468
VASA published, mouse	335	single	1	400047
VASA published, mouse	335	single	2	20011
VASA published, mouse	335	single	3	760
VASA published, mouse	335	single	4	28
VASA published, mouse	335	single	6	3
VASA published, mouse	335	single	15	1
VASA published, mouse	335	single	16	1
VASA published, mouse	335	single	17	1
VASA published, mouse	335	single	20	35
VASA published, mouse	338	multi	1	1733
VASA published, mouse	338	multi	2	2792
VASA published, mouse	338	multi	3	1912
VASA published, mouse	338	multi	4	1813
VASA published, mouse	338	multi	5	1947
VASA published, mouse	338	multi	6	380
VASA published, mouse	338	multi	7	827
VASA published, mouse	338	multi	8	166
VASA published, mouse	338	multi	9	321
VASA published, mouse	338	multi	10	390
VASA published, mouse	338	multi	11	72
VASA published, mouse	338	multi	12	54
VASA published, mouse	338	multi	13	34
VASA published, mouse	338	multi	14	51
VASA published, mouse	338	multi	15	16
VASA published, mouse	338	multi	16	21
VASA published, mouse	338	multi	17	22
VASA published, mouse	338	multi	18	10
VASA published, mouse	338	multi	19	13
VASA published, mouse	338	multi	20	63
VASA published, mouse	338	single	1	66627
VASA published, mouse	338	single	2	3016
VASA published, mouse	338	single	3	159
VASA published, mouse	338	single	4	4
VASA published, mouse	338	single	20	15
VASA published, mouse	340	multi	1	16929
VASA published, mouse	340	multi	2	26592
VASA published, mouse	340	multi	3	16489
VASA published, mouse	340	multi	4	14189
VASA published, mouse	340	multi	5	12916
VASA published, mouse	340	multi	6	4175
VASA published, mouse	340	multi	7	6553
VASA published, mouse	340	multi	8	2053
VASA published, mouse	340	multi	9	2308
VASA published, mouse	340	multi	10	2557
VASA published, mouse	340	multi	11	700
VASA published, mouse	340	multi	12	730
VASA published, mouse	340	multi	13	326
VASA published, mouse	340	multi	14	410
VASA published, mouse	340	multi	15	290
VASA published, mouse	340	multi	16	167
VASA published, mouse	340	multi	17	173
VASA published, mouse	340	multi	18	81
VASA published, mouse	340	multi	19	219
VASA published, mouse	340	multi	20	790
VASA published, mouse	340	single	1	732152
VASA published, mouse	340	single	2	30120
VASA published, mouse	340	single	3	1181
VASA published, mouse	340	single	4	39
VASA published, mouse	340	single	5	6
VASA published, mouse	340	single	6	8
VASA published, mouse	340	single	7	4
VASA published, mouse	340	single	8	7
VASA published, mouse	340	single	10	2
VASA published, mouse	340	single	11	1
VASA published, mouse	340	single	12	8
VASA published, mouse	340	single	13	8
VASA published, mouse	340	single	14	1
VASA published, mouse	340	single	15	2
VASA published, mouse	340	single	16	21
VASA published, mouse	340	single	17	11
VASA published, mouse	340	single	18	7
VASA published, mouse	340	single	19	30
VASA published, mouse	340	single	20	97
VASA published, mouse	342	multi	1	8449
VASA published, mouse	342	multi	2	14479
VASA published, mouse	342	multi	3	8917
VASA published, mouse	342	multi	4	6739
VASA published, mouse	342	multi	5	5248
VASA published, mouse	342	multi	6	1965
VASA published, mouse	342	multi	7	2782
VASA published, mouse	342	multi	8	995
VASA published, mouse	342	multi	9	1165
VASA published, mouse	342	multi	10	827
VASA published, mouse	342	multi	11	372
VASA published, mouse	342	multi	12	338
VASA published, mouse	342	multi	13	209
VASA published, mouse	342	multi	14	255
VASA published, mouse	342	multi	15	222
VASA published, mouse	342	multi	16	113
VASA published, mouse	342	multi	17	115
VASA published, mouse	342	multi	18	33
VASA published, mouse	342	multi	19	69
VASA published, mouse	342	multi	20	432
VASA published, mouse	342	single	1	343860
VASA published, mouse	342	single	2	13743
VASA published, mouse	342	single	3	464
VASA published, mouse	342	single	4	7
VASA published, mouse	342	single	14	2
VASA published, mouse	342	single	15	9
VASA published, mouse	342	single	16	1
VASA published, mouse	342	single	18	1
VASA published, mouse	342	single	20	19
VASA published, mouse	344	multi	1	7267
VASA published, mouse	344	multi	2	10944
VASA published, mouse	344	multi	3	6433
VASA published, mouse	344	multi	4	4281
VASA published, mouse	344	multi	5	3353
VASA published, mouse	344	multi	6	1496
VASA published, mouse	344	multi	7	1782
VASA published, mouse	344	multi	8	721
VASA published, mouse	344	multi	9	796
VASA published, mouse	344	multi	10	374
VASA published, mouse	344	multi	11	208
VASA published, mouse	344	multi	12	244
VASA published, mouse	344	multi	13	85
VASA published, mouse	344	multi	14	83
VASA published, mouse	344	multi	15	100
VASA published, mouse	344	multi	16	70
VASA published, mouse	344	multi	17	94
VASA published, mouse	344	multi	18	16
VASA published, mouse	344	multi	19	68
VASA published, mouse	344	multi	20	259
VASA published, mouse	344	single	1	277156
VASA published, mouse	344	single	2	10672
VASA published, mouse	344	single	3	487
VASA published, mouse	344	single	4	19
VASA published, mouse	344	single	5	1
VASA published, mouse	344	single	9	3
VASA published, mouse	344	single	20	43
VASA published, mouse	346	multi	1	3044
VASA published, mouse	346	multi	2	4273
VASA published, mouse	346	multi	3	2377
VASA published, mouse	346	multi	4	1480
VASA published, mouse	346	multi	5	1176
VASA published, mouse	346	multi	6	464
VASA published, mouse	346	multi	7	653
VASA published, mouse	346	multi	8	254
VASA published, mouse	346	multi	9	277
VASA published, mouse	346	multi	10	190
VASA published, mouse	346	multi	11	112
VASA published, mouse	346	multi	12	112
VASA published, mouse	346	multi	13	35
VASA published, mouse	346	multi	14	35
VASA published, mouse	346	multi	15	66
VASA published, mouse	346	multi	16	28
VASA published, mouse	346	multi	17	22
VASA published, mouse	346	multi	18	17
VASA published, mouse	346	multi	19	18
VASA published, mouse	346	multi	20	138
VASA published, mouse	346	single	1	93930
VASA published, mouse	346	single	2	3988
VASA published, mouse	346	single	3	105
VASA published, mouse	346	single	4	5
VASA published, mouse	346	single	7	7
VASA published, mouse	346	single	8	1
VASA published, mouse	346	single	9	7
VASA published, mouse	346	single	10	3
VASA published, mouse	346	single	11	1
VASA published, mouse	346	single	12	2
VASA published, mouse	346	single	15	2
VASA published, mouse	346	single	20	6
VASA published, mouse	348	multi	1	12841
VASA published, mouse	348	multi	2	20738
VASA published, mouse	348	multi	3	13383
VASA published, mouse	348	multi	4	11016
VASA published, mouse	348	multi	5	10188
VASA published, mouse	348	multi	6	3258
VASA published, mouse	348	multi	7	4588
VASA published, mouse	348	multi	8	1438
VASA published, mouse	348	multi	9	1981
VASA published, mouse	348	multi	10	1867
VASA published, mouse	348	multi	11	712
VASA published, mouse	348	multi	12	592
VASA published, mouse	348	multi	13	222
VASA published, mouse	348	multi	14	326
VASA published, mouse	348	multi	15	296
VASA published, mouse	348	multi	16	207
VASA published, mouse	348	multi	17	158
VASA published, mouse	348	multi	18	66
VASA published, mouse	348	multi	19	154
VASA published, mouse	348	multi	20	497
VASA published, mouse	348	single	1	547879
VASA published, mouse	348	single	2	22839
VASA published, mouse	348	single	3	1024
VASA published, mouse	348	single	4	31
VASA published, mouse	348	single	5	12
VASA published, mouse	348	single	6	10
VASA published, mouse	348	single	14	3
VASA published, mouse	348	single	15	18
VASA published, mouse	348	single	16	7
VASA published, mouse	348	single	17	21
VASA published, mouse	348	single	18	7
VASA published, mouse	348	single	19	2
VASA published, mouse	348	single	20	81
VASA published, mouse	350	multi	1	6811
VASA published, mouse	350	multi	2	11845
VASA published, mouse	350	multi	3	6835
VASA published, mouse	350	multi	4	4437
VASA published, mouse	350	multi	5	3883
VASA published, mouse	350	multi	6	1484
VASA published, mouse	350	multi	7	2269
VASA published, mouse	350	multi	8	678
VASA published, mouse	350	multi	9	744
VASA published, mouse	350	multi	10	389
VASA published, mouse	350	multi	11	218
VASA published, mouse	350	multi	12	283
VASA published, mouse	350	multi	13	124
VASA published, mouse	350	multi	14	194
VASA published, mouse	350	multi	15	134
VASA published, mouse	350	multi	16	56
VASA published, mouse	350	multi	17	56
VASA published, mouse	350	multi	18	24
VASA published, mouse	350	multi	19	57
VASA published, mouse	350	multi	20	261
VASA published, mouse	350	single	1	269805
VASA published, mouse	350	single	2	10803
VASA published, mouse	350	single	3	396
VASA published, mouse	350	single	4	7
VASA published, mouse	350	single	20	6
VASA published, mouse	352	multi	1	14411
VASA published, mouse	352	multi	2	22290
VASA published, mouse	352	multi	3	12790
VASA published, mouse	352	multi	4	8290
VASA published, mouse	352	multi	5	6217
VASA published, mouse	352	multi	6	3029
VASA published, mouse	352	multi	7	3313
VASA published, mouse	352	multi	8	1487
VASA published, mouse	352	multi	9	1292
VASA published, mouse	352	multi	10	956
VASA published, mouse	352	multi	11	481
VASA published, mouse	352	multi	12	500
VASA published, mouse	352	multi	13	308
VASA published, mouse	352	multi	14	256
VASA published, mouse	352	multi	15	164
VASA published, mouse	352	multi	16	127
VASA published, mouse	352	multi	17	62
VASA published, mouse	352	multi	18	50
VASA published, mouse	352	multi	19	83
VASA published, mouse	352	multi	20	458
VASA published, mouse	352	single	1	537305
VASA published, mouse	352	single	2	20836
VASA published, mouse	352	single	3	832
VASA published, mouse	352	single	4	14
VASA published, mouse	352	single	5	3
VASA published, mouse	352	single	6	10
VASA published, mouse	352	single	7	8
VASA published, mouse	352	single	9	3
VASA published, mouse	352	single	10	1
VASA published, mouse	352	single	11	6
VASA published, mouse	352	single	14	5
VASA published, mouse	352	single	15	5
VASA published, mouse	352	single	20	84
VASA published, mouse	354	multi	1	7496
VASA published, mouse	354	multi	2	10629
VASA published, mouse	354	multi	3	6654
VASA published, mouse	354	multi	4	4726
VASA published, mouse	354	multi	5	3885
VASA published, mouse	354	multi	6	1373
VASA published, mouse	354	multi	7	1648
VASA published, mouse	354	multi	8	690
VASA published, mouse	354	multi	9	815
VASA published, mouse	354	multi	10	505
VASA published, mouse	354	multi	11	286
VASA published, mouse	354	multi	12	336
VASA published, mouse	354	multi	13	108
VASA published, mouse	354	multi	14	138
VASA published, mouse	354	multi	15	110
VASA published, mouse	354	multi	16	81
VASA published, mouse	354	multi	17	109
VASA published, mouse	354	multi	18	35
VASA published, mouse	354	multi	19	80
VASA published, mouse	354	multi	20	365
VASA published, mouse	354	single	1	306532
VASA published, mouse	354	single	2	12898
VASA published, mouse	354	single	3	467
VASA published, mouse	354	single	4	8
VASA published, mouse	354	single	5	2
VASA published, mouse	354	single	7	5
VASA published, mouse	354	single	8	1
VASA published, mouse	354	single	15	1
VASA published, mouse	354	single	16	3
VASA published, mouse	354	single	20	6
VASA published, mouse	356	multi	1	17096
VASA published, mouse	356	multi	2	26370
VASA published, mouse	356	multi	3	16106
VASA published, mouse	356	multi	4	15982
VASA published, mouse	356	multi	5	22728
VASA published, mouse	356	multi	6	4293
VASA published, mouse	356	multi	7	8139
VASA published, mouse	356	multi	8	1696
VASA published, mouse	356	multi	9	2882
VASA published, mouse	356	multi	10	5424
VASA published, mouse	356	multi	11	562
VASA published, mouse	356	multi	12	692
VASA published, mouse	356	multi	13	431
VASA published, mouse	356	multi	14	809
VASA published, mouse	356	multi	15	295
VASA published, mouse	356	multi	16	206
VASA published, mouse	356	multi	17	209
VASA published, mouse	356	multi	18	33
VASA published, mouse	356	multi	19	93
VASA published, mouse	356	multi	20	596
VASA published, mouse	356	single	1	633162
VASA published, mouse	356	single	2	27844
VASA published, mouse	356	single	3	1398
VASA published, mouse	356	single	4	28
VASA published, mouse	356	single	6	2
VASA published, mouse	356	single	8	2
VASA published, mouse	356	single	13	1
VASA published, mouse	356	single	14	3
VASA published, mouse	356	single	15	3
VASA published, mouse	356	single	16	1
VASA published, mouse	356	single	18	6
VASA published, mouse	356	single	19	1
VASA published, mouse	356	single	20	63
VASA published, mouse	358	multi	1	9108
VASA published, mouse	358	multi	2	13809
VASA published, mouse	358	multi	3	8994
VASA published, mouse	358	multi	4	7023
VASA published, mouse	358	multi	5	7980
VASA published, mouse	358	multi	6	2026
VASA published, mouse	358	multi	7	3201
VASA published, mouse	358	multi	8	898
VASA published, mouse	358	multi	9	1234
VASA published, mouse	358	multi	10	1450
VASA published, mouse	358	multi	11	363
VASA published, mouse	358	multi	12	382
VASA published, mouse	358	multi	13	136
VASA published, mouse	358	multi	14	297
VASA published, mouse	358	multi	15	186
VASA published, mouse	358	multi	16	95
VASA published, mouse	358	multi	17	90
VASA published, mouse	358	multi	18	47
VASA published, mouse	358	multi	19	65
VASA published, mouse	358	multi	20	289
VASA published, mouse	358	single	1	357138
VASA published, mouse	358	single	2	15817
VASA published, mouse	358	single	3	651
VASA published, mouse	358	single	4	27
VASA published, mouse	358	single	6	3
VASA published, mouse	358	single	7	1
VASA published, mouse	358	single	19	2
VASA published, mouse	358	single	20	59
VASA published, mouse	359	multi	1	9116
VASA published, mouse	359	multi	2	14289
VASA published, mouse	359	multi	3	9202
VASA published, mouse	359	multi	4	5803
VASA published, mouse	359	multi	5	4747
VASA published, mouse	359	multi	6	1942
VASA published, mouse	359	multi	7	2489
VASA published, mouse	359	multi	8	931
VASA published, mouse	359	multi	9	1120
VASA published, mouse	359	multi	10	742
VASA published, mouse	359	multi	11	392
VASA published, mouse	359	multi	12	416
VASA published, mouse	359	multi	13	156
VASA published, mouse	359	multi	14	206
VASA published, mouse	359	multi	15	155
VASA published, mouse	359	multi	16	136
VASA published, mouse	359	multi	17	86
VASA published, mouse	359	multi	18	98
VASA published, mouse	359	multi	19	53
VASA published, mouse	359	multi	20	433
VASA published, mouse	359	single	1	368880
VASA published, mouse	359	single	2	15468
VASA published, mouse	359	single	3	475
VASA published, mouse	359	single	4	15
VASA published, mouse	359	single	5	3
VASA published, mouse	359	single	6	1
VASA published, mouse	359	single	9	2
VASA published, mouse	359	single	13	8
VASA published, mouse	359	single	15	5
VASA published, mouse	359	single	16	15
VASA published, mouse	359	single	19	3
VASA published, mouse	359	single	20	51
VASA published, mouse	362	multi	1	8296
VASA published, mouse	362	multi	2	13820
VASA published, mouse	362	multi	3	8840
VASA published, mouse	362	multi	4	7117
VASA published, mouse	362	multi	5	5619
VASA published, mouse	362	multi	6	1869
VASA published, mouse	362	multi	7	2827
VASA published, mouse	362	multi	8	884
VASA published, mouse	362	multi	9	1205
VASA published, mouse	362	multi	10	999
VASA published, mouse	362	multi	11	336
VASA published, mouse	362	multi	12	355
VASA published, mouse	362	multi	13	165
VASA published, mouse	362	multi	14	210
VASA published, mouse	362	multi	15	205
VASA published, mouse	362	multi	16	153
VASA published, mouse	362	multi	17	109
VASA published, mouse	362	multi	18	99
VASA published, mouse	362	multi	19	115
VASA published, mouse	362	multi	20	407
VASA published, mouse	362	single	1	347217
VASA published, mouse	362	single	2	14011
VASA published, mouse	362	single	3	488
VASA published, mouse	362	single	4	11
VASA published, mouse	362	single	13	5
VASA published, mouse	362	single	15	2
VASA published, mouse	362	single	16	1
VASA published, mouse	362	single	17	5
VASA published, mouse	362	single	20	72
VASA published, mouse	364	multi	1	4199
VASA published, mouse	364	multi	2	6809
VASA published, mouse	364	multi	3	4252
VASA published, mouse	364	multi	4	2429
VASA published, mouse	364	multi	5	2143
VASA published, mouse	364	multi	6	902
VASA published, mouse	364	multi	7	1049
VASA published, mouse	364	multi	8	460
VASA published, mouse	364	multi	9	292
VASA published, mouse	364	multi	10	243
VASA published, mouse	364	multi	11	211
VASA published, mouse	364	multi	12	137
VASA published, mouse	364	multi	13	94
VASA published, mouse	364	multi	14	64
VASA published, mouse	364	multi	15	49
VASA published, mouse	364	multi	16	29
VASA published, mouse	364	multi	17	52
VASA published, mouse	364	multi	18	18
VASA published, mouse	364	multi	19	37
VASA published, mouse	364	multi	20	196
VASA published, mouse	364	single	1	133475
VASA published, mouse	364	single	2	5160
VASA published, mouse	364	single	3	200
VASA published, mouse	364	single	4	6
VASA published, mouse	364	single	19	3
VASA published, mouse	364	single	20	31
VASA published, mouse	366	multi	1	1885
VASA published, mouse	366	multi	2	3369
VASA published, mouse	366	multi	3	1836
VASA published, mouse	366	multi	4	1094
VASA published, mouse	366	multi	5	914
VASA published, mouse	366	multi	6	454
VASA published, mouse	366	multi	7	492
VASA published, mouse	366	multi	8	177
VASA published, mouse	366	multi	9	155
VASA published, mouse	366	multi	10	118
VASA published, mouse	366	multi	11	104
VASA published, mouse	366	multi	12	52
VASA published, mouse	366	multi	13	39
VASA published, mouse	366	multi	14	40
VASA published, mouse	366	multi	15	43
VASA published, mouse	366	multi	16	11
VASA published, mouse	366	multi	17	35
VASA published, mouse	366	multi	18	4
VASA published, mouse	366	multi	19	24
VASA published, mouse	366	multi	20	98
VASA published, mouse	366	single	1	61722
VASA published, mouse	366	single	2	2504
VASA published, mouse	366	single	3	75
VASA published, mouse	366	single	20	20
VASA published, mouse	368	multi	1	14027
VASA published, mouse	368	multi	2	23549
VASA published, mouse	368	multi	3	16285
VASA published, mouse	368	multi	4	13514
VASA published, mouse	368	multi	5	22226
VASA published, mouse	368	multi	6	3715
VASA published, mouse	368	multi	7	7939
VASA published, mouse	368	multi	8	1776
VASA published, mouse	368	multi	9	2661
VASA published, mouse	368	multi	10	5476
VASA published, mouse	368	multi	11	695
VASA published, mouse	368	multi	12	1023
VASA published, mouse	368	multi	13	478
VASA published, mouse	368	multi	14	902
VASA published, mouse	368	multi	15	327
VASA published, mouse	368	multi	16	270
VASA published, mouse	368	multi	17	195
VASA published, mouse	368	multi	18	116
VASA published, mouse	368	multi	19	119
VASA published, mouse	368	multi	20	477
VASA published, mouse	368	single	1	575673
VASA published, mouse	368	single	2	26411
VASA published, mouse	368	single	3	1415
VASA published, mouse	368	single	4	36
VASA published, mouse	368	single	5	5
VASA published, mouse	368	single	6	5
VASA published, mouse	368	single	7	3
VASA published, mouse	368	single	8	4
VASA published, mouse	368	single	9	5
VASA published, mouse	368	single	10	14
VASA published, mouse	368	single	11	2
VASA published, mouse	368	single	14	1
VASA published, mouse	368	single	17	5
VASA published, mouse	368	single	20	102
VASA published, mouse	370	multi	1	21817
VASA published, mouse	370	multi	2	31603
VASA published, mouse	370	multi	3	20621
VASA published, mouse	370	multi	4	20119
VASA published, mouse	370	multi	5	36455
VASA published, mouse	370	multi	6	5170
VASA published, mouse	370	multi	7	9992
VASA published, mouse	370	multi	8	2240
VASA published, mouse	370	multi	9	4706
VASA published, mouse	370	multi	10	10432
VASA published, mouse	370	multi	11	1152
VASA published, mouse	370	multi	12	1215
VASA published, mouse	370	multi	13	740
VASA published, mouse	370	multi	14	1458
VASA published, mouse	370	multi	15	556
VASA published, mouse	370	multi	16	361
VASA published, mouse	370	multi	17	303
VASA published, mouse	370	multi	18	157
VASA published, mouse	370	multi	19	135
VASA published, mouse	370	multi	20	898
VASA published, mouse	370	single	1	778498
VASA published, mouse	370	single	2	41058
VASA published, mouse	370	single	3	1733
VASA published, mouse	370	single	4	70
VASA published, mouse	370	single	9	4
VASA published, mouse	370	single	15	38
VASA published, mouse	370	single	16	1
VASA published, mouse	370	single	17	6
VASA published, mouse	370	single	19	4
VASA published, mouse	370	single	20	149
VASA published, mouse	372	multi	1	10226
VASA published, mouse	372	multi	2	16444
VASA published, mouse	372	multi	3	10856
VASA published, mouse	372	multi	4	10140
VASA published, mouse	372	multi	5	13449
VASA published, mouse	372	multi	6	2573
VASA published, mouse	372	multi	7	5065
VASA published, mouse	372	multi	8	1253
VASA published, mouse	372	multi	9	2179
VASA published, mouse	372	multi	10	3652
VASA published, mouse	372	multi	11	654
VASA published, mouse	372	multi	12	611
VASA published, mouse	372	multi	13	277
VASA published, mouse	372	multi	14	387
VASA published, mouse	372	multi	15	261
VASA published, mouse	372	multi	16	151
VASA published, mouse	372	multi	17	97
VASA published, mouse	372	multi	18	106
VASA published, mouse	372	multi	19	110
VASA published, mouse	372	multi	20	384
VASA published, mouse	372	single	1	413449
VASA published, mouse	372	single	2	20466
VASA published, mouse	372	single	3	957
VASA published, mouse	372	single	4	31
VASA published, mouse	372	single	6	9
VASA published, mouse	372	single	7	3
VASA published, mouse	372	single	10	3
VASA published, mouse	372	single	15	6
VASA published, mouse	372	single	16	2
VASA published, mouse	372	single	17	2
VASA published, mouse	372	single	20	16
VASA published, mouse	374	multi	1	15915
VASA published, mouse	374	multi	2	26369
VASA published, mouse	374	multi	3	15840
VASA published, mouse	374	multi	4	12743
VASA published, mouse	374	multi	5	12084
VASA published, mouse	374	multi	6	3668
VASA published, mouse	374	multi	7	5810
VASA published, mouse	374	multi	8	1650
VASA published, mouse	374	multi	9	2552
VASA published, mouse	374	multi	10	4572
VASA published, mouse	374	multi	11	854
VASA published, mouse	374	multi	12	679
VASA published, mouse	374	multi	13	339
VASA published, mouse	374	multi	14	446
VASA published, mouse	374	multi	15	399
VASA published, mouse	374	multi	16	224
VASA published, mouse	374	multi	17	133
VASA published, mouse	374	multi	18	104
VASA published, mouse	374	multi	19	178
VASA published, mouse	374	multi	20	690
VASA published, mouse	374	single	1	651996
VASA published, mouse	374	single	2	28975
VASA published, mouse	374	single	3	1283
VASA published, mouse	374	single	4	66
VASA published, mouse	374	single	7	6
VASA published, mouse	374	single	12	3
VASA published, mouse	374	single	14	2
VASA published, mouse	374	single	15	11
VASA published, mouse	374	single	16	1
VASA published, mouse	374	single	17	1
VASA published, mouse	374	single	19	12
VASA published, mouse	374	single	20	51
VASA published, mouse	376	multi	1	15842
VASA published, mouse	376	multi	2	26592
VASA published, mouse	376	multi	3	16766
VASA published, mouse	376	multi	4	15449
VASA published, mouse	376	multi	5	21587
VASA published, mouse	376	multi	6	4299
VASA published, mouse	376	multi	7	9355
VASA published, mouse	376	multi	8	1913
VASA published, mouse	376	multi	9	3396
VASA published, mouse	376	multi	10	5790
VASA published, mouse	376	multi	11	720
VASA published, mouse	376	multi	12	983
VASA published, mouse	376	multi	13	564
VASA published, mouse	376	multi	14	730
VASA published, mouse	376	multi	15	395
VASA published, mouse	376	multi	16	272
VASA published, mouse	376	multi	17	201
VASA published, mouse	376	multi	18	83
VASA published, mouse	376	multi	19	185
VASA published, mouse	376	multi	20	872
VASA published, mouse	376	single	1	728522
VASA published, mouse	376	single	2	32066
VASA published, mouse	376	single	3	1617
VASA published, mouse	376	single	4	77
VASA published, mouse	376	single	5	1
VASA published, mouse	376	single	7	1
VASA published, mouse	376	single	12	10
VASA published, mouse	376	single	13	3
VASA published, mouse	376	single	15	16
VASA published, mouse	376	single	16	4
VASA published, mouse	376	single	17	22
VASA published, mouse	376	single	19	1
VASA published, mouse	376	single	20	110
VASA published, mouse	378	multi	1	5787
VASA published, mouse	378	multi	2	9336
VASA published, mouse	378	multi	3	5103
VASA published, mouse	378	multi	4	4141
VASA published, mouse	378	multi	5	4251
VASA published, mouse	378	multi	6	1176
VASA published, mouse	378	multi	7	2102
VASA published, mouse	378	multi	8	467
VASA published, mouse	378	multi	9	727
VASA published, mouse	378	multi	10	705
VASA published, mouse	378	multi	11	198
VASA published, mouse	378	multi	12	303
VASA published, mouse	378	multi	13	127
VASA published, mouse	378	multi	14	123
VASA published, mouse	378	multi	15	63
VASA published, mouse	378	multi	16	77
VASA published, mouse	378	multi	17	46
VASA published, mouse	378	multi	18	24
VASA published, mouse	378	multi	19	29
VASA published, mouse	378	multi	20	154
VASA published, mouse	378	single	1	206154
VASA published, mouse	378	single	2	9426
VASA published, mouse	378	single	3	375
VASA published, mouse	378	single	4	12
VASA published, mouse	378	single	5	2
VASA published, mouse	378	single	6	4
VASA published, mouse	378	single	7	3
VASA published, mouse	378	single	16	1
VASA published, mouse	378	single	17	2
VASA published, mouse	378	single	20	7
VASA published, mouse	380	multi	1	5903
VASA published, mouse	380	multi	2	10184
VASA published, mouse	380	multi	3	6011
VASA published, mouse	380	multi	4	4364
VASA published, mouse	380	multi	5	3756
VASA published, mouse	380	multi	6	1360
VASA published, mouse	380	multi	7	2158
VASA published, mouse	380	multi	8	574
VASA published, mouse	380	multi	9	984
VASA published, mouse	380	multi	10	518
VASA published, mouse	380	multi	11	330
VASA published, mouse	380	multi	12	345
VASA published, mouse	380	multi	13	141
VASA published, mouse	380	multi	14	156
VASA published, mouse	380	multi	15	151
VASA published, mouse	380	multi	16	76
VASA published, mouse	380	multi	17	64
VASA published, mouse	380	multi	18	41
VASA published, mouse	380	multi	19	40
VASA published, mouse	380	multi	20	236
VASA published, mouse	380	single	1	243323
VASA published, mouse	380	single	2	10206
VASA published, mouse	380	single	3	378
VASA published, mouse	380	single	4	6
VASA published, mouse	380	single	6	3
VASA published, mouse	380	single	7	9
VASA published, mouse	380	single	8	1
VASA published, mouse	380	single	9	2
VASA published, mouse	380	single	11	1
VASA published, mouse	380	single	13	3
VASA published, mouse	380	single	15	6
VASA published, mouse	380	single	16	2
VASA published, mouse	380	single	20	2
VASA published, mouse	382	multi	1	1097
VASA published, mouse	382	multi	2	1670
VASA published, mouse	382	multi	3	1066
VASA published, mouse	382	multi	4	1346
VASA published, mouse	382	multi	5	1300
VASA published, mouse	382	multi	6	295
VASA published, mouse	382	multi	7	698
VASA published, mouse	382	multi	8	120
VASA published, mouse	382	multi	9	670
VASA published, mouse	382	multi	10	220
VASA published, mouse	382	multi	11	48
VASA published, mouse	382	multi	12	58
VASA published, mouse	382	multi	13	13
VASA published, mouse	382	multi	14	41
VASA published, mouse	382	multi	15	36
VASA published, mouse	382	multi	16	25
VASA published, mouse	382	multi	17	41
VASA published, mouse	382	multi	18	5
VASA published, mouse	382	multi	19	17
VASA published, mouse	382	multi	20	49
VASA published, mouse	382	single	1	43770
VASA published, mouse	382	single	2	1889
VASA published, mouse	382	single	3	129
VASA published, mouse	382	single	4	4
VASA published, mouse	382	single	20	8
VASA published, mouse	383	multi	1	14434
VASA published, mouse	383	multi	2	22121
VASA published, mouse	383	multi	3	13976
VASA published, mouse	383	multi	4	13871
VASA published, mouse	383	multi	5	17787
VASA published, mouse	383	multi	6	3105
VASA published, mouse	383	multi	7	5317
VASA published, mouse	383	multi	8	1348
VASA published, mouse	383	multi	9	2425
VASA published, mouse	383	multi	10	3453
VASA published, mouse	383	multi	11	511
VASA published, mouse	383	multi	12	710
VASA published, mouse	383	multi	13	335
VASA published, mouse	383	multi	14	476
VASA published, mouse	383	multi	15	266
VASA published, mouse	383	multi	16	109
VASA published, mouse	383	multi	17	103
VASA published, mouse	383	multi	18	29
VASA published, mouse	383	multi	19	153
VASA published, mouse	383	multi	20	513
VASA published, mouse	383	single	1	556288
VASA published, mouse	383	single	2	25739
VASA published, mouse	383	single	3	1068
VASA published, mouse	383	single	4	66
VASA published, mouse	383	single	5	2
VASA published, mouse	383	single	6	3
VASA published, mouse	383	single	20	14
