dataset	cell	class	biotype	reads
own library, 130 nt	001	multi	ProteinCoding	32867
own library, 130 nt	001	multi	lncRNA	24339
own library, 130 nt	001	multi	MiscRna	3361
own library, 130 nt	001	multi	snRNA	2046
own library, 130 nt	001	multi	miRNA	1862
own library, 130 nt	001	multi	ProcessedPseudogene	1572
own library, 130 nt	001	multi	rRNA	778
own library, 130 nt	001	multi	TranscribedProcessedPseudogene	627
own library, 130 nt	001	multi	snoRNA	524
own library, 130 nt	001	multi	UnprocessedPseudogene	433
own library, 130 nt	001	multi	TEC	396
own library, 130 nt	001	multi	TranscribedUnprocessedPseudogene	282
own library, 130 nt	001	multi	UnitaryPseudogene	86
own library, 130 nt	001	multi	TranscribedUnitaryPseudogene	74
own library, 130 nt	001	multi	tRNA	36
own library, 130 nt	001	multi	ribozyme	4
own library, 130 nt	001	multi	IgCGene	3
own library, 130 nt	001	multi	MtRrna	2
own library, 130 nt	001	multi	IgLvGene	1
own library, 130 nt	001	multi	IgVPseudogene	1
own library, 130 nt	001	multi	MtTrna	1
own library, 130 nt	001	multi	scaRNA	1
own library, 130 nt	001	single	ProteinCoding	34626
own library, 130 nt	001	single	lncRNA	5039
own library, 130 nt	001	single	snoRNA	695
own library, 130 nt	001	single	MiscRna	580
own library, 130 nt	001	single	ribozyme	558
own library, 130 nt	001	single	snRNA	301
own library, 130 nt	001	single	rRNA	120
own library, 130 nt	001	single	TEC	113
own library, 130 nt	001	single	miRNA	109
own library, 130 nt	001	single	ProcessedPseudogene	102
own library, 130 nt	001	single	TranscribedUnprocessedPseudogene	42
own library, 130 nt	001	single	scaRNA	33
own library, 130 nt	001	single	TranscribedProcessedPseudogene	27
own library, 130 nt	001	single	UnitaryPseudogene	20
own library, 130 nt	001	single	MtRrna	17
own library, 130 nt	001	single	TranscribedUnitaryPseudogene	11
own library, 130 nt	001	single	tRNA	8
own library, 130 nt	001	single	UnprocessedPseudogene	4
own library, 130 nt	001	single	MtTrna	2
own library, 130 nt	002	multi	lncRNA	473179
own library, 130 nt	002	multi	ProteinCoding	453754
own library, 130 nt	002	multi	MiscRna	101875
own library, 130 nt	002	multi	miRNA	59382
own library, 130 nt	002	multi	snRNA	57448
own library, 130 nt	002	multi	ProcessedPseudogene	34094
own library, 130 nt	002	multi	snoRNA	15724
own library, 130 nt	002	multi	TranscribedProcessedPseudogene	15127
own library, 130 nt	002	multi	UnprocessedPseudogene	5418
own library, 130 nt	002	multi	rRNA	4383
own library, 130 nt	002	multi	TranscribedUnprocessedPseudogene	2249
own library, 130 nt	002	multi	TEC	1060
own library, 130 nt	002	multi	TranscribedUnitaryPseudogene	961
own library, 130 nt	002	multi	tRNA	480
own library, 130 nt	002	multi	UnitaryPseudogene	364
own library, 130 nt	002	multi	MtTrna	78
own library, 130 nt	002	multi	ribozyme	57
own library, 130 nt	002	multi	MtRrna	13
own library, 130 nt	002	multi	IgVGene	7
own library, 130 nt	002	multi	IgVPseudogene	7
own library, 130 nt	002	multi	scaRNA	2
own library, 130 nt	002	multi	TrCGene	1
own library, 130 nt	002	multi	TrVGene	1
own library, 130 nt	002	single	ProteinCoding	773781
own library, 130 nt	002	single	lncRNA	94099
own library, 130 nt	002	single	ribozyme	21079
own library, 130 nt	002	single	MiscRna	16908
own library, 130 nt	002	single	snoRNA	16803
own library, 130 nt	002	single	snRNA	8030
own library, 130 nt	002	single	miRNA	3638
own library, 130 nt	002	single	ProcessedPseudogene	2343
own library, 130 nt	002	single	rRNA	1976
own library, 130 nt	002	single	TEC	1620
own library, 130 nt	002	single	TranscribedProcessedPseudogene	906
own library, 130 nt	002	single	scaRNA	841
own library, 130 nt	002	single	TranscribedUnprocessedPseudogene	703
own library, 130 nt	002	single	UnprocessedPseudogene	268
own library, 130 nt	002	single	tRNA	227
own library, 130 nt	002	single	MtRrna	164
own library, 130 nt	002	single	TranscribedUnitaryPseudogene	160
own library, 130 nt	002	single	UnitaryPseudogene	62
own library, 130 nt	002	single	MtTrna	44
own library, 130 nt	002	single	TranslatedUnprocessedPseudogene	8
own library, 130 nt	002	single	pseudogene	2
own library, 130 nt	003	multi	lncRNA	693333
own library, 130 nt	003	multi	ProteinCoding	585509
own library, 130 nt	003	multi	MiscRna	324920
own library, 130 nt	003	multi	miRNA	184453
own library, 130 nt	003	multi	snRNA	128890
own library, 130 nt	003	multi	ProcessedPseudogene	69884
own library, 130 nt	003	multi	snoRNA	50956
own library, 130 nt	003	multi	TranscribedProcessedPseudogene	30926
own library, 130 nt	003	multi	rRNA	10394
own library, 130 nt	003	multi	UnprocessedPseudogene	9230
own library, 130 nt	003	multi	TranscribedUnprocessedPseudogene	4211
own library, 130 nt	003	multi	TranscribedUnitaryPseudogene	2374
own library, 130 nt	003	multi	TEC	1755
own library, 130 nt	003	multi	tRNA	912
own library, 130 nt	003	multi	UnitaryPseudogene	621
own library, 130 nt	003	multi	ribozyme	289
own library, 130 nt	003	multi	MtTrna	92
own library, 130 nt	003	multi	MtRrna	48
own library, 130 nt	003	multi	scaRNA	14
own library, 130 nt	003	multi	IgVPseudogene	7
own library, 130 nt	003	multi	IgCGene	4
own library, 130 nt	003	multi	IgVGene	4
own library, 130 nt	003	multi	TrCGene	2
own library, 130 nt	003	multi	TrVGene	1
own library, 130 nt	003	single	ProteinCoding	1531181
own library, 130 nt	003	single	lncRNA	179085
own library, 130 nt	003	single	ribozyme	63461
own library, 130 nt	003	single	snoRNA	54427
own library, 130 nt	003	single	MiscRna	54305
own library, 130 nt	003	single	snRNA	21262
own library, 130 nt	003	single	miRNA	8332
own library, 130 nt	003	single	ProcessedPseudogene	3882
own library, 130 nt	003	single	rRNA	2736
own library, 130 nt	003	single	TEC	2733
own library, 130 nt	003	single	scaRNA	2616
own library, 130 nt	003	single	TranscribedProcessedPseudogene	1957
own library, 130 nt	003	single	TranscribedUnprocessedPseudogene	1182
own library, 130 nt	003	single	MtRrna	624
own library, 130 nt	003	single	tRNA	338
own library, 130 nt	003	single	TranscribedUnitaryPseudogene	316
own library, 130 nt	003	single	MtTrna	191
own library, 130 nt	003	single	UnprocessedPseudogene	157
own library, 130 nt	003	single	UnitaryPseudogene	63
own library, 130 nt	003	single	IgCGene	1
own library, 130 nt	003	single	IgVGene	1
own library, 130 nt	004	multi	lncRNA	534256
own library, 130 nt	004	multi	ProteinCoding	504773
own library, 130 nt	004	multi	MiscRna	153854
own library, 130 nt	004	multi	snRNA	110178
own library, 130 nt	004	multi	miRNA	92165
own library, 130 nt	004	multi	ProcessedPseudogene	49423
own library, 130 nt	004	multi	TranscribedProcessedPseudogene	21739
own library, 130 nt	004	multi	snoRNA	20800
own library, 130 nt	004	multi	rRNA	7392
own library, 130 nt	004	multi	UnprocessedPseudogene	6822
own library, 130 nt	004	multi	TranscribedUnprocessedPseudogene	3029
own library, 130 nt	004	multi	TEC	1970
own library, 130 nt	004	multi	TranscribedUnitaryPseudogene	1388
own library, 130 nt	004	multi	tRNA	835
own library, 130 nt	004	multi	UnitaryPseudogene	614
own library, 130 nt	004	multi	ribozyme	113
own library, 130 nt	004	multi	MtTrna	80
own library, 130 nt	004	multi	MtRrna	36
own library, 130 nt	004	multi	scaRNA	10
own library, 130 nt	004	multi	TrVPseudogene	3
own library, 130 nt	004	multi	IgVGene	2
own library, 130 nt	004	multi	IgVPseudogene	2
own library, 130 nt	004	multi	TrCGene	2
own library, 130 nt	004	multi	TrVGene	2
own library, 130 nt	004	multi	TranslatedUnprocessedPseudogene	1
own library, 130 nt	004	single	ProteinCoding	1061966
own library, 130 nt	004	single	lncRNA	118027
own library, 130 nt	004	single	MiscRna	32013
own library, 130 nt	004	single	ribozyme	26292
own library, 130 nt	004	single	snoRNA	23466
own library, 130 nt	004	single	snRNA	13943
own library, 130 nt	004	single	miRNA	4855
own library, 130 nt	004	single	ProcessedPseudogene	2989
own library, 130 nt	004	single	rRNA	2838
own library, 130 nt	004	single	TEC	2180
own library, 130 nt	004	single	TranscribedProcessedPseudogene	1243
own library, 130 nt	004	single	scaRNA	1171
own library, 130 nt	004	single	MtRrna	855
own library, 130 nt	004	single	TranscribedUnprocessedPseudogene	796
own library, 130 nt	004	single	tRNA	260
own library, 130 nt	004	single	TranscribedUnitaryPseudogene	244
own library, 130 nt	004	single	UnitaryPseudogene	136
own library, 130 nt	004	single	UnprocessedPseudogene	121
own library, 130 nt	004	single	MtTrna	94
own library, 130 nt	004	single	TranslatedUnprocessedPseudogene	5
own library, 130 nt	005	multi	lncRNA	530987
own library, 130 nt	005	multi	ProteinCoding	492514
own library, 130 nt	005	multi	MiscRna	139635
own library, 130 nt	005	multi	miRNA	83280
own library, 130 nt	005	multi	snRNA	81265
own library, 130 nt	005	multi	ProcessedPseudogene	43857
own library, 130 nt	005	multi	TranscribedProcessedPseudogene	19566
own library, 130 nt	005	multi	snoRNA	18004
own library, 130 nt	005	multi	UnprocessedPseudogene	6493
own library, 130 nt	005	multi	rRNA	6014
own library, 130 nt	005	multi	TranscribedUnprocessedPseudogene	2507
own library, 130 nt	005	multi	TranscribedUnitaryPseudogene	1329
own library, 130 nt	005	multi	TEC	1074
own library, 130 nt	005	multi	UnitaryPseudogene	607
own library, 130 nt	005	multi	tRNA	602
own library, 130 nt	005	multi	ribozyme	85
own library, 130 nt	005	multi	MtTrna	82
own library, 130 nt	005	multi	MtRrna	29
own library, 130 nt	005	multi	TranslatedUnprocessedPseudogene	5
own library, 130 nt	005	multi	scaRNA	3
own library, 130 nt	005	multi	IgVGene	2
own library, 130 nt	005	multi	TrVGene	2
own library, 130 nt	005	multi	TrCGene	1
own library, 130 nt	005	multi	TrVPseudogene	1
own library, 130 nt	005	multi	pseudogene	1
own library, 130 nt	005	single	ProteinCoding	940351
own library, 130 nt	005	single	lncRNA	103916
own library, 130 nt	005	single	ribozyme	26826
own library, 130 nt	005	single	MiscRna	22057
own library, 130 nt	005	single	snoRNA	20731
own library, 130 nt	005	single	snRNA	10895
own library, 130 nt	005	single	miRNA	4202
own library, 130 nt	005	single	ProcessedPseudogene	2693
own library, 130 nt	005	single	TEC	2017
own library, 130 nt	005	single	rRNA	1732
own library, 130 nt	005	single	TranscribedProcessedPseudogene	1198
own library, 130 nt	005	single	scaRNA	1121
own library, 130 nt	005	single	TranscribedUnprocessedPseudogene	640
own library, 130 nt	005	single	MtRrna	281
own library, 130 nt	005	single	TranscribedUnitaryPseudogene	261
own library, 130 nt	005	single	tRNA	232
own library, 130 nt	005	single	UnprocessedPseudogene	86
own library, 130 nt	005	single	MtTrna	79
own library, 130 nt	005	single	UnitaryPseudogene	49
own library, 130 nt	005	single	TranslatedUnprocessedPseudogene	4
own library, 130 nt	005	single	TrJGene	2
own library, 130 nt	005	single	IgVPseudogene	1
own library, 130 nt	006	multi	lncRNA	698968
own library, 130 nt	006	multi	ProteinCoding	666931
own library, 130 nt	006	multi	MiscRna	172427
own library, 130 nt	006	multi	miRNA	106232
own library, 130 nt	006	multi	snRNA	90452
own library, 130 nt	006	multi	ProcessedPseudogene	67123
own library, 130 nt	006	multi	TranscribedProcessedPseudogene	29898
own library, 130 nt	006	multi	snoRNA	18108
own library, 130 nt	006	multi	UnprocessedPseudogene	9341
own library, 130 nt	006	multi	rRNA	7340
own library, 130 nt	006	multi	TranscribedUnprocessedPseudogene	4125
own library, 130 nt	006	multi	TranscribedUnitaryPseudogene	2272
own library, 130 nt	006	multi	tRNA	2165
own library, 130 nt	006	multi	TEC	2033
own library, 130 nt	006	multi	UnitaryPseudogene	1142
own library, 130 nt	006	multi	MtTrna	159
own library, 130 nt	006	multi	ribozyme	98
own library, 130 nt	006	multi	MtRrna	42
own library, 130 nt	006	multi	scaRNA	15
own library, 130 nt	006	multi	IgVPseudogene	7
own library, 130 nt	006	multi	TrVGene	7
own library, 130 nt	006	multi	IgVGene	5
own library, 130 nt	006	multi	TranslatedUnprocessedPseudogene	3
own library, 130 nt	006	multi	TrVPseudogene	2
own library, 130 nt	006	multi	IgCGene	1
own library, 130 nt	006	multi	TrCGene	1
own library, 130 nt	006	single	ProteinCoding	1469739
own library, 130 nt	006	single	lncRNA	158068
own library, 130 nt	006	single	MiscRna	30010
own library, 130 nt	006	single	ribozyme	29720
own library, 130 nt	006	single	snoRNA	20200
own library, 130 nt	006	single	snRNA	13398
own library, 130 nt	006	single	miRNA	7039
own library, 130 nt	006	single	ProcessedPseudogene	4510
own library, 130 nt	006	single	TEC	3069
own library, 130 nt	006	single	rRNA	1878
own library, 130 nt	006	single	TranscribedProcessedPseudogene	1451
own library, 130 nt	006	single	scaRNA	886
own library, 130 nt	006	single	TranscribedUnprocessedPseudogene	852
own library, 130 nt	006	single	MtRrna	415
own library, 130 nt	006	single	tRNA	354
own library, 130 nt	006	single	TranscribedUnitaryPseudogene	353
own library, 130 nt	006	single	UnprocessedPseudogene	313
own library, 130 nt	006	single	MtTrna	211
own library, 130 nt	006	single	UnitaryPseudogene	93
own library, 130 nt	006	single	sRNA	4
own library, 130 nt	006	single	TranslatedUnprocessedPseudogene	1
own library, 130 nt	007	multi	lncRNA	1314467
own library, 130 nt	007	multi	ProteinCoding	1171553
own library, 130 nt	007	multi	MiscRna	476996
own library, 130 nt	007	multi	miRNA	279373
own library, 130 nt	007	multi	snRNA	274214
own library, 130 nt	007	multi	ProcessedPseudogene	146759
own library, 130 nt	007	multi	TranscribedProcessedPseudogene	65390
own library, 130 nt	007	multi	snoRNA	59189
own library, 130 nt	007	multi	UnprocessedPseudogene	22903
own library, 130 nt	007	multi	rRNA	18376
own library, 130 nt	007	multi	TranscribedUnprocessedPseudogene	9071
own library, 130 nt	007	multi	TranscribedUnitaryPseudogene	5138
own library, 130 nt	007	multi	TEC	3710
own library, 130 nt	007	multi	UnitaryPseudogene	2451
own library, 130 nt	007	multi	tRNA	1514
own library, 130 nt	007	multi	ribozyme	271
own library, 130 nt	007	multi	MtTrna	251
own library, 130 nt	007	multi	MtRrna	78
own library, 130 nt	007	multi	scaRNA	18
own library, 130 nt	007	multi	IgVGene	10
own library, 130 nt	007	multi	TrVGene	10
own library, 130 nt	007	multi	IgCGene	6
own library, 130 nt	007	multi	IgVPseudogene	2
own library, 130 nt	007	multi	TrCGene	2
own library, 130 nt	007	multi	TranslatedUnprocessedPseudogene	2
own library, 130 nt	007	multi	pseudogene	1
own library, 130 nt	007	single	ProteinCoding	3375669
own library, 130 nt	007	single	lncRNA	325709
own library, 130 nt	007	single	ribozyme	75986
own library, 130 nt	007	single	MiscRna	65513
own library, 130 nt	007	single	snoRNA	62675
own library, 130 nt	007	single	snRNA	35931
own library, 130 nt	007	single	miRNA	13868
own library, 130 nt	007	single	ProcessedPseudogene	8691
own library, 130 nt	007	single	TEC	7631
own library, 130 nt	007	single	TranscribedProcessedPseudogene	3370
own library, 130 nt	007	single	rRNA	3219
own library, 130 nt	007	single	scaRNA	2645
own library, 130 nt	007	single	TranscribedUnprocessedPseudogene	2603
own library, 130 nt	007	single	tRNA	1008
own library, 130 nt	007	single	MtRrna	801
own library, 130 nt	007	single	TranscribedUnitaryPseudogene	671
own library, 130 nt	007	single	MtTrna	465
own library, 130 nt	007	single	UnprocessedPseudogene	397
own library, 130 nt	007	single	UnitaryPseudogene	237
own library, 130 nt	007	single	TranslatedUnprocessedPseudogene	13
own library, 130 nt	007	single	TrVPseudogene	4
own library, 130 nt	007	single	IgCGene	1
own library, 130 nt	007	single	TrCGene	1
own library, 130 nt	007	single	TrJGene	1
own library, 130 nt	008	multi	lncRNA	898612
own library, 130 nt	008	multi	ProteinCoding	873064
own library, 130 nt	008	multi	MiscRna	191721
own library, 130 nt	008	multi	snRNA	171389
own library, 130 nt	008	multi	miRNA	112939
own library, 130 nt	008	multi	ProcessedPseudogene	80435
own library, 130 nt	008	multi	TranscribedProcessedPseudogene	35467
own library, 130 nt	008	multi	snoRNA	29849
own library, 130 nt	008	multi	rRNA	13913
own library, 130 nt	008	multi	UnprocessedPseudogene	13070
own library, 130 nt	008	multi	TranscribedUnprocessedPseudogene	4393
own library, 130 nt	008	multi	TranscribedUnitaryPseudogene	2720
own library, 130 nt	008	multi	TEC	2435
own library, 130 nt	008	multi	tRNA	1876
own library, 130 nt	008	multi	UnitaryPseudogene	1872
own library, 130 nt	008	multi	MtTrna	300
own library, 130 nt	008	multi	ribozyme	140
own library, 130 nt	008	multi	MtRrna	44
own library, 130 nt	008	multi	scaRNA	17
own library, 130 nt	008	multi	IgVGene	10
own library, 130 nt	008	multi	IgVPseudogene	9
own library, 130 nt	008	multi	TrVGene	5
own library, 130 nt	008	multi	TrVPseudogene	2
own library, 130 nt	008	multi	IgCGene	1
own library, 130 nt	008	multi	TranslatedUnprocessedPseudogene	1
own library, 130 nt	008	single	ProteinCoding	1834620
own library, 130 nt	008	single	lncRNA	200901
own library, 130 nt	008	single	MiscRna	32793
own library, 130 nt	008	single	ribozyme	32707
own library, 130 nt	008	single	snoRNA	30060
own library, 130 nt	008	single	snRNA	24412
own library, 130 nt	008	single	miRNA	8154
own library, 130 nt	008	single	ProcessedPseudogene	4955
own library, 130 nt	008	single	TEC	4380
own library, 130 nt	008	single	rRNA	3868
own library, 130 nt	008	single	TranscribedProcessedPseudogene	1932
own library, 130 nt	008	single	scaRNA	1439
own library, 130 nt	008	single	TranscribedUnprocessedPseudogene	1205
own library, 130 nt	008	single	MtRrna	755
own library, 130 nt	008	single	tRNA	754
own library, 130 nt	008	single	TranscribedUnitaryPseudogene	476
own library, 130 nt	008	single	MtTrna	346
own library, 130 nt	008	single	UnitaryPseudogene	287
own library, 130 nt	008	single	UnprocessedPseudogene	284
own library, 130 nt	008	single	IgVPseudogene	2
own library, 130 nt	008	single	TrVGene	1
own library, 130 nt	009	multi	lncRNA	991819
own library, 130 nt	009	multi	ProteinCoding	913438
own library, 130 nt	009	multi	MiscRna	338598
own library, 130 nt	009	multi	miRNA	191500
own library, 130 nt	009	multi	snRNA	151163
own library, 130 nt	009	multi	ProcessedPseudogene	120669
own library, 130 nt	009	multi	TranscribedProcessedPseudogene	53749
own library, 130 nt	009	multi	snoRNA	30911
own library, 130 nt	009	multi	UnprocessedPseudogene	17542
own library, 130 nt	009	multi	rRNA	16345
own library, 130 nt	009	multi	TranscribedUnprocessedPseudogene	6500
own library, 130 nt	009	multi	TranscribedUnitaryPseudogene	3729
own library, 130 nt	009	multi	TEC	2767
own library, 130 nt	009	multi	UnitaryPseudogene	2132
own library, 130 nt	009	multi	tRNA	1955
own library, 130 nt	009	multi	MtTrna	239
own library, 130 nt	009	multi	ribozyme	185
own library, 130 nt	009	multi	MtRrna	62
own library, 130 nt	009	multi	scaRNA	23
own library, 130 nt	009	multi	TrVGene	7
own library, 130 nt	009	multi	IgCGene	6
own library, 130 nt	009	multi	IgVPseudogene	6
own library, 130 nt	009	multi	IgVGene	5
own library, 130 nt	009	multi	TrCGene	2
own library, 130 nt	009	multi	TrVPseudogene	2
own library, 130 nt	009	multi	TranslatedUnprocessedPseudogene	1
own library, 130 nt	009	single	ProteinCoding	2640957
own library, 130 nt	009	single	lncRNA	237397
own library, 130 nt	009	single	ribozyme	50870
own library, 130 nt	009	single	MiscRna	44658
own library, 130 nt	009	single	snoRNA	37608
own library, 130 nt	009	single	snRNA	22241
own library, 130 nt	009	single	miRNA	10560
own library, 130 nt	009	single	ProcessedPseudogene	7155
own library, 130 nt	009	single	TEC	5723
own library, 130 nt	009	single	rRNA	4681
own library, 130 nt	009	single	TranscribedProcessedPseudogene	2532
own library, 130 nt	009	single	scaRNA	1970
own library, 130 nt	009	single	TranscribedUnprocessedPseudogene	1783
own library, 130 nt	009	single	MtRrna	912
own library, 130 nt	009	single	tRNA	605
own library, 130 nt	009	single	TranscribedUnitaryPseudogene	570
own library, 130 nt	009	single	MtTrna	365
own library, 130 nt	009	single	UnprocessedPseudogene	331
own library, 130 nt	009	single	UnitaryPseudogene	168
own library, 130 nt	009	single	TranslatedUnprocessedPseudogene	9
own library, 130 nt	009	single	TrVPseudogene	7
own library, 130 nt	009	single	TrVGene	5
own library, 130 nt	009	single	sRNA	2
own library, 130 nt	009	single	IgVGene	1
own library, 130 nt	009	single	IgVPseudogene	1
own library, 130 nt	009	single	TrCGene	1
own library, 130 nt	010	multi	lncRNA	2121039
own library, 130 nt	010	multi	ProteinCoding	1885881
own library, 130 nt	010	multi	MiscRna	714625
own library, 130 nt	010	multi	snRNA	655624
own library, 130 nt	010	multi	miRNA	372810
own library, 130 nt	010	multi	ProcessedPseudogene	219825
own library, 130 nt	010	multi	snoRNA	120690
own library, 130 nt	010	multi	TranscribedProcessedPseudogene	97696
own library, 130 nt	010	multi	UnprocessedPseudogene	34118
own library, 130 nt	010	multi	rRNA	23505
own library, 130 nt	010	multi	TranscribedUnprocessedPseudogene	11886
own library, 130 nt	010	multi	TranscribedUnitaryPseudogene	6724
own library, 130 nt	010	multi	TEC	4630
own library, 130 nt	010	multi	UnitaryPseudogene	2101
own library, 130 nt	010	multi	tRNA	1740
own library, 130 nt	010	multi	ribozyme	466
own library, 130 nt	010	multi	MtTrna	188
own library, 130 nt	010	multi	MtRrna	105
own library, 130 nt	010	multi	scaRNA	32
own library, 130 nt	010	multi	IgCGene	6
own library, 130 nt	010	multi	IgVGene	6
own library, 130 nt	010	multi	TrVGene	6
own library, 130 nt	010	multi	TrCGene	5
own library, 130 nt	010	multi	TranslatedUnprocessedPseudogene	4
own library, 130 nt	010	multi	IgVPseudogene	2
own library, 130 nt	010	multi	pseudogene	2
own library, 130 nt	010	single	ProteinCoding	5060109
own library, 130 nt	010	single	lncRNA	462799
own library, 130 nt	010	single	MiscRna	128390
own library, 130 nt	010	single	snoRNA	119868
own library, 130 nt	010	single	ribozyme	110267
own library, 130 nt	010	single	snRNA	67400
own library, 130 nt	010	single	miRNA	21964
own library, 130 nt	010	single	ProcessedPseudogene	13785
own library, 130 nt	010	single	TEC	10852
own library, 130 nt	010	single	TranscribedProcessedPseudogene	6486
own library, 130 nt	010	single	scaRNA	6108
own library, 130 nt	010	single	rRNA	4922
own library, 130 nt	010	single	TranscribedUnprocessedPseudogene	3407
own library, 130 nt	010	single	tRNA	1341
own library, 130 nt	010	single	MtRrna	1261
own library, 130 nt	010	single	TranscribedUnitaryPseudogene	1242
own library, 130 nt	010	single	MtTrna	483
own library, 130 nt	010	single	UnprocessedPseudogene	414
own library, 130 nt	010	single	UnitaryPseudogene	250
own library, 130 nt	010	single	IgVGene	1
own library, 130 nt	010	single	TrCGene	1
own library, 130 nt	011	multi	lncRNA	2127408
own library, 130 nt	011	multi	ProteinCoding	1905446
own library, 130 nt	011	multi	MiscRna	752346
own library, 130 nt	011	multi	snRNA	720508
own library, 130 nt	011	multi	miRNA	384161
own library, 130 nt	011	multi	ProcessedPseudogene	218724
own library, 130 nt	011	multi	snoRNA	172573
own library, 130 nt	011	multi	TranscribedProcessedPseudogene	97575
own library, 130 nt	011	multi	UnprocessedPseudogene	30516
own library, 130 nt	011	multi	rRNA	24965
own library, 130 nt	011	multi	TranscribedUnprocessedPseudogene	11858
own library, 130 nt	011	multi	TranscribedUnitaryPseudogene	6954
own library, 130 nt	011	multi	TEC	5296
own library, 130 nt	011	multi	UnitaryPseudogene	2547
own library, 130 nt	011	multi	tRNA	1725
own library, 130 nt	011	multi	ribozyme	531
own library, 130 nt	011	multi	MtTrna	194
own library, 130 nt	011	multi	MtRrna	107
own library, 130 nt	011	multi	scaRNA	37
own library, 130 nt	011	multi	TrVGene	14
own library, 130 nt	011	multi	IgVGene	13
own library, 130 nt	011	multi	IgVPseudogene	8
own library, 130 nt	011	multi	IgCGene	5
own library, 130 nt	011	multi	TranslatedUnprocessedPseudogene	3
own library, 130 nt	011	multi	pseudogene	3
own library, 130 nt	011	multi	TrCGene	2
own library, 130 nt	011	multi	IgJGene	1
own library, 130 nt	011	multi	TrJGene	1
own library, 130 nt	011	single	ProteinCoding	5088451
own library, 130 nt	011	single	lncRNA	488508
own library, 130 nt	011	single	snoRNA	145595
own library, 130 nt	011	single	ribozyme	124307
own library, 130 nt	011	single	MiscRna	101177
own library, 130 nt	011	single	snRNA	71604
own library, 130 nt	011	single	miRNA	24783
own library, 130 nt	011	single	ProcessedPseudogene	13164
own library, 130 nt	011	single	TEC	10678
own library, 130 nt	011	single	scaRNA	6790
own library, 130 nt	011	single	TranscribedProcessedPseudogene	6381
own library, 130 nt	011	single	rRNA	5052
own library, 130 nt	011	single	TranscribedUnprocessedPseudogene	3502
own library, 130 nt	011	single	tRNA	1568
own library, 130 nt	011	single	TranscribedUnitaryPseudogene	1144
own library, 130 nt	011	single	MtRrna	1094
own library, 130 nt	011	single	UnitaryPseudogene	546
own library, 130 nt	011	single	MtTrna	404
own library, 130 nt	011	single	UnprocessedPseudogene	392
own library, 130 nt	011	single	TranslatedUnprocessedPseudogene	3
own library, 130 nt	011	single	pseudogene	3
own library, 130 nt	011	single	IgVGene	2
own library, 130 nt	011	single	IgCGene	1
own library, 130 nt	011	single	IgVPseudogene	1
own library, 130 nt	011	single	TrVGene	1
own library, 130 nt	011	single	TrVPseudogene	1
own library, 130 nt	012	multi	lncRNA	1721082
own library, 130 nt	012	multi	ProteinCoding	1494726
own library, 130 nt	012	multi	MiscRna	630188
own library, 130 nt	012	multi	snRNA	520190
own library, 130 nt	012	multi	miRNA	345712
own library, 130 nt	012	multi	ProcessedPseudogene	185973
own library, 130 nt	012	multi	snoRNA	96857
own library, 130 nt	012	multi	TranscribedProcessedPseudogene	83972
own library, 130 nt	012	multi	UnprocessedPseudogene	26391
own library, 130 nt	012	multi	rRNA	23284
own library, 130 nt	012	multi	TranscribedUnprocessedPseudogene	9866
own library, 130 nt	012	multi	TranscribedUnitaryPseudogene	5560
own library, 130 nt	012	multi	TEC	4864
own library, 130 nt	012	multi	UnitaryPseudogene	1844
own library, 130 nt	012	multi	tRNA	1770
own library, 130 nt	012	multi	ribozyme	413
own library, 130 nt	012	multi	MtTrna	161
own library, 130 nt	012	multi	MtRrna	121
own library, 130 nt	012	multi	scaRNA	28
own library, 130 nt	012	multi	TranslatedUnprocessedPseudogene	15
own library, 130 nt	012	multi	IgCGene	12
own library, 130 nt	012	multi	TrVGene	12
own library, 130 nt	012	multi	IgVPseudogene	7
own library, 130 nt	012	multi	IgVGene	4
own library, 130 nt	012	multi	IgCPseudogene	1
own library, 130 nt	012	multi	TrCGene	1
own library, 130 nt	012	multi	TrVPseudogene	1
own library, 130 nt	012	multi	pseudogene	1
own library, 130 nt	012	single	ProteinCoding	4178589
own library, 130 nt	012	single	lncRNA	388400
own library, 130 nt	012	single	ribozyme	102567
own library, 130 nt	012	single	snoRNA	101303
own library, 130 nt	012	single	MiscRna	86983
own library, 130 nt	012	single	snRNA	54998
own library, 130 nt	012	single	miRNA	18021
own library, 130 nt	012	single	ProcessedPseudogene	10841
own library, 130 nt	012	single	TEC	8772
own library, 130 nt	012	single	rRNA	5448
own library, 130 nt	012	single	scaRNA	5081
own library, 130 nt	012	single	TranscribedProcessedPseudogene	4988
own library, 130 nt	012	single	TranscribedUnprocessedPseudogene	2869
own library, 130 nt	012	single	TranscribedUnitaryPseudogene	973
own library, 130 nt	012	single	tRNA	896
own library, 130 nt	012	single	MtRrna	893
own library, 130 nt	012	single	MtTrna	449
own library, 130 nt	012	single	UnprocessedPseudogene	371
own library, 130 nt	012	single	UnitaryPseudogene	243
own library, 130 nt	012	single	TranslatedUnprocessedPseudogene	8
own library, 130 nt	012	single	TrVGene	3
own library, 130 nt	012	single	IgVGene	2
own library, 130 nt	012	single	TrCGene	1
own library, 130 nt	013	multi	lncRNA	1846771
own library, 130 nt	013	multi	ProteinCoding	1657079
own library, 130 nt	013	multi	snRNA	579069
own library, 130 nt	013	multi	MiscRna	557217
own library, 130 nt	013	multi	miRNA	301881
own library, 130 nt	013	multi	ProcessedPseudogene	151535
own library, 130 nt	013	multi	snoRNA	135530
own library, 130 nt	013	multi	TranscribedProcessedPseudogene	68227
own library, 130 nt	013	multi	UnprocessedPseudogene	21498
own library, 130 nt	013	multi	rRNA	18765
own library, 130 nt	013	multi	TranscribedUnprocessedPseudogene	8305
own library, 130 nt	013	multi	TranscribedUnitaryPseudogene	4826
own library, 130 nt	013	multi	TEC	3783
own library, 130 nt	013	multi	UnitaryPseudogene	1535
own library, 130 nt	013	multi	tRNA	1511
own library, 130 nt	013	multi	ribozyme	350
own library, 130 nt	013	multi	MtTrna	182
own library, 130 nt	013	multi	MtRrna	100
own library, 130 nt	013	multi	scaRNA	25
own library, 130 nt	013	multi	TrVGene	18
own library, 130 nt	013	multi	TranslatedUnprocessedPseudogene	17
own library, 130 nt	013	multi	IgVGene	12
own library, 130 nt	013	multi	IgCGene	7
own library, 130 nt	013	multi	IgVPseudogene	7
own library, 130 nt	013	multi	TrVPseudogene	6
own library, 130 nt	013	multi	TrCGene	3
own library, 130 nt	013	single	ProteinCoding	3498694
own library, 130 nt	013	single	lncRNA	357214
own library, 130 nt	013	single	snoRNA	98764
own library, 130 nt	013	single	MiscRna	82108
own library, 130 nt	013	single	ribozyme	80384
own library, 130 nt	013	single	snRNA	56961
own library, 130 nt	013	single	miRNA	16346
own library, 130 nt	013	single	ProcessedPseudogene	9621
own library, 130 nt	013	single	TEC	7234
own library, 130 nt	013	single	scaRNA	4976
own library, 130 nt	013	single	TranscribedProcessedPseudogene	4233
own library, 130 nt	013	single	rRNA	3814
own library, 130 nt	013	single	TranscribedUnprocessedPseudogene	2466
own library, 130 nt	013	single	tRNA	1159
own library, 130 nt	013	single	MtRrna	858
own library, 130 nt	013	single	TranscribedUnitaryPseudogene	788
own library, 130 nt	013	single	MtTrna	322
own library, 130 nt	013	single	UnprocessedPseudogene	276
own library, 130 nt	013	single	UnitaryPseudogene	251
own library, 130 nt	013	single	TranslatedUnprocessedPseudogene	4
own library, 130 nt	013	single	TrCGene	2
own library, 130 nt	013	single	IgVGene	1
own library, 130 nt	013	single	TrVGene	1
own library, 130 nt	014	multi	ProteinCoding	40567
own library, 130 nt	014	multi	lncRNA	28931
own library, 130 nt	014	multi	MiscRna	1744
own library, 130 nt	014	multi	snRNA	1082
own library, 130 nt	014	multi	ProcessedPseudogene	1029
own library, 130 nt	014	multi	miRNA	856
own library, 130 nt	014	multi	rRNA	553
own library, 130 nt	014	multi	TranscribedUnprocessedPseudogene	525
own library, 130 nt	014	multi	UnprocessedPseudogene	333
own library, 130 nt	014	multi	TEC	316
own library, 130 nt	014	multi	TranscribedProcessedPseudogene	304
own library, 130 nt	014	multi	snoRNA	222
own library, 130 nt	014	multi	TranscribedUnitaryPseudogene	78
own library, 130 nt	014	multi	UnitaryPseudogene	66
own library, 130 nt	014	multi	tRNA	8
own library, 130 nt	014	multi	IgVGene	2
own library, 130 nt	014	multi	MtRrna	2
own library, 130 nt	014	multi	IgVPseudogene	1
own library, 130 nt	014	multi	MtTrna	1
own library, 130 nt	014	multi	ribozyme	1
own library, 130 nt	014	single	ProteinCoding	24736
own library, 130 nt	014	single	lncRNA	5256
own library, 130 nt	014	single	snoRNA	289
own library, 130 nt	014	single	ribozyme	252
own library, 130 nt	014	single	MiscRna	195
own library, 130 nt	014	single	snRNA	138
own library, 130 nt	014	single	rRNA	109
own library, 130 nt	014	single	ProcessedPseudogene	83
own library, 130 nt	014	single	TEC	81
own library, 130 nt	014	single	TranscribedUnprocessedPseudogene	72
own library, 130 nt	014	single	miRNA	72
own library, 130 nt	014	single	MtRrna	42
own library, 130 nt	014	single	TranscribedProcessedPseudogene	19
own library, 130 nt	014	single	TranscribedUnitaryPseudogene	17
own library, 130 nt	014	single	scaRNA	16
own library, 130 nt	014	single	UnprocessedPseudogene	7
own library, 130 nt	014	single	UnitaryPseudogene	6
own library, 130 nt	014	single	MtTrna	4
own library, 130 nt	014	single	tRNA	2
own library, 130 nt	015	multi	ProteinCoding	48075
own library, 130 nt	015	multi	lncRNA	36793
own library, 130 nt	015	multi	MiscRna	4448
own library, 130 nt	015	multi	miRNA	2324
own library, 130 nt	015	multi	snRNA	2277
own library, 130 nt	015	multi	ProcessedPseudogene	1712
own library, 130 nt	015	multi	UnprocessedPseudogene	1124
own library, 130 nt	015	multi	TranscribedProcessedPseudogene	729
own library, 130 nt	015	multi	rRNA	633
own library, 130 nt	015	multi	snoRNA	555
own library, 130 nt	015	multi	TEC	551
own library, 130 nt	015	multi	TranscribedUnprocessedPseudogene	190
own library, 130 nt	015	multi	UnitaryPseudogene	93
own library, 130 nt	015	multi	TranscribedUnitaryPseudogene	49
own library, 130 nt	015	multi	tRNA	23
own library, 130 nt	015	multi	IgVGene	5
own library, 130 nt	015	multi	MtTrna	3
own library, 130 nt	015	multi	MtRrna	2
own library, 130 nt	015	multi	TrVGene	1
own library, 130 nt	015	multi	ribozyme	1
own library, 130 nt	015	multi	scaRNA	1
own library, 130 nt	015	single	ProteinCoding	42568
own library, 130 nt	015	single	lncRNA	7414
own library, 130 nt	015	single	snoRNA	671
own library, 130 nt	015	single	ribozyme	625
own library, 130 nt	015	single	MiscRna	604
own library, 130 nt	015	single	snRNA	260
own library, 130 nt	015	single	TEC	172
own library, 130 nt	015	single	rRNA	164
own library, 130 nt	015	single	miRNA	121
own library, 130 nt	015	single	MtRrna	117
own library, 130 nt	015	single	ProcessedPseudogene	99
own library, 130 nt	015	single	scaRNA	34
own library, 130 nt	015	single	TranscribedProcessedPseudogene	32
own library, 130 nt	015	single	TranscribedUnprocessedPseudogene	28
own library, 130 nt	015	single	TranscribedUnitaryPseudogene	23
own library, 130 nt	015	single	UnprocessedPseudogene	22
own library, 130 nt	015	single	UnitaryPseudogene	12
own library, 130 nt	015	single	MtTrna	7
own library, 130 nt	015	single	tRNA	6
own library, 130 nt	016	multi	ProteinCoding	23796
own library, 130 nt	016	multi	lncRNA	15806
own library, 130 nt	016	multi	MiscRna	943
own library, 130 nt	016	multi	snRNA	540
own library, 130 nt	016	multi	ProcessedPseudogene	471
own library, 130 nt	016	multi	miRNA	463
own library, 130 nt	016	multi	TEC	222
own library, 130 nt	016	multi	rRNA	203
own library, 130 nt	016	multi	UnprocessedPseudogene	187
own library, 130 nt	016	multi	TranscribedUnprocessedPseudogene	183
own library, 130 nt	016	multi	TranscribedProcessedPseudogene	151
own library, 130 nt	016	multi	snoRNA	144
own library, 130 nt	016	multi	TranscribedUnitaryPseudogene	28
own library, 130 nt	016	multi	UnitaryPseudogene	28
own library, 130 nt	016	multi	tRNA	7
own library, 130 nt	016	multi	TrCGene	2
own library, 130 nt	016	multi	TrVGene	1
own library, 130 nt	016	multi	ribozyme	1
own library, 130 nt	016	single	ProteinCoding	14306
own library, 130 nt	016	single	lncRNA	3907
own library, 130 nt	016	single	snoRNA	182
own library, 130 nt	016	single	ribozyme	118
own library, 130 nt	016	single	MiscRna	111
own library, 130 nt	016	single	snRNA	60
own library, 130 nt	016	single	TranscribedUnprocessedPseudogene	52
own library, 130 nt	016	single	ProcessedPseudogene	51
own library, 130 nt	016	single	miRNA	49
own library, 130 nt	016	single	rRNA	44
own library, 130 nt	016	single	TEC	37
own library, 130 nt	016	single	MtRrna	29
own library, 130 nt	016	single	scaRNA	9
own library, 130 nt	016	single	TranscribedUnitaryPseudogene	8
own library, 130 nt	016	single	TranscribedProcessedPseudogene	6
own library, 130 nt	016	single	UnprocessedPseudogene	5
own library, 130 nt	016	single	UnitaryPseudogene	3
own library, 130 nt	016	single	MtTrna	1
own library, 130 nt	016	single	tRNA	1
own library, 75 nt	001	multi	ProteinCoding	40109
own library, 75 nt	001	multi	lncRNA	28150
own library, 75 nt	001	multi	MiscRna	3581
own library, 75 nt	001	multi	ProcessedPseudogene	2445
own library, 75 nt	001	multi	snRNA	2076
own library, 75 nt	001	multi	miRNA	1694
own library, 75 nt	001	multi	TranscribedProcessedPseudogene	1083
own library, 75 nt	001	multi	rRNA	781
own library, 75 nt	001	multi	snoRNA	513
own library, 75 nt	001	multi	UnprocessedPseudogene	485
own library, 75 nt	001	multi	TEC	464
own library, 75 nt	001	multi	TranscribedUnprocessedPseudogene	354
own library, 75 nt	001	multi	TranscribedUnitaryPseudogene	103
own library, 75 nt	001	multi	UnitaryPseudogene	101
own library, 75 nt	001	multi	tRNA	38
own library, 75 nt	001	multi	ribozyme	9
own library, 75 nt	001	multi	IgCGene	3
own library, 75 nt	001	multi	IgVGene	3
own library, 75 nt	001	multi	MtTrna	3
own library, 75 nt	001	multi	IgVPseudogene	2
own library, 75 nt	001	multi	MtRrna	2
own library, 75 nt	001	multi	IgLvGene	1
own library, 75 nt	001	multi	TrVPseudogene	1
own library, 75 nt	001	multi	scaRNA	1
own library, 75 nt	001	single	ProteinCoding	34165
own library, 75 nt	001	single	lncRNA	5478
own library, 75 nt	001	single	snoRNA	669
own library, 75 nt	001	single	ribozyme	553
own library, 75 nt	001	single	MiscRna	381
own library, 75 nt	001	single	snRNA	277
own library, 75 nt	001	single	TEC	139
own library, 75 nt	001	single	rRNA	122
own library, 75 nt	001	single	ProcessedPseudogene	93
own library, 75 nt	001	single	miRNA	79
own library, 75 nt	001	single	TranscribedUnprocessedPseudogene	44
own library, 75 nt	001	single	scaRNA	32
own library, 75 nt	001	single	TranscribedProcessedPseudogene	23
own library, 75 nt	001	single	UnitaryPseudogene	23
own library, 75 nt	001	single	MtRrna	21
own library, 75 nt	001	single	TranscribedUnitaryPseudogene	12
own library, 75 nt	001	single	UnprocessedPseudogene	9
own library, 75 nt	001	single	tRNA	8
own library, 75 nt	001	single	MtTrna	2
own library, 75 nt	002	multi	ProteinCoding	561377
own library, 75 nt	002	multi	lncRNA	523381
own library, 75 nt	002	multi	MiscRna	108289
own library, 75 nt	002	multi	ProcessedPseudogene	58791
own library, 75 nt	002	multi	snRNA	57912
own library, 75 nt	002	multi	miRNA	51605
own library, 75 nt	002	multi	TranscribedProcessedPseudogene	26341
own library, 75 nt	002	multi	snoRNA	15432
own library, 75 nt	002	multi	UnprocessedPseudogene	6071
own library, 75 nt	002	multi	rRNA	4482
own library, 75 nt	002	multi	TranscribedUnprocessedPseudogene	3559
own library, 75 nt	002	multi	TranscribedUnitaryPseudogene	1903
own library, 75 nt	002	multi	TEC	1384
own library, 75 nt	002	multi	tRNA	507
own library, 75 nt	002	multi	UnitaryPseudogene	379
own library, 75 nt	002	multi	ribozyme	295
own library, 75 nt	002	multi	MtTrna	98
own library, 75 nt	002	multi	MtRrna	18
own library, 75 nt	002	multi	IgVPseudogene	8
own library, 75 nt	002	multi	IgVGene	6
own library, 75 nt	002	multi	IgCGene	4
own library, 75 nt	002	multi	TrVGene	2
own library, 75 nt	002	multi	scaRNA	2
own library, 75 nt	002	multi	TrVPseudogene	1
own library, 75 nt	002	single	ProteinCoding	730845
own library, 75 nt	002	single	lncRNA	89717
own library, 75 nt	002	single	ribozyme	20689
own library, 75 nt	002	single	snoRNA	15597
own library, 75 nt	002	single	MiscRna	9961
own library, 75 nt	002	single	snRNA	6832
own library, 75 nt	002	single	rRNA	2877
own library, 75 nt	002	single	miRNA	2538
own library, 75 nt	002	single	ProcessedPseudogene	1976
own library, 75 nt	002	single	TEC	1525
own library, 75 nt	002	single	TranscribedProcessedPseudogene	913
own library, 75 nt	002	single	scaRNA	795
own library, 75 nt	002	single	TranscribedUnprocessedPseudogene	623
own library, 75 nt	002	single	UnprocessedPseudogene	311
own library, 75 nt	002	single	tRNA	220
own library, 75 nt	002	single	MtRrna	197
own library, 75 nt	002	single	TranscribedUnitaryPseudogene	164
own library, 75 nt	002	single	UnitaryPseudogene	68
own library, 75 nt	002	single	MtTrna	46
own library, 75 nt	002	single	TranslatedUnprocessedPseudogene	8
own library, 75 nt	002	single	IgVPseudogene	2
own library, 75 nt	002	single	pseudogene	2
own library, 75 nt	002	single	TrVGene	1
own library, 75 nt	003	multi	ProteinCoding	841202
own library, 75 nt	003	multi	lncRNA	776279
own library, 75 nt	003	multi	MiscRna	345091
own library, 75 nt	003	multi	miRNA	157137
own library, 75 nt	003	multi	snRNA	130290
own library, 75 nt	003	multi	ProcessedPseudogene	118707
own library, 75 nt	003	multi	TranscribedProcessedPseudogene	52652
own library, 75 nt	003	multi	snoRNA	50904
own library, 75 nt	003	multi	rRNA	10575
own library, 75 nt	003	multi	UnprocessedPseudogene	10207
own library, 75 nt	003	multi	TranscribedUnprocessedPseudogene	7017
own library, 75 nt	003	multi	TranscribedUnitaryPseudogene	4470
own library, 75 nt	003	multi	TEC	2087
own library, 75 nt	003	multi	ribozyme	1212
own library, 75 nt	003	multi	tRNA	943
own library, 75 nt	003	multi	UnitaryPseudogene	662
own library, 75 nt	003	multi	MtTrna	69
own library, 75 nt	003	multi	MtRrna	55
own library, 75 nt	003	multi	scaRNA	17
own library, 75 nt	003	multi	IgVPseudogene	7
own library, 75 nt	003	multi	IgCGene	4
own library, 75 nt	003	multi	IgVGene	4
own library, 75 nt	003	multi	TrCGene	2
own library, 75 nt	003	multi	TrVGene	2
own library, 75 nt	003	single	ProteinCoding	1447007
own library, 75 nt	003	single	lncRNA	172537
own library, 75 nt	003	single	ribozyme	62349
own library, 75 nt	003	single	snoRNA	52798
own library, 75 nt	003	single	MiscRna	33506
own library, 75 nt	003	single	snRNA	18971
own library, 75 nt	003	single	miRNA	5490
own library, 75 nt	003	single	ProcessedPseudogene	3505
own library, 75 nt	003	single	rRNA	3027
own library, 75 nt	003	single	scaRNA	2587
own library, 75 nt	003	single	TEC	2534
own library, 75 nt	003	single	TranscribedProcessedPseudogene	1627
own library, 75 nt	003	single	TranscribedUnprocessedPseudogene	1063
own library, 75 nt	003	single	MtRrna	718
own library, 75 nt	003	single	tRNA	326
own library, 75 nt	003	single	TranscribedUnitaryPseudogene	320
own library, 75 nt	003	single	UnprocessedPseudogene	163
own library, 75 nt	003	single	MtTrna	133
own library, 75 nt	003	single	UnitaryPseudogene	75
own library, 75 nt	003	single	IgCGene	1
own library, 75 nt	003	single	IgVGene	1
own library, 75 nt	004	multi	ProteinCoding	653745
own library, 75 nt	004	multi	lncRNA	601561
own library, 75 nt	004	multi	MiscRna	165595
own library, 75 nt	004	multi	snRNA	111190
own library, 75 nt	004	multi	miRNA	82590
own library, 75 nt	004	multi	ProcessedPseudogene	82279
own library, 75 nt	004	multi	TranscribedProcessedPseudogene	36393
own library, 75 nt	004	multi	snoRNA	20585
own library, 75 nt	004	multi	UnprocessedPseudogene	7772
own library, 75 nt	004	multi	rRNA	7468
own library, 75 nt	004	multi	TranscribedUnprocessedPseudogene	5143
own library, 75 nt	004	multi	TranscribedUnitaryPseudogene	2801
own library, 75 nt	004	multi	TEC	2499
own library, 75 nt	004	multi	tRNA	856
own library, 75 nt	004	multi	UnitaryPseudogene	744
own library, 75 nt	004	multi	ribozyme	409
own library, 75 nt	004	multi	MtRrna	108
own library, 75 nt	004	multi	MtTrna	62
own library, 75 nt	004	multi	scaRNA	11
own library, 75 nt	004	multi	IgCGene	4
own library, 75 nt	004	multi	TrCGene	4
own library, 75 nt	004	multi	TrVPseudogene	4
own library, 75 nt	004	multi	IgVGene	2
own library, 75 nt	004	multi	IgVPseudogene	2
own library, 75 nt	004	multi	TrVGene	2
own library, 75 nt	004	multi	TrDGene	1
own library, 75 nt	004	multi	TranslatedUnprocessedPseudogene	1
own library, 75 nt	004	single	ProteinCoding	1006684
own library, 75 nt	004	single	lncRNA	114202
own library, 75 nt	004	single	ribozyme	25820
own library, 75 nt	004	single	snoRNA	22014
own library, 75 nt	004	single	MiscRna	19782
own library, 75 nt	004	single	snRNA	12009
own library, 75 nt	004	single	miRNA	3503
own library, 75 nt	004	single	rRNA	3310
own library, 75 nt	004	single	ProcessedPseudogene	2631
own library, 75 nt	004	single	TEC	2073
own library, 75 nt	004	single	TranscribedProcessedPseudogene	1205
own library, 75 nt	004	single	scaRNA	1147
own library, 75 nt	004	single	MtRrna	849
own library, 75 nt	004	single	TranscribedUnprocessedPseudogene	659
own library, 75 nt	004	single	tRNA	264
own library, 75 nt	004	single	TranscribedUnitaryPseudogene	231
own library, 75 nt	004	single	UnitaryPseudogene	120
own library, 75 nt	004	single	UnprocessedPseudogene	120
own library, 75 nt	004	single	MtTrna	81
own library, 75 nt	004	single	TranslatedUnprocessedPseudogene	5
own library, 75 nt	005	multi	ProteinCoding	621793
own library, 75 nt	005	multi	lncRNA	587455
own library, 75 nt	005	multi	MiscRna	147602
own library, 75 nt	005	multi	snRNA	81974
own library, 75 nt	005	multi	miRNA	73541
own library, 75 nt	005	multi	ProcessedPseudogene	72876
own library, 75 nt	005	multi	TranscribedProcessedPseudogene	32786
own library, 75 nt	005	multi	snoRNA	17760
own library, 75 nt	005	multi	UnprocessedPseudogene	7222
own library, 75 nt	005	multi	rRNA	6149
own library, 75 nt	005	multi	TranscribedUnprocessedPseudogene	4468
own library, 75 nt	005	multi	TranscribedUnitaryPseudogene	2756
own library, 75 nt	005	multi	TEC	1440
own library, 75 nt	005	multi	UnitaryPseudogene	652
own library, 75 nt	005	multi	tRNA	632
own library, 75 nt	005	multi	ribozyme	361
own library, 75 nt	005	multi	MtTrna	77
own library, 75 nt	005	multi	MtRrna	48
own library, 75 nt	005	multi	scaRNA	6
own library, 75 nt	005	multi	TranslatedUnprocessedPseudogene	4
own library, 75 nt	005	multi	TrCGene	3
own library, 75 nt	005	multi	TrVGene	3
own library, 75 nt	005	multi	IgVGene	2
own library, 75 nt	005	multi	IgVPseudogene	2
own library, 75 nt	005	multi	TrVPseudogene	1
own library, 75 nt	005	multi	pseudogene	1
own library, 75 nt	005	single	ProteinCoding	888680
own library, 75 nt	005	single	lncRNA	100046
own library, 75 nt	005	single	ribozyme	26398
own library, 75 nt	005	single	snoRNA	19496
own library, 75 nt	005	single	MiscRna	13531
own library, 75 nt	005	single	snRNA	9364
own library, 75 nt	005	single	miRNA	3086
own library, 75 nt	005	single	ProcessedPseudogene	2485
own library, 75 nt	005	single	rRNA	2170
own library, 75 nt	005	single	TEC	1873
own library, 75 nt	005	single	TranscribedProcessedPseudogene	1160
own library, 75 nt	005	single	scaRNA	1094
own library, 75 nt	005	single	TranscribedUnprocessedPseudogene	539
own library, 75 nt	005	single	MtRrna	321
own library, 75 nt	005	single	TranscribedUnitaryPseudogene	244
own library, 75 nt	005	single	tRNA	233
own library, 75 nt	005	single	UnprocessedPseudogene	75
own library, 75 nt	005	single	MtTrna	66
own library, 75 nt	005	single	UnitaryPseudogene	58
own library, 75 nt	005	single	TranslatedUnprocessedPseudogene	4
own library, 75 nt	005	single	TrJGene	3
own library, 75 nt	006	multi	ProteinCoding	850241
own library, 75 nt	006	multi	lncRNA	779342
own library, 75 nt	006	multi	MiscRna	185109
own library, 75 nt	006	multi	ProcessedPseudogene	114284
own library, 75 nt	006	multi	miRNA	94917
own library, 75 nt	006	multi	snRNA	90879
own library, 75 nt	006	multi	TranscribedProcessedPseudogene	49856
own library, 75 nt	006	multi	snoRNA	17711
own library, 75 nt	006	multi	UnprocessedPseudogene	10633
own library, 75 nt	006	multi	rRNA	7504
own library, 75 nt	006	multi	TranscribedUnprocessedPseudogene	7003
own library, 75 nt	006	multi	TranscribedUnitaryPseudogene	4463
own library, 75 nt	006	multi	TEC	2641
own library, 75 nt	006	multi	tRNA	2266
own library, 75 nt	006	multi	UnitaryPseudogene	1034
own library, 75 nt	006	multi	ribozyme	389
own library, 75 nt	006	multi	MtTrna	155
own library, 75 nt	006	multi	MtRrna	50
own library, 75 nt	006	multi	scaRNA	13
own library, 75 nt	006	multi	TrVGene	10
own library, 75 nt	006	multi	IgVPseudogene	7
own library, 75 nt	006	multi	IgVGene	6
own library, 75 nt	006	multi	TranslatedUnprocessedPseudogene	5
own library, 75 nt	006	multi	TrCGene	3
own library, 75 nt	006	multi	IgCGene	1
own library, 75 nt	006	multi	TrVPseudogene	1
own library, 75 nt	006	single	ProteinCoding	1393415
own library, 75 nt	006	single	lncRNA	151695
own library, 75 nt	006	single	ribozyme	29158
own library, 75 nt	006	single	snoRNA	18452
own library, 75 nt	006	single	MiscRna	16678
own library, 75 nt	006	single	snRNA	12118
own library, 75 nt	006	single	miRNA	4848
own library, 75 nt	006	single	ProcessedPseudogene	3735
own library, 75 nt	006	single	TEC	2889
own library, 75 nt	006	single	rRNA	2655
own library, 75 nt	006	single	TranscribedProcessedPseudogene	1297
own library, 75 nt	006	single	scaRNA	850
own library, 75 nt	006	single	TranscribedUnprocessedPseudogene	755
own library, 75 nt	006	single	MtRrna	484
own library, 75 nt	006	single	TranscribedUnitaryPseudogene	367
own library, 75 nt	006	single	UnprocessedPseudogene	353
own library, 75 nt	006	single	tRNA	336
own library, 75 nt	006	single	MtTrna	192
own library, 75 nt	006	single	UnitaryPseudogene	107
own library, 75 nt	006	single	sRNA	4
own library, 75 nt	006	single	TranslatedUnprocessedPseudogene	2
own library, 75 nt	007	multi	ProteinCoding	1610291
own library, 75 nt	007	multi	lncRNA	1495856
own library, 75 nt	007	multi	MiscRna	503997
own library, 75 nt	007	multi	snRNA	275824
own library, 75 nt	007	multi	ProcessedPseudogene	250119
own library, 75 nt	007	multi	miRNA	244342
own library, 75 nt	007	multi	TranscribedProcessedPseudogene	111492
own library, 75 nt	007	multi	snoRNA	58842
own library, 75 nt	007	multi	UnprocessedPseudogene	25540
own library, 75 nt	007	multi	rRNA	18531
own library, 75 nt	007	multi	TranscribedUnprocessedPseudogene	14705
own library, 75 nt	007	multi	TranscribedUnitaryPseudogene	9752
own library, 75 nt	007	multi	TEC	4353
own library, 75 nt	007	multi	UnitaryPseudogene	1959
own library, 75 nt	007	multi	tRNA	1704
own library, 75 nt	007	multi	ribozyme	1231
own library, 75 nt	007	multi	MtTrna	235
own library, 75 nt	007	multi	MtRrna	89
own library, 75 nt	007	multi	scaRNA	20
own library, 75 nt	007	multi	TrVGene	13
own library, 75 nt	007	multi	IgVGene	12
own library, 75 nt	007	multi	IgCGene	7
own library, 75 nt	007	multi	TrCGene	5
own library, 75 nt	007	multi	IgVPseudogene	4
own library, 75 nt	007	multi	TranslatedUnprocessedPseudogene	2
own library, 75 nt	007	multi	IgCPseudogene	1
own library, 75 nt	007	multi	TrVPseudogene	1
own library, 75 nt	007	single	ProteinCoding	3187979
own library, 75 nt	007	single	lncRNA	308958
own library, 75 nt	007	single	ribozyme	74725
own library, 75 nt	007	single	snoRNA	59738
own library, 75 nt	007	single	MiscRna	37349
own library, 75 nt	007	single	snRNA	32574
own library, 75 nt	007	single	miRNA	9915
own library, 75 nt	007	single	ProcessedPseudogene	7387
own library, 75 nt	007	single	TEC	7105
own library, 75 nt	007	single	rRNA	3903
own library, 75 nt	007	single	TranscribedProcessedPseudogene	3120
own library, 75 nt	007	single	scaRNA	2581
own library, 75 nt	007	single	TranscribedUnprocessedPseudogene	2441
own library, 75 nt	007	single	MtRrna	968
own library, 75 nt	007	single	tRNA	920
own library, 75 nt	007	single	TranscribedUnitaryPseudogene	661
own library, 75 nt	007	single	MtTrna	387
own library, 75 nt	007	single	UnprocessedPseudogene	374
own library, 75 nt	007	single	UnitaryPseudogene	254
own library, 75 nt	007	single	TranslatedUnprocessedPseudogene	12
own library, 75 nt	007	single	TrCGene	2
own library, 75 nt	007	single	IgCGene	1
own library, 75 nt	007	single	TrJGene	1
own library, 75 nt	007	single	TrVGene	1
own library, 75 nt	007	single	TrVPseudogene	1
own library, 75 nt	008	multi	ProteinCoding	1086184
own library, 75 nt	008	multi	lncRNA	998425
own library, 75 nt	008	multi	MiscRna	205224
own library, 75 nt	008	multi	snRNA	171879
own library, 75 nt	008	multi	ProcessedPseudogene	133326
own library, 75 nt	008	multi	miRNA	99708
own library, 75 nt	008	multi	TranscribedProcessedPseudogene	58913
own library, 75 nt	008	multi	snoRNA	29443
own library, 75 nt	008	multi	UnprocessedPseudogene	14857
own library, 75 nt	008	multi	rRNA	14122
own library, 75 nt	008	multi	TranscribedUnprocessedPseudogene	6987
own library, 75 nt	008	multi	TranscribedUnitaryPseudogene	4656
own library, 75 nt	008	multi	TEC	2929
own library, 75 nt	008	multi	tRNA	1977
own library, 75 nt	008	multi	UnitaryPseudogene	1605
own library, 75 nt	008	multi	ribozyme	544
own library, 75 nt	008	multi	MtTrna	279
own library, 75 nt	008	multi	MtRrna	55
own library, 75 nt	008	multi	scaRNA	15
own library, 75 nt	008	multi	IgVGene	10
own library, 75 nt	008	multi	IgVPseudogene	9
own library, 75 nt	008	multi	TrCGene	5
own library, 75 nt	008	multi	TrVGene	5
own library, 75 nt	008	multi	IgCGene	2
own library, 75 nt	008	multi	TrVPseudogene	2
own library, 75 nt	008	multi	TrJGene	1
own library, 75 nt	008	multi	TranslatedUnprocessedPseudogene	1
own library, 75 nt	008	single	ProteinCoding	1735997
own library, 75 nt	008	single	lncRNA	189571
own library, 75 nt	008	single	ribozyme	32128
own library, 75 nt	008	single	snoRNA	28165
own library, 75 nt	008	single	snRNA	22498
own library, 75 nt	008	single	MiscRna	18575
own library, 75 nt	008	single	miRNA	5849
own library, 75 nt	008	single	rRNA	4715
own library, 75 nt	008	single	ProcessedPseudogene	4396
own library, 75 nt	008	single	TEC	4024
own library, 75 nt	008	single	TranscribedProcessedPseudogene	1882
own library, 75 nt	008	single	scaRNA	1409
own library, 75 nt	008	single	TranscribedUnprocessedPseudogene	1014
own library, 75 nt	008	single	MtRrna	866
own library, 75 nt	008	single	tRNA	708
own library, 75 nt	008	single	TranscribedUnitaryPseudogene	458
own library, 75 nt	008	single	UnitaryPseudogene	321
own library, 75 nt	008	single	UnprocessedPseudogene	313
own library, 75 nt	008	single	MtTrna	303
own library, 75 nt	008	single	IgVPseudogene	2
own library, 75 nt	008	single	IgVGene	1
own library, 75 nt	008	single	TrVGene	1
own library, 75 nt	009	multi	ProteinCoding	1227764
own library, 75 nt	009	multi	lncRNA	1105782
own library, 75 nt	009	multi	MiscRna	358241
own library, 75 nt	009	multi	ProcessedPseudogene	205324
own library, 75 nt	009	multi	miRNA	168717
own library, 75 nt	009	multi	snRNA	151885
own library, 75 nt	009	multi	TranscribedProcessedPseudogene	92882
own library, 75 nt	009	multi	snoRNA	30429
own library, 75 nt	009	multi	UnprocessedPseudogene	19995
own library, 75 nt	009	multi	rRNA	16528
own library, 75 nt	009	multi	TranscribedUnprocessedPseudogene	11690
own library, 75 nt	009	multi	TranscribedUnitaryPseudogene	7604
own library, 75 nt	009	multi	TEC	3317
own library, 75 nt	009	multi	tRNA	2044
own library, 75 nt	009	multi	UnitaryPseudogene	1735
own library, 75 nt	009	multi	ribozyme	725
own library, 75 nt	009	multi	MtTrna	220
own library, 75 nt	009	multi	MtRrna	79
own library, 75 nt	009	multi	scaRNA	23
own library, 75 nt	009	multi	TrVGene	9
own library, 75 nt	009	multi	IgVGene	6
own library, 75 nt	009	multi	IgCGene	5
own library, 75 nt	009	multi	IgVPseudogene	5
own library, 75 nt	009	multi	TrCGene	3
own library, 75 nt	009	multi	TrVPseudogene	3
own library, 75 nt	009	multi	TranslatedUnprocessedPseudogene	2
own library, 75 nt	009	single	ProteinCoding	2488468
own library, 75 nt	009	single	lncRNA	226488
own library, 75 nt	009	single	ribozyme	50070
own library, 75 nt	009	single	snoRNA	34887
own library, 75 nt	009	single	MiscRna	23733
own library, 75 nt	009	single	snRNA	20296
own library, 75 nt	009	single	miRNA	7581
own library, 75 nt	009	single	ProcessedPseudogene	6327
own library, 75 nt	009	single	rRNA	5511
own library, 75 nt	009	single	TEC	5335
own library, 75 nt	009	single	TranscribedProcessedPseudogene	2432
own library, 75 nt	009	single	scaRNA	1900
own library, 75 nt	009	single	TranscribedUnprocessedPseudogene	1536
own library, 75 nt	009	single	MtRrna	1077
own library, 75 nt	009	single	tRNA	575
own library, 75 nt	009	single	TranscribedUnitaryPseudogene	567
own library, 75 nt	009	single	MtTrna	338
own library, 75 nt	009	single	UnprocessedPseudogene	335
own library, 75 nt	009	single	UnitaryPseudogene	171
own library, 75 nt	009	single	TranslatedUnprocessedPseudogene	9
own library, 75 nt	009	single	TrVPseudogene	6
own library, 75 nt	009	single	TrVGene	2
own library, 75 nt	009	single	sRNA	2
own library, 75 nt	009	single	IgVGene	1
own library, 75 nt	009	single	IgVPseudogene	1
own library, 75 nt	010	multi	ProteinCoding	2551044
own library, 75 nt	010	multi	lncRNA	2368229
own library, 75 nt	010	multi	MiscRna	772451
own library, 75 nt	010	multi	snRNA	657893
own library, 75 nt	010	multi	ProcessedPseudogene	380553
own library, 75 nt	010	multi	miRNA	317590
own library, 75 nt	010	multi	TranscribedProcessedPseudogene	168805
own library, 75 nt	010	multi	snoRNA	119847
own library, 75 nt	010	multi	UnprocessedPseudogene	37741
own library, 75 nt	010	multi	rRNA	23927
own library, 75 nt	010	multi	TranscribedUnprocessedPseudogene	20461
own library, 75 nt	010	multi	TranscribedUnitaryPseudogene	12947
own library, 75 nt	010	multi	TEC	5473
own library, 75 nt	010	multi	ribozyme	2352
own library, 75 nt	010	multi	tRNA	1956
own library, 75 nt	010	multi	UnitaryPseudogene	1935
own library, 75 nt	010	multi	MtTrna	148
own library, 75 nt	010	multi	MtRrna	122
own library, 75 nt	010	multi	scaRNA	34
own library, 75 nt	010	multi	IgVGene	7
own library, 75 nt	010	multi	TrVGene	7
own library, 75 nt	010	multi	IgCGene	6
own library, 75 nt	010	multi	TrCGene	6
own library, 75 nt	010	multi	TranslatedUnprocessedPseudogene	5
own library, 75 nt	010	multi	IgVPseudogene	4
own library, 75 nt	010	multi	pseudogene	2
own library, 75 nt	010	multi	IgJGene	1
own library, 75 nt	010	single	ProteinCoding	4773280
own library, 75 nt	010	single	lncRNA	442021
own library, 75 nt	010	single	snoRNA	114654
own library, 75 nt	010	single	ribozyme	107911
own library, 75 nt	010	single	MiscRna	68201
own library, 75 nt	010	single	snRNA	61565
own library, 75 nt	010	single	miRNA	14458
own library, 75 nt	010	single	ProcessedPseudogene	12128
own library, 75 nt	010	single	TEC	10223
own library, 75 nt	010	single	rRNA	6239
own library, 75 nt	010	single	scaRNA	5950
own library, 75 nt	010	single	TranscribedProcessedPseudogene	5566
own library, 75 nt	010	single	TranscribedUnprocessedPseudogene	2991
own library, 75 nt	010	single	MtRrna	1460
own library, 75 nt	010	single	tRNA	1296
own library, 75 nt	010	single	TranscribedUnitaryPseudogene	1233
own library, 75 nt	010	single	MtTrna	429
own library, 75 nt	010	single	UnprocessedPseudogene	386
own library, 75 nt	010	single	UnitaryPseudogene	278
own library, 75 nt	010	single	IgVGene	1
own library, 75 nt	011	multi	ProteinCoding	2606227
own library, 75 nt	011	multi	lncRNA	2399384
own library, 75 nt	011	multi	MiscRna	798767
own library, 75 nt	011	multi	snRNA	722637
own library, 75 nt	011	multi	ProcessedPseudogene	377748
own library, 75 nt	011	multi	miRNA	312170
own library, 75 nt	011	multi	snoRNA	172239
own library, 75 nt	011	multi	TranscribedProcessedPseudogene	171666
own library, 75 nt	011	multi	UnprocessedPseudogene	34057
own library, 75 nt	011	multi	rRNA	25185
own library, 75 nt	011	multi	TranscribedUnprocessedPseudogene	20056
own library, 75 nt	011	multi	TranscribedUnitaryPseudogene	12925
own library, 75 nt	011	multi	TEC	6236
own library, 75 nt	011	multi	ribozyme	2765
own library, 75 nt	011	multi	UnitaryPseudogene	2619
own library, 75 nt	011	multi	tRNA	1984
own library, 75 nt	011	multi	MtTrna	172
own library, 75 nt	011	multi	MtRrna	123
own library, 75 nt	011	multi	scaRNA	42
own library, 75 nt	011	multi	IgVGene	15
own library, 75 nt	011	multi	TrVGene	13
own library, 75 nt	011	multi	IgVPseudogene	7
own library, 75 nt	011	multi	IgCGene	5
own library, 75 nt	011	multi	TrCGene	4
own library, 75 nt	011	multi	TranslatedUnprocessedPseudogene	4
own library, 75 nt	011	multi	pseudogene	3
own library, 75 nt	011	multi	TrJGene	1
own library, 75 nt	011	multi	TrVPseudogene	1
own library, 75 nt	011	single	ProteinCoding	4810212
own library, 75 nt	011	single	lncRNA	469513
own library, 75 nt	011	single	snoRNA	141395
own library, 75 nt	011	single	ribozyme	121798
own library, 75 nt	011	single	snRNA	66096
own library, 75 nt	011	single	MiscRna	53325
own library, 75 nt	011	single	miRNA	15929
own library, 75 nt	011	single	ProcessedPseudogene	11911
own library, 75 nt	011	single	TEC	10116
own library, 75 nt	011	single	scaRNA	6698
own library, 75 nt	011	single	rRNA	6071
own library, 75 nt	011	single	TranscribedProcessedPseudogene	5170
own library, 75 nt	011	single	TranscribedUnprocessedPseudogene	3052
own library, 75 nt	011	single	tRNA	1464
own library, 75 nt	011	single	MtRrna	1324
own library, 75 nt	011	single	TranscribedUnitaryPseudogene	1136
own library, 75 nt	011	single	UnitaryPseudogene	619
own library, 75 nt	011	single	UnprocessedPseudogene	362
own library, 75 nt	011	single	MtTrna	345
own library, 75 nt	011	single	TranslatedUnprocessedPseudogene	3
own library, 75 nt	011	single	pseudogene	3
own library, 75 nt	011	single	IgVGene	2
own library, 75 nt	011	single	IgVPseudogene	1
own library, 75 nt	011	single	TrVPseudogene	1
own library, 75 nt	012	multi	ProteinCoding	2036718
own library, 75 nt	012	multi	lncRNA	1916662
own library, 75 nt	012	multi	MiscRna	667276
own library, 75 nt	012	multi	snRNA	522120
own library, 75 nt	012	multi	ProcessedPseudogene	314616
own library, 75 nt	012	multi	miRNA	296904
own library, 75 nt	012	multi	TranscribedProcessedPseudogene	141794
own library, 75 nt	012	multi	snoRNA	96167
own library, 75 nt	012	multi	UnprocessedPseudogene	29515
own library, 75 nt	012	multi	rRNA	23584
own library, 75 nt	012	multi	TranscribedUnprocessedPseudogene	16808
own library, 75 nt	012	multi	TranscribedUnitaryPseudogene	10669
own library, 75 nt	012	multi	TEC	5876
own library, 75 nt	012	multi	tRNA	1924
own library, 75 nt	012	multi	ribozyme	1745
own library, 75 nt	012	multi	UnitaryPseudogene	1676
own library, 75 nt	012	multi	MtTrna	139
own library, 75 nt	012	multi	MtRrna	137
own library, 75 nt	012	multi	scaRNA	25
own library, 75 nt	012	multi	TranslatedUnprocessedPseudogene	19
own library, 75 nt	012	multi	TrVGene	14
own library, 75 nt	012	multi	IgCGene	13
own library, 75 nt	012	multi	IgVPseudogene	8
own library, 75 nt	012	multi	IgVGene	5
own library, 75 nt	012	multi	TrCGene	5
own library, 75 nt	012	multi	TrVPseudogene	2
own library, 75 nt	012	multi	TrJGene	1
own library, 75 nt	012	multi	pseudogene	1
own library, 75 nt	012	single	ProteinCoding	3945218
own library, 75 nt	012	single	lncRNA	372714
own library, 75 nt	012	single	ribozyme	100761
own library, 75 nt	012	single	snoRNA	96742
own library, 75 nt	012	single	snRNA	49745
own library, 75 nt	012	single	MiscRna	48464
own library, 75 nt	012	single	miRNA	12488
own library, 75 nt	012	single	ProcessedPseudogene	9857
own library, 75 nt	012	single	TEC	8217
own library, 75 nt	012	single	rRNA	6333
own library, 75 nt	012	single	scaRNA	4993
own library, 75 nt	012	single	TranscribedProcessedPseudogene	4538
own library, 75 nt	012	single	TranscribedUnprocessedPseudogene	2561
own library, 75 nt	012	single	MtRrna	1087
own library, 75 nt	012	single	TranscribedUnitaryPseudogene	977
own library, 75 nt	012	single	tRNA	848
own library, 75 nt	012	single	UnprocessedPseudogene	411
own library, 75 nt	012	single	MtTrna	374
own library, 75 nt	012	single	UnitaryPseudogene	273
own library, 75 nt	012	single	TranslatedUnprocessedPseudogene	8
own library, 75 nt	012	single	IgVGene	4
own library, 75 nt	012	single	TrVGene	2
own library, 75 nt	012	single	IgCGene	1
own library, 75 nt	012	single	IgVPseudogene	1
own library, 75 nt	012	single	TrCGene	1
own library, 75 nt	013	multi	ProteinCoding	2183699
own library, 75 nt	013	multi	lncRNA	2074879
own library, 75 nt	013	multi	MiscRna	594337
own library, 75 nt	013	multi	snRNA	580790
own library, 75 nt	013	multi	ProcessedPseudogene	261300
own library, 75 nt	013	multi	miRNA	251713
own library, 75 nt	013	multi	snoRNA	134848
own library, 75 nt	013	multi	TranscribedProcessedPseudogene	117611
own library, 75 nt	013	multi	UnprocessedPseudogene	24090
own library, 75 nt	013	multi	rRNA	19021
own library, 75 nt	013	multi	TranscribedUnprocessedPseudogene	14204
own library, 75 nt	013	multi	TranscribedUnitaryPseudogene	9099
own library, 75 nt	013	multi	TEC	4592
own library, 75 nt	013	multi	ribozyme	1943
own library, 75 nt	013	multi	tRNA	1722
own library, 75 nt	013	multi	UnitaryPseudogene	1483
own library, 75 nt	013	multi	MtTrna	165
own library, 75 nt	013	multi	MtRrna	124
own library, 75 nt	013	multi	scaRNA	25
own library, 75 nt	013	multi	TranslatedUnprocessedPseudogene	17
own library, 75 nt	013	multi	TrVGene	16
own library, 75 nt	013	multi	IgVGene	12
own library, 75 nt	013	multi	IgCGene	7
own library, 75 nt	013	multi	IgVPseudogene	7
own library, 75 nt	013	multi	TrCGene	7
own library, 75 nt	013	multi	TrVPseudogene	4
own library, 75 nt	013	single	ProteinCoding	3304865
own library, 75 nt	013	single	lncRNA	341258
own library, 75 nt	013	single	snoRNA	95309
own library, 75 nt	013	single	ribozyme	78570
own library, 75 nt	013	single	snRNA	52140
own library, 75 nt	013	single	MiscRna	43318
own library, 75 nt	013	single	miRNA	11219
own library, 75 nt	013	single	ProcessedPseudogene	8356
own library, 75 nt	013	single	TEC	6765
own library, 75 nt	013	single	scaRNA	4887
own library, 75 nt	013	single	rRNA	4879
own library, 75 nt	013	single	TranscribedProcessedPseudogene	3433
own library, 75 nt	013	single	TranscribedUnprocessedPseudogene	2119
own library, 75 nt	013	single	tRNA	1055
own library, 75 nt	013	single	MtRrna	961
own library, 75 nt	013	single	TranscribedUnitaryPseudogene	773
own library, 75 nt	013	single	UnprocessedPseudogene	304
own library, 75 nt	013	single	UnitaryPseudogene	283
own library, 75 nt	013	single	MtTrna	251
own library, 75 nt	013	single	TranslatedUnprocessedPseudogene	4
own library, 75 nt	013	single	TrCGene	2
own library, 75 nt	013	single	TrVGene	1
own library, 75 nt	014	multi	ProteinCoding	52508
own library, 75 nt	014	multi	lncRNA	36342
own library, 75 nt	014	multi	MiscRna	1869
own library, 75 nt	014	multi	ProcessedPseudogene	1537
own library, 75 nt	014	multi	snRNA	1111
own library, 75 nt	014	multi	miRNA	731
own library, 75 nt	014	multi	TranscribedUnprocessedPseudogene	647
own library, 75 nt	014	multi	rRNA	558
own library, 75 nt	014	multi	TranscribedProcessedPseudogene	509
own library, 75 nt	014	multi	TEC	424
own library, 75 nt	014	multi	UnprocessedPseudogene	398
own library, 75 nt	014	multi	snoRNA	225
own library, 75 nt	014	multi	TranscribedUnitaryPseudogene	109
own library, 75 nt	014	multi	UnitaryPseudogene	86
own library, 75 nt	014	multi	tRNA	8
own library, 75 nt	014	multi	ribozyme	4
own library, 75 nt	014	multi	MtRrna	3
own library, 75 nt	014	multi	MtTrna	2
own library, 75 nt	014	multi	IgVGene	1
own library, 75 nt	014	multi	IgVPseudogene	1
own library, 75 nt	014	multi	TrJPseudogene	1
own library, 75 nt	014	single	ProteinCoding	26491
own library, 75 nt	014	single	lncRNA	6324
own library, 75 nt	014	single	snoRNA	280
own library, 75 nt	014	single	ribozyme	252
own library, 75 nt	014	single	MiscRna	139
own library, 75 nt	014	single	rRNA	119
own library, 75 nt	014	single	snRNA	116
own library, 75 nt	014	single	TEC	89
own library, 75 nt	014	single	ProcessedPseudogene	87
own library, 75 nt	014	single	TranscribedUnprocessedPseudogene	87
own library, 75 nt	014	single	miRNA	56
own library, 75 nt	014	single	MtRrna	44
own library, 75 nt	014	single	TranscribedProcessedPseudogene	18
own library, 75 nt	014	single	TranscribedUnitaryPseudogene	17
own library, 75 nt	014	single	UnprocessedPseudogene	17
own library, 75 nt	014	single	scaRNA	17
own library, 75 nt	014	single	UnitaryPseudogene	10
own library, 75 nt	014	single	MtTrna	4
own library, 75 nt	014	single	tRNA	3
own library, 75 nt	015	multi	ProteinCoding	62047
own library, 75 nt	015	multi	lncRNA	44580
own library, 75 nt	015	multi	MiscRna	4763
own library, 75 nt	015	multi	ProcessedPseudogene	2644
own library, 75 nt	015	multi	snRNA	2304
own library, 75 nt	015	multi	miRNA	1918
own library, 75 nt	015	multi	UnprocessedPseudogene	1446
own library, 75 nt	015	multi	TranscribedProcessedPseudogene	1108
own library, 75 nt	015	multi	TEC	688
own library, 75 nt	015	multi	rRNA	655
own library, 75 nt	015	multi	snoRNA	562
own library, 75 nt	015	multi	TranscribedUnprocessedPseudogene	273
own library, 75 nt	015	multi	UnitaryPseudogene	101
own library, 75 nt	015	multi	TranscribedUnitaryPseudogene	90
own library, 75 nt	015	multi	tRNA	25
own library, 75 nt	015	multi	MtRrna	7
own library, 75 nt	015	multi	IgVGene	5
own library, 75 nt	015	multi	ribozyme	5
own library, 75 nt	015	multi	MtTrna	2
own library, 75 nt	015	multi	TrVGene	2
own library, 75 nt	015	multi	IgCGene	1
own library, 75 nt	015	multi	IgCPseudogene	1
own library, 75 nt	015	multi	TrCGene	1
own library, 75 nt	015	multi	TrVPseudogene	1
own library, 75 nt	015	multi	scaRNA	1
own library, 75 nt	015	single	ProteinCoding	44376
own library, 75 nt	015	single	lncRNA	8882
own library, 75 nt	015	single	snoRNA	628
own library, 75 nt	015	single	ribozyme	615
own library, 75 nt	015	single	MiscRna	315
own library, 75 nt	015	single	snRNA	236
own library, 75 nt	015	single	rRNA	184
own library, 75 nt	015	single	TEC	179
own library, 75 nt	015	single	MtRrna	119
own library, 75 nt	015	single	ProcessedPseudogene	112
own library, 75 nt	015	single	miRNA	83
own library, 75 nt	015	single	UnprocessedPseudogene	62
own library, 75 nt	015	single	scaRNA	34
own library, 75 nt	015	single	TranscribedProcessedPseudogene	30
own library, 75 nt	015	single	TranscribedUnprocessedPseudogene	23
own library, 75 nt	015	single	TranscribedUnitaryPseudogene	20
own library, 75 nt	015	single	UnitaryPseudogene	11
own library, 75 nt	015	single	tRNA	6
own library, 75 nt	015	single	MtTrna	2
own library, 75 nt	016	multi	ProteinCoding	28114
own library, 75 nt	016	multi	lncRNA	18124
own library, 75 nt	016	multi	MiscRna	1011
own library, 75 nt	016	multi	ProcessedPseudogene	674
own library, 75 nt	016	multi	snRNA	546
own library, 75 nt	016	multi	miRNA	420
own library, 75 nt	016	multi	TranscribedProcessedPseudogene	265
own library, 75 nt	016	multi	TEC	257
own library, 75 nt	016	multi	TranscribedUnprocessedPseudogene	223
own library, 75 nt	016	multi	UnprocessedPseudogene	218
own library, 75 nt	016	multi	rRNA	205
own library, 75 nt	016	multi	snoRNA	139
own library, 75 nt	016	multi	TranscribedUnitaryPseudogene	50
own library, 75 nt	016	multi	UnitaryPseudogene	37
own library, 75 nt	016	multi	tRNA	7
own library, 75 nt	016	multi	ribozyme	3
own library, 75 nt	016	multi	MtTrna	1
own library, 75 nt	016	multi	TrCGene	1
own library, 75 nt	016	multi	TrVGene	1
own library, 75 nt	016	single	ProteinCoding	14660
own library, 75 nt	016	single	lncRNA	4136
own library, 75 nt	016	single	snoRNA	175
own library, 75 nt	016	single	ribozyme	115
own library, 75 nt	016	single	MiscRna	69
own library, 75 nt	016	single	snRNA	64
own library, 75 nt	016	single	TranscribedUnprocessedPseudogene	57
own library, 75 nt	016	single	rRNA	51
own library, 75 nt	016	single	TEC	40
own library, 75 nt	016	single	ProcessedPseudogene	36
own library, 75 nt	016	single	MtRrna	32
own library, 75 nt	016	single	miRNA	32
own library, 75 nt	016	single	UnprocessedPseudogene	9
own library, 75 nt	016	single	scaRNA	7
own library, 75 nt	016	single	TranscribedProcessedPseudogene	5
own library, 75 nt	016	single	TranscribedUnitaryPseudogene	4
own library, 75 nt	016	single	UnitaryPseudogene	3
own library, 75 nt	016	single	tRNA	1
published, mouse wells	002	multi	ProteinCoding	4360
published, mouse wells	002	multi	ProcessedPseudogene	1920
published, mouse wells	002	multi	MiscRna	824
published, mouse wells	002	multi	lncRNA	450
published, mouse wells	002	multi	miRNA	323
published, mouse wells	002	multi	snoRNA	284
published, mouse wells	002	multi	TranscribedProcessedPseudogene	245
published, mouse wells	002	multi	UnprocessedPseudogene	137
published, mouse wells	002	multi	snRNA	73
published, mouse wells	002	multi	TranscribedUnprocessedPseudogene	66
published, mouse wells	002	multi	ribozyme	19
published, mouse wells	002	multi	TEC	9
published, mouse wells	002	multi	TranscribedUnitaryPseudogene	5
published, mouse wells	002	multi	pseudogene	5
published, mouse wells	002	single	ProteinCoding	31663
published, mouse wells	002	single	lncRNA	963
published, mouse wells	002	single	ribozyme	153
published, mouse wells	002	single	snoRNA	144
published, mouse wells	002	single	ProcessedPseudogene	56
published, mouse wells	002	single	TEC	52
published, mouse wells	002	single	miRNA	51
published, mouse wells	002	single	snRNA	30
published, mouse wells	002	single	MiscRna	19
published, mouse wells	002	single	TranscribedProcessedPseudogene	17
published, mouse wells	002	single	TranscribedUnprocessedPseudogene	12
published, mouse wells	002	single	UnprocessedPseudogene	11
published, mouse wells	002	single	scaRNA	5
published, mouse wells	002	single	TranscribedUnitaryPseudogene	3
published, mouse wells	002	single	tRNA	3
published, mouse wells	002	single	MtRrna	2
published, mouse wells	002	single	PolymorphicPseudogene	1
published, mouse wells	002	single	rRNA	1
published, mouse wells	004	multi	ProteinCoding	43051
published, mouse wells	004	multi	ProcessedPseudogene	20158
published, mouse wells	004	multi	MiscRna	6080
published, mouse wells	004	multi	lncRNA	3538
published, mouse wells	004	multi	TranscribedProcessedPseudogene	2746
published, mouse wells	004	multi	snoRNA	1938
published, mouse wells	004	multi	miRNA	1928
published, mouse wells	004	multi	UnprocessedPseudogene	1617
published, mouse wells	004	multi	TranscribedUnprocessedPseudogene	767
published, mouse wells	004	multi	snRNA	351
published, mouse wells	004	multi	ribozyme	140
published, mouse wells	004	multi	TEC	97
published, mouse wells	004	multi	TranscribedUnitaryPseudogene	65
published, mouse wells	004	multi	pseudogene	37
published, mouse wells	004	multi	tRNA	33
published, mouse wells	004	multi	MtTrna	13
published, mouse wells	004	multi	UnitaryPseudogene	11
published, mouse wells	004	multi	PolymorphicPseudogene	3
published, mouse wells	004	multi	MtRrna	2
published, mouse wells	004	multi	TrVPseudogene	1
published, mouse wells	004	single	ProteinCoding	362778
published, mouse wells	004	single	lncRNA	12092
published, mouse wells	004	single	ribozyme	1440
published, mouse wells	004	single	ProcessedPseudogene	1052
published, mouse wells	004	single	TEC	984
published, mouse wells	004	single	snoRNA	915
published, mouse wells	004	single	miRNA	473
published, mouse wells	004	single	TranscribedUnprocessedPseudogene	299
published, mouse wells	004	single	TranscribedProcessedPseudogene	222
published, mouse wells	004	single	MiscRna	140
published, mouse wells	004	single	scaRNA	134
published, mouse wells	004	single	UnprocessedPseudogene	105
published, mouse wells	004	single	TranscribedUnitaryPseudogene	89
published, mouse wells	004	single	snRNA	57
published, mouse wells	004	single	PolymorphicPseudogene	56
published, mouse wells	004	single	tRNA	43
published, mouse wells	004	single	UnitaryPseudogene	24
published, mouse wells	004	single	MtRrna	13
published, mouse wells	004	single	rRNA	12
published, mouse wells	004	single	MtTrna	3
published, mouse wells	004	single	pseudogene	1
published, mouse wells	006	multi	ProteinCoding	39563
published, mouse wells	006	multi	ProcessedPseudogene	16504
published, mouse wells	006	multi	MiscRna	8080
published, mouse wells	006	multi	lncRNA	3756
published, mouse wells	006	multi	TranscribedProcessedPseudogene	2189
published, mouse wells	006	multi	miRNA	2064
published, mouse wells	006	multi	UnprocessedPseudogene	1945
published, mouse wells	006	multi	snoRNA	1418
published, mouse wells	006	multi	TranscribedUnprocessedPseudogene	1036
published, mouse wells	006	multi	snRNA	568
published, mouse wells	006	multi	TEC	106
published, mouse wells	006	multi	ribozyme	70
published, mouse wells	006	multi	pseudogene	52
published, mouse wells	006	multi	TranscribedUnitaryPseudogene	34
published, mouse wells	006	multi	tRNA	16
published, mouse wells	006	multi	PolymorphicPseudogene	4
published, mouse wells	006	multi	MtRrna	3
published, mouse wells	006	multi	UnitaryPseudogene	3
published, mouse wells	006	multi	MtTrna	1
published, mouse wells	006	single	ProteinCoding	338998
published, mouse wells	006	single	lncRNA	8698
published, mouse wells	006	single	ribozyme	1466
published, mouse wells	006	single	snoRNA	1296
published, mouse wells	006	single	TEC	1118
published, mouse wells	006	single	ProcessedPseudogene	814
published, mouse wells	006	single	miRNA	409
published, mouse wells	006	single	TranscribedProcessedPseudogene	227
published, mouse wells	006	single	snRNA	190
published, mouse wells	006	single	TranscribedUnprocessedPseudogene	179
published, mouse wells	006	single	MiscRna	132
published, mouse wells	006	single	UnprocessedPseudogene	131
published, mouse wells	006	single	PolymorphicPseudogene	92
published, mouse wells	006	single	TranscribedUnitaryPseudogene	87
published, mouse wells	006	single	scaRNA	62
published, mouse wells	006	single	UnitaryPseudogene	54
published, mouse wells	006	single	tRNA	31
published, mouse wells	006	single	MtTrna	16
published, mouse wells	006	single	MtRrna	8
published, mouse wells	008	multi	ProteinCoding	27675
published, mouse wells	008	multi	MiscRna	14342
published, mouse wells	008	multi	ProcessedPseudogene	7434
published, mouse wells	008	multi	miRNA	2207
published, mouse wells	008	multi	lncRNA	1881
published, mouse wells	008	multi	snRNA	1724
published, mouse wells	008	multi	snoRNA	1480
published, mouse wells	008	multi	UnprocessedPseudogene	1144
published, mouse wells	008	multi	TranscribedProcessedPseudogene	1026
published, mouse wells	008	multi	TranscribedUnprocessedPseudogene	513
published, mouse wells	008	multi	ribozyme	102
published, mouse wells	008	multi	TEC	36
published, mouse wells	008	multi	TranscribedUnitaryPseudogene	27
published, mouse wells	008	multi	pseudogene	14
published, mouse wells	008	multi	tRNA	7
published, mouse wells	008	multi	IgVGene	2
published, mouse wells	008	multi	PolymorphicPseudogene	2
published, mouse wells	008	multi	UnitaryPseudogene	2
published, mouse wells	008	multi	IgCGene	1
published, mouse wells	008	multi	MtTrna	1
published, mouse wells	008	single	ProteinCoding	142834
published, mouse wells	008	single	lncRNA	5137
published, mouse wells	008	single	ribozyme	1735
published, mouse wells	008	single	snoRNA	1426
published, mouse wells	008	single	snRNA	493
published, mouse wells	008	single	TEC	370
published, mouse wells	008	single	ProcessedPseudogene	350
published, mouse wells	008	single	miRNA	260
published, mouse wells	008	single	MiscRna	147
published, mouse wells	008	single	TranscribedUnprocessedPseudogene	129
published, mouse wells	008	single	TranscribedProcessedPseudogene	78
published, mouse wells	008	single	UnprocessedPseudogene	67
published, mouse wells	008	single	PolymorphicPseudogene	59
published, mouse wells	008	single	scaRNA	48
published, mouse wells	008	single	TranscribedUnitaryPseudogene	47
published, mouse wells	008	single	MtRrna	9
published, mouse wells	008	single	UnitaryPseudogene	8
published, mouse wells	008	single	tRNA	8
published, mouse wells	008	single	MtTrna	6
published, mouse wells	008	single	rRNA	2
published, mouse wells	010	multi	ProteinCoding	44539
published, mouse wells	010	multi	MiscRna	18083
published, mouse wells	010	multi	ProcessedPseudogene	14513
published, mouse wells	010	multi	lncRNA	2655
published, mouse wells	010	multi	UnprocessedPseudogene	2155
published, mouse wells	010	multi	miRNA	2077
published, mouse wells	010	multi	TranscribedProcessedPseudogene	1999
published, mouse wells	010	multi	snRNA	1367
published, mouse wells	010	multi	snoRNA	1310
published, mouse wells	010	multi	TranscribedUnprocessedPseudogene	509
published, mouse wells	010	multi	ribozyme	131
published, mouse wells	010	multi	TEC	107
published, mouse wells	010	multi	TranscribedUnitaryPseudogene	71
published, mouse wells	010	multi	pseudogene	35
published, mouse wells	010	multi	tRNA	12
published, mouse wells	010	multi	PolymorphicPseudogene	5
published, mouse wells	010	multi	MtTrna	4
published, mouse wells	010	multi	TrVGene	1
published, mouse wells	010	single	ProteinCoding	222435
published, mouse wells	010	single	lncRNA	8842
published, mouse wells	010	single	ribozyme	2256
published, mouse wells	010	single	snoRNA	1669
published, mouse wells	010	single	ProcessedPseudogene	822
published, mouse wells	010	single	TEC	589
published, mouse wells	010	single	miRNA	580
published, mouse wells	010	single	snRNA	327
published, mouse wells	010	single	TranscribedProcessedPseudogene	198
published, mouse wells	010	single	TranscribedUnprocessedPseudogene	178
published, mouse wells	010	single	MiscRna	171
published, mouse wells	010	single	TranscribedUnitaryPseudogene	162
published, mouse wells	010	single	scaRNA	127
published, mouse wells	010	single	UnprocessedPseudogene	77
published, mouse wells	010	single	PolymorphicPseudogene	72
published, mouse wells	010	single	tRNA	52
published, mouse wells	010	single	MtTrna	8
published, mouse wells	010	single	rRNA	6
published, mouse wells	010	single	MtRrna	4
published, mouse wells	012	multi	ProteinCoding	100744
published, mouse wells	012	multi	MiscRna	45082
published, mouse wells	012	multi	ProcessedPseudogene	29783
published, mouse wells	012	multi	lncRNA	6763
published, mouse wells	012	multi	miRNA	6704
published, mouse wells	012	multi	UnprocessedPseudogene	5976
published, mouse wells	012	multi	snRNA	4350
published, mouse wells	012	multi	TranscribedProcessedPseudogene	4234
published, mouse wells	012	multi	TranscribedUnprocessedPseudogene	2549
published, mouse wells	012	multi	snoRNA	2475
published, mouse wells	012	multi	TEC	496
published, mouse wells	012	multi	ribozyme	277
published, mouse wells	012	multi	TranscribedUnitaryPseudogene	58
published, mouse wells	012	multi	tRNA	54
published, mouse wells	012	multi	pseudogene	52
published, mouse wells	012	multi	PolymorphicPseudogene	22
published, mouse wells	012	multi	MtRrna	7
published, mouse wells	012	multi	UnitaryPseudogene	4
published, mouse wells	012	multi	rRNA	4
published, mouse wells	012	multi	IgCPseudogene	2
published, mouse wells	012	multi	TrCGene	2
published, mouse wells	012	multi	IgVPseudogene	1
published, mouse wells	012	multi	MtTrna	1
published, mouse wells	012	multi	scaRNA	1
published, mouse wells	012	single	ProteinCoding	617405
published, mouse wells	012	single	lncRNA	19833
published, mouse wells	012	single	ribozyme	5010
published, mouse wells	012	single	snoRNA	3919
published, mouse wells	012	single	TEC	1693
published, mouse wells	012	single	ProcessedPseudogene	1603
published, mouse wells	012	single	snRNA	1066
published, mouse wells	012	single	miRNA	707
published, mouse wells	012	single	TranscribedUnprocessedPseudogene	466
published, mouse wells	012	single	MiscRna	445
published, mouse wells	012	single	TranscribedProcessedPseudogene	435
published, mouse wells	012	single	scaRNA	247
published, mouse wells	012	single	PolymorphicPseudogene	227
published, mouse wells	012	single	UnprocessedPseudogene	222
published, mouse wells	012	single	TranscribedUnitaryPseudogene	205
published, mouse wells	012	single	tRNA	109
published, mouse wells	012	single	UnitaryPseudogene	27
published, mouse wells	012	single	MtRrna	26
published, mouse wells	012	single	MtTrna	14
published, mouse wells	012	single	pseudogene	10
published, mouse wells	012	single	rRNA	9
published, mouse wells	014	multi	ProteinCoding	8337
published, mouse wells	014	multi	ProcessedPseudogene	3076
published, mouse wells	014	multi	MiscRna	2792
published, mouse wells	014	multi	UnprocessedPseudogene	673
published, mouse wells	014	multi	lncRNA	557
published, mouse wells	014	multi	snRNA	413
published, mouse wells	014	multi	miRNA	385
published, mouse wells	014	multi	TranscribedProcessedPseudogene	374
published, mouse wells	014	multi	snoRNA	217
published, mouse wells	014	multi	TranscribedUnprocessedPseudogene	124
published, mouse wells	014	multi	ribozyme	17
published, mouse wells	014	multi	TEC	7
published, mouse wells	014	multi	TranscribedUnitaryPseudogene	5
published, mouse wells	014	multi	MtTrna	2
published, mouse wells	014	multi	MtRrna	1
published, mouse wells	014	multi	pseudogene	1
published, mouse wells	014	multi	tRNA	1
published, mouse wells	014	single	ProteinCoding	30731
published, mouse wells	014	single	lncRNA	1140
published, mouse wells	014	single	ribozyme	290
published, mouse wells	014	single	snoRNA	201
published, mouse wells	014	single	ProcessedPseudogene	147
published, mouse wells	014	single	snRNA	125
published, mouse wells	014	single	miRNA	95
published, mouse wells	014	single	TEC	74
published, mouse wells	014	single	TranscribedProcessedPseudogene	56
published, mouse wells	014	single	TranscribedUnprocessedPseudogene	34
published, mouse wells	014	single	scaRNA	29
published, mouse wells	014	single	MiscRna	27
published, mouse wells	014	single	PolymorphicPseudogene	17
published, mouse wells	014	single	TranscribedUnitaryPseudogene	15
published, mouse wells	014	single	UnprocessedPseudogene	13
published, mouse wells	014	single	MtTrna	12
published, mouse wells	014	single	tRNA	11
published, mouse wells	014	single	MtRrna	1
published, mouse wells	014	single	rRNA	1
published, mouse wells	016	multi	ProteinCoding	23570
published, mouse wells	016	multi	ProcessedPseudogene	9192
published, mouse wells	016	multi	MiscRna	4504
published, mouse wells	016	multi	lncRNA	2485
published, mouse wells	016	multi	UnprocessedPseudogene	1537
published, mouse wells	016	multi	TranscribedProcessedPseudogene	1418
published, mouse wells	016	multi	miRNA	1168
published, mouse wells	016	multi	snoRNA	936
published, mouse wells	016	multi	TranscribedUnprocessedPseudogene	847
published, mouse wells	016	multi	snRNA	327
published, mouse wells	016	multi	ribozyme	81
published, mouse wells	016	multi	TEC	68
published, mouse wells	016	multi	pseudogene	27
published, mouse wells	016	multi	PolymorphicPseudogene	5
published, mouse wells	016	multi	TranscribedUnitaryPseudogene	4
published, mouse wells	016	multi	tRNA	3
published, mouse wells	016	multi	MtRrna	2
published, mouse wells	016	multi	scaRNA	1
published, mouse wells	016	single	ProteinCoding	214855
published, mouse wells	016	single	lncRNA	7660
published, mouse wells	016	single	ribozyme	938
published, mouse wells	016	single	snoRNA	879
published, mouse wells	016	single	TEC	683
published, mouse wells	016	single	ProcessedPseudogene	514
published, mouse wells	016	single	miRNA	282
published, mouse wells	016	single	TranscribedUnprocessedPseudogene	192
published, mouse wells	016	single	TranscribedProcessedPseudogene	168
published, mouse wells	016	single	snRNA	95
published, mouse wells	016	single	MiscRna	80
published, mouse wells	016	single	UnprocessedPseudogene	78
published, mouse wells	016	single	TranscribedUnitaryPseudogene	41
published, mouse wells	016	single	scaRNA	41
published, mouse wells	016	single	PolymorphicPseudogene	22
published, mouse wells	016	single	tRNA	5
published, mouse wells	016	single	MtRrna	2
published, mouse wells	016	single	UnitaryPseudogene	2
published, mouse wells	016	single	rRNA	2
published, mouse wells	018	multi	ProteinCoding	37642
published, mouse wells	018	multi	MiscRna	21718
published, mouse wells	018	multi	ProcessedPseudogene	9213
published, mouse wells	018	multi	snRNA	4629
published, mouse wells	018	multi	miRNA	4169
published, mouse wells	018	multi	snoRNA	2797
published, mouse wells	018	multi	lncRNA	2038
published, mouse wells	018	multi	TranscribedProcessedPseudogene	1401
published, mouse wells	018	multi	UnprocessedPseudogene	1150
published, mouse wells	018	multi	TranscribedUnprocessedPseudogene	530
published, mouse wells	018	multi	ribozyme	182
published, mouse wells	018	multi	TEC	42
published, mouse wells	018	multi	pseudogene	30
published, mouse wells	018	multi	TranscribedUnitaryPseudogene	20
published, mouse wells	018	multi	tRNA	20
published, mouse wells	018	multi	PolymorphicPseudogene	4
published, mouse wells	018	multi	MtRrna	2
published, mouse wells	018	multi	TrVGene	2
published, mouse wells	018	multi	UnitaryPseudogene	1
published, mouse wells	018	single	ProteinCoding	181417
published, mouse wells	018	single	lncRNA	7551
published, mouse wells	018	single	snoRNA	2885
published, mouse wells	018	single	ribozyme	1835
published, mouse wells	018	single	snRNA	1082
published, mouse wells	018	single	ProcessedPseudogene	515
published, mouse wells	018	single	TEC	496
published, mouse wells	018	single	miRNA	384
published, mouse wells	018	single	MiscRna	315
published, mouse wells	018	single	TranscribedUnprocessedPseudogene	146
published, mouse wells	018	single	scaRNA	144
published, mouse wells	018	single	TranscribedProcessedPseudogene	79
published, mouse wells	018	single	UnprocessedPseudogene	50
published, mouse wells	018	single	PolymorphicPseudogene	36
published, mouse wells	018	single	tRNA	28
published, mouse wells	018	single	TranscribedUnitaryPseudogene	25
published, mouse wells	018	single	UnitaryPseudogene	16
published, mouse wells	018	single	MtRrna	5
published, mouse wells	018	single	MtTrna	2
published, mouse wells	018	single	rRNA	2
published, mouse wells	020	multi	ProteinCoding	89357
published, mouse wells	020	multi	MiscRna	45840
published, mouse wells	020	multi	ProcessedPseudogene	20833
published, mouse wells	020	multi	snRNA	9296
published, mouse wells	020	multi	miRNA	6741
published, mouse wells	020	multi	lncRNA	5527
published, mouse wells	020	multi	snoRNA	5479
published, mouse wells	020	multi	UnprocessedPseudogene	3959
published, mouse wells	020	multi	TranscribedProcessedPseudogene	3022
published, mouse wells	020	multi	TranscribedUnprocessedPseudogene	1826
published, mouse wells	020	multi	TEC	322
published, mouse wells	020	multi	ribozyme	241
published, mouse wells	020	multi	pseudogene	87
published, mouse wells	020	multi	tRNA	50
published, mouse wells	020	multi	TranscribedUnitaryPseudogene	35
published, mouse wells	020	multi	PolymorphicPseudogene	19
published, mouse wells	020	multi	MtRrna	12
published, mouse wells	020	multi	UnitaryPseudogene	7
published, mouse wells	020	multi	MtTrna	6
published, mouse wells	020	multi	rRNA	2
published, mouse wells	020	single	ProteinCoding	487597
published, mouse wells	020	single	lncRNA	16581
published, mouse wells	020	single	snoRNA	5028
published, mouse wells	020	single	ribozyme	4724
published, mouse wells	020	single	snRNA	1918
published, mouse wells	020	single	TEC	1410
published, mouse wells	020	single	ProcessedPseudogene	1196
published, mouse wells	020	single	miRNA	766
published, mouse wells	020	single	MiscRna	525
published, mouse wells	020	single	TranscribedUnprocessedPseudogene	347
published, mouse wells	020	single	TranscribedProcessedPseudogene	260
published, mouse wells	020	single	scaRNA	189
published, mouse wells	020	single	UnprocessedPseudogene	179
published, mouse wells	020	single	TranscribedUnitaryPseudogene	167
published, mouse wells	020	single	PolymorphicPseudogene	52
published, mouse wells	020	single	tRNA	52
published, mouse wells	020	single	MtRrna	28
published, mouse wells	020	single	UnitaryPseudogene	18
published, mouse wells	020	single	MtTrna	15
published, mouse wells	020	single	pseudogene	14
published, mouse wells	020	single	rRNA	6
published, mouse wells	022	multi	ProteinCoding	30590
published, mouse wells	022	multi	ProcessedPseudogene	10738
published, mouse wells	022	multi	MiscRna	6220
published, mouse wells	022	multi	UnprocessedPseudogene	3190
published, mouse wells	022	multi	lncRNA	3109
published, mouse wells	022	multi	miRNA	1842
published, mouse wells	022	multi	TranscribedProcessedPseudogene	1673
published, mouse wells	022	multi	TranscribedUnprocessedPseudogene	1608
published, mouse wells	022	multi	snoRNA	692
published, mouse wells	022	multi	snRNA	357
published, mouse wells	022	multi	TEC	145
published, mouse wells	022	multi	ribozyme	79
published, mouse wells	022	multi	pseudogene	22
published, mouse wells	022	multi	TranscribedUnitaryPseudogene	16
published, mouse wells	022	multi	UnitaryPseudogene	5
published, mouse wells	022	multi	MtRrna	4
published, mouse wells	022	multi	PolymorphicPseudogene	4
published, mouse wells	022	multi	tRNA	3
published, mouse wells	022	multi	IgCGene	2
published, mouse wells	022	single	ProteinCoding	320387
published, mouse wells	022	single	lncRNA	13412
published, mouse wells	022	single	ribozyme	1326
published, mouse wells	022	single	TEC	1152
published, mouse wells	022	single	snoRNA	1072
published, mouse wells	022	single	ProcessedPseudogene	649
published, mouse wells	022	single	TranscribedUnprocessedPseudogene	468
published, mouse wells	022	single	miRNA	368
published, mouse wells	022	single	TranscribedProcessedPseudogene	187
published, mouse wells	022	single	TranscribedUnitaryPseudogene	161
published, mouse wells	022	single	UnprocessedPseudogene	161
published, mouse wells	022	single	MiscRna	117
published, mouse wells	022	single	snRNA	108
published, mouse wells	022	single	scaRNA	93
published, mouse wells	022	single	PolymorphicPseudogene	80
published, mouse wells	022	single	UnitaryPseudogene	43
published, mouse wells	022	single	MtTrna	13
published, mouse wells	022	single	tRNA	13
published, mouse wells	022	single	pseudogene	6
published, mouse wells	022	single	MtRrna	2
published, mouse wells	022	single	rRNA	2
published, mouse wells	026	multi	ProteinCoding	14766
published, mouse wells	026	multi	ProcessedPseudogene	6056
published, mouse wells	026	multi	MiscRna	1413
published, mouse wells	026	multi	lncRNA	1412
published, mouse wells	026	multi	UnprocessedPseudogene	1266
published, mouse wells	026	multi	TranscribedProcessedPseudogene	856
published, mouse wells	026	multi	miRNA	514
published, mouse wells	026	multi	snoRNA	327
published, mouse wells	026	multi	TranscribedUnprocessedPseudogene	292
published, mouse wells	026	multi	snRNA	106
published, mouse wells	026	multi	TEC	24
published, mouse wells	026	multi	ribozyme	22
published, mouse wells	026	multi	TranscribedUnitaryPseudogene	16
published, mouse wells	026	multi	pseudogene	11
published, mouse wells	026	multi	tRNA	7
published, mouse wells	026	multi	MtTrna	2
published, mouse wells	026	multi	MtRrna	1
published, mouse wells	026	multi	TrVGene	1
published, mouse wells	026	single	ProteinCoding	120895
published, mouse wells	026	single	lncRNA	3090
published, mouse wells	026	single	snoRNA	382
published, mouse wells	026	single	TEC	376
published, mouse wells	026	single	ribozyme	331
published, mouse wells	026	single	ProcessedPseudogene	285
published, mouse wells	026	single	miRNA	181
published, mouse wells	026	single	TranscribedUnprocessedPseudogene	94
published, mouse wells	026	single	TranscribedProcessedPseudogene	86
published, mouse wells	026	single	TranscribedUnitaryPseudogene	63
published, mouse wells	026	single	UnprocessedPseudogene	59
published, mouse wells	026	single	MiscRna	36
published, mouse wells	026	single	snRNA	36
published, mouse wells	026	single	scaRNA	35
published, mouse wells	026	single	tRNA	33
published, mouse wells	026	single	PolymorphicPseudogene	13
published, mouse wells	026	single	MtRrna	11
published, mouse wells	026	single	MtTrna	9
published, mouse wells	032	multi	ProteinCoding	12175
published, mouse wells	032	multi	ProcessedPseudogene	5558
published, mouse wells	032	multi	lncRNA	1304
published, mouse wells	032	multi	UnprocessedPseudogene	1109
published, mouse wells	032	multi	MiscRna	943
published, mouse wells	032	multi	TranscribedProcessedPseudogene	746
published, mouse wells	032	multi	TranscribedUnprocessedPseudogene	387
published, mouse wells	032	multi	miRNA	376
published, mouse wells	032	multi	snoRNA	225
published, mouse wells	032	multi	TEC	55
published, mouse wells	032	multi	snRNA	27
published, mouse wells	032	multi	TranscribedUnitaryPseudogene	17
published, mouse wells	032	multi	pseudogene	14
published, mouse wells	032	multi	ribozyme	10
published, mouse wells	032	multi	MtTrna	6
published, mouse wells	032	multi	UnitaryPseudogene	5
published, mouse wells	032	multi	tRNA	1
published, mouse wells	032	single	ProteinCoding	110500
published, mouse wells	032	single	lncRNA	3098
published, mouse wells	032	single	TEC	331
published, mouse wells	032	single	ProcessedPseudogene	286
published, mouse wells	032	single	ribozyme	250
published, mouse wells	032	single	snoRNA	187
published, mouse wells	032	single	miRNA	118
published, mouse wells	032	single	TranscribedProcessedPseudogene	115
published, mouse wells	032	single	TranscribedUnprocessedPseudogene	75
published, mouse wells	032	single	TranscribedUnitaryPseudogene	46
published, mouse wells	032	single	UnprocessedPseudogene	39
published, mouse wells	032	single	MiscRna	28
published, mouse wells	032	single	scaRNA	15
published, mouse wells	032	single	MtRrna	10
published, mouse wells	032	single	PolymorphicPseudogene	10
published, mouse wells	032	single	pseudogene	9
published, mouse wells	032	single	tRNA	8
published, mouse wells	032	single	snRNA	5
published, mouse wells	032	single	MtTrna	4
published, mouse wells	034	multi	ProteinCoding	14629
published, mouse wells	034	multi	ProcessedPseudogene	7341
published, mouse wells	034	multi	lncRNA	1572
published, mouse wells	034	multi	UnprocessedPseudogene	1397
published, mouse wells	034	multi	TranscribedProcessedPseudogene	1076
published, mouse wells	034	multi	MiscRna	572
published, mouse wells	034	multi	TranscribedUnprocessedPseudogene	357
published, mouse wells	034	multi	miRNA	254
published, mouse wells	034	multi	snoRNA	136
published, mouse wells	034	multi	pseudogene	45
published, mouse wells	034	multi	TEC	42
published, mouse wells	034	multi	snRNA	41
published, mouse wells	034	multi	TranscribedUnitaryPseudogene	27
published, mouse wells	034	multi	ribozyme	17
published, mouse wells	034	multi	rRNA	2
published, mouse wells	034	multi	PolymorphicPseudogene	1
published, mouse wells	034	single	ProteinCoding	119223
published, mouse wells	034	single	lncRNA	4008
published, mouse wells	034	single	TEC	398
published, mouse wells	034	single	ProcessedPseudogene	340
published, mouse wells	034	single	snoRNA	254
published, mouse wells	034	single	ribozyme	235
published, mouse wells	034	single	miRNA	164
published, mouse wells	034	single	TranscribedUnprocessedPseudogene	78
published, mouse wells	034	single	TranscribedProcessedPseudogene	44
published, mouse wells	034	single	PolymorphicPseudogene	33
published, mouse wells	034	single	MiscRna	28
published, mouse wells	034	single	UnprocessedPseudogene	23
published, mouse wells	034	single	scaRNA	19
published, mouse wells	034	single	MtRrna	11
published, mouse wells	034	single	TranscribedUnitaryPseudogene	11
published, mouse wells	034	single	snRNA	11
published, mouse wells	034	single	MtTrna	5
published, mouse wells	034	single	tRNA	4
published, mouse wells	034	single	UnitaryPseudogene	3
published, mouse wells	036	multi	ProteinCoding	25199
published, mouse wells	036	multi	ProcessedPseudogene	11289
published, mouse wells	036	multi	lncRNA	2627
published, mouse wells	036	multi	UnprocessedPseudogene	2498
published, mouse wells	036	multi	MiscRna	1747
published, mouse wells	036	multi	TranscribedProcessedPseudogene	1417
published, mouse wells	036	multi	TranscribedUnprocessedPseudogene	730
published, mouse wells	036	multi	miRNA	720
published, mouse wells	036	multi	snoRNA	418
published, mouse wells	036	multi	snRNA	155
published, mouse wells	036	multi	ribozyme	58
published, mouse wells	036	multi	TEC	57
published, mouse wells	036	multi	pseudogene	28
published, mouse wells	036	multi	TranscribedUnitaryPseudogene	20
published, mouse wells	036	multi	tRNA	3
published, mouse wells	036	multi	MtTrna	2
published, mouse wells	036	multi	PolymorphicPseudogene	2
published, mouse wells	036	multi	MtRrna	1
published, mouse wells	036	single	ProteinCoding	214328
published, mouse wells	036	single	lncRNA	6735
published, mouse wells	036	single	TEC	593
published, mouse wells	036	single	ProcessedPseudogene	533
published, mouse wells	036	single	snoRNA	456
published, mouse wells	036	single	ribozyme	447
published, mouse wells	036	single	miRNA	287
published, mouse wells	036	single	TranscribedUnprocessedPseudogene	193
published, mouse wells	036	single	TranscribedProcessedPseudogene	177
published, mouse wells	036	single	TranscribedUnitaryPseudogene	106
published, mouse wells	036	single	PolymorphicPseudogene	73
published, mouse wells	036	single	UnprocessedPseudogene	69
published, mouse wells	036	single	MiscRna	52
published, mouse wells	036	single	scaRNA	43
published, mouse wells	036	single	snRNA	34
published, mouse wells	036	single	UnitaryPseudogene	16
published, mouse wells	036	single	tRNA	10
published, mouse wells	036	single	MtTrna	7
published, mouse wells	036	single	MtRrna	4
published, mouse wells	038	multi	ProteinCoding	6625
published, mouse wells	038	multi	ProcessedPseudogene	2748
published, mouse wells	038	multi	lncRNA	821
published, mouse wells	038	multi	MiscRna	496
published, mouse wells	038	multi	UnprocessedPseudogene	413
published, mouse wells	038	multi	TranscribedProcessedPseudogene	392
published, mouse wells	038	multi	TranscribedUnprocessedPseudogene	352
published, mouse wells	038	multi	miRNA	207
published, mouse wells	038	multi	snoRNA	134
published, mouse wells	038	multi	snRNA	26
published, mouse wells	038	multi	TEC	23
published, mouse wells	038	multi	ribozyme	14
published, mouse wells	038	multi	pseudogene	9
published, mouse wells	038	multi	TranscribedUnitaryPseudogene	7
published, mouse wells	038	multi	PolymorphicPseudogene	4
published, mouse wells	038	multi	MtTrna	1
published, mouse wells	038	multi	rRNA	1
published, mouse wells	038	multi	scaRNA	1
published, mouse wells	038	single	ProteinCoding	70182
published, mouse wells	038	single	lncRNA	2892
published, mouse wells	038	single	ProcessedPseudogene	258
published, mouse wells	038	single	TEC	199
published, mouse wells	038	single	ribozyme	169
published, mouse wells	038	single	snoRNA	146
published, mouse wells	038	single	TranscribedUnprocessedPseudogene	107
published, mouse wells	038	single	miRNA	60
published, mouse wells	038	single	TranscribedProcessedPseudogene	55
published, mouse wells	038	single	MiscRna	38
published, mouse wells	038	single	TranscribedUnitaryPseudogene	36
published, mouse wells	038	single	UnprocessedPseudogene	29
published, mouse wells	038	single	PolymorphicPseudogene	17
published, mouse wells	038	single	scaRNA	14
published, mouse wells	038	single	snRNA	7
published, mouse wells	038	single	UnitaryPseudogene	6
published, mouse wells	038	single	MtRrna	1
published, mouse wells	040	multi	ProteinCoding	3409
published, mouse wells	040	multi	ProcessedPseudogene	1671
published, mouse wells	040	multi	lncRNA	353
published, mouse wells	040	multi	UnprocessedPseudogene	316
published, mouse wells	040	multi	MiscRna	267
published, mouse wells	040	multi	TranscribedProcessedPseudogene	252
published, mouse wells	040	multi	TranscribedUnprocessedPseudogene	187
published, mouse wells	040	multi	miRNA	112
published, mouse wells	040	multi	snoRNA	50
published, mouse wells	040	multi	TEC	11
published, mouse wells	040	multi	TranscribedUnitaryPseudogene	7
published, mouse wells	040	multi	pseudogene	7
published, mouse wells	040	multi	snRNA	3
published, mouse wells	040	multi	ribozyme	2
published, mouse wells	040	multi	tRNA	1
published, mouse wells	040	single	ProteinCoding	28400
published, mouse wells	040	single	lncRNA	973
published, mouse wells	040	single	TEC	96
published, mouse wells	040	single	ProcessedPseudogene	86
published, mouse wells	040	single	ribozyme	81
published, mouse wells	040	single	snoRNA	35
published, mouse wells	040	single	UnprocessedPseudogene	34
published, mouse wells	040	single	miRNA	30
published, mouse wells	040	single	TranscribedUnprocessedPseudogene	23
published, mouse wells	040	single	TranscribedProcessedPseudogene	12
published, mouse wells	040	single	TranscribedUnitaryPseudogene	10
published, mouse wells	040	single	MiscRna	6
published, mouse wells	040	single	PolymorphicPseudogene	6
published, mouse wells	040	single	scaRNA	6
published, mouse wells	040	single	MtRrna	1
published, mouse wells	040	single	snRNA	1
published, mouse wells	042	multi	ProteinCoding	9868
published, mouse wells	042	multi	ProcessedPseudogene	4211
published, mouse wells	042	multi	MiscRna	2064
published, mouse wells	042	multi	lncRNA	1092
published, mouse wells	042	multi	miRNA	595
published, mouse wells	042	multi	TranscribedProcessedPseudogene	581
published, mouse wells	042	multi	UnprocessedPseudogene	580
published, mouse wells	042	multi	TranscribedUnprocessedPseudogene	323
published, mouse wells	042	multi	snoRNA	224
published, mouse wells	042	multi	snRNA	75
published, mouse wells	042	multi	TEC	49
published, mouse wells	042	multi	ribozyme	49
published, mouse wells	042	multi	pseudogene	5
published, mouse wells	042	multi	PolymorphicPseudogene	4
published, mouse wells	042	multi	TranscribedUnitaryPseudogene	4
published, mouse wells	042	multi	UnitaryPseudogene	1
published, mouse wells	042	multi	scaRNA	1
published, mouse wells	042	single	ProteinCoding	83016
published, mouse wells	042	single	lncRNA	2770
published, mouse wells	042	single	ribozyme	368
published, mouse wells	042	single	ProcessedPseudogene	243
published, mouse wells	042	single	TEC	240
published, mouse wells	042	single	snoRNA	236
published, mouse wells	042	single	miRNA	94
published, mouse wells	042	single	TranscribedUnprocessedPseudogene	67
published, mouse wells	042	single	TranscribedProcessedPseudogene	47
published, mouse wells	042	single	UnprocessedPseudogene	33
published, mouse wells	042	single	MiscRna	29
published, mouse wells	042	single	PolymorphicPseudogene	27
published, mouse wells	042	single	TranscribedUnitaryPseudogene	27
published, mouse wells	042	single	snRNA	22
published, mouse wells	042	single	scaRNA	11
published, mouse wells	042	single	tRNA	10
published, mouse wells	042	single	pseudogene	3
published, mouse wells	042	single	rRNA	1
published, mouse wells	044	multi	ProteinCoding	13438
published, mouse wells	044	multi	ProcessedPseudogene	6249
published, mouse wells	044	multi	UnprocessedPseudogene	1726
published, mouse wells	044	multi	lncRNA	1289
published, mouse wells	044	multi	TranscribedProcessedPseudogene	1004
published, mouse wells	044	multi	MiscRna	936
published, mouse wells	044	multi	TranscribedUnprocessedPseudogene	305
published, mouse wells	044	multi	miRNA	304
published, mouse wells	044	multi	snoRNA	186
published, mouse wells	044	multi	ribozyme	26
published, mouse wells	044	multi	TEC	23
published, mouse wells	044	multi	TranscribedUnitaryPseudogene	21
published, mouse wells	044	multi	snRNA	17
published, mouse wells	044	multi	pseudogene	3
published, mouse wells	044	multi	tRNA	2
published, mouse wells	044	multi	MtRrna	1
published, mouse wells	044	multi	MtTrna	1
published, mouse wells	044	single	ProteinCoding	104783
published, mouse wells	044	single	lncRNA	2630
published, mouse wells	044	single	TEC	296
published, mouse wells	044	single	ProcessedPseudogene	265
published, mouse wells	044	single	ribozyme	248
published, mouse wells	044	single	snoRNA	225
published, mouse wells	044	single	miRNA	123
published, mouse wells	044	single	TranscribedProcessedPseudogene	84
published, mouse wells	044	single	TranscribedUnprocessedPseudogene	84
published, mouse wells	044	single	TranscribedUnitaryPseudogene	55
published, mouse wells	044	single	UnprocessedPseudogene	42
published, mouse wells	044	single	PolymorphicPseudogene	23
published, mouse wells	044	single	snRNA	16
published, mouse wells	044	single	scaRNA	13
published, mouse wells	044	single	MiscRna	10
published, mouse wells	044	single	rRNA	4
published, mouse wells	044	single	UnitaryPseudogene	3
published, mouse wells	044	single	tRNA	3
published, mouse wells	044	single	MtTrna	2
published, mouse wells	046	multi	ProteinCoding	10545
published, mouse wells	046	multi	ProcessedPseudogene	6252
published, mouse wells	046	multi	UnprocessedPseudogene	1143
published, mouse wells	046	multi	TranscribedProcessedPseudogene	882
published, mouse wells	046	multi	lncRNA	873
published, mouse wells	046	multi	miRNA	111
published, mouse wells	046	multi	TranscribedUnprocessedPseudogene	93
published, mouse wells	046	multi	TranscribedUnitaryPseudogene	28
published, mouse wells	046	multi	MiscRna	24
published, mouse wells	046	multi	PolymorphicPseudogene	13
published, mouse wells	046	multi	TEC	5
published, mouse wells	046	multi	ribozyme	4
published, mouse wells	046	multi	snRNA	3
published, mouse wells	046	multi	MtTrna	1
published, mouse wells	046	multi	pseudogene	1
published, mouse wells	046	single	ProteinCoding	30447
published, mouse wells	046	single	lncRNA	925
published, mouse wells	046	single	ProcessedPseudogene	252
published, mouse wells	046	single	miRNA	171
published, mouse wells	046	single	TranscribedProcessedPseudogene	44
published, mouse wells	046	single	TEC	25
published, mouse wells	046	single	UnprocessedPseudogene	21
published, mouse wells	046	single	TranscribedUnprocessedPseudogene	14
published, mouse wells	046	single	snoRNA	14
published, mouse wells	046	single	TranscribedUnitaryPseudogene	12
published, mouse wells	046	single	MtTrna	10
published, mouse wells	046	single	tRNA	5
published, mouse wells	046	single	scaRNA	4
published, mouse wells	046	single	MiscRna	2
published, mouse wells	046	single	ribozyme	1
published, mouse wells	046	single	snRNA	1
published, mouse wells	050	multi	ProteinCoding	10912
published, mouse wells	050	multi	ProcessedPseudogene	5949
published, mouse wells	050	multi	lncRNA	1137
published, mouse wells	050	multi	UnprocessedPseudogene	990
published, mouse wells	050	multi	TranscribedProcessedPseudogene	838
published, mouse wells	050	multi	MiscRna	352
published, mouse wells	050	multi	miRNA	202
published, mouse wells	050	multi	TranscribedUnprocessedPseudogene	132
published, mouse wells	050	multi	snoRNA	60
published, mouse wells	050	multi	TranscribedUnitaryPseudogene	18
published, mouse wells	050	multi	TEC	14
published, mouse wells	050	multi	pseudogene	13
published, mouse wells	050	multi	snRNA	11
published, mouse wells	050	multi	ribozyme	4
published, mouse wells	050	multi	MtTrna	2
published, mouse wells	050	multi	rRNA	1
published, mouse wells	050	single	ProteinCoding	62712
published, mouse wells	050	single	lncRNA	1928
published, mouse wells	050	single	ProcessedPseudogene	338
published, mouse wells	050	single	TEC	161
published, mouse wells	050	single	miRNA	157
published, mouse wells	050	single	ribozyme	114
published, mouse wells	050	single	snoRNA	93
published, mouse wells	050	single	TranscribedUnitaryPseudogene	85
published, mouse wells	050	single	TranscribedProcessedPseudogene	65
published, mouse wells	050	single	TranscribedUnprocessedPseudogene	46
published, mouse wells	050	single	scaRNA	16
published, mouse wells	050	single	UnprocessedPseudogene	15
published, mouse wells	050	single	MtTrna	9
published, mouse wells	050	single	snRNA	8
published, mouse wells	050	single	MtRrna	6
published, mouse wells	050	single	PolymorphicPseudogene	5
published, mouse wells	050	single	MiscRna	4
published, mouse wells	050	single	rRNA	1
published, mouse wells	050	single	tRNA	1
published, mouse wells	054	multi	ProteinCoding	5481
published, mouse wells	054	multi	ProcessedPseudogene	2061
published, mouse wells	054	multi	UnprocessedPseudogene	764
published, mouse wells	054	multi	lncRNA	599
published, mouse wells	054	multi	MiscRna	558
published, mouse wells	054	multi	TranscribedProcessedPseudogene	238
published, mouse wells	054	multi	miRNA	186
published, mouse wells	054	multi	TranscribedUnprocessedPseudogene	161
published, mouse wells	054	multi	snoRNA	74
published, mouse wells	054	multi	ribozyme	24
published, mouse wells	054	multi	snRNA	20
published, mouse wells	054	multi	TEC	10
published, mouse wells	054	multi	TranscribedUnitaryPseudogene	9
published, mouse wells	054	multi	pseudogene	3
published, mouse wells	054	multi	UnitaryPseudogene	1
published, mouse wells	054	multi	tRNA	1
published, mouse wells	054	single	ProteinCoding	47241
published, mouse wells	054	single	lncRNA	1771
published, mouse wells	054	single	TEC	192
published, mouse wells	054	single	ribozyme	167
published, mouse wells	054	single	snoRNA	130
published, mouse wells	054	single	ProcessedPseudogene	97
published, mouse wells	054	single	TranscribedUnprocessedPseudogene	49
published, mouse wells	054	single	miRNA	48
published, mouse wells	054	single	TranscribedProcessedPseudogene	29
published, mouse wells	054	single	TranscribedUnitaryPseudogene	20
published, mouse wells	054	single	PolymorphicPseudogene	18
published, mouse wells	054	single	scaRNA	13
published, mouse wells	054	single	MiscRna	10
published, mouse wells	054	single	snRNA	6
published, mouse wells	054	single	UnprocessedPseudogene	4
published, mouse wells	054	single	tRNA	3
published, mouse wells	054	single	MtRrna	2
published, mouse wells	054	single	MtTrna	2
published, mouse wells	056	multi	ProteinCoding	75238
published, mouse wells	056	multi	ProcessedPseudogene	27866
published, mouse wells	056	multi	MiscRna	23937
published, mouse wells	056	multi	lncRNA	6745
published, mouse wells	056	multi	UnprocessedPseudogene	4745
published, mouse wells	056	multi	miRNA	4529
published, mouse wells	056	multi	TranscribedProcessedPseudogene	3439
published, mouse wells	056	multi	snoRNA	2348
published, mouse wells	056	multi	TranscribedUnprocessedPseudogene	2119
published, mouse wells	056	multi	snRNA	1811
published, mouse wells	056	multi	ribozyme	207
published, mouse wells	056	multi	TEC	139
published, mouse wells	056	multi	pseudogene	114
published, mouse wells	056	multi	TranscribedUnitaryPseudogene	79
published, mouse wells	056	multi	tRNA	24
published, mouse wells	056	multi	PolymorphicPseudogene	13
published, mouse wells	056	multi	UnitaryPseudogene	5
published, mouse wells	056	multi	MtRrna	4
published, mouse wells	056	multi	MtTrna	2
published, mouse wells	056	single	ProteinCoding	526219
published, mouse wells	056	single	lncRNA	18438
published, mouse wells	056	single	ribozyme	3594
published, mouse wells	056	single	snoRNA	3280
published, mouse wells	056	single	ProcessedPseudogene	1538
published, mouse wells	056	single	TEC	1152
published, mouse wells	056	single	miRNA	673
published, mouse wells	056	single	TranscribedUnitaryPseudogene	627
published, mouse wells	056	single	snRNA	595
published, mouse wells	056	single	TranscribedUnprocessedPseudogene	445
published, mouse wells	056	single	TranscribedProcessedPseudogene	351
published, mouse wells	056	single	MiscRna	342
published, mouse wells	056	single	UnprocessedPseudogene	307
published, mouse wells	056	single	scaRNA	267
published, mouse wells	056	single	tRNA	65
published, mouse wells	056	single	PolymorphicPseudogene	51
published, mouse wells	056	single	UnitaryPseudogene	26
published, mouse wells	056	single	MtRrna	19
published, mouse wells	056	single	MtTrna	13
published, mouse wells	056	single	rRNA	12
published, mouse wells	056	single	pseudogene	2
published, mouse wells	058	multi	ProteinCoding	10128
published, mouse wells	058	multi	ProcessedPseudogene	5357
published, mouse wells	058	multi	lncRNA	1050
published, mouse wells	058	multi	UnprocessedPseudogene	950
published, mouse wells	058	multi	TranscribedProcessedPseudogene	734
published, mouse wells	058	multi	MiscRna	276
published, mouse wells	058	multi	TranscribedUnprocessedPseudogene	191
published, mouse wells	058	multi	miRNA	146
published, mouse wells	058	multi	snoRNA	50
published, mouse wells	058	multi	TEC	19
published, mouse wells	058	multi	snRNA	16
published, mouse wells	058	multi	TranscribedUnitaryPseudogene	9
published, mouse wells	058	multi	pseudogene	6
published, mouse wells	058	multi	ribozyme	5
published, mouse wells	058	multi	MtTrna	4
published, mouse wells	058	multi	tRNA	3
published, mouse wells	058	single	ProteinCoding	74469
published, mouse wells	058	single	lncRNA	2209
published, mouse wells	058	single	ProcessedPseudogene	281
published, mouse wells	058	single	TEC	197
published, mouse wells	058	single	miRNA	102
published, mouse wells	058	single	ribozyme	94
published, mouse wells	058	single	TranscribedProcessedPseudogene	88
published, mouse wells	058	single	snoRNA	87
published, mouse wells	058	single	TranscribedUnitaryPseudogene	39
published, mouse wells	058	single	scaRNA	36
published, mouse wells	058	single	TranscribedUnprocessedPseudogene	34
published, mouse wells	058	single	UnprocessedPseudogene	19
published, mouse wells	058	single	MiscRna	16
published, mouse wells	058	single	PolymorphicPseudogene	4
published, mouse wells	058	single	snRNA	3
published, mouse wells	058	single	TrVGene	2
published, mouse wells	058	single	tRNA	2
published, mouse wells	058	single	MtTrna	1
published, mouse wells	058	single	UnitaryPseudogene	1
published, mouse wells	058	single	pseudogene	1
published, mouse wells	058	single	rRNA	1
published, mouse wells	060	multi	ProteinCoding	18663
published, mouse wells	060	multi	ProcessedPseudogene	8023
published, mouse wells	060	multi	MiscRna	2149
published, mouse wells	060	multi	lncRNA	1930
published, mouse wells	060	multi	TranscribedProcessedPseudogene	1254
published, mouse wells	060	multi	UnprocessedPseudogene	1253
published, mouse wells	060	multi	TranscribedUnprocessedPseudogene	679
published, mouse wells	060	multi	miRNA	578
published, mouse wells	060	multi	snoRNA	422
published, mouse wells	060	multi	snRNA	112
published, mouse wells	060	multi	TEC	70
published, mouse wells	060	multi	ribozyme	48
published, mouse wells	060	multi	TranscribedUnitaryPseudogene	21
published, mouse wells	060	multi	pseudogene	12
published, mouse wells	060	multi	UnitaryPseudogene	3
published, mouse wells	060	multi	IgVPseudogene	1
published, mouse wells	060	multi	MtRrna	1
published, mouse wells	060	multi	MtTrna	1
published, mouse wells	060	single	ProteinCoding	177588
published, mouse wells	060	single	lncRNA	5560
published, mouse wells	060	single	ribozyme	750
published, mouse wells	060	single	TEC	547
published, mouse wells	060	single	snoRNA	384
published, mouse wells	060	single	ProcessedPseudogene	347
published, mouse wells	060	single	miRNA	208
published, mouse wells	060	single	TranscribedUnprocessedPseudogene	147
published, mouse wells	060	single	TranscribedProcessedPseudogene	95
published, mouse wells	060	single	UnprocessedPseudogene	78
published, mouse wells	060	single	PolymorphicPseudogene	75
published, mouse wells	060	single	MiscRna	72
published, mouse wells	060	single	scaRNA	59
published, mouse wells	060	single	TranscribedUnitaryPseudogene	35
published, mouse wells	060	single	snRNA	26
published, mouse wells	060	single	tRNA	6
published, mouse wells	060	single	MtRrna	3
published, mouse wells	060	single	MtTrna	2
published, mouse wells	060	single	rRNA	2
published, mouse wells	060	single	pseudogene	1
published, mouse wells	062	multi	ProteinCoding	18071
published, mouse wells	062	multi	ProcessedPseudogene	7890
published, mouse wells	062	multi	UnprocessedPseudogene	2252
published, mouse wells	062	multi	lncRNA	1781
published, mouse wells	062	multi	MiscRna	1643
published, mouse wells	062	multi	TranscribedProcessedPseudogene	1090
published, mouse wells	062	multi	TranscribedUnprocessedPseudogene	567
published, mouse wells	062	multi	miRNA	554
published, mouse wells	062	multi	snoRNA	278
published, mouse wells	062	multi	snRNA	53
published, mouse wells	062	multi	TranscribedUnitaryPseudogene	51
published, mouse wells	062	multi	ribozyme	34
published, mouse wells	062	multi	TEC	23
published, mouse wells	062	multi	MtRrna	6
published, mouse wells	062	multi	UnitaryPseudogene	5
published, mouse wells	062	multi	pseudogene	4
published, mouse wells	062	multi	tRNA	1
published, mouse wells	062	single	ProteinCoding	163917
published, mouse wells	062	single	lncRNA	5383
published, mouse wells	062	single	TEC	654
published, mouse wells	062	single	ribozyme	516
published, mouse wells	062	single	ProcessedPseudogene	394
published, mouse wells	062	single	snoRNA	394
published, mouse wells	062	single	miRNA	283
published, mouse wells	062	single	TranscribedUnprocessedPseudogene	141
published, mouse wells	062	single	TranscribedProcessedPseudogene	122
published, mouse wells	062	single	MiscRna	66
published, mouse wells	062	single	TranscribedUnitaryPseudogene	49
published, mouse wells	062	single	UnprocessedPseudogene	47
published, mouse wells	062	single	UnitaryPseudogene	27
published, mouse wells	062	single	scaRNA	27
published, mouse wells	062	single	snRNA	24
published, mouse wells	062	single	PolymorphicPseudogene	13
published, mouse wells	062	single	MtRrna	7
published, mouse wells	062	single	MtTrna	5
published, mouse wells	062	single	tRNA	2
published, mouse wells	062	single	rRNA	1
published, mouse wells	064	multi	ProteinCoding	18178
published, mouse wells	064	multi	ProcessedPseudogene	7555
published, mouse wells	064	multi	lncRNA	1925
published, mouse wells	064	multi	UnprocessedPseudogene	1914
published, mouse wells	064	multi	MiscRna	1187
published, mouse wells	064	multi	TranscribedProcessedPseudogene	1046
published, mouse wells	064	multi	TranscribedUnprocessedPseudogene	569
published, mouse wells	064	multi	miRNA	438
published, mouse wells	064	multi	snoRNA	170
published, mouse wells	064	multi	TEC	148
published, mouse wells	064	multi	pseudogene	33
published, mouse wells	064	multi	snRNA	19
published, mouse wells	064	multi	TranscribedUnitaryPseudogene	18
published, mouse wells	064	multi	ribozyme	16
published, mouse wells	064	multi	MtRrna	9
published, mouse wells	064	multi	tRNA	7
published, mouse wells	064	multi	PolymorphicPseudogene	3
published, mouse wells	064	multi	rRNA	2
published, mouse wells	064	multi	UnitaryPseudogene	1
published, mouse wells	064	single	ProteinCoding	131231
published, mouse wells	064	single	lncRNA	4228
published, mouse wells	064	single	ProcessedPseudogene	384
published, mouse wells	064	single	ribozyme	347
published, mouse wells	064	single	TEC	339
published, mouse wells	064	single	snoRNA	264
published, mouse wells	064	single	miRNA	181
published, mouse wells	064	single	TranscribedUnitaryPseudogene	134
published, mouse wells	064	single	TranscribedUnprocessedPseudogene	127
published, mouse wells	064	single	UnprocessedPseudogene	84
published, mouse wells	064	single	TranscribedProcessedPseudogene	78
published, mouse wells	064	single	MiscRna	42
published, mouse wells	064	single	snRNA	18
published, mouse wells	064	single	PolymorphicPseudogene	15
published, mouse wells	064	single	scaRNA	8
published, mouse wells	064	single	MtRrna	5
published, mouse wells	064	single	MtTrna	5
published, mouse wells	064	single	tRNA	4
published, mouse wells	064	single	pseudogene	2
published, mouse wells	064	single	rRNA	2
published, mouse wells	066	multi	ProteinCoding	30919
published, mouse wells	066	multi	ProcessedPseudogene	13574
published, mouse wells	066	multi	lncRNA	3249
published, mouse wells	066	multi	UnprocessedPseudogene	3105
published, mouse wells	066	multi	MiscRna	2755
published, mouse wells	066	multi	TranscribedProcessedPseudogene	2041
published, mouse wells	066	multi	TranscribedUnprocessedPseudogene	1036
published, mouse wells	066	multi	miRNA	878
published, mouse wells	066	multi	snoRNA	373
published, mouse wells	066	multi	TEC	134
published, mouse wells	066	multi	snRNA	80
published, mouse wells	066	multi	ribozyme	54
published, mouse wells	066	multi	pseudogene	44
published, mouse wells	066	multi	TranscribedUnitaryPseudogene	13
published, mouse wells	066	multi	tRNA	10
published, mouse wells	066	multi	MtTrna	6
published, mouse wells	066	multi	UnitaryPseudogene	4
published, mouse wells	066	multi	MtRrna	2
published, mouse wells	066	single	ProteinCoding	245465
published, mouse wells	066	single	lncRNA	7231
published, mouse wells	066	single	ribozyme	654
published, mouse wells	066	single	TEC	586
published, mouse wells	066	single	ProcessedPseudogene	578
published, mouse wells	066	single	snoRNA	435
published, mouse wells	066	single	miRNA	324
published, mouse wells	066	single	TranscribedUnprocessedPseudogene	248
published, mouse wells	066	single	TranscribedProcessedPseudogene	210
published, mouse wells	066	single	TranscribedUnitaryPseudogene	200
published, mouse wells	066	single	UnprocessedPseudogene	89
published, mouse wells	066	single	PolymorphicPseudogene	44
published, mouse wells	066	single	snRNA	43
published, mouse wells	066	single	scaRNA	35
published, mouse wells	066	single	tRNA	26
published, mouse wells	066	single	MiscRna	25
published, mouse wells	066	single	MtRrna	12
published, mouse wells	066	single	MtTrna	9
published, mouse wells	066	single	pseudogene	4
published, mouse wells	066	single	UnitaryPseudogene	3
published, mouse wells	066	single	rRNA	1
published, mouse wells	068	multi	ProteinCoding	14511
published, mouse wells	068	multi	ProcessedPseudogene	6816
published, mouse wells	068	multi	UnprocessedPseudogene	1778
published, mouse wells	068	multi	lncRNA	1336
published, mouse wells	068	multi	MiscRna	1278
published, mouse wells	068	multi	TranscribedProcessedPseudogene	988
published, mouse wells	068	multi	miRNA	556
published, mouse wells	068	multi	TranscribedUnprocessedPseudogene	400
published, mouse wells	068	multi	snoRNA	193
published, mouse wells	068	multi	snRNA	42
published, mouse wells	068	multi	TEC	24
published, mouse wells	068	multi	TranscribedUnitaryPseudogene	16
published, mouse wells	068	multi	ribozyme	15
published, mouse wells	068	multi	MtTrna	11
published, mouse wells	068	multi	pseudogene	10
published, mouse wells	068	multi	UnitaryPseudogene	1
published, mouse wells	068	single	ProteinCoding	107010
published, mouse wells	068	single	lncRNA	3900
published, mouse wells	068	single	ProcessedPseudogene	436
published, mouse wells	068	single	ribozyme	342
published, mouse wells	068	single	TEC	193
published, mouse wells	068	single	miRNA	191
published, mouse wells	068	single	snoRNA	178
published, mouse wells	068	single	TranscribedUnprocessedPseudogene	82
published, mouse wells	068	single	TranscribedProcessedPseudogene	79
published, mouse wells	068	single	UnprocessedPseudogene	63
published, mouse wells	068	single	TranscribedUnitaryPseudogene	53
published, mouse wells	068	single	MiscRna	31
published, mouse wells	068	single	scaRNA	26
published, mouse wells	068	single	MtTrna	23
published, mouse wells	068	single	PolymorphicPseudogene	21
published, mouse wells	068	single	snRNA	12
published, mouse wells	068	single	UnitaryPseudogene	5
published, mouse wells	068	single	rRNA	2
published, mouse wells	068	single	MtRrna	1
published, mouse wells	070	multi	ProteinCoding	12295
published, mouse wells	070	multi	ProcessedPseudogene	4278
published, mouse wells	070	multi	MiscRna	2058
published, mouse wells	070	multi	UnprocessedPseudogene	1298
published, mouse wells	070	multi	lncRNA	1237
published, mouse wells	070	multi	TranscribedProcessedPseudogene	613
published, mouse wells	070	multi	miRNA	488
published, mouse wells	070	multi	TranscribedUnprocessedPseudogene	377
published, mouse wells	070	multi	snoRNA	200
published, mouse wells	070	multi	snRNA	156
published, mouse wells	070	multi	TEC	148
published, mouse wells	070	multi	ribozyme	26
published, mouse wells	070	multi	pseudogene	19
published, mouse wells	070	multi	UnitaryPseudogene	12
published, mouse wells	070	multi	TranscribedUnitaryPseudogene	8
published, mouse wells	070	multi	tRNA	6
published, mouse wells	070	multi	MtRrna	4
published, mouse wells	070	multi	MtTrna	3
published, mouse wells	070	multi	PolymorphicPseudogene	1
published, mouse wells	070	multi	rRNA	1
published, mouse wells	070	single	ProteinCoding	102026
published, mouse wells	070	single	lncRNA	2761
published, mouse wells	070	single	TEC	374
published, mouse wells	070	single	ribozyme	301
published, mouse wells	070	single	snoRNA	266
published, mouse wells	070	single	ProcessedPseudogene	235
published, mouse wells	070	single	miRNA	142
published, mouse wells	070	single	TranscribedProcessedPseudogene	61
published, mouse wells	070	single	MiscRna	50
published, mouse wells	070	single	snRNA	44
published, mouse wells	070	single	TranscribedUnprocessedPseudogene	43
published, mouse wells	070	single	UnprocessedPseudogene	43
published, mouse wells	070	single	TranscribedUnitaryPseudogene	40
published, mouse wells	070	single	scaRNA	13
published, mouse wells	070	single	MtTrna	10
published, mouse wells	070	single	MtRrna	9
published, mouse wells	070	single	PolymorphicPseudogene	5
published, mouse wells	070	single	rRNA	3
published, mouse wells	070	single	tRNA	2
published, mouse wells	070	single	UnitaryPseudogene	1
published, mouse wells	076	multi	ProteinCoding	28834
published, mouse wells	076	multi	ProcessedPseudogene	11294
published, mouse wells	076	multi	UnprocessedPseudogene	3409
published, mouse wells	076	multi	lncRNA	3027
published, mouse wells	076	multi	MiscRna	2975
published, mouse wells	076	multi	TranscribedProcessedPseudogene	1555
published, mouse wells	076	multi	miRNA	973
published, mouse wells	076	multi	TranscribedUnprocessedPseudogene	611
published, mouse wells	076	multi	snoRNA	320
published, mouse wells	076	multi	TEC	138
published, mouse wells	076	multi	snRNA	118
published, mouse wells	076	multi	ribozyme	35
published, mouse wells	076	multi	tRNA	24
published, mouse wells	076	multi	TranscribedUnitaryPseudogene	19
published, mouse wells	076	multi	pseudogene	14
published, mouse wells	076	multi	PolymorphicPseudogene	9
published, mouse wells	076	multi	UnitaryPseudogene	4
published, mouse wells	076	multi	MtRrna	3
published, mouse wells	076	multi	MtTrna	2
published, mouse wells	076	multi	rRNA	1
published, mouse wells	076	single	ProteinCoding	243241
published, mouse wells	076	single	lncRNA	7589
published, mouse wells	076	single	ribozyme	831
published, mouse wells	076	single	snoRNA	707
published, mouse wells	076	single	TEC	700
published, mouse wells	076	single	ProcessedPseudogene	620
published, mouse wells	076	single	miRNA	336
published, mouse wells	076	single	TranscribedProcessedPseudogene	211
published, mouse wells	076	single	TranscribedUnprocessedPseudogene	147
published, mouse wells	076	single	TranscribedUnitaryPseudogene	103
published, mouse wells	076	single	UnprocessedPseudogene	70
published, mouse wells	076	single	PolymorphicPseudogene	69
published, mouse wells	076	single	snRNA	66
published, mouse wells	076	single	scaRNA	63
published, mouse wells	076	single	MiscRna	48
published, mouse wells	076	single	tRNA	39
published, mouse wells	076	single	MtRrna	18
published, mouse wells	076	single	UnitaryPseudogene	13
published, mouse wells	076	single	rRNA	6
published, mouse wells	076	single	MtTrna	4
published, mouse wells	076	single	pseudogene	3
published, mouse wells	078	multi	ProteinCoding	27120
published, mouse wells	078	multi	ProcessedPseudogene	11454
published, mouse wells	078	multi	MiscRna	3167
published, mouse wells	078	multi	lncRNA	3016
published, mouse wells	078	multi	UnprocessedPseudogene	2267
published, mouse wells	078	multi	TranscribedProcessedPseudogene	1649
published, mouse wells	078	multi	miRNA	933
published, mouse wells	078	multi	TranscribedUnprocessedPseudogene	580
published, mouse wells	078	multi	snoRNA	518
published, mouse wells	078	multi	snRNA	200
published, mouse wells	078	multi	TEC	122
published, mouse wells	078	multi	ribozyme	44
published, mouse wells	078	multi	TranscribedUnitaryPseudogene	30
published, mouse wells	078	multi	pseudogene	13
published, mouse wells	078	multi	PolymorphicPseudogene	10
published, mouse wells	078	multi	tRNA	7
published, mouse wells	078	multi	MtTrna	5
published, mouse wells	078	multi	MtRrna	1
published, mouse wells	078	multi	scaRNA	1
published, mouse wells	078	single	ProteinCoding	216487
published, mouse wells	078	single	lncRNA	6262
published, mouse wells	078	single	ribozyme	919
published, mouse wells	078	single	ProcessedPseudogene	615
published, mouse wells	078	single	TEC	592
published, mouse wells	078	single	snoRNA	448
published, mouse wells	078	single	miRNA	252
published, mouse wells	078	single	TranscribedUnitaryPseudogene	184
published, mouse wells	078	single	TranscribedUnprocessedPseudogene	167
published, mouse wells	078	single	TranscribedProcessedPseudogene	150
published, mouse wells	078	single	snRNA	81
published, mouse wells	078	single	UnprocessedPseudogene	66
published, mouse wells	078	single	MiscRna	44
published, mouse wells	078	single	PolymorphicPseudogene	41
published, mouse wells	078	single	scaRNA	19
published, mouse wells	078	single	tRNA	10
published, mouse wells	078	single	MtTrna	7
published, mouse wells	078	single	MtRrna	4
published, mouse wells	078	single	rRNA	4
published, mouse wells	078	single	TrVGene	1
published, mouse wells	078	single	UnitaryPseudogene	1
published, mouse wells	080	multi	ProteinCoding	23609
published, mouse wells	080	multi	ProcessedPseudogene	9958
published, mouse wells	080	multi	MiscRna	3959
published, mouse wells	080	multi	UnprocessedPseudogene	2406
published, mouse wells	080	multi	lncRNA	2210
published, mouse wells	080	multi	TranscribedProcessedPseudogene	1415
published, mouse wells	080	multi	miRNA	959
published, mouse wells	080	multi	TranscribedUnprocessedPseudogene	474
published, mouse wells	080	multi	snoRNA	386
published, mouse wells	080	multi	snRNA	70
published, mouse wells	080	multi	ribozyme	41
published, mouse wells	080	multi	TranscribedUnitaryPseudogene	40
published, mouse wells	080	multi	TEC	36
published, mouse wells	080	multi	pseudogene	26
published, mouse wells	080	multi	UnitaryPseudogene	9
published, mouse wells	080	multi	MtTrna	2
published, mouse wells	080	multi	IgVPseudogene	1
published, mouse wells	080	multi	MtRrna	1
published, mouse wells	080	multi	tRNA	1
published, mouse wells	080	single	ProteinCoding	189356
published, mouse wells	080	single	lncRNA	4961
published, mouse wells	080	single	ribozyme	894
published, mouse wells	080	single	ProcessedPseudogene	532
published, mouse wells	080	single	snoRNA	483
published, mouse wells	080	single	TEC	398
published, mouse wells	080	single	miRNA	240
published, mouse wells	080	single	TranscribedUnitaryPseudogene	147
published, mouse wells	080	single	TranscribedProcessedPseudogene	135
published, mouse wells	080	single	TranscribedUnprocessedPseudogene	111
published, mouse wells	080	single	scaRNA	60
published, mouse wells	080	single	UnprocessedPseudogene	58
published, mouse wells	080	single	MiscRna	57
published, mouse wells	080	single	snRNA	34
published, mouse wells	080	single	PolymorphicPseudogene	16
published, mouse wells	080	single	MtTrna	10
published, mouse wells	080	single	tRNA	8
published, mouse wells	080	single	MtRrna	7
published, mouse wells	080	single	UnitaryPseudogene	4
published, mouse wells	080	single	rRNA	4
published, mouse wells	082	multi	ProteinCoding	13390
published, mouse wells	082	multi	ProcessedPseudogene	6878
published, mouse wells	082	multi	lncRNA	1387
published, mouse wells	082	multi	UnprocessedPseudogene	1286
published, mouse wells	082	multi	TranscribedProcessedPseudogene	907
published, mouse wells	082	multi	MiscRna	329
published, mouse wells	082	multi	miRNA	252
published, mouse wells	082	multi	TranscribedUnprocessedPseudogene	245
published, mouse wells	082	multi	snoRNA	68
published, mouse wells	082	multi	TranscribedUnitaryPseudogene	36
published, mouse wells	082	multi	snRNA	29
published, mouse wells	082	multi	TEC	21
published, mouse wells	082	multi	ribozyme	6
published, mouse wells	082	multi	PolymorphicPseudogene	5
published, mouse wells	082	multi	UnitaryPseudogene	4
published, mouse wells	082	multi	pseudogene	4
published, mouse wells	082	multi	MtRrna	3
published, mouse wells	082	multi	IgVPseudogene	1
published, mouse wells	082	multi	MtTrna	1
published, mouse wells	082	multi	tRNA	1
published, mouse wells	082	single	ProteinCoding	80738
published, mouse wells	082	single	lncRNA	2516
published, mouse wells	082	single	ProcessedPseudogene	335
published, mouse wells	082	single	TEC	187
published, mouse wells	082	single	miRNA	151
published, mouse wells	082	single	snoRNA	146
published, mouse wells	082	single	ribozyme	133
published, mouse wells	082	single	TranscribedUnprocessedPseudogene	100
published, mouse wells	082	single	TranscribedUnitaryPseudogene	67
published, mouse wells	082	single	TranscribedProcessedPseudogene	55
published, mouse wells	082	single	MiscRna	19
published, mouse wells	082	single	snRNA	18
published, mouse wells	082	single	tRNA	15
published, mouse wells	082	single	UnprocessedPseudogene	14
published, mouse wells	082	single	scaRNA	14
published, mouse wells	082	single	PolymorphicPseudogene	10
published, mouse wells	082	single	UnitaryPseudogene	10
published, mouse wells	082	single	MtRrna	5
published, mouse wells	082	single	MtTrna	5
published, mouse wells	082	single	pseudogene	3
published, mouse wells	082	single	rRNA	1
published, mouse wells	084	multi	ProteinCoding	10587
published, mouse wells	084	multi	ProcessedPseudogene	5582
published, mouse wells	084	multi	UnprocessedPseudogene	1163
published, mouse wells	084	multi	lncRNA	1103
published, mouse wells	084	multi	TranscribedProcessedPseudogene	785
published, mouse wells	084	multi	MiscRna	270
published, mouse wells	084	multi	miRNA	203
published, mouse wells	084	multi	TranscribedUnprocessedPseudogene	180
published, mouse wells	084	multi	snoRNA	55
published, mouse wells	084	multi	TEC	47
published, mouse wells	084	multi	snRNA	15
published, mouse wells	084	multi	TranscribedUnitaryPseudogene	9
published, mouse wells	084	multi	pseudogene	9
published, mouse wells	084	multi	UnitaryPseudogene	3
published, mouse wells	084	multi	ribozyme	3
published, mouse wells	084	multi	MtRrna	2
published, mouse wells	084	multi	tRNA	2
published, mouse wells	084	multi	MtTrna	1
published, mouse wells	084	multi	PolymorphicPseudogene	1
published, mouse wells	084	single	ProteinCoding	69303
published, mouse wells	084	single	lncRNA	2217
published, mouse wells	084	single	ProcessedPseudogene	345
published, mouse wells	084	single	TEC	178
published, mouse wells	084	single	miRNA	131
published, mouse wells	084	single	ribozyme	99
published, mouse wells	084	single	snoRNA	75
published, mouse wells	084	single	TranscribedProcessedPseudogene	48
published, mouse wells	084	single	TranscribedUnprocessedPseudogene	41
published, mouse wells	084	single	PolymorphicPseudogene	27
published, mouse wells	084	single	TranscribedUnitaryPseudogene	25
published, mouse wells	084	single	UnprocessedPseudogene	22
published, mouse wells	084	single	MiscRna	12
published, mouse wells	084	single	scaRNA	9
published, mouse wells	084	single	MtRrna	6
published, mouse wells	084	single	UnitaryPseudogene	6
published, mouse wells	084	single	snRNA	5
published, mouse wells	084	single	MtTrna	4
published, mouse wells	084	single	tRNA	3
published, mouse wells	086	multi	ProteinCoding	13716
published, mouse wells	086	multi	ProcessedPseudogene	7072
published, mouse wells	086	multi	UnprocessedPseudogene	1396
published, mouse wells	086	multi	lncRNA	1238
published, mouse wells	086	multi	TranscribedProcessedPseudogene	946
published, mouse wells	086	multi	MiscRna	404
published, mouse wells	086	multi	TranscribedUnprocessedPseudogene	278
published, mouse wells	086	multi	miRNA	220
published, mouse wells	086	multi	snoRNA	60
published, mouse wells	086	multi	TranscribedUnitaryPseudogene	35
published, mouse wells	086	multi	TEC	25
published, mouse wells	086	multi	snRNA	6
published, mouse wells	086	multi	pseudogene	4
published, mouse wells	086	multi	PolymorphicPseudogene	2
published, mouse wells	086	multi	ribozyme	2
published, mouse wells	086	multi	TrJGene	1
published, mouse wells	086	multi	rRNA	1
published, mouse wells	086	single	ProteinCoding	104863
published, mouse wells	086	single	lncRNA	3027
published, mouse wells	086	single	ProcessedPseudogene	364
published, mouse wells	086	single	TEC	331
published, mouse wells	086	single	ribozyme	169
published, mouse wells	086	single	miRNA	160
published, mouse wells	086	single	snoRNA	146
published, mouse wells	086	single	TranscribedProcessedPseudogene	122
published, mouse wells	086	single	TranscribedUnprocessedPseudogene	68
published, mouse wells	086	single	PolymorphicPseudogene	45
published, mouse wells	086	single	TranscribedUnitaryPseudogene	44
published, mouse wells	086	single	MiscRna	35
published, mouse wells	086	single	UnprocessedPseudogene	25
published, mouse wells	086	single	scaRNA	15
published, mouse wells	086	single	snRNA	7
published, mouse wells	086	single	tRNA	7
published, mouse wells	086	single	MtRrna	4
published, mouse wells	086	single	MtTrna	3
published, mouse wells	088	multi	ProteinCoding	38701
published, mouse wells	088	multi	ProcessedPseudogene	17563
published, mouse wells	088	multi	UnprocessedPseudogene	5094
published, mouse wells	088	multi	lncRNA	3523
published, mouse wells	088	multi	MiscRna	2480
published, mouse wells	088	multi	TranscribedProcessedPseudogene	2240
published, mouse wells	088	multi	miRNA	1106
published, mouse wells	088	multi	TranscribedUnprocessedPseudogene	702
published, mouse wells	088	multi	snoRNA	266
published, mouse wells	088	multi	TEC	66
published, mouse wells	088	multi	snRNA	63
published, mouse wells	088	multi	ribozyme	55
published, mouse wells	088	multi	TranscribedUnitaryPseudogene	47
published, mouse wells	088	multi	PolymorphicPseudogene	28
published, mouse wells	088	multi	pseudogene	16
published, mouse wells	088	multi	tRNA	16
published, mouse wells	088	multi	UnitaryPseudogene	15
published, mouse wells	088	multi	MtRrna	7
published, mouse wells	088	multi	MtTrna	4
published, mouse wells	088	multi	rRNA	2
published, mouse wells	088	single	ProteinCoding	263648
published, mouse wells	088	single	lncRNA	7394
published, mouse wells	088	single	ProcessedPseudogene	882
published, mouse wells	088	single	TEC	807
published, mouse wells	088	single	ribozyme	681
published, mouse wells	088	single	snoRNA	448
published, mouse wells	088	single	miRNA	396
published, mouse wells	088	single	TranscribedUnprocessedPseudogene	158
published, mouse wells	088	single	TranscribedProcessedPseudogene	147
published, mouse wells	088	single	TranscribedUnitaryPseudogene	111
published, mouse wells	088	single	PolymorphicPseudogene	93
published, mouse wells	088	single	UnprocessedPseudogene	88
published, mouse wells	088	single	MiscRna	74
published, mouse wells	088	single	tRNA	57
published, mouse wells	088	single	scaRNA	52
published, mouse wells	088	single	MtTrna	18
published, mouse wells	088	single	MtRrna	17
published, mouse wells	088	single	snRNA	17
published, mouse wells	088	single	pseudogene	4
published, mouse wells	088	single	rRNA	3
published, mouse wells	088	single	IgVGene	1
published, mouse wells	088	single	UnitaryPseudogene	1
published, mouse wells	090	multi	ProteinCoding	50978
published, mouse wells	090	multi	ProcessedPseudogene	19521
published, mouse wells	090	multi	MiscRna	9610
published, mouse wells	090	multi	UnprocessedPseudogene	5172
published, mouse wells	090	multi	lncRNA	4862
published, mouse wells	090	multi	TranscribedProcessedPseudogene	3181
published, mouse wells	090	multi	miRNA	2180
published, mouse wells	090	multi	TranscribedUnprocessedPseudogene	1488
published, mouse wells	090	multi	snoRNA	913
published, mouse wells	090	multi	snRNA	491
published, mouse wells	090	multi	TEC	201
published, mouse wells	090	multi	ribozyme	80
published, mouse wells	090	multi	pseudogene	40
published, mouse wells	090	multi	TranscribedUnitaryPseudogene	37
published, mouse wells	090	multi	tRNA	17
published, mouse wells	090	multi	PolymorphicPseudogene	16
published, mouse wells	090	multi	MtRrna	7
published, mouse wells	090	multi	UnitaryPseudogene	4
published, mouse wells	090	multi	MtTrna	3
published, mouse wells	090	multi	rRNA	1
published, mouse wells	090	multi	scaRNA	1
published, mouse wells	090	single	ProteinCoding	394047
published, mouse wells	090	single	lncRNA	11180
published, mouse wells	090	single	ribozyme	1285
published, mouse wells	090	single	snoRNA	1212
published, mouse wells	090	single	TEC	1063
published, mouse wells	090	single	ProcessedPseudogene	954
published, mouse wells	090	single	miRNA	495
published, mouse wells	090	single	TranscribedProcessedPseudogene	384
published, mouse wells	090	single	TranscribedUnprocessedPseudogene	325
published, mouse wells	090	single	snRNA	188
published, mouse wells	090	single	MiscRna	169
published, mouse wells	090	single	UnprocessedPseudogene	151
published, mouse wells	090	single	scaRNA	91
published, mouse wells	090	single	PolymorphicPseudogene	90
published, mouse wells	090	single	TranscribedUnitaryPseudogene	46
published, mouse wells	090	single	UnitaryPseudogene	38
published, mouse wells	090	single	MtTrna	34
published, mouse wells	090	single	tRNA	24
published, mouse wells	090	single	MtRrna	19
published, mouse wells	090	single	rRNA	13
published, mouse wells	090	single	pseudogene	12
published, mouse wells	092	multi	ProteinCoding	29603
published, mouse wells	092	multi	ProcessedPseudogene	13951
published, mouse wells	092	multi	UnprocessedPseudogene	3530
published, mouse wells	092	multi	lncRNA	2689
published, mouse wells	092	multi	TranscribedProcessedPseudogene	2222
published, mouse wells	092	multi	MiscRna	1345
published, mouse wells	092	multi	miRNA	665
published, mouse wells	092	multi	TranscribedUnprocessedPseudogene	608
published, mouse wells	092	multi	snoRNA	172
published, mouse wells	092	multi	TranscribedUnitaryPseudogene	80
published, mouse wells	092	multi	TEC	63
published, mouse wells	092	multi	ribozyme	40
published, mouse wells	092	multi	snRNA	33
published, mouse wells	092	multi	pseudogene	16
published, mouse wells	092	multi	UnitaryPseudogene	10
published, mouse wells	092	multi	TrVGene	6
published, mouse wells	092	multi	tRNA	5
published, mouse wells	092	multi	MtRrna	3
published, mouse wells	092	multi	MtTrna	2
published, mouse wells	092	multi	rRNA	1
published, mouse wells	092	single	ProteinCoding	214704
published, mouse wells	092	single	lncRNA	5698
published, mouse wells	092	single	ProcessedPseudogene	619
published, mouse wells	092	single	TEC	561
published, mouse wells	092	single	miRNA	426
published, mouse wells	092	single	ribozyme	375
published, mouse wells	092	single	snoRNA	362
published, mouse wells	092	single	TranscribedProcessedPseudogene	207
published, mouse wells	092	single	TranscribedUnprocessedPseudogene	114
published, mouse wells	092	single	PolymorphicPseudogene	56
published, mouse wells	092	single	UnprocessedPseudogene	53
published, mouse wells	092	single	TranscribedUnitaryPseudogene	43
published, mouse wells	092	single	MiscRna	38
published, mouse wells	092	single	UnitaryPseudogene	29
published, mouse wells	092	single	snRNA	28
published, mouse wells	092	single	scaRNA	23
published, mouse wells	092	single	MtRrna	20
published, mouse wells	092	single	MtTrna	7
published, mouse wells	092	single	tRNA	7
published, mouse wells	092	single	rRNA	2
published, mouse wells	094	multi	ProteinCoding	24582
published, mouse wells	094	multi	ProcessedPseudogene	12057
published, mouse wells	094	multi	lncRNA	2352
published, mouse wells	094	multi	UnprocessedPseudogene	1989
published, mouse wells	094	multi	TranscribedProcessedPseudogene	1740
published, mouse wells	094	multi	MiscRna	1365
published, mouse wells	094	multi	miRNA	672
published, mouse wells	094	multi	TranscribedUnprocessedPseudogene	490
published, mouse wells	094	multi	snoRNA	220
published, mouse wells	094	multi	TEC	58
published, mouse wells	094	multi	snRNA	34
published, mouse wells	094	multi	ribozyme	30
published, mouse wells	094	multi	pseudogene	22
published, mouse wells	094	multi	TranscribedUnitaryPseudogene	12
published, mouse wells	094	multi	tRNA	12
published, mouse wells	094	multi	UnitaryPseudogene	10
published, mouse wells	094	multi	MtTrna	8
published, mouse wells	094	multi	PolymorphicPseudogene	3
published, mouse wells	094	multi	IgVPseudogene	1
published, mouse wells	094	multi	MtRrna	1
published, mouse wells	094	single	ProteinCoding	200645
published, mouse wells	094	single	lncRNA	6234
published, mouse wells	094	single	ProcessedPseudogene	639
published, mouse wells	094	single	TEC	576
published, mouse wells	094	single	ribozyme	497
published, mouse wells	094	single	snoRNA	260
published, mouse wells	094	single	miRNA	248
published, mouse wells	094	single	TranscribedUnprocessedPseudogene	133
published, mouse wells	094	single	TranscribedProcessedPseudogene	118
published, mouse wells	094	single	TranscribedUnitaryPseudogene	112
published, mouse wells	094	single	UnprocessedPseudogene	84
published, mouse wells	094	single	MiscRna	59
published, mouse wells	094	single	scaRNA	43
published, mouse wells	094	single	PolymorphicPseudogene	23
published, mouse wells	094	single	snRNA	23
published, mouse wells	094	single	UnitaryPseudogene	15
published, mouse wells	094	single	MtTrna	14
published, mouse wells	094	single	tRNA	11
published, mouse wells	094	single	MtRrna	6
published, mouse wells	094	single	rRNA	6
published, mouse wells	094	single	pseudogene	4
published, mouse wells	094	single	TrVGene	1
published, mouse wells	098	multi	ProteinCoding	15379
published, mouse wells	098	multi	ProcessedPseudogene	9109
published, mouse wells	098	multi	lncRNA	1528
published, mouse wells	098	multi	TranscribedProcessedPseudogene	1208
published, mouse wells	098	multi	UnprocessedPseudogene	669
published, mouse wells	098	multi	MiscRna	332
published, mouse wells	098	multi	miRNA	217
published, mouse wells	098	multi	TranscribedUnprocessedPseudogene	155
published, mouse wells	098	multi	snoRNA	38
published, mouse wells	098	multi	TEC	30
published, mouse wells	098	multi	TranscribedUnitaryPseudogene	30
published, mouse wells	098	multi	pseudogene	14
published, mouse wells	098	multi	snRNA	14
published, mouse wells	098	multi	ribozyme	7
published, mouse wells	098	multi	PolymorphicPseudogene	3
published, mouse wells	098	multi	UnitaryPseudogene	2
published, mouse wells	098	multi	MtRrna	1
published, mouse wells	098	single	ProteinCoding	71605
published, mouse wells	098	single	lncRNA	2870
published, mouse wells	098	single	ProcessedPseudogene	390
published, mouse wells	098	single	miRNA	204
published, mouse wells	098	single	TEC	129
published, mouse wells	098	single	TranscribedProcessedPseudogene	114
published, mouse wells	098	single	snoRNA	101
published, mouse wells	098	single	TranscribedUnprocessedPseudogene	66
published, mouse wells	098	single	ribozyme	58
published, mouse wells	098	single	TranscribedUnitaryPseudogene	43
published, mouse wells	098	single	UnprocessedPseudogene	40
published, mouse wells	098	single	MiscRna	11
published, mouse wells	098	single	tRNA	11
published, mouse wells	098	single	PolymorphicPseudogene	9
published, mouse wells	098	single	scaRNA	8
published, mouse wells	098	single	snRNA	8
published, mouse wells	098	single	UnitaryPseudogene	1
published, mouse wells	100	multi	ProteinCoding	35534
published, mouse wells	100	multi	ProcessedPseudogene	16637
published, mouse wells	100	multi	MiscRna	4166
published, mouse wells	100	multi	lncRNA	3382
published, mouse wells	100	multi	UnprocessedPseudogene	2868
published, mouse wells	100	multi	TranscribedProcessedPseudogene	2543
published, mouse wells	100	multi	miRNA	1231
published, mouse wells	100	multi	TranscribedUnprocessedPseudogene	835
published, mouse wells	100	multi	snoRNA	450
published, mouse wells	100	multi	snRNA	146
published, mouse wells	100	multi	ribozyme	70
published, mouse wells	100	multi	TEC	52
published, mouse wells	100	multi	pseudogene	33
published, mouse wells	100	multi	TranscribedUnitaryPseudogene	22
published, mouse wells	100	multi	UnitaryPseudogene	9
published, mouse wells	100	multi	MtRrna	7
published, mouse wells	100	multi	PolymorphicPseudogene	2
published, mouse wells	100	multi	tRNA	1
published, mouse wells	100	single	ProteinCoding	270233
published, mouse wells	100	single	lncRNA	7435
published, mouse wells	100	single	ribozyme	1005
published, mouse wells	100	single	ProcessedPseudogene	809
published, mouse wells	100	single	snoRNA	631
published, mouse wells	100	single	TEC	574
published, mouse wells	100	single	miRNA	323
published, mouse wells	100	single	TranscribedUnprocessedPseudogene	231
published, mouse wells	100	single	TranscribedUnitaryPseudogene	154
published, mouse wells	100	single	TranscribedProcessedPseudogene	144
published, mouse wells	100	single	scaRNA	102
published, mouse wells	100	single	UnprocessedPseudogene	97
published, mouse wells	100	single	snRNA	96
published, mouse wells	100	single	MiscRna	57
published, mouse wells	100	single	tRNA	36
published, mouse wells	100	single	MtTrna	26
published, mouse wells	100	single	PolymorphicPseudogene	18
published, mouse wells	100	single	MtRrna	11
published, mouse wells	100	single	rRNA	5
published, mouse wells	100	single	pseudogene	4
published, mouse wells	100	single	UnitaryPseudogene	2
published, mouse wells	104	multi	ProteinCoding	11324
published, mouse wells	104	multi	ProcessedPseudogene	4817
published, mouse wells	104	multi	lncRNA	1147
published, mouse wells	104	multi	UnprocessedPseudogene	1040
published, mouse wells	104	multi	MiscRna	934
published, mouse wells	104	multi	TranscribedProcessedPseudogene	785
published, mouse wells	104	multi	miRNA	383
published, mouse wells	104	multi	TranscribedUnprocessedPseudogene	259
published, mouse wells	104	multi	snoRNA	157
published, mouse wells	104	multi	snRNA	37
published, mouse wells	104	multi	TEC	24
published, mouse wells	104	multi	ribozyme	13
published, mouse wells	104	multi	pseudogene	9
published, mouse wells	104	multi	TranscribedUnitaryPseudogene	7
published, mouse wells	104	multi	PolymorphicPseudogene	4
published, mouse wells	104	multi	MtRrna	2
published, mouse wells	104	multi	rRNA	2
published, mouse wells	104	multi	tRNA	2
published, mouse wells	104	multi	UnitaryPseudogene	1
published, mouse wells	104	single	ProteinCoding	87714
published, mouse wells	104	single	lncRNA	2551
published, mouse wells	104	single	TEC	306
published, mouse wells	104	single	ProcessedPseudogene	241
published, mouse wells	104	single	ribozyme	227
published, mouse wells	104	single	snoRNA	142
published, mouse wells	104	single	miRNA	110
published, mouse wells	104	single	TranscribedUnprocessedPseudogene	97
published, mouse wells	104	single	TranscribedProcessedPseudogene	80
published, mouse wells	104	single	TranscribedUnitaryPseudogene	52
published, mouse wells	104	single	UnprocessedPseudogene	29
published, mouse wells	104	single	MiscRna	27
published, mouse wells	104	single	scaRNA	22
published, mouse wells	104	single	PolymorphicPseudogene	21
published, mouse wells	104	single	snRNA	20
published, mouse wells	104	single	MtTrna	11
published, mouse wells	104	single	UnitaryPseudogene	5
published, mouse wells	104	single	MtRrna	2
published, mouse wells	104	single	tRNA	2
published, mouse wells	106	multi	ProteinCoding	19280
published, mouse wells	106	multi	ProcessedPseudogene	9386
published, mouse wells	106	multi	UnprocessedPseudogene	2226
published, mouse wells	106	multi	lncRNA	1782
published, mouse wells	106	multi	TranscribedProcessedPseudogene	1361
published, mouse wells	106	multi	MiscRna	793
published, mouse wells	106	multi	TranscribedUnprocessedPseudogene	417
published, mouse wells	106	multi	miRNA	369
published, mouse wells	106	multi	snoRNA	127
published, mouse wells	106	multi	TEC	82
published, mouse wells	106	multi	pseudogene	30
published, mouse wells	106	multi	snRNA	30
published, mouse wells	106	multi	TranscribedUnitaryPseudogene	25
published, mouse wells	106	multi	ribozyme	22
published, mouse wells	106	multi	PolymorphicPseudogene	9
published, mouse wells	106	multi	TrVGene	5
published, mouse wells	106	multi	UnitaryPseudogene	4
published, mouse wells	106	multi	MtRrna	3
published, mouse wells	106	multi	MtTrna	2
published, mouse wells	106	multi	tRNA	1
published, mouse wells	106	single	ProteinCoding	129680
published, mouse wells	106	single	lncRNA	3636
published, mouse wells	106	single	ProcessedPseudogene	495
published, mouse wells	106	single	TEC	278
published, mouse wells	106	single	snoRNA	212
published, mouse wells	106	single	miRNA	183
published, mouse wells	106	single	ribozyme	160
published, mouse wells	106	single	TranscribedProcessedPseudogene	129
published, mouse wells	106	single	TranscribedUnprocessedPseudogene	111
published, mouse wells	106	single	TranscribedUnitaryPseudogene	53
published, mouse wells	106	single	UnprocessedPseudogene	51
published, mouse wells	106	single	PolymorphicPseudogene	48
published, mouse wells	106	single	scaRNA	38
published, mouse wells	106	single	snRNA	24
published, mouse wells	106	single	MtRrna	13
published, mouse wells	106	single	MiscRna	8
published, mouse wells	106	single	MtTrna	4
published, mouse wells	106	single	UnitaryPseudogene	2
published, mouse wells	106	single	tRNA	2
published, mouse wells	108	multi	ProteinCoding	25964
published, mouse wells	108	multi	ProcessedPseudogene	10961
published, mouse wells	108	multi	UnprocessedPseudogene	3041
published, mouse wells	108	multi	lncRNA	2954
published, mouse wells	108	multi	MiscRna	2510
published, mouse wells	108	multi	TranscribedProcessedPseudogene	1416
published, mouse wells	108	multi	TranscribedUnprocessedPseudogene	855
published, mouse wells	108	multi	miRNA	826
published, mouse wells	108	multi	snoRNA	313
published, mouse wells	108	multi	snRNA	166
published, mouse wells	108	multi	TEC	54
published, mouse wells	108	multi	TranscribedUnitaryPseudogene	41
published, mouse wells	108	multi	ribozyme	41
published, mouse wells	108	multi	pseudogene	30
published, mouse wells	108	multi	PolymorphicPseudogene	4
published, mouse wells	108	multi	UnitaryPseudogene	4
published, mouse wells	108	multi	tRNA	4
published, mouse wells	108	multi	MtRrna	3
published, mouse wells	108	multi	MtTrna	3
published, mouse wells	108	multi	rRNA	2
published, mouse wells	108	single	ProteinCoding	226594
published, mouse wells	108	single	lncRNA	7682
published, mouse wells	108	single	ribozyme	789
published, mouse wells	108	single	TEC	622
published, mouse wells	108	single	ProcessedPseudogene	559
published, mouse wells	108	single	snoRNA	455
published, mouse wells	108	single	TranscribedUnprocessedPseudogene	231
published, mouse wells	108	single	miRNA	208
published, mouse wells	108	single	TranscribedUnitaryPseudogene	108
published, mouse wells	108	single	MiscRna	93
published, mouse wells	108	single	UnprocessedPseudogene	86
published, mouse wells	108	single	TranscribedProcessedPseudogene	75
published, mouse wells	108	single	scaRNA	65
published, mouse wells	108	single	PolymorphicPseudogene	56
published, mouse wells	108	single	snRNA	54
published, mouse wells	108	single	UnitaryPseudogene	27
published, mouse wells	108	single	MtRrna	13
published, mouse wells	108	single	tRNA	9
published, mouse wells	108	single	MtTrna	7
published, mouse wells	108	single	rRNA	6
published, mouse wells	108	single	pseudogene	2
published, mouse wells	112	multi	ProteinCoding	35317
published, mouse wells	112	multi	ProcessedPseudogene	14583
published, mouse wells	112	multi	UnprocessedPseudogene	3730
published, mouse wells	112	multi	lncRNA	3685
published, mouse wells	112	multi	MiscRna	3399
published, mouse wells	112	multi	TranscribedProcessedPseudogene	2053
published, mouse wells	112	multi	TranscribedUnprocessedPseudogene	1181
published, mouse wells	112	multi	miRNA	1146
published, mouse wells	112	multi	snoRNA	499
published, mouse wells	112	multi	TEC	151
published, mouse wells	112	multi	snRNA	149
published, mouse wells	112	multi	ribozyme	76
published, mouse wells	112	multi	TranscribedUnitaryPseudogene	51
published, mouse wells	112	multi	pseudogene	42
published, mouse wells	112	multi	tRNA	19
published, mouse wells	112	multi	UnitaryPseudogene	5
published, mouse wells	112	multi	MtTrna	3
published, mouse wells	112	multi	PolymorphicPseudogene	3
published, mouse wells	112	multi	MtRrna	2
published, mouse wells	112	single	ProteinCoding	327170
published, mouse wells	112	single	lncRNA	10402
published, mouse wells	112	single	ribozyme	1077
published, mouse wells	112	single	TEC	824
published, mouse wells	112	single	ProcessedPseudogene	768
published, mouse wells	112	single	snoRNA	594
published, mouse wells	112	single	TranscribedUnitaryPseudogene	371
published, mouse wells	112	single	miRNA	336
published, mouse wells	112	single	TranscribedUnprocessedPseudogene	176
published, mouse wells	112	single	UnprocessedPseudogene	172
published, mouse wells	112	single	TranscribedProcessedPseudogene	161
published, mouse wells	112	single	PolymorphicPseudogene	117
published, mouse wells	112	single	MiscRna	102
published, mouse wells	112	single	scaRNA	51
published, mouse wells	112	single	snRNA	49
published, mouse wells	112	single	tRNA	23
published, mouse wells	112	single	UnitaryPseudogene	21
published, mouse wells	112	single	MtRrna	13
published, mouse wells	112	single	MtTrna	9
published, mouse wells	112	single	rRNA	4
published, mouse wells	112	single	pseudogene	2
published, mouse wells	114	multi	ProteinCoding	25855
published, mouse wells	114	multi	ProcessedPseudogene	9809
published, mouse wells	114	multi	MiscRna	8135
published, mouse wells	114	multi	lncRNA	1624
published, mouse wells	114	multi	TranscribedProcessedPseudogene	1458
published, mouse wells	114	multi	UnprocessedPseudogene	1455
published, mouse wells	114	multi	miRNA	734
published, mouse wells	114	multi	snoRNA	519
published, mouse wells	114	multi	snRNA	372
published, mouse wells	114	multi	TranscribedUnprocessedPseudogene	358
published, mouse wells	114	multi	ribozyme	45
published, mouse wells	114	multi	TEC	38
published, mouse wells	114	multi	TranscribedUnitaryPseudogene	25
published, mouse wells	114	multi	pseudogene	18
published, mouse wells	114	multi	tRNA	17
published, mouse wells	114	multi	MtTrna	8
published, mouse wells	114	multi	UnitaryPseudogene	5
published, mouse wells	114	multi	rRNA	2
published, mouse wells	114	single	ProteinCoding	95799
published, mouse wells	114	single	lncRNA	3429
published, mouse wells	114	single	ribozyme	556
published, mouse wells	114	single	snoRNA	401
published, mouse wells	114	single	ProcessedPseudogene	397
published, mouse wells	114	single	miRNA	202
published, mouse wells	114	single	TEC	200
published, mouse wells	114	single	TranscribedProcessedPseudogene	176
published, mouse wells	114	single	TranscribedUnprocessedPseudogene	69
published, mouse wells	114	single	snRNA	69
published, mouse wells	114	single	UnprocessedPseudogene	59
published, mouse wells	114	single	TranscribedUnitaryPseudogene	51
published, mouse wells	114	single	scaRNA	38
published, mouse wells	114	single	MiscRna	37
published, mouse wells	114	single	tRNA	23
published, mouse wells	114	single	PolymorphicPseudogene	10
published, mouse wells	114	single	MtRrna	7
published, mouse wells	114	single	MtTrna	7
published, mouse wells	114	single	UnitaryPseudogene	1
published, mouse wells	114	single	pseudogene	1
published, mouse wells	116	multi	ProteinCoding	42129
published, mouse wells	116	multi	ProcessedPseudogene	17853
published, mouse wells	116	multi	UnprocessedPseudogene	4347
published, mouse wells	116	multi	lncRNA	4138
published, mouse wells	116	multi	MiscRna	3825
published, mouse wells	116	multi	TranscribedProcessedPseudogene	2787
published, mouse wells	116	multi	miRNA	1257
published, mouse wells	116	multi	TranscribedUnprocessedPseudogene	1009
published, mouse wells	116	multi	snoRNA	602
published, mouse wells	116	multi	TEC	144
published, mouse wells	116	multi	snRNA	127
published, mouse wells	116	multi	TranscribedUnitaryPseudogene	80
published, mouse wells	116	multi	ribozyme	79
published, mouse wells	116	multi	pseudogene	26
published, mouse wells	116	multi	PolymorphicPseudogene	14
published, mouse wells	116	multi	IgVGene	8
published, mouse wells	116	multi	IgVPseudogene	8
published, mouse wells	116	multi	UnitaryPseudogene	8
published, mouse wells	116	multi	tRNA	8
published, mouse wells	116	multi	MtTrna	3
published, mouse wells	116	multi	MtRrna	2
published, mouse wells	116	multi	rRNA	2
published, mouse wells	116	single	ProteinCoding	343959
published, mouse wells	116	single	lncRNA	10512
published, mouse wells	116	single	TEC	930
published, mouse wells	116	single	ribozyme	922
published, mouse wells	116	single	ProcessedPseudogene	890
published, mouse wells	116	single	snoRNA	702
published, mouse wells	116	single	miRNA	415
published, mouse wells	116	single	TranscribedUnprocessedPseudogene	305
published, mouse wells	116	single	TranscribedUnitaryPseudogene	182
published, mouse wells	116	single	TranscribedProcessedPseudogene	162
published, mouse wells	116	single	UnprocessedPseudogene	161
published, mouse wells	116	single	MiscRna	123
published, mouse wells	116	single	snRNA	86
published, mouse wells	116	single	PolymorphicPseudogene	60
published, mouse wells	116	single	scaRNA	48
published, mouse wells	116	single	UnitaryPseudogene	38
published, mouse wells	116	single	tRNA	28
published, mouse wells	116	single	MtTrna	18
published, mouse wells	116	single	MtRrna	13
published, mouse wells	116	single	rRNA	8
published, mouse wells	116	single	TrCGene	1
published, mouse wells	118	multi	ProteinCoding	5105
published, mouse wells	118	multi	ProcessedPseudogene	2053
published, mouse wells	118	multi	UnprocessedPseudogene	621
published, mouse wells	118	multi	lncRNA	492
published, mouse wells	118	multi	MiscRna	488
published, mouse wells	118	multi	TranscribedProcessedPseudogene	206
published, mouse wells	118	multi	miRNA	188
published, mouse wells	118	multi	TranscribedUnprocessedPseudogene	110
published, mouse wells	118	multi	snoRNA	78
published, mouse wells	118	multi	snRNA	41
published, mouse wells	118	multi	TEC	24
published, mouse wells	118	multi	ribozyme	11
published, mouse wells	118	multi	TranscribedUnitaryPseudogene	8
published, mouse wells	118	multi	MtRrna	4
published, mouse wells	118	multi	tRNA	3
published, mouse wells	118	multi	pseudogene	2
published, mouse wells	118	multi	rRNA	2
published, mouse wells	118	single	ProteinCoding	41302
published, mouse wells	118	single	lncRNA	1512
published, mouse wells	118	single	ribozyme	188
published, mouse wells	118	single	TEC	114
published, mouse wells	118	single	ProcessedPseudogene	105
published, mouse wells	118	single	snoRNA	70
published, mouse wells	118	single	miRNA	51
published, mouse wells	118	single	MiscRna	47
published, mouse wells	118	single	TranscribedUnprocessedPseudogene	35
published, mouse wells	118	single	TranscribedProcessedPseudogene	34
published, mouse wells	118	single	TranscribedUnitaryPseudogene	19
published, mouse wells	118	single	scaRNA	14
published, mouse wells	118	single	UnprocessedPseudogene	10
published, mouse wells	118	single	snRNA	8
published, mouse wells	118	single	tRNA	5
published, mouse wells	118	single	MtTrna	4
published, mouse wells	118	single	PolymorphicPseudogene	4
published, mouse wells	118	single	MtRrna	2
published, mouse wells	118	single	pseudogene	1
published, mouse wells	118	single	rRNA	1
published, mouse wells	122	multi	ProteinCoding	16865
published, mouse wells	122	multi	ProcessedPseudogene	8060
published, mouse wells	122	multi	UnprocessedPseudogene	1922
published, mouse wells	122	multi	lncRNA	1654
published, mouse wells	122	multi	TranscribedProcessedPseudogene	1149
published, mouse wells	122	multi	MiscRna	708
published, mouse wells	122	multi	TranscribedUnprocessedPseudogene	407
published, mouse wells	122	multi	miRNA	378
published, mouse wells	122	multi	snoRNA	106
published, mouse wells	122	multi	TEC	56
published, mouse wells	122	multi	TranscribedUnitaryPseudogene	40
published, mouse wells	122	multi	snRNA	33
published, mouse wells	122	multi	pseudogene	19
published, mouse wells	122	multi	ribozyme	18
published, mouse wells	122	multi	UnitaryPseudogene	5
published, mouse wells	122	multi	MtTrna	2
published, mouse wells	122	multi	PolymorphicPseudogene	2
published, mouse wells	122	multi	rRNA	2
published, mouse wells	122	multi	tRNA	2
published, mouse wells	122	single	ProteinCoding	115611
published, mouse wells	122	single	lncRNA	3620
published, mouse wells	122	single	ProcessedPseudogene	398
published, mouse wells	122	single	TEC	284
published, mouse wells	122	single	miRNA	219
published, mouse wells	122	single	ribozyme	212
published, mouse wells	122	single	snoRNA	185
published, mouse wells	122	single	TranscribedProcessedPseudogene	151
published, mouse wells	122	single	TranscribedUnitaryPseudogene	113
published, mouse wells	122	single	TranscribedUnprocessedPseudogene	67
published, mouse wells	122	single	UnprocessedPseudogene	64
published, mouse wells	122	single	snRNA	31
published, mouse wells	122	single	scaRNA	29
published, mouse wells	122	single	PolymorphicPseudogene	22
published, mouse wells	122	single	MiscRna	16
published, mouse wells	122	single	MtRrna	5
published, mouse wells	122	single	MtTrna	5
published, mouse wells	122	single	UnitaryPseudogene	5
published, mouse wells	122	single	rRNA	1
published, mouse wells	122	single	tRNA	1
published, mouse wells	124	multi	ProteinCoding	29637
published, mouse wells	124	multi	ProcessedPseudogene	13958
published, mouse wells	124	multi	MiscRna	3384
published, mouse wells	124	multi	lncRNA	2962
published, mouse wells	124	multi	UnprocessedPseudogene	2468
published, mouse wells	124	multi	TranscribedProcessedPseudogene	1979
published, mouse wells	124	multi	miRNA	1071
published, mouse wells	124	multi	TranscribedUnprocessedPseudogene	503
published, mouse wells	124	multi	snoRNA	496
published, mouse wells	124	multi	snRNA	94
published, mouse wells	124	multi	TEC	79
published, mouse wells	124	multi	TranscribedUnitaryPseudogene	55
published, mouse wells	124	multi	ribozyme	49
published, mouse wells	124	multi	pseudogene	27
published, mouse wells	124	multi	UnitaryPseudogene	13
published, mouse wells	124	multi	tRNA	4
published, mouse wells	124	multi	MtRrna	3
published, mouse wells	124	multi	PolymorphicPseudogene	2
published, mouse wells	124	multi	MtTrna	1
published, mouse wells	124	single	ProteinCoding	240706
published, mouse wells	124	single	lncRNA	7484
published, mouse wells	124	single	ribozyme	915
published, mouse wells	124	single	TEC	669
published, mouse wells	124	single	ProcessedPseudogene	636
published, mouse wells	124	single	snoRNA	455
published, mouse wells	124	single	miRNA	337
published, mouse wells	124	single	TranscribedProcessedPseudogene	167
published, mouse wells	124	single	TranscribedUnprocessedPseudogene	154
published, mouse wells	124	single	MiscRna	119
published, mouse wells	124	single	UnprocessedPseudogene	89
published, mouse wells	124	single	scaRNA	67
published, mouse wells	124	single	PolymorphicPseudogene	55
published, mouse wells	124	single	snRNA	32
published, mouse wells	124	single	TranscribedUnitaryPseudogene	30
published, mouse wells	124	single	tRNA	21
published, mouse wells	124	single	UnitaryPseudogene	20
published, mouse wells	124	single	MtRrna	14
published, mouse wells	124	single	MtTrna	9
published, mouse wells	124	single	pseudogene	7
published, mouse wells	124	single	rRNA	6
published, mouse wells	126	multi	ProteinCoding	2830
published, mouse wells	126	multi	ProcessedPseudogene	1328
published, mouse wells	126	multi	lncRNA	282
published, mouse wells	126	multi	TranscribedProcessedPseudogene	215
published, mouse wells	126	multi	UnprocessedPseudogene	210
published, mouse wells	126	multi	MiscRna	138
published, mouse wells	126	multi	miRNA	56
published, mouse wells	126	multi	TranscribedUnprocessedPseudogene	55
published, mouse wells	126	multi	snoRNA	29
published, mouse wells	126	multi	TranscribedUnitaryPseudogene	12
published, mouse wells	126	multi	TEC	11
published, mouse wells	126	multi	snRNA	7
published, mouse wells	126	multi	ribozyme	6
published, mouse wells	126	multi	pseudogene	5
published, mouse wells	126	single	ProteinCoding	19460
published, mouse wells	126	single	lncRNA	610
published, mouse wells	126	single	ProcessedPseudogene	64
published, mouse wells	126	single	miRNA	42
published, mouse wells	126	single	TEC	40
published, mouse wells	126	single	snoRNA	24
published, mouse wells	126	single	TranscribedProcessedPseudogene	21
published, mouse wells	126	single	ribozyme	20
published, mouse wells	126	single	TranscribedUnprocessedPseudogene	16
published, mouse wells	126	single	TranscribedUnitaryPseudogene	8
published, mouse wells	126	single	scaRNA	6
published, mouse wells	126	single	MiscRna	5
published, mouse wells	126	single	snRNA	4
published, mouse wells	126	single	PolymorphicPseudogene	3
published, mouse wells	126	single	tRNA	3
published, mouse wells	126	single	MtRrna	2
published, mouse wells	126	single	MtTrna	1
published, mouse wells	126	single	UnitaryPseudogene	1
published, mouse wells	126	single	UnprocessedPseudogene	1
published, mouse wells	128	multi	ProteinCoding	33510
published, mouse wells	128	multi	ProcessedPseudogene	13889
published, mouse wells	128	multi	lncRNA	3633
published, mouse wells	128	multi	UnprocessedPseudogene	3604
published, mouse wells	128	multi	MiscRna	3396
published, mouse wells	128	multi	TranscribedProcessedPseudogene	2159
published, mouse wells	128	multi	miRNA	1203
published, mouse wells	128	multi	TranscribedUnprocessedPseudogene	1023
published, mouse wells	128	multi	snoRNA	443
published, mouse wells	128	multi	TEC	241
published, mouse wells	128	multi	snRNA	213
published, mouse wells	128	multi	ribozyme	72
published, mouse wells	128	multi	TranscribedUnitaryPseudogene	35
published, mouse wells	128	multi	pseudogene	31
published, mouse wells	128	multi	MtTrna	19
published, mouse wells	128	multi	tRNA	6
published, mouse wells	128	multi	TrVGene	5
published, mouse wells	128	multi	UnitaryPseudogene	5
published, mouse wells	128	multi	PolymorphicPseudogene	4
published, mouse wells	128	multi	MtRrna	3
published, mouse wells	128	single	ProteinCoding	267724
published, mouse wells	128	single	lncRNA	8053
published, mouse wells	128	single	ribozyme	878
published, mouse wells	128	single	ProcessedPseudogene	721
published, mouse wells	128	single	TEC	688
published, mouse wells	128	single	snoRNA	577
published, mouse wells	128	single	miRNA	300
published, mouse wells	128	single	TranscribedUnprocessedPseudogene	207
published, mouse wells	128	single	TranscribedProcessedPseudogene	179
published, mouse wells	128	single	TranscribedUnitaryPseudogene	177
published, mouse wells	128	single	UnprocessedPseudogene	105
published, mouse wells	128	single	PolymorphicPseudogene	99
published, mouse wells	128	single	snRNA	98
published, mouse wells	128	single	MiscRna	62
published, mouse wells	128	single	scaRNA	57
published, mouse wells	128	single	UnitaryPseudogene	28
published, mouse wells	128	single	tRNA	21
published, mouse wells	128	single	MtRrna	10
published, mouse wells	128	single	rRNA	5
published, mouse wells	128	single	IgVPseudogene	3
published, mouse wells	128	single	MtTrna	2
published, mouse wells	128	single	TrVGene	1
published, mouse wells	130	multi	ProteinCoding	11404
published, mouse wells	130	multi	ProcessedPseudogene	4284
published, mouse wells	130	multi	MiscRna	4161
published, mouse wells	130	multi	lncRNA	758
published, mouse wells	130	multi	UnprocessedPseudogene	743
published, mouse wells	130	multi	TranscribedProcessedPseudogene	567
published, mouse wells	130	multi	miRNA	377
published, mouse wells	130	multi	snRNA	242
published, mouse wells	130	multi	snoRNA	223
published, mouse wells	130	multi	TranscribedUnprocessedPseudogene	118
published, mouse wells	130	multi	TranscribedUnitaryPseudogene	24
published, mouse wells	130	multi	ribozyme	18
published, mouse wells	130	multi	TEC	10
published, mouse wells	130	multi	tRNA	8
published, mouse wells	130	multi	pseudogene	3
published, mouse wells	130	single	ProteinCoding	27590
published, mouse wells	130	single	lncRNA	904
published, mouse wells	130	single	snoRNA	293
published, mouse wells	130	single	ribozyme	212
published, mouse wells	130	single	ProcessedPseudogene	179
published, mouse wells	130	single	miRNA	155
published, mouse wells	130	single	TranscribedProcessedPseudogene	54
published, mouse wells	130	single	snRNA	46
published, mouse wells	130	single	tRNA	35
published, mouse wells	130	single	MiscRna	34
published, mouse wells	130	single	TEC	28
published, mouse wells	130	single	scaRNA	25
published, mouse wells	130	single	UnprocessedPseudogene	16
published, mouse wells	130	single	TranscribedUnprocessedPseudogene	11
published, mouse wells	130	single	MtTrna	8
published, mouse wells	130	single	UnitaryPseudogene	5
published, mouse wells	130	single	PolymorphicPseudogene	3
published, mouse wells	130	single	TranscribedUnitaryPseudogene	2
published, mouse wells	132	multi	ProteinCoding	24489
published, mouse wells	132	multi	ProcessedPseudogene	12350
published, mouse wells	132	multi	UnprocessedPseudogene	2834
published, mouse wells	132	multi	lncRNA	2195
published, mouse wells	132	multi	TranscribedProcessedPseudogene	1693
published, mouse wells	132	multi	MiscRna	686
published, mouse wells	132	multi	TranscribedUnprocessedPseudogene	425
published, mouse wells	132	multi	miRNA	393
published, mouse wells	132	multi	snoRNA	162
published, mouse wells	132	multi	TranscribedUnitaryPseudogene	57
published, mouse wells	132	multi	snRNA	39
published, mouse wells	132	multi	TEC	36
published, mouse wells	132	multi	pseudogene	25
published, mouse wells	132	multi	PolymorphicPseudogene	17
published, mouse wells	132	multi	tRNA	7
published, mouse wells	132	multi	MtTrna	5
published, mouse wells	132	multi	ribozyme	5
published, mouse wells	132	multi	MtRrna	1
published, mouse wells	132	multi	TrCGene	1
published, mouse wells	132	single	ProteinCoding	143453
published, mouse wells	132	single	lncRNA	3796
published, mouse wells	132	single	ProcessedPseudogene	534
published, mouse wells	132	single	TEC	411
published, mouse wells	132	single	miRNA	359
published, mouse wells	132	single	ribozyme	213
published, mouse wells	132	single	snoRNA	189
published, mouse wells	132	single	TranscribedUnprocessedPseudogene	121
published, mouse wells	132	single	TranscribedProcessedPseudogene	105
published, mouse wells	132	single	TranscribedUnitaryPseudogene	95
published, mouse wells	132	single	UnprocessedPseudogene	53
published, mouse wells	132	single	MiscRna	25
published, mouse wells	132	single	snRNA	24
published, mouse wells	132	single	PolymorphicPseudogene	23
published, mouse wells	132	single	scaRNA	22
published, mouse wells	132	single	MtRrna	17
published, mouse wells	132	single	tRNA	14
published, mouse wells	132	single	MtTrna	9
published, mouse wells	132	single	pseudogene	5
published, mouse wells	132	single	rRNA	3
published, mouse wells	134	multi	ProteinCoding	7591
published, mouse wells	134	multi	ProcessedPseudogene	2200
published, mouse wells	134	multi	lncRNA	879
published, mouse wells	134	multi	UnprocessedPseudogene	514
published, mouse wells	134	multi	TranscribedProcessedPseudogene	287
published, mouse wells	134	multi	MiscRna	220
published, mouse wells	134	multi	TranscribedUnprocessedPseudogene	140
published, mouse wells	134	multi	miRNA	108
published, mouse wells	134	multi	snoRNA	42
published, mouse wells	134	multi	TranscribedUnitaryPseudogene	16
published, mouse wells	134	multi	snRNA	13
published, mouse wells	134	multi	TEC	10
published, mouse wells	134	multi	ribozyme	9
published, mouse wells	134	multi	UnitaryPseudogene	2
published, mouse wells	134	multi	rRNA	1
published, mouse wells	134	single	ProteinCoding	35285
published, mouse wells	134	single	lncRNA	2148
published, mouse wells	134	single	ProcessedPseudogene	171
published, mouse wells	134	single	TEC	134
published, mouse wells	134	single	ribozyme	67
published, mouse wells	134	single	TranscribedProcessedPseudogene	59
published, mouse wells	134	single	miRNA	59
published, mouse wells	134	single	UnprocessedPseudogene	51
published, mouse wells	134	single	snoRNA	41
published, mouse wells	134	single	TranscribedUnprocessedPseudogene	31
published, mouse wells	134	single	PolymorphicPseudogene	24
published, mouse wells	134	single	TranscribedUnitaryPseudogene	15
published, mouse wells	134	single	MiscRna	11
published, mouse wells	134	single	MtRrna	3
published, mouse wells	134	single	tRNA	3
published, mouse wells	134	single	UnitaryPseudogene	2
published, mouse wells	134	single	MtTrna	1
published, mouse wells	134	single	pseudogene	1
published, mouse wells	134	single	scaRNA	1
published, mouse wells	136	multi	ProteinCoding	14056
published, mouse wells	136	multi	ProcessedPseudogene	6594
published, mouse wells	136	multi	UnprocessedPseudogene	1470
published, mouse wells	136	multi	lncRNA	1326
published, mouse wells	136	multi	MiscRna	964
published, mouse wells	136	multi	TranscribedProcessedPseudogene	894
published, mouse wells	136	multi	miRNA	429
published, mouse wells	136	multi	TranscribedUnprocessedPseudogene	261
published, mouse wells	136	multi	snoRNA	144
published, mouse wells	136	multi	TranscribedUnitaryPseudogene	34
published, mouse wells	136	multi	snRNA	33
published, mouse wells	136	multi	TEC	32
published, mouse wells	136	multi	pseudogene	25
published, mouse wells	136	multi	ribozyme	11
published, mouse wells	136	multi	tRNA	3
published, mouse wells	136	single	ProteinCoding	111316
published, mouse wells	136	single	lncRNA	3210
published, mouse wells	136	single	ProcessedPseudogene	339
published, mouse wells	136	single	TEC	289
published, mouse wells	136	single	ribozyme	215
published, mouse wells	136	single	snoRNA	153
published, mouse wells	136	single	miRNA	135
published, mouse wells	136	single	TranscribedUnprocessedPseudogene	95
published, mouse wells	136	single	TranscribedProcessedPseudogene	70
published, mouse wells	136	single	TranscribedUnitaryPseudogene	40
published, mouse wells	136	single	UnprocessedPseudogene	39
published, mouse wells	136	single	snRNA	22
published, mouse wells	136	single	MiscRna	19
published, mouse wells	136	single	PolymorphicPseudogene	18
published, mouse wells	136	single	scaRNA	17
published, mouse wells	136	single	MtRrna	11
published, mouse wells	136	single	MtTrna	7
published, mouse wells	136	single	tRNA	5
published, mouse wells	136	single	pseudogene	3
published, mouse wells	136	single	rRNA	2
published, mouse wells	136	single	UnitaryPseudogene	1
published, mouse wells	138	multi	ProteinCoding	12086
published, mouse wells	138	multi	ProcessedPseudogene	5879
published, mouse wells	138	multi	UnprocessedPseudogene	1795
published, mouse wells	138	multi	MiscRna	1127
published, mouse wells	138	multi	lncRNA	1080
published, mouse wells	138	multi	TranscribedProcessedPseudogene	723
published, mouse wells	138	multi	miRNA	411
published, mouse wells	138	multi	TranscribedUnprocessedPseudogene	222
published, mouse wells	138	multi	snoRNA	176
published, mouse wells	138	multi	TEC	31
published, mouse wells	138	multi	snRNA	23
published, mouse wells	138	multi	TranscribedUnitaryPseudogene	20
published, mouse wells	138	multi	pseudogene	6
published, mouse wells	138	multi	ribozyme	6
published, mouse wells	138	multi	UnitaryPseudogene	4
published, mouse wells	138	multi	MtTrna	3
published, mouse wells	138	multi	MtRrna	2
published, mouse wells	138	multi	tRNA	2
published, mouse wells	138	multi	PolymorphicPseudogene	1
published, mouse wells	138	single	ProteinCoding	81607
published, mouse wells	138	single	lncRNA	2917
published, mouse wells	138	single	ribozyme	362
published, mouse wells	138	single	snoRNA	273
published, mouse wells	138	single	ProcessedPseudogene	254
published, mouse wells	138	single	TEC	229
published, mouse wells	138	single	miRNA	155
published, mouse wells	138	single	TranscribedUnitaryPseudogene	91
published, mouse wells	138	single	PolymorphicPseudogene	71
published, mouse wells	138	single	TranscribedProcessedPseudogene	71
published, mouse wells	138	single	UnprocessedPseudogene	63
published, mouse wells	138	single	TranscribedUnprocessedPseudogene	37
published, mouse wells	138	single	scaRNA	32
published, mouse wells	138	single	MiscRna	27
published, mouse wells	138	single	snRNA	7
published, mouse wells	138	single	MtRrna	6
published, mouse wells	138	single	MtTrna	6
published, mouse wells	138	single	UnitaryPseudogene	6
published, mouse wells	138	single	rRNA	5
published, mouse wells	138	single	pseudogene	2
published, mouse wells	140	multi	ProteinCoding	22267
published, mouse wells	140	multi	ProcessedPseudogene	10518
published, mouse wells	140	multi	UnprocessedPseudogene	2535
published, mouse wells	140	multi	lncRNA	2227
published, mouse wells	140	multi	TranscribedProcessedPseudogene	1520
published, mouse wells	140	multi	MiscRna	1371
published, mouse wells	140	multi	TranscribedUnprocessedPseudogene	777
published, mouse wells	140	multi	miRNA	460
published, mouse wells	140	multi	snoRNA	194
published, mouse wells	140	multi	TEC	189
published, mouse wells	140	multi	TranscribedUnitaryPseudogene	53
published, mouse wells	140	multi	snRNA	40
published, mouse wells	140	multi	ribozyme	32
published, mouse wells	140	multi	pseudogene	13
published, mouse wells	140	multi	UnitaryPseudogene	8
published, mouse wells	140	multi	tRNA	2
published, mouse wells	140	multi	PolymorphicPseudogene	1
published, mouse wells	140	single	ProteinCoding	174312
published, mouse wells	140	single	lncRNA	4896
published, mouse wells	140	single	TEC	554
published, mouse wells	140	single	ProcessedPseudogene	529
published, mouse wells	140	single	ribozyme	405
published, mouse wells	140	single	snoRNA	294
published, mouse wells	140	single	miRNA	242
published, mouse wells	140	single	TranscribedProcessedPseudogene	230
published, mouse wells	140	single	TranscribedUnprocessedPseudogene	137
published, mouse wells	140	single	UnprocessedPseudogene	97
published, mouse wells	140	single	TranscribedUnitaryPseudogene	88
published, mouse wells	140	single	PolymorphicPseudogene	43
published, mouse wells	140	single	scaRNA	41
published, mouse wells	140	single	MiscRna	28
published, mouse wells	140	single	MtTrna	15
published, mouse wells	140	single	snRNA	15
published, mouse wells	140	single	UnitaryPseudogene	12
published, mouse wells	140	single	tRNA	7
published, mouse wells	140	single	MtRrna	4
published, mouse wells	140	single	pseudogene	2
published, mouse wells	140	single	rRNA	2
published, mouse wells	142	multi	ProteinCoding	29482
published, mouse wells	142	multi	ProcessedPseudogene	12293
published, mouse wells	142	multi	UnprocessedPseudogene	3213
published, mouse wells	142	multi	MiscRna	2974
published, mouse wells	142	multi	lncRNA	2865
published, mouse wells	142	multi	TranscribedProcessedPseudogene	1833
published, mouse wells	142	multi	miRNA	937
published, mouse wells	142	multi	TranscribedUnprocessedPseudogene	689
published, mouse wells	142	multi	snoRNA	365
published, mouse wells	142	multi	snRNA	76
published, mouse wells	142	multi	TEC	69
published, mouse wells	142	multi	ribozyme	65
published, mouse wells	142	multi	TranscribedUnitaryPseudogene	34
published, mouse wells	142	multi	pseudogene	32
published, mouse wells	142	multi	UnitaryPseudogene	7
published, mouse wells	142	multi	TrVPseudogene	6
published, mouse wells	142	multi	tRNA	3
published, mouse wells	142	multi	MtTrna	2
published, mouse wells	142	multi	MtRrna	1
published, mouse wells	142	multi	PolymorphicPseudogene	1
published, mouse wells	142	multi	TrVGene	1
published, mouse wells	142	single	ProteinCoding	230007
published, mouse wells	142	single	lncRNA	7074
published, mouse wells	142	single	ribozyme	702
published, mouse wells	142	single	ProcessedPseudogene	638
published, mouse wells	142	single	TEC	629
published, mouse wells	142	single	snoRNA	532
published, mouse wells	142	single	miRNA	280
published, mouse wells	142	single	TranscribedProcessedPseudogene	175
published, mouse wells	142	single	TranscribedUnprocessedPseudogene	170
published, mouse wells	142	single	UnprocessedPseudogene	167
published, mouse wells	142	single	TranscribedUnitaryPseudogene	120
published, mouse wells	142	single	MiscRna	63
published, mouse wells	142	single	snRNA	39
published, mouse wells	142	single	scaRNA	37
published, mouse wells	142	single	PolymorphicPseudogene	25
published, mouse wells	142	single	MtRrna	19
published, mouse wells	142	single	MtTrna	11
published, mouse wells	142	single	rRNA	11
published, mouse wells	142	single	pseudogene	9
published, mouse wells	142	single	tRNA	6
published, mouse wells	142	single	UnitaryPseudogene	1
published, mouse wells	146	multi	ProteinCoding	7817
published, mouse wells	146	multi	ProcessedPseudogene	4469
published, mouse wells	146	multi	lncRNA	769
published, mouse wells	146	multi	TranscribedProcessedPseudogene	594
published, mouse wells	146	multi	UnprocessedPseudogene	398
published, mouse wells	146	multi	MiscRna	197
published, mouse wells	146	multi	miRNA	164
published, mouse wells	146	multi	TranscribedUnprocessedPseudogene	110
published, mouse wells	146	multi	snoRNA	29
published, mouse wells	146	multi	TEC	16
published, mouse wells	146	multi	pseudogene	14
published, mouse wells	146	multi	ribozyme	14
published, mouse wells	146	multi	snRNA	9
published, mouse wells	146	multi	TranscribedUnitaryPseudogene	5
published, mouse wells	146	multi	rRNA	2
published, mouse wells	146	multi	MtTrna	1
published, mouse wells	146	multi	tRNA	1
published, mouse wells	146	single	ProteinCoding	49654
published, mouse wells	146	single	lncRNA	1940
published, mouse wells	146	single	ProcessedPseudogene	200
published, mouse wells	146	single	miRNA	123
published, mouse wells	146	single	TEC	85
published, mouse wells	146	single	snoRNA	74
published, mouse wells	146	single	ribozyme	48
published, mouse wells	146	single	TranscribedProcessedPseudogene	45
published, mouse wells	146	single	TranscribedUnprocessedPseudogene	28
published, mouse wells	146	single	MiscRna	25
published, mouse wells	146	single	UnprocessedPseudogene	22
published, mouse wells	146	single	TranscribedUnitaryPseudogene	13
published, mouse wells	146	single	scaRNA	9
published, mouse wells	146	single	snRNA	7
published, mouse wells	146	single	PolymorphicPseudogene	5
published, mouse wells	146	single	UnitaryPseudogene	5
published, mouse wells	146	single	tRNA	3
published, mouse wells	146	single	MtRrna	2
published, mouse wells	146	single	rRNA	2
published, mouse wells	146	single	MtTrna	1
published, mouse wells	146	single	pseudogene	1
published, mouse wells	148	multi	ProteinCoding	21427
published, mouse wells	148	multi	ProcessedPseudogene	10436
published, mouse wells	148	multi	lncRNA	2237
published, mouse wells	148	multi	UnprocessedPseudogene	1595
published, mouse wells	148	multi	TranscribedProcessedPseudogene	1398
published, mouse wells	148	multi	MiscRna	1315
published, mouse wells	148	multi	TranscribedUnprocessedPseudogene	582
published, mouse wells	148	multi	miRNA	518
published, mouse wells	148	multi	snoRNA	177
published, mouse wells	148	multi	TEC	115
published, mouse wells	148	multi	snRNA	57
published, mouse wells	148	multi	TranscribedUnitaryPseudogene	56
published, mouse wells	148	multi	ribozyme	17
published, mouse wells	148	multi	pseudogene	7
published, mouse wells	148	multi	MtRrna	2
published, mouse wells	148	multi	TrCGene	2
published, mouse wells	148	multi	UnitaryPseudogene	2
published, mouse wells	148	multi	rRNA	2
published, mouse wells	148	multi	PolymorphicPseudogene	1
published, mouse wells	148	multi	tRNA	1
published, mouse wells	148	single	ProteinCoding	165829
published, mouse wells	148	single	lncRNA	5123
published, mouse wells	148	single	ProcessedPseudogene	471
published, mouse wells	148	single	TEC	415
published, mouse wells	148	single	ribozyme	329
published, mouse wells	148	single	snoRNA	293
published, mouse wells	148	single	miRNA	279
published, mouse wells	148	single	TranscribedUnprocessedPseudogene	145
published, mouse wells	148	single	TranscribedUnitaryPseudogene	94
published, mouse wells	148	single	TranscribedProcessedPseudogene	80
published, mouse wells	148	single	UnprocessedPseudogene	45
published, mouse wells	148	single	scaRNA	35
published, mouse wells	148	single	PolymorphicPseudogene	28
published, mouse wells	148	single	MiscRna	20
published, mouse wells	148	single	MtTrna	11
published, mouse wells	148	single	tRNA	11
published, mouse wells	148	single	snRNA	10
published, mouse wells	148	single	MtRrna	6
published, mouse wells	148	single	rRNA	5
published, mouse wells	148	single	pseudogene	1
published, mouse wells	150	multi	ProteinCoding	12357
published, mouse wells	150	multi	ProcessedPseudogene	4754
published, mouse wells	150	multi	MiscRna	2365
published, mouse wells	150	multi	lncRNA	1082
published, mouse wells	150	multi	UnprocessedPseudogene	1014
published, mouse wells	150	multi	TranscribedProcessedPseudogene	625
published, mouse wells	150	multi	miRNA	461
published, mouse wells	150	multi	TranscribedUnprocessedPseudogene	420
published, mouse wells	150	multi	snoRNA	333
published, mouse wells	150	multi	snRNA	72
published, mouse wells	150	multi	ribozyme	59
published, mouse wells	150	multi	TEC	24
published, mouse wells	150	multi	pseudogene	15
published, mouse wells	150	multi	PolymorphicPseudogene	13
published, mouse wells	150	multi	TranscribedUnitaryPseudogene	8
published, mouse wells	150	multi	UnitaryPseudogene	4
published, mouse wells	150	multi	MtTrna	2
published, mouse wells	150	single	ProteinCoding	118105
published, mouse wells	150	single	lncRNA	4971
published, mouse wells	150	single	ribozyme	955
published, mouse wells	150	single	snoRNA	480
published, mouse wells	150	single	TEC	294
published, mouse wells	150	single	ProcessedPseudogene	232
published, mouse wells	150	single	miRNA	202
published, mouse wells	150	single	TranscribedUnprocessedPseudogene	102
published, mouse wells	150	single	TranscribedProcessedPseudogene	63
published, mouse wells	150	single	scaRNA	63
published, mouse wells	150	single	TranscribedUnitaryPseudogene	56
published, mouse wells	150	single	MiscRna	55
published, mouse wells	150	single	PolymorphicPseudogene	39
published, mouse wells	150	single	UnprocessedPseudogene	32
published, mouse wells	150	single	snRNA	24
published, mouse wells	150	single	UnitaryPseudogene	8
published, mouse wells	150	single	MtRrna	2
published, mouse wells	150	single	MtTrna	2
published, mouse wells	150	single	pseudogene	1
published, mouse wells	150	single	tRNA	1
published, mouse wells	154	multi	ProteinCoding	33380
published, mouse wells	154	multi	ProcessedPseudogene	15356
published, mouse wells	154	multi	UnprocessedPseudogene	3509
published, mouse wells	154	multi	lncRNA	3393
published, mouse wells	154	multi	MiscRna	3053
published, mouse wells	154	multi	TranscribedProcessedPseudogene	2100
published, mouse wells	154	multi	TranscribedUnprocessedPseudogene	1352
published, mouse wells	154	multi	miRNA	984
published, mouse wells	154	multi	snoRNA	470
published, mouse wells	154	multi	snRNA	170
published, mouse wells	154	multi	TEC	110
published, mouse wells	154	multi	ribozyme	82
published, mouse wells	154	multi	TranscribedUnitaryPseudogene	39
published, mouse wells	154	multi	pseudogene	28
published, mouse wells	154	multi	MtTrna	8
published, mouse wells	154	multi	UnitaryPseudogene	3
published, mouse wells	154	multi	tRNA	3
published, mouse wells	154	multi	PolymorphicPseudogene	2
published, mouse wells	154	multi	IgCGene	1
published, mouse wells	154	single	ProteinCoding	276572
published, mouse wells	154	single	lncRNA	8041
published, mouse wells	154	single	TEC	838
published, mouse wells	154	single	ProcessedPseudogene	798
published, mouse wells	154	single	ribozyme	677
published, mouse wells	154	single	snoRNA	572
published, mouse wells	154	single	miRNA	374
published, mouse wells	154	single	TranscribedUnprocessedPseudogene	258
published, mouse wells	154	single	TranscribedProcessedPseudogene	161
published, mouse wells	154	single	UnprocessedPseudogene	103
published, mouse wells	154	single	TranscribedUnitaryPseudogene	100
published, mouse wells	154	single	MiscRna	63
published, mouse wells	154	single	snRNA	42
published, mouse wells	154	single	scaRNA	39
published, mouse wells	154	single	UnitaryPseudogene	30
published, mouse wells	154	single	PolymorphicPseudogene	15
published, mouse wells	154	single	tRNA	15
published, mouse wells	154	single	MtTrna	14
published, mouse wells	154	single	MtRrna	6
published, mouse wells	154	single	rRNA	5
published, mouse wells	156	multi	ProteinCoding	19766
published, mouse wells	156	multi	ProcessedPseudogene	8662
published, mouse wells	156	multi	UnprocessedPseudogene	2412
published, mouse wells	156	multi	lncRNA	1973
published, mouse wells	156	multi	MiscRna	1591
published, mouse wells	156	multi	TranscribedProcessedPseudogene	1215
published, mouse wells	156	multi	TranscribedUnprocessedPseudogene	643
published, mouse wells	156	multi	miRNA	559
published, mouse wells	156	multi	snoRNA	280
published, mouse wells	156	multi	TEC	157
published, mouse wells	156	multi	snRNA	76
published, mouse wells	156	multi	TranscribedUnitaryPseudogene	27
published, mouse wells	156	multi	ribozyme	25
published, mouse wells	156	multi	pseudogene	6
published, mouse wells	156	multi	UnitaryPseudogene	5
published, mouse wells	156	multi	MtRrna	4
published, mouse wells	156	multi	tRNA	4
published, mouse wells	156	multi	IgCGene	2
published, mouse wells	156	multi	MtTrna	1
published, mouse wells	156	multi	PolymorphicPseudogene	1
published, mouse wells	156	multi	rRNA	1
published, mouse wells	156	single	ProteinCoding	136688
published, mouse wells	156	single	lncRNA	4485
published, mouse wells	156	single	ribozyme	469
published, mouse wells	156	single	ProcessedPseudogene	420
published, mouse wells	156	single	TEC	391
published, mouse wells	156	single	snoRNA	257
published, mouse wells	156	single	miRNA	221
published, mouse wells	156	single	TranscribedUnprocessedPseudogene	170
published, mouse wells	156	single	TranscribedUnitaryPseudogene	109
published, mouse wells	156	single	TranscribedProcessedPseudogene	97
published, mouse wells	156	single	UnprocessedPseudogene	51
published, mouse wells	156	single	PolymorphicPseudogene	37
published, mouse wells	156	single	snRNA	24
published, mouse wells	156	single	scaRNA	20
published, mouse wells	156	single	MiscRna	16
published, mouse wells	156	single	MtRrna	15
published, mouse wells	156	single	tRNA	12
published, mouse wells	156	single	MtTrna	10
published, mouse wells	156	single	rRNA	7
published, mouse wells	156	single	UnitaryPseudogene	3
published, mouse wells	158	multi	ProteinCoding	19769
published, mouse wells	158	multi	ProcessedPseudogene	8887
published, mouse wells	158	multi	lncRNA	2202
published, mouse wells	158	multi	UnprocessedPseudogene	1780
published, mouse wells	158	multi	MiscRna	1734
published, mouse wells	158	multi	TranscribedProcessedPseudogene	1205
published, mouse wells	158	multi	TranscribedUnprocessedPseudogene	782
published, mouse wells	158	multi	miRNA	650
published, mouse wells	158	multi	snoRNA	261
published, mouse wells	158	multi	TEC	62
published, mouse wells	158	multi	snRNA	47
published, mouse wells	158	multi	TranscribedUnitaryPseudogene	43
published, mouse wells	158	multi	ribozyme	39
published, mouse wells	158	multi	tRNA	17
published, mouse wells	158	multi	pseudogene	16
published, mouse wells	158	multi	UnitaryPseudogene	2
published, mouse wells	158	multi	MtRrna	1
published, mouse wells	158	single	ProteinCoding	166432
published, mouse wells	158	single	lncRNA	5831
published, mouse wells	158	single	ribozyme	599
published, mouse wells	158	single	TEC	504
published, mouse wells	158	single	ProcessedPseudogene	451
published, mouse wells	158	single	snoRNA	260
published, mouse wells	158	single	miRNA	240
published, mouse wells	158	single	TranscribedUnitaryPseudogene	145
published, mouse wells	158	single	UnprocessedPseudogene	141
published, mouse wells	158	single	TranscribedProcessedPseudogene	124
published, mouse wells	158	single	TranscribedUnprocessedPseudogene	112
published, mouse wells	158	single	scaRNA	54
published, mouse wells	158	single	MiscRna	46
published, mouse wells	158	single	snRNA	36
published, mouse wells	158	single	UnitaryPseudogene	22
published, mouse wells	158	single	tRNA	17
published, mouse wells	158	single	MtRrna	10
published, mouse wells	158	single	PolymorphicPseudogene	8
published, mouse wells	158	single	pseudogene	4
published, mouse wells	158	single	rRNA	4
published, mouse wells	158	single	MtTrna	1
published, mouse wells	160	multi	ProteinCoding	21070
published, mouse wells	160	multi	MiscRna	8862
published, mouse wells	160	multi	ProcessedPseudogene	6903
published, mouse wells	160	multi	miRNA	2636
published, mouse wells	160	multi	snoRNA	1979
published, mouse wells	160	multi	lncRNA	1366
published, mouse wells	160	multi	TranscribedProcessedPseudogene	969
published, mouse wells	160	multi	UnprocessedPseudogene	486
published, mouse wells	160	multi	snRNA	402
published, mouse wells	160	multi	TranscribedUnprocessedPseudogene	224
published, mouse wells	160	multi	ribozyme	111
published, mouse wells	160	multi	TEC	57
published, mouse wells	160	multi	pseudogene	9
published, mouse wells	160	multi	TranscribedUnitaryPseudogene	5
published, mouse wells	160	multi	MtRrna	3
published, mouse wells	160	multi	MtTrna	2
published, mouse wells	160	multi	IgVPseudogene	1
published, mouse wells	160	multi	tRNA	1
published, mouse wells	160	single	ProteinCoding	114138
published, mouse wells	160	single	lncRNA	3166
published, mouse wells	160	single	snoRNA	891
published, mouse wells	160	single	ribozyme	833
published, mouse wells	160	single	ProcessedPseudogene	340
published, mouse wells	160	single	TEC	251
published, mouse wells	160	single	miRNA	195
published, mouse wells	160	single	snRNA	102
published, mouse wells	160	single	TranscribedProcessedPseudogene	79
published, mouse wells	160	single	TranscribedUnprocessedPseudogene	74
published, mouse wells	160	single	scaRNA	68
published, mouse wells	160	single	MiscRna	59
published, mouse wells	160	single	TranscribedUnitaryPseudogene	39
published, mouse wells	160	single	PolymorphicPseudogene	26
published, mouse wells	160	single	UnprocessedPseudogene	20
published, mouse wells	160	single	MtRrna	10
published, mouse wells	160	single	tRNA	8
published, mouse wells	160	single	rRNA	5
published, mouse wells	160	single	pseudogene	2
published, mouse wells	162	multi	ProteinCoding	17223
published, mouse wells	162	multi	ProcessedPseudogene	7338
published, mouse wells	162	multi	UnprocessedPseudogene	2767
published, mouse wells	162	multi	lncRNA	1638
published, mouse wells	162	multi	MiscRna	1225
published, mouse wells	162	multi	TranscribedProcessedPseudogene	1030
published, mouse wells	162	multi	TranscribedUnprocessedPseudogene	504
published, mouse wells	162	multi	miRNA	444
published, mouse wells	162	multi	snoRNA	258
published, mouse wells	162	multi	TEC	59
published, mouse wells	162	multi	snRNA	50
published, mouse wells	162	multi	TranscribedUnitaryPseudogene	35
published, mouse wells	162	multi	ribozyme	24
published, mouse wells	162	multi	pseudogene	8
published, mouse wells	162	multi	MtTrna	5
published, mouse wells	162	multi	PolymorphicPseudogene	5
published, mouse wells	162	multi	UnitaryPseudogene	1
published, mouse wells	162	multi	scaRNA	1
published, mouse wells	162	single	ProteinCoding	113962
published, mouse wells	162	single	lncRNA	4284
published, mouse wells	162	single	ProcessedPseudogene	448
published, mouse wells	162	single	ribozyme	424
published, mouse wells	162	single	snoRNA	368
published, mouse wells	162	single	TEC	279
published, mouse wells	162	single	miRNA	196
published, mouse wells	162	single	UnprocessedPseudogene	114
published, mouse wells	162	single	TranscribedProcessedPseudogene	112
published, mouse wells	162	single	TranscribedUnitaryPseudogene	105
published, mouse wells	162	single	TranscribedUnprocessedPseudogene	91
published, mouse wells	162	single	PolymorphicPseudogene	35
published, mouse wells	162	single	MiscRna	32
published, mouse wells	162	single	scaRNA	27
published, mouse wells	162	single	MtRrna	15
published, mouse wells	162	single	snRNA	14
published, mouse wells	162	single	tRNA	5
published, mouse wells	162	single	MtTrna	4
published, mouse wells	162	single	UnitaryPseudogene	4
published, mouse wells	162	single	rRNA	4
published, mouse wells	162	single	pseudogene	1
published, mouse wells	164	multi	ProteinCoding	11927
published, mouse wells	164	multi	ProcessedPseudogene	5762
published, mouse wells	164	multi	UnprocessedPseudogene	1566
published, mouse wells	164	multi	lncRNA	1091
published, mouse wells	164	multi	TranscribedProcessedPseudogene	702
published, mouse wells	164	multi	MiscRna	497
published, mouse wells	164	multi	TranscribedUnprocessedPseudogene	210
published, mouse wells	164	multi	miRNA	203
published, mouse wells	164	multi	snoRNA	91
published, mouse wells	164	multi	TEC	68
published, mouse wells	164	multi	snRNA	29
published, mouse wells	164	multi	TranscribedUnitaryPseudogene	23
published, mouse wells	164	multi	ribozyme	8
published, mouse wells	164	multi	pseudogene	5
published, mouse wells	164	multi	MtTrna	1
published, mouse wells	164	multi	UnitaryPseudogene	1
published, mouse wells	164	single	ProteinCoding	79626
published, mouse wells	164	single	lncRNA	2632
published, mouse wells	164	single	TEC	302
published, mouse wells	164	single	ProcessedPseudogene	268
published, mouse wells	164	single	snoRNA	139
published, mouse wells	164	single	miRNA	133
published, mouse wells	164	single	ribozyme	131
published, mouse wells	164	single	TranscribedProcessedPseudogene	113
published, mouse wells	164	single	TranscribedUnprocessedPseudogene	37
published, mouse wells	164	single	UnprocessedPseudogene	36
published, mouse wells	164	single	PolymorphicPseudogene	22
published, mouse wells	164	single	TranscribedUnitaryPseudogene	18
published, mouse wells	164	single	snRNA	18
published, mouse wells	164	single	scaRNA	10
published, mouse wells	164	single	MiscRna	9
published, mouse wells	164	single	MtRrna	6
published, mouse wells	164	single	MtTrna	3
published, mouse wells	164	single	rRNA	2
published, mouse wells	166	multi	ProteinCoding	9265
published, mouse wells	166	multi	ProcessedPseudogene	5014
published, mouse wells	166	multi	UnprocessedPseudogene	1032
published, mouse wells	166	multi	lncRNA	868
published, mouse wells	166	multi	TranscribedProcessedPseudogene	568
published, mouse wells	166	multi	MiscRna	210
published, mouse wells	166	multi	miRNA	172
published, mouse wells	166	multi	TranscribedUnprocessedPseudogene	103
published, mouse wells	166	multi	snoRNA	37
published, mouse wells	166	multi	TEC	26
published, mouse wells	166	multi	pseudogene	12
published, mouse wells	166	multi	TranscribedUnitaryPseudogene	11
published, mouse wells	166	multi	ribozyme	8
published, mouse wells	166	multi	snRNA	3
published, mouse wells	166	multi	MtRrna	2
published, mouse wells	166	multi	MtTrna	1
published, mouse wells	166	multi	UnitaryPseudogene	1
published, mouse wells	166	single	ProteinCoding	49345
published, mouse wells	166	single	lncRNA	1497
published, mouse wells	166	single	ProcessedPseudogene	221
published, mouse wells	166	single	TEC	154
published, mouse wells	166	single	miRNA	83
published, mouse wells	166	single	TranscribedProcessedPseudogene	68
published, mouse wells	166	single	snoRNA	67
published, mouse wells	166	single	ribozyme	61
published, mouse wells	166	single	TranscribedUnprocessedPseudogene	44
published, mouse wells	166	single	TranscribedUnitaryPseudogene	19
published, mouse wells	166	single	UnprocessedPseudogene	14
published, mouse wells	166	single	MiscRna	13
published, mouse wells	166	single	PolymorphicPseudogene	10
published, mouse wells	166	single	snRNA	8
published, mouse wells	166	single	MtRrna	7
published, mouse wells	166	single	scaRNA	7
published, mouse wells	166	single	pseudogene	2
published, mouse wells	166	single	MtTrna	1
published, mouse wells	166	single	tRNA	1
published, mouse wells	170	multi	ProteinCoding	7973
published, mouse wells	170	multi	ProcessedPseudogene	3197
published, mouse wells	170	multi	UnprocessedPseudogene	948
published, mouse wells	170	multi	MiscRna	920
published, mouse wells	170	multi	lncRNA	811
published, mouse wells	170	multi	TranscribedProcessedPseudogene	479
published, mouse wells	170	multi	miRNA	310
published, mouse wells	170	multi	TranscribedUnprocessedPseudogene	190
published, mouse wells	170	multi	snoRNA	133
published, mouse wells	170	multi	snRNA	27
published, mouse wells	170	multi	TEC	21
published, mouse wells	170	multi	ribozyme	16
published, mouse wells	170	multi	MtTrna	10
published, mouse wells	170	multi	TranscribedUnitaryPseudogene	8
published, mouse wells	170	multi	PolymorphicPseudogene	4
published, mouse wells	170	multi	UnitaryPseudogene	1
published, mouse wells	170	single	ProteinCoding	63637
published, mouse wells	170	single	lncRNA	1932
published, mouse wells	170	single	ProcessedPseudogene	185
published, mouse wells	170	single	ribozyme	184
published, mouse wells	170	single	TEC	168
published, mouse wells	170	single	miRNA	138
published, mouse wells	170	single	snoRNA	119
published, mouse wells	170	single	TranscribedUnprocessedPseudogene	52
published, mouse wells	170	single	TranscribedProcessedPseudogene	48
published, mouse wells	170	single	MiscRna	37
published, mouse wells	170	single	UnprocessedPseudogene	26
published, mouse wells	170	single	PolymorphicPseudogene	22
published, mouse wells	170	single	TranscribedUnitaryPseudogene	13
published, mouse wells	170	single	snRNA	9
published, mouse wells	170	single	tRNA	9
published, mouse wells	170	single	scaRNA	3
published, mouse wells	170	single	MtTrna	2
published, mouse wells	170	single	MtRrna	1
published, mouse wells	172	multi	ProteinCoding	15645
published, mouse wells	172	multi	ProcessedPseudogene	7480
published, mouse wells	172	multi	UnprocessedPseudogene	1981
published, mouse wells	172	multi	lncRNA	1656
published, mouse wells	172	multi	TranscribedProcessedPseudogene	1096
published, mouse wells	172	multi	MiscRna	585
published, mouse wells	172	multi	miRNA	283
published, mouse wells	172	multi	TranscribedUnprocessedPseudogene	223
published, mouse wells	172	multi	snoRNA	89
published, mouse wells	172	multi	TEC	30
published, mouse wells	172	multi	snRNA	21
published, mouse wells	172	multi	TranscribedUnitaryPseudogene	20
published, mouse wells	172	multi	pseudogene	15
published, mouse wells	172	multi	ribozyme	13
published, mouse wells	172	multi	PolymorphicPseudogene	2
published, mouse wells	172	multi	MtTrna	1
published, mouse wells	172	multi	tRNA	1
published, mouse wells	172	single	ProteinCoding	107946
published, mouse wells	172	single	lncRNA	4422
published, mouse wells	172	single	ProcessedPseudogene	426
published, mouse wells	172	single	TEC	293
published, mouse wells	172	single	ribozyme	212
published, mouse wells	172	single	TranscribedProcessedPseudogene	159
published, mouse wells	172	single	snoRNA	159
published, mouse wells	172	single	miRNA	148
published, mouse wells	172	single	TranscribedUnitaryPseudogene	128
published, mouse wells	172	single	TranscribedUnprocessedPseudogene	102
published, mouse wells	172	single	PolymorphicPseudogene	62
published, mouse wells	172	single	UnprocessedPseudogene	61
published, mouse wells	172	single	MiscRna	22
published, mouse wells	172	single	MtTrna	14
published, mouse wells	172	single	scaRNA	14
published, mouse wells	172	single	snRNA	12
published, mouse wells	172	single	MtRrna	7
published, mouse wells	172	single	pseudogene	2
published, mouse wells	172	single	tRNA	2
published, mouse wells	172	single	UnitaryPseudogene	1
published, mouse wells	174	multi	ProteinCoding	8042
published, mouse wells	174	multi	ProcessedPseudogene	2883
published, mouse wells	174	multi	UnprocessedPseudogene	1360
published, mouse wells	174	multi	lncRNA	809
published, mouse wells	174	multi	MiscRna	522
published, mouse wells	174	multi	TranscribedProcessedPseudogene	377
published, mouse wells	174	multi	miRNA	219
published, mouse wells	174	multi	TranscribedUnprocessedPseudogene	199
published, mouse wells	174	multi	snoRNA	150
published, mouse wells	174	multi	snRNA	27
published, mouse wells	174	multi	TEC	23
published, mouse wells	174	multi	ribozyme	20
published, mouse wells	174	multi	TranscribedUnitaryPseudogene	11
published, mouse wells	174	multi	PolymorphicPseudogene	7
published, mouse wells	174	multi	pseudogene	3
published, mouse wells	174	multi	UnitaryPseudogene	1
published, mouse wells	174	multi	tRNA	1
published, mouse wells	174	single	ProteinCoding	78447
published, mouse wells	174	single	lncRNA	2849
published, mouse wells	174	single	ribozyme	248
published, mouse wells	174	single	TEC	221
published, mouse wells	174	single	ProcessedPseudogene	154
published, mouse wells	174	single	snoRNA	149
published, mouse wells	174	single	TranscribedProcessedPseudogene	76
published, mouse wells	174	single	miRNA	60
published, mouse wells	174	single	TranscribedUnitaryPseudogene	44
published, mouse wells	174	single	TranscribedUnprocessedPseudogene	44
published, mouse wells	174	single	PolymorphicPseudogene	41
published, mouse wells	174	single	UnprocessedPseudogene	31
published, mouse wells	174	single	MiscRna	20
published, mouse wells	174	single	scaRNA	17
published, mouse wells	174	single	MtRrna	14
published, mouse wells	174	single	snRNA	14
published, mouse wells	174	single	UnitaryPseudogene	7
published, mouse wells	174	single	MtTrna	3
published, mouse wells	174	single	rRNA	2
published, mouse wells	174	single	tRNA	1
published, mouse wells	176	multi	ProteinCoding	17527
published, mouse wells	176	multi	ProcessedPseudogene	9826
published, mouse wells	176	multi	lncRNA	1914
published, mouse wells	176	multi	TranscribedProcessedPseudogene	1495
published, mouse wells	176	multi	UnprocessedPseudogene	1086
published, mouse wells	176	multi	MiscRna	553
published, mouse wells	176	multi	miRNA	294
published, mouse wells	176	multi	TranscribedUnprocessedPseudogene	221
published, mouse wells	176	multi	snoRNA	102
published, mouse wells	176	multi	TranscribedUnitaryPseudogene	45
published, mouse wells	176	multi	TEC	25
published, mouse wells	176	multi	snRNA	23
published, mouse wells	176	multi	pseudogene	13
published, mouse wells	176	multi	PolymorphicPseudogene	8
published, mouse wells	176	multi	ribozyme	7
published, mouse wells	176	multi	tRNA	2
published, mouse wells	176	multi	UnitaryPseudogene	1
published, mouse wells	176	single	ProteinCoding	95590
published, mouse wells	176	single	lncRNA	3293
published, mouse wells	176	single	ProcessedPseudogene	449
published, mouse wells	176	single	miRNA	275
published, mouse wells	176	single	TEC	250
published, mouse wells	176	single	snoRNA	181
published, mouse wells	176	single	ribozyme	164
published, mouse wells	176	single	TranscribedProcessedPseudogene	68
published, mouse wells	176	single	TranscribedUnprocessedPseudogene	67
published, mouse wells	176	single	UnprocessedPseudogene	37
published, mouse wells	176	single	TranscribedUnitaryPseudogene	29
published, mouse wells	176	single	PolymorphicPseudogene	22
published, mouse wells	176	single	scaRNA	22
published, mouse wells	176	single	snRNA	11
published, mouse wells	176	single	MiscRna	10
published, mouse wells	176	single	MtTrna	3
published, mouse wells	176	single	tRNA	3
published, mouse wells	176	single	rRNA	2
published, mouse wells	176	single	MtRrna	1
published, mouse wells	178	multi	ProteinCoding	16882
published, mouse wells	178	multi	ProcessedPseudogene	8525
published, mouse wells	178	multi	lncRNA	1828
published, mouse wells	178	multi	UnprocessedPseudogene	1339
published, mouse wells	178	multi	TranscribedProcessedPseudogene	1124
published, mouse wells	178	multi	MiscRna	710
published, mouse wells	178	multi	TranscribedUnprocessedPseudogene	463
published, mouse wells	178	multi	miRNA	362
published, mouse wells	178	multi	snoRNA	91
published, mouse wells	178	multi	TEC	64
published, mouse wells	178	multi	TranscribedUnitaryPseudogene	26
published, mouse wells	178	multi	pseudogene	26
published, mouse wells	178	multi	ribozyme	23
published, mouse wells	178	multi	snRNA	15
published, mouse wells	178	multi	MtTrna	2
published, mouse wells	178	multi	tRNA	2
published, mouse wells	178	multi	MtRrna	1
published, mouse wells	178	single	ProteinCoding	123772
published, mouse wells	178	single	lncRNA	3694
published, mouse wells	178	single	TEC	400
published, mouse wells	178	single	ProcessedPseudogene	397
published, mouse wells	178	single	miRNA	219
published, mouse wells	178	single	snoRNA	198
published, mouse wells	178	single	ribozyme	177
published, mouse wells	178	single	TranscribedProcessedPseudogene	151
published, mouse wells	178	single	TranscribedUnprocessedPseudogene	75
published, mouse wells	178	single	TranscribedUnitaryPseudogene	62
published, mouse wells	178	single	UnprocessedPseudogene	54
published, mouse wells	178	single	scaRNA	37
published, mouse wells	178	single	snRNA	17
published, mouse wells	178	single	PolymorphicPseudogene	15
published, mouse wells	178	single	MtTrna	9
published, mouse wells	178	single	tRNA	8
published, mouse wells	178	single	MiscRna	5
published, mouse wells	178	single	UnitaryPseudogene	2
published, mouse wells	178	single	MtRrna	1
published, mouse wells	178	single	pseudogene	1
published, mouse wells	178	single	rRNA	1
published, mouse wells	180	multi	ProteinCoding	29249
published, mouse wells	180	multi	ProcessedPseudogene	12895
published, mouse wells	180	multi	UnprocessedPseudogene	3543
published, mouse wells	180	multi	lncRNA	2462
published, mouse wells	180	multi	MiscRna	1797
published, mouse wells	180	multi	TranscribedProcessedPseudogene	1774
published, mouse wells	180	multi	TranscribedUnprocessedPseudogene	1014
published, mouse wells	180	multi	miRNA	745
published, mouse wells	180	multi	snoRNA	284
published, mouse wells	180	multi	snRNA	95
published, mouse wells	180	multi	TEC	88
published, mouse wells	180	multi	TranscribedUnitaryPseudogene	47
published, mouse wells	180	multi	ribozyme	45
published, mouse wells	180	multi	pseudogene	18
published, mouse wells	180	multi	tRNA	11
published, mouse wells	180	multi	MtTrna	7
published, mouse wells	180	multi	UnitaryPseudogene	6
published, mouse wells	180	multi	PolymorphicPseudogene	1
published, mouse wells	180	single	ProteinCoding	218901
published, mouse wells	180	single	lncRNA	7613
published, mouse wells	180	single	ProcessedPseudogene	718
published, mouse wells	180	single	ribozyme	689
published, mouse wells	180	single	TEC	614
published, mouse wells	180	single	snoRNA	412
published, mouse wells	180	single	miRNA	343
published, mouse wells	180	single	TranscribedUnitaryPseudogene	262
published, mouse wells	180	single	TranscribedProcessedPseudogene	153
published, mouse wells	180	single	TranscribedUnprocessedPseudogene	150
published, mouse wells	180	single	MiscRna	96
published, mouse wells	180	single	UnprocessedPseudogene	87
published, mouse wells	180	single	PolymorphicPseudogene	80
published, mouse wells	180	single	scaRNA	38
published, mouse wells	180	single	tRNA	20
published, mouse wells	180	single	snRNA	19
published, mouse wells	180	single	MtRrna	10
published, mouse wells	180	single	rRNA	5
published, mouse wells	180	single	MtTrna	3
published, mouse wells	180	single	pseudogene	2
published, mouse wells	182	multi	ProteinCoding	14633
published, mouse wells	182	multi	ProcessedPseudogene	7266
published, mouse wells	182	multi	lncRNA	1493
published, mouse wells	182	multi	UnprocessedPseudogene	1105
published, mouse wells	182	multi	TranscribedProcessedPseudogene	967
published, mouse wells	182	multi	MiscRna	710
published, mouse wells	182	multi	miRNA	265
published, mouse wells	182	multi	TranscribedUnprocessedPseudogene	249
published, mouse wells	182	multi	snoRNA	120
published, mouse wells	182	multi	TEC	76
published, mouse wells	182	multi	ribozyme	31
published, mouse wells	182	multi	TranscribedUnitaryPseudogene	26
published, mouse wells	182	multi	pseudogene	12
published, mouse wells	182	multi	snRNA	6
published, mouse wells	182	multi	PolymorphicPseudogene	4
published, mouse wells	182	multi	tRNA	2
published, mouse wells	182	multi	MtRrna	1
published, mouse wells	182	multi	MtTrna	1
published, mouse wells	182	multi	UnitaryPseudogene	1
published, mouse wells	182	multi	rRNA	1
published, mouse wells	182	single	ProteinCoding	103391
published, mouse wells	182	single	lncRNA	3067
published, mouse wells	182	single	ProcessedPseudogene	372
published, mouse wells	182	single	TEC	324
published, mouse wells	182	single	ribozyme	234
published, mouse wells	182	single	snoRNA	195
published, mouse wells	182	single	miRNA	159
published, mouse wells	182	single	TranscribedProcessedPseudogene	98
published, mouse wells	182	single	TranscribedUnprocessedPseudogene	61
published, mouse wells	182	single	TranscribedUnitaryPseudogene	46
published, mouse wells	182	single	UnprocessedPseudogene	29
published, mouse wells	182	single	scaRNA	28
published, mouse wells	182	single	tRNA	26
published, mouse wells	182	single	PolymorphicPseudogene	9
published, mouse wells	182	single	MiscRna	8
published, mouse wells	182	single	MtRrna	5
published, mouse wells	182	single	MtTrna	5
published, mouse wells	182	single	UnitaryPseudogene	5
published, mouse wells	182	single	snRNA	3
published, mouse wells	184	multi	ProteinCoding	24566
published, mouse wells	184	multi	ProcessedPseudogene	10831
published, mouse wells	184	multi	UnprocessedPseudogene	2557
published, mouse wells	184	multi	MiscRna	2491
published, mouse wells	184	multi	lncRNA	2170
published, mouse wells	184	multi	TranscribedProcessedPseudogene	1592
published, mouse wells	184	multi	miRNA	866
published, mouse wells	184	multi	TranscribedUnprocessedPseudogene	553
published, mouse wells	184	multi	snoRNA	280
published, mouse wells	184	multi	snRNA	54
published, mouse wells	184	multi	TEC	42
published, mouse wells	184	multi	pseudogene	33
published, mouse wells	184	multi	ribozyme	27
published, mouse wells	184	multi	TranscribedUnitaryPseudogene	22
published, mouse wells	184	multi	MtTrna	4
published, mouse wells	184	multi	rRNA	4
published, mouse wells	184	multi	PolymorphicPseudogene	2
published, mouse wells	184	multi	IgVPseudogene	1
published, mouse wells	184	multi	tRNA	1
published, mouse wells	184	single	ProteinCoding	199549
published, mouse wells	184	single	lncRNA	4972
published, mouse wells	184	single	ribozyme	609
published, mouse wells	184	single	ProcessedPseudogene	552
published, mouse wells	184	single	TEC	454
published, mouse wells	184	single	snoRNA	330
published, mouse wells	184	single	miRNA	288
published, mouse wells	184	single	TranscribedUnprocessedPseudogene	153
published, mouse wells	184	single	TranscribedProcessedPseudogene	78
published, mouse wells	184	single	UnprocessedPseudogene	75
published, mouse wells	184	single	TranscribedUnitaryPseudogene	39
published, mouse wells	184	single	PolymorphicPseudogene	30
published, mouse wells	184	single	scaRNA	27
published, mouse wells	184	single	MiscRna	26
published, mouse wells	184	single	MtTrna	20
published, mouse wells	184	single	rRNA	16
published, mouse wells	184	single	snRNA	16
published, mouse wells	184	single	UnitaryPseudogene	6
published, mouse wells	184	single	tRNA	4
published, mouse wells	184	single	MtRrna	2
published, mouse wells	184	single	pseudogene	2
published, mouse wells	186	multi	ProteinCoding	47326
published, mouse wells	186	multi	ProcessedPseudogene	17907
published, mouse wells	186	multi	MiscRna	4901
published, mouse wells	186	multi	UnprocessedPseudogene	4838
published, mouse wells	186	multi	lncRNA	4680
published, mouse wells	186	multi	TranscribedProcessedPseudogene	2784
published, mouse wells	186	multi	miRNA	1491
published, mouse wells	186	multi	TranscribedUnprocessedPseudogene	1429
published, mouse wells	186	multi	snoRNA	527
published, mouse wells	186	multi	snRNA	245
published, mouse wells	186	multi	TEC	185
published, mouse wells	186	multi	pseudogene	79
published, mouse wells	186	multi	ribozyme	76
published, mouse wells	186	multi	TranscribedUnitaryPseudogene	27
published, mouse wells	186	multi	MtRrna	9
published, mouse wells	186	multi	PolymorphicPseudogene	8
published, mouse wells	186	multi	tRNA	8
published, mouse wells	186	multi	MtTrna	4
published, mouse wells	186	multi	UnitaryPseudogene	2
published, mouse wells	186	multi	TrVPseudogene	1
published, mouse wells	186	single	ProteinCoding	359547
published, mouse wells	186	single	lncRNA	10223
published, mouse wells	186	single	ribozyme	1552
published, mouse wells	186	single	TEC	1247
published, mouse wells	186	single	ProcessedPseudogene	935
published, mouse wells	186	single	snoRNA	732
published, mouse wells	186	single	miRNA	395
published, mouse wells	186	single	TranscribedUnprocessedPseudogene	310
published, mouse wells	186	single	TranscribedProcessedPseudogene	183
published, mouse wells	186	single	TranscribedUnitaryPseudogene	173
published, mouse wells	186	single	UnprocessedPseudogene	124
published, mouse wells	186	single	snRNA	99
published, mouse wells	186	single	MiscRna	87
published, mouse wells	186	single	PolymorphicPseudogene	87
published, mouse wells	186	single	scaRNA	76
published, mouse wells	186	single	UnitaryPseudogene	25
published, mouse wells	186	single	MtRrna	22
published, mouse wells	186	single	MtTrna	21
published, mouse wells	186	single	tRNA	10
published, mouse wells	186	single	rRNA	5
published, mouse wells	186	single	pseudogene	2
published, mouse wells	188	multi	ProteinCoding	19857
published, mouse wells	188	multi	ProcessedPseudogene	7942
published, mouse wells	188	multi	UnprocessedPseudogene	3002
published, mouse wells	188	multi	MiscRna	1990
published, mouse wells	188	multi	lncRNA	1796
published, mouse wells	188	multi	TranscribedProcessedPseudogene	1106
published, mouse wells	188	multi	TranscribedUnprocessedPseudogene	572
published, mouse wells	188	multi	miRNA	467
published, mouse wells	188	multi	snoRNA	234
published, mouse wells	188	multi	snRNA	50
published, mouse wells	188	multi	TEC	43
published, mouse wells	188	multi	ribozyme	19
published, mouse wells	188	multi	TranscribedUnitaryPseudogene	15
published, mouse wells	188	multi	pseudogene	6
published, mouse wells	188	multi	MtRrna	4
published, mouse wells	188	multi	PolymorphicPseudogene	4
published, mouse wells	188	multi	tRNA	4
published, mouse wells	188	multi	MtTrna	3
published, mouse wells	188	multi	UnitaryPseudogene	1
published, mouse wells	188	multi	rRNA	1
published, mouse wells	188	single	ProteinCoding	142317
published, mouse wells	188	single	lncRNA	4626
published, mouse wells	188	single	ribozyme	630
published, mouse wells	188	single	ProcessedPseudogene	456
published, mouse wells	188	single	TEC	420
published, mouse wells	188	single	snoRNA	208
published, mouse wells	188	single	miRNA	153
published, mouse wells	188	single	TranscribedProcessedPseudogene	116
published, mouse wells	188	single	TranscribedUnitaryPseudogene	113
published, mouse wells	188	single	MiscRna	100
published, mouse wells	188	single	TranscribedUnprocessedPseudogene	100
published, mouse wells	188	single	UnprocessedPseudogene	79
published, mouse wells	188	single	scaRNA	47
published, mouse wells	188	single	snRNA	20
published, mouse wells	188	single	PolymorphicPseudogene	17
published, mouse wells	188	single	MtRrna	11
published, mouse wells	188	single	MtTrna	11
published, mouse wells	188	single	tRNA	8
published, mouse wells	188	single	rRNA	6
published, mouse wells	188	single	UnitaryPseudogene	5
published, mouse wells	190	multi	ProteinCoding	22764
published, mouse wells	190	multi	ProcessedPseudogene	9672
published, mouse wells	190	multi	UnprocessedPseudogene	2389
published, mouse wells	190	multi	lncRNA	2354
published, mouse wells	190	multi	MiscRna	1692
published, mouse wells	190	multi	TranscribedProcessedPseudogene	1406
published, mouse wells	190	multi	miRNA	689
published, mouse wells	190	multi	TranscribedUnprocessedPseudogene	530
published, mouse wells	190	multi	snoRNA	293
published, mouse wells	190	multi	TEC	83
published, mouse wells	190	multi	snRNA	80
published, mouse wells	190	multi	TranscribedUnitaryPseudogene	36
published, mouse wells	190	multi	ribozyme	26
published, mouse wells	190	multi	pseudogene	12
published, mouse wells	190	multi	tRNA	3
published, mouse wells	190	multi	MtRrna	2
published, mouse wells	190	multi	PolymorphicPseudogene	2
published, mouse wells	190	multi	UnitaryPseudogene	1
published, mouse wells	190	single	ProteinCoding	179585
published, mouse wells	190	single	lncRNA	4690
published, mouse wells	190	single	TEC	657
published, mouse wells	190	single	ProcessedPseudogene	549
published, mouse wells	190	single	ribozyme	477
published, mouse wells	190	single	snoRNA	205
published, mouse wells	190	single	miRNA	196
published, mouse wells	190	single	TranscribedUnprocessedPseudogene	160
published, mouse wells	190	single	TranscribedProcessedPseudogene	142
published, mouse wells	190	single	TranscribedUnitaryPseudogene	101
published, mouse wells	190	single	MiscRna	71
published, mouse wells	190	single	PolymorphicPseudogene	62
published, mouse wells	190	single	UnprocessedPseudogene	59
published, mouse wells	190	single	scaRNA	33
published, mouse wells	190	single	UnitaryPseudogene	15
published, mouse wells	190	single	MtRrna	12
published, mouse wells	190	single	snRNA	12
published, mouse wells	190	single	MtTrna	7
published, mouse wells	190	single	tRNA	5
published, mouse wells	190	single	rRNA	4
published, mouse wells	194	multi	ProteinCoding	4851
published, mouse wells	194	multi	ProcessedPseudogene	2343
published, mouse wells	194	multi	UnprocessedPseudogene	490
published, mouse wells	194	multi	MiscRna	400
published, mouse wells	194	multi	lncRNA	397
published, mouse wells	194	multi	TranscribedProcessedPseudogene	274
published, mouse wells	194	multi	miRNA	104
published, mouse wells	194	multi	snoRNA	96
published, mouse wells	194	multi	TranscribedUnprocessedPseudogene	74
published, mouse wells	194	multi	snRNA	50
published, mouse wells	194	multi	MtTrna	15
published, mouse wells	194	multi	tRNA	9
published, mouse wells	194	multi	TranscribedUnitaryPseudogene	7
published, mouse wells	194	multi	TEC	4
published, mouse wells	194	multi	ribozyme	4
published, mouse wells	194	multi	pseudogene	1
published, mouse wells	194	single	ProteinCoding	25035
published, mouse wells	194	single	lncRNA	1696
published, mouse wells	194	single	ribozyme	765
published, mouse wells	194	single	snoRNA	166
published, mouse wells	194	single	ProcessedPseudogene	108
published, mouse wells	194	single	miRNA	102
published, mouse wells	194	single	TEC	63
published, mouse wells	194	single	TranscribedProcessedPseudogene	48
published, mouse wells	194	single	UnprocessedPseudogene	25
published, mouse wells	194	single	snRNA	23
published, mouse wells	194	single	scaRNA	21
published, mouse wells	194	single	tRNA	14
published, mouse wells	194	single	PolymorphicPseudogene	13
published, mouse wells	194	single	TranscribedUnitaryPseudogene	13
published, mouse wells	194	single	TranscribedUnprocessedPseudogene	13
published, mouse wells	194	single	MiscRna	5
published, mouse wells	194	single	MtRrna	2
published, mouse wells	194	single	MtTrna	2
published, mouse wells	194	single	pseudogene	1
published, mouse wells	196	multi	ProteinCoding	10543
published, mouse wells	196	multi	ProcessedPseudogene	4899
published, mouse wells	196	multi	MiscRna	1858
published, mouse wells	196	multi	lncRNA	836
published, mouse wells	196	multi	TranscribedProcessedPseudogene	640
published, mouse wells	196	multi	UnprocessedPseudogene	535
published, mouse wells	196	multi	miRNA	409
published, mouse wells	196	multi	snRNA	183
published, mouse wells	196	multi	TranscribedUnprocessedPseudogene	166
published, mouse wells	196	multi	snoRNA	165
published, mouse wells	196	multi	ribozyme	52
published, mouse wells	196	multi	TEC	31
published, mouse wells	196	multi	pseudogene	7
published, mouse wells	196	multi	tRNA	7
published, mouse wells	196	multi	TranscribedUnitaryPseudogene	6
published, mouse wells	196	multi	MtTrna	2
published, mouse wells	196	multi	UnitaryPseudogene	1
published, mouse wells	196	single	ProteinCoding	67944
published, mouse wells	196	single	lncRNA	2606
published, mouse wells	196	single	ribozyme	790
published, mouse wells	196	single	ProcessedPseudogene	265
published, mouse wells	196	single	snoRNA	238
published, mouse wells	196	single	TEC	184
published, mouse wells	196	single	miRNA	145
published, mouse wells	196	single	snRNA	56
published, mouse wells	196	single	TranscribedProcessedPseudogene	54
published, mouse wells	196	single	TranscribedUnitaryPseudogene	41
published, mouse wells	196	single	TranscribedUnprocessedPseudogene	30
published, mouse wells	196	single	MiscRna	26
published, mouse wells	196	single	UnprocessedPseudogene	23
published, mouse wells	196	single	scaRNA	14
published, mouse wells	196	single	PolymorphicPseudogene	13
published, mouse wells	196	single	tRNA	12
published, mouse wells	196	single	MtTrna	5
published, mouse wells	196	single	MtRrna	3
published, mouse wells	196	single	pseudogene	2
published, mouse wells	196	single	rRNA	2
published, mouse wells	196	single	UnitaryPseudogene	1
published, mouse wells	198	multi	ProteinCoding	16854
published, mouse wells	198	multi	ProcessedPseudogene	8226
published, mouse wells	198	multi	lncRNA	1554
published, mouse wells	198	multi	UnprocessedPseudogene	1489
published, mouse wells	198	multi	TranscribedProcessedPseudogene	1165
published, mouse wells	198	multi	MiscRna	827
published, mouse wells	198	multi	miRNA	407
published, mouse wells	198	multi	TranscribedUnprocessedPseudogene	322
published, mouse wells	198	multi	snoRNA	84
published, mouse wells	198	multi	TEC	23
published, mouse wells	198	multi	pseudogene	21
published, mouse wells	198	multi	snRNA	21
published, mouse wells	198	multi	TranscribedUnitaryPseudogene	10
published, mouse wells	198	multi	ribozyme	7
published, mouse wells	198	multi	tRNA	4
published, mouse wells	198	multi	MtRrna	2
published, mouse wells	198	multi	PolymorphicPseudogene	1
published, mouse wells	198	multi	rRNA	1
published, mouse wells	198	single	ProteinCoding	125541
published, mouse wells	198	single	lncRNA	5269
published, mouse wells	198	single	ProcessedPseudogene	365
published, mouse wells	198	single	TEC	359
published, mouse wells	198	single	ribozyme	191
published, mouse wells	198	single	miRNA	188
published, mouse wells	198	single	snoRNA	122
published, mouse wells	198	single	TranscribedProcessedPseudogene	110
published, mouse wells	198	single	UnprocessedPseudogene	85
published, mouse wells	198	single	TranscribedUnprocessedPseudogene	57
published, mouse wells	198	single	MiscRna	47
published, mouse wells	198	single	TranscribedUnitaryPseudogene	35
published, mouse wells	198	single	PolymorphicPseudogene	33
published, mouse wells	198	single	UnitaryPseudogene	19
published, mouse wells	198	single	MtRrna	11
published, mouse wells	198	single	scaRNA	11
published, mouse wells	198	single	MtTrna	10
published, mouse wells	198	single	snRNA	10
published, mouse wells	198	single	rRNA	4
published, mouse wells	198	single	pseudogene	1
published, mouse wells	200	multi	ProteinCoding	21452
published, mouse wells	200	multi	ProcessedPseudogene	9340
published, mouse wells	200	multi	MiscRna	2327
published, mouse wells	200	multi	lncRNA	2186
published, mouse wells	200	multi	UnprocessedPseudogene	2115
published, mouse wells	200	multi	TranscribedProcessedPseudogene	1433
published, mouse wells	200	multi	miRNA	770
published, mouse wells	200	multi	TranscribedUnprocessedPseudogene	583
published, mouse wells	200	multi	snoRNA	183
published, mouse wells	200	multi	snRNA	97
published, mouse wells	200	multi	TEC	94
published, mouse wells	200	multi	ribozyme	44
published, mouse wells	200	multi	TranscribedUnitaryPseudogene	23
published, mouse wells	200	multi	pseudogene	18
published, mouse wells	200	multi	UnitaryPseudogene	3
published, mouse wells	200	multi	tRNA	3
published, mouse wells	200	multi	MtTrna	2
published, mouse wells	200	single	ProteinCoding	165096
published, mouse wells	200	single	lncRNA	4751
published, mouse wells	200	single	TEC	552
published, mouse wells	200	single	ProcessedPseudogene	444
published, mouse wells	200	single	snoRNA	335
published, mouse wells	200	single	ribozyme	322
published, mouse wells	200	single	miRNA	209
published, mouse wells	200	single	TranscribedUnitaryPseudogene	147
published, mouse wells	200	single	TranscribedUnprocessedPseudogene	91
published, mouse wells	200	single	TranscribedProcessedPseudogene	74
published, mouse wells	200	single	UnprocessedPseudogene	62
published, mouse wells	200	single	MiscRna	52
published, mouse wells	200	single	scaRNA	35
published, mouse wells	200	single	PolymorphicPseudogene	25
published, mouse wells	200	single	MtRrna	23
published, mouse wells	200	single	snRNA	22
published, mouse wells	200	single	tRNA	17
published, mouse wells	200	single	MtTrna	5
published, mouse wells	200	single	UnitaryPseudogene	5
published, mouse wells	200	single	rRNA	3
published, mouse wells	200	single	pseudogene	1
published, mouse wells	202	multi	ProteinCoding	53368
published, mouse wells	202	multi	ProcessedPseudogene	24851
published, mouse wells	202	multi	lncRNA	5318
published, mouse wells	202	multi	UnprocessedPseudogene	4763
published, mouse wells	202	multi	MiscRna	4555
published, mouse wells	202	multi	TranscribedProcessedPseudogene	3581
published, mouse wells	202	multi	miRNA	1721
published, mouse wells	202	multi	TranscribedUnprocessedPseudogene	1541
published, mouse wells	202	multi	snoRNA	669
published, mouse wells	202	multi	TEC	334
published, mouse wells	202	multi	snRNA	188
published, mouse wells	202	multi	ribozyme	85
published, mouse wells	202	multi	TranscribedUnitaryPseudogene	78
published, mouse wells	202	multi	pseudogene	52
published, mouse wells	202	multi	tRNA	23
published, mouse wells	202	multi	MtTrna	12
published, mouse wells	202	multi	UnitaryPseudogene	8
published, mouse wells	202	multi	scaRNA	5
published, mouse wells	202	multi	PolymorphicPseudogene	4
published, mouse wells	202	multi	MtRrna	2
published, mouse wells	202	single	ProteinCoding	427249
published, mouse wells	202	single	lncRNA	12589
published, mouse wells	202	single	ProcessedPseudogene	1310
published, mouse wells	202	single	TEC	1210
published, mouse wells	202	single	snoRNA	1049
published, mouse wells	202	single	ribozyme	1036
published, mouse wells	202	single	miRNA	684
published, mouse wells	202	single	TranscribedProcessedPseudogene	369
published, mouse wells	202	single	TranscribedUnprocessedPseudogene	300
published, mouse wells	202	single	UnprocessedPseudogene	161
published, mouse wells	202	single	TranscribedUnitaryPseudogene	131
published, mouse wells	202	single	scaRNA	97
published, mouse wells	202	single	PolymorphicPseudogene	93
published, mouse wells	202	single	MiscRna	71
published, mouse wells	202	single	snRNA	64
published, mouse wells	202	single	tRNA	39
published, mouse wells	202	single	MtRrna	21
published, mouse wells	202	single	MtTrna	15
published, mouse wells	202	single	pseudogene	7
published, mouse wells	202	single	rRNA	5
published, mouse wells	204	multi	ProteinCoding	18620
published, mouse wells	204	multi	ProcessedPseudogene	8247
published, mouse wells	204	multi	MiscRna	3182
published, mouse wells	204	multi	lncRNA	1976
published, mouse wells	204	multi	miRNA	1214
published, mouse wells	204	multi	TranscribedProcessedPseudogene	1025
published, mouse wells	204	multi	UnprocessedPseudogene	872
published, mouse wells	204	multi	snoRNA	732
published, mouse wells	204	multi	TranscribedUnprocessedPseudogene	392
published, mouse wells	204	multi	snRNA	191
published, mouse wells	204	multi	TEC	59
published, mouse wells	204	multi	ribozyme	40
published, mouse wells	204	multi	TranscribedUnitaryPseudogene	14
published, mouse wells	204	multi	pseudogene	10
published, mouse wells	204	multi	UnitaryPseudogene	8
published, mouse wells	204	multi	PolymorphicPseudogene	5
published, mouse wells	204	multi	tRNA	3
published, mouse wells	204	multi	MtTrna	2
published, mouse wells	204	multi	rRNA	1
published, mouse wells	204	single	ProteinCoding	156181
published, mouse wells	204	single	lncRNA	4800
published, mouse wells	204	single	ribozyme	664
published, mouse wells	204	single	snoRNA	493
published, mouse wells	204	single	TEC	413
published, mouse wells	204	single	ProcessedPseudogene	374
published, mouse wells	204	single	miRNA	199
published, mouse wells	204	single	TranscribedUnprocessedPseudogene	131
published, mouse wells	204	single	TranscribedProcessedPseudogene	102
published, mouse wells	204	single	MiscRna	54
published, mouse wells	204	single	UnprocessedPseudogene	49
published, mouse wells	204	single	scaRNA	45
published, mouse wells	204	single	snRNA	33
published, mouse wells	204	single	PolymorphicPseudogene	17
published, mouse wells	204	single	MtTrna	12
published, mouse wells	204	single	TranscribedUnitaryPseudogene	8
published, mouse wells	204	single	rRNA	7
published, mouse wells	204	single	tRNA	6
published, mouse wells	204	single	pseudogene	4
published, mouse wells	204	single	MtRrna	2
published, mouse wells	208	multi	ProteinCoding	30672
published, mouse wells	208	multi	ProcessedPseudogene	12201
published, mouse wells	208	multi	MiscRna	7069
published, mouse wells	208	multi	lncRNA	2412
published, mouse wells	208	multi	UnprocessedPseudogene	2137
published, mouse wells	208	multi	miRNA	1944
published, mouse wells	208	multi	TranscribedProcessedPseudogene	1707
published, mouse wells	208	multi	snoRNA	876
published, mouse wells	208	multi	TranscribedUnprocessedPseudogene	583
published, mouse wells	208	multi	snRNA	305
published, mouse wells	208	multi	ribozyme	123
published, mouse wells	208	multi	TEC	58
published, mouse wells	208	multi	TranscribedUnitaryPseudogene	38
published, mouse wells	208	multi	pseudogene	27
published, mouse wells	208	multi	tRNA	25
published, mouse wells	208	multi	MtRrna	5
published, mouse wells	208	multi	UnitaryPseudogene	3
published, mouse wells	208	multi	PolymorphicPseudogene	2
published, mouse wells	208	multi	scaRNA	1
published, mouse wells	208	single	ProteinCoding	239165
published, mouse wells	208	single	lncRNA	7189
published, mouse wells	208	single	ribozyme	1273
published, mouse wells	208	single	snoRNA	781
published, mouse wells	208	single	TEC	705
published, mouse wells	208	single	ProcessedPseudogene	659
published, mouse wells	208	single	miRNA	245
published, mouse wells	208	single	TranscribedProcessedPseudogene	210
published, mouse wells	208	single	snRNA	140
published, mouse wells	208	single	TranscribedUnprocessedPseudogene	114
published, mouse wells	208	single	MiscRna	104
published, mouse wells	208	single	PolymorphicPseudogene	72
published, mouse wells	208	single	UnprocessedPseudogene	68
published, mouse wells	208	single	TranscribedUnitaryPseudogene	59
published, mouse wells	208	single	scaRNA	51
published, mouse wells	208	single	tRNA	43
published, mouse wells	208	single	MtRrna	11
published, mouse wells	208	single	MtTrna	9
published, mouse wells	208	single	UnitaryPseudogene	9
published, mouse wells	208	single	rRNA	7
published, mouse wells	208	single	pseudogene	2
published, mouse wells	208	single	TrVGene	1
published, mouse wells	210	multi	ProteinCoding	32507
published, mouse wells	210	multi	ProcessedPseudogene	14121
published, mouse wells	210	multi	MiscRna	3856
published, mouse wells	210	multi	UnprocessedPseudogene	2993
published, mouse wells	210	multi	lncRNA	2900
published, mouse wells	210	multi	TranscribedProcessedPseudogene	2013
published, mouse wells	210	multi	miRNA	1268
published, mouse wells	210	multi	TranscribedUnprocessedPseudogene	596
published, mouse wells	210	multi	snoRNA	432
published, mouse wells	210	multi	snRNA	112
published, mouse wells	210	multi	TEC	68
published, mouse wells	210	multi	ribozyme	62
published, mouse wells	210	multi	pseudogene	43
published, mouse wells	210	multi	TranscribedUnitaryPseudogene	32
published, mouse wells	210	multi	TrVPseudogene	15
published, mouse wells	210	multi	tRNA	9
published, mouse wells	210	multi	PolymorphicPseudogene	6
published, mouse wells	210	multi	UnitaryPseudogene	6
published, mouse wells	210	multi	MtRrna	4
published, mouse wells	210	multi	MtTrna	2
published, mouse wells	210	multi	rRNA	2
published, mouse wells	210	single	ProteinCoding	269719
published, mouse wells	210	single	lncRNA	5836
published, mouse wells	210	single	TEC	838
published, mouse wells	210	single	ribozyme	652
published, mouse wells	210	single	snoRNA	643
published, mouse wells	210	single	ProcessedPseudogene	630
published, mouse wells	210	single	miRNA	340
published, mouse wells	210	single	TranscribedProcessedPseudogene	157
published, mouse wells	210	single	TranscribedUnprocessedPseudogene	127
published, mouse wells	210	single	UnprocessedPseudogene	90
published, mouse wells	210	single	snRNA	60
published, mouse wells	210	single	PolymorphicPseudogene	54
published, mouse wells	210	single	TranscribedUnitaryPseudogene	50
published, mouse wells	210	single	scaRNA	45
published, mouse wells	210	single	MiscRna	42
published, mouse wells	210	single	MtRrna	16
published, mouse wells	210	single	tRNA	16
published, mouse wells	210	single	MtTrna	11
published, mouse wells	210	single	UnitaryPseudogene	4
published, mouse wells	210	single	pseudogene	4
published, mouse wells	210	single	rRNA	1
published, mouse wells	214	multi	ProteinCoding	6272
published, mouse wells	214	multi	ProcessedPseudogene	3240
published, mouse wells	214	multi	lncRNA	613
published, mouse wells	214	multi	TranscribedProcessedPseudogene	452
published, mouse wells	214	multi	UnprocessedPseudogene	373
published, mouse wells	214	multi	MiscRna	246
published, mouse wells	214	multi	TranscribedUnprocessedPseudogene	138
published, mouse wells	214	multi	miRNA	111
published, mouse wells	214	multi	snoRNA	63
published, mouse wells	214	multi	TEC	13
published, mouse wells	214	multi	ribozyme	13
published, mouse wells	214	multi	TranscribedUnitaryPseudogene	11
published, mouse wells	214	multi	snRNA	9
published, mouse wells	214	multi	MtRrna	2
published, mouse wells	214	multi	pseudogene	1
published, mouse wells	214	single	ProteinCoding	47148
published, mouse wells	214	single	lncRNA	1265
published, mouse wells	214	single	ProcessedPseudogene	162
published, mouse wells	214	single	ribozyme	103
published, mouse wells	214	single	snoRNA	100
published, mouse wells	214	single	TEC	84
published, mouse wells	214	single	miRNA	68
published, mouse wells	214	single	TranscribedProcessedPseudogene	44
published, mouse wells	214	single	UnprocessedPseudogene	13
published, mouse wells	214	single	tRNA	12
published, mouse wells	214	single	scaRNA	11
published, mouse wells	214	single	TranscribedUnprocessedPseudogene	10
published, mouse wells	214	single	PolymorphicPseudogene	6
published, mouse wells	214	single	TranscribedUnitaryPseudogene	4
published, mouse wells	214	single	snRNA	4
published, mouse wells	214	single	MiscRna	2
published, mouse wells	214	single	MtRrna	2
published, mouse wells	215	multi	ProteinCoding	12859
published, mouse wells	215	multi	ProcessedPseudogene	5040
published, mouse wells	215	multi	UnprocessedPseudogene	1703
published, mouse wells	215	multi	MiscRna	1419
published, mouse wells	215	multi	lncRNA	1342
published, mouse wells	215	multi	TranscribedProcessedPseudogene	713
published, mouse wells	215	multi	TranscribedUnprocessedPseudogene	493
published, mouse wells	215	multi	miRNA	442
published, mouse wells	215	multi	snoRNA	203
published, mouse wells	215	multi	snRNA	54
published, mouse wells	215	multi	TEC	36
published, mouse wells	215	multi	ribozyme	25
published, mouse wells	215	multi	TranscribedUnitaryPseudogene	19
published, mouse wells	215	multi	MtTrna	11
published, mouse wells	215	multi	pseudogene	8
published, mouse wells	215	multi	tRNA	2
published, mouse wells	215	multi	PolymorphicPseudogene	1
published, mouse wells	215	single	ProteinCoding	116796
published, mouse wells	215	single	lncRNA	3263
published, mouse wells	215	single	TEC	383
published, mouse wells	215	single	ribozyme	271
published, mouse wells	215	single	ProcessedPseudogene	252
published, mouse wells	215	single	snoRNA	215
published, mouse wells	215	single	miRNA	143
published, mouse wells	215	single	TranscribedUnprocessedPseudogene	139
published, mouse wells	215	single	TranscribedUnitaryPseudogene	95
published, mouse wells	215	single	UnprocessedPseudogene	72
published, mouse wells	215	single	TranscribedProcessedPseudogene	70
published, mouse wells	215	single	MiscRna	33
published, mouse wells	215	single	snRNA	20
published, mouse wells	215	single	scaRNA	14
published, mouse wells	215	single	MtTrna	10
published, mouse wells	215	single	PolymorphicPseudogene	10
published, mouse wells	215	single	pseudogene	5
published, mouse wells	215	single	rRNA	3
published, mouse wells	215	single	tRNA	2
published, mouse wells	215	single	MtRrna	1
published, mouse wells	218	multi	ProteinCoding	26063
published, mouse wells	218	multi	ProcessedPseudogene	11018
published, mouse wells	218	multi	MiscRna	4192
published, mouse wells	218	multi	lncRNA	2441
published, mouse wells	218	multi	UnprocessedPseudogene	1525
published, mouse wells	218	multi	TranscribedProcessedPseudogene	1498
published, mouse wells	218	multi	TranscribedUnprocessedPseudogene	832
published, mouse wells	218	multi	miRNA	826
published, mouse wells	218	multi	snoRNA	417
published, mouse wells	218	multi	snRNA	125
published, mouse wells	218	multi	TEC	100
published, mouse wells	218	multi	ribozyme	49
published, mouse wells	218	multi	pseudogene	21
published, mouse wells	218	multi	TranscribedUnitaryPseudogene	17
published, mouse wells	218	multi	tRNA	5
published, mouse wells	218	multi	PolymorphicPseudogene	3
published, mouse wells	218	multi	MtRrna	2
published, mouse wells	218	multi	rRNA	2
published, mouse wells	218	multi	UnitaryPseudogene	1
published, mouse wells	218	single	ProteinCoding	214040
published, mouse wells	218	single	lncRNA	5751
published, mouse wells	218	single	TEC	704
published, mouse wells	218	single	ribozyme	696
published, mouse wells	218	single	ProcessedPseudogene	603
published, mouse wells	218	single	snoRNA	520
published, mouse wells	218	single	miRNA	317
published, mouse wells	218	single	TranscribedProcessedPseudogene	146
published, mouse wells	218	single	TranscribedUnitaryPseudogene	135
published, mouse wells	218	single	TranscribedUnprocessedPseudogene	103
published, mouse wells	218	single	UnprocessedPseudogene	87
published, mouse wells	218	single	snRNA	63
published, mouse wells	218	single	scaRNA	52
published, mouse wells	218	single	MiscRna	43
published, mouse wells	218	single	PolymorphicPseudogene	34
published, mouse wells	218	single	tRNA	16
published, mouse wells	218	single	MtRrna	7
published, mouse wells	218	single	rRNA	6
published, mouse wells	218	single	pseudogene	5
published, mouse wells	218	single	UnitaryPseudogene	4
published, mouse wells	218	single	MtTrna	1
published, mouse wells	220	multi	ProteinCoding	40207
published, mouse wells	220	multi	ProcessedPseudogene	17414
published, mouse wells	220	multi	MiscRna	4399
published, mouse wells	220	multi	lncRNA	3880
published, mouse wells	220	multi	UnprocessedPseudogene	3714
published, mouse wells	220	multi	TranscribedProcessedPseudogene	2398
published, mouse wells	220	multi	TranscribedUnprocessedPseudogene	1473
published, mouse wells	220	multi	miRNA	1428
published, mouse wells	220	multi	snoRNA	1052
published, mouse wells	220	multi	snRNA	228
published, mouse wells	220	multi	TEC	184
published, mouse wells	220	multi	ribozyme	95
published, mouse wells	220	multi	pseudogene	78
published, mouse wells	220	multi	TranscribedUnitaryPseudogene	74
published, mouse wells	220	multi	PolymorphicPseudogene	6
published, mouse wells	220	multi	UnitaryPseudogene	6
published, mouse wells	220	multi	tRNA	5
published, mouse wells	220	multi	MtRrna	3
published, mouse wells	220	single	ProteinCoding	349813
published, mouse wells	220	single	lncRNA	10656
published, mouse wells	220	single	ribozyme	1510
published, mouse wells	220	single	ProcessedPseudogene	993
published, mouse wells	220	single	TEC	903
published, mouse wells	220	single	snoRNA	881
published, mouse wells	220	single	miRNA	643
published, mouse wells	220	single	TranscribedUnprocessedPseudogene	338
published, mouse wells	220	single	TranscribedUnitaryPseudogene	232
published, mouse wells	220	single	UnprocessedPseudogene	183
published, mouse wells	220	single	TranscribedProcessedPseudogene	140
published, mouse wells	220	single	MiscRna	87
published, mouse wells	220	single	PolymorphicPseudogene	82
published, mouse wells	220	single	snRNA	79
published, mouse wells	220	single	scaRNA	71
published, mouse wells	220	single	UnitaryPseudogene	54
published, mouse wells	220	single	tRNA	29
published, mouse wells	220	single	MtRrna	18
published, mouse wells	220	single	pseudogene	6
published, mouse wells	220	single	MtTrna	4
published, mouse wells	220	single	rRNA	4
published, mouse wells	222	multi	ProteinCoding	30129
published, mouse wells	222	multi	ProcessedPseudogene	14118
published, mouse wells	222	multi	UnprocessedPseudogene	3360
published, mouse wells	222	multi	lncRNA	2964
published, mouse wells	222	multi	TranscribedProcessedPseudogene	2229
published, mouse wells	222	multi	MiscRna	1542
published, mouse wells	222	multi	miRNA	750
published, mouse wells	222	multi	TranscribedUnprocessedPseudogene	600
published, mouse wells	222	multi	snoRNA	268
published, mouse wells	222	multi	pseudogene	51
published, mouse wells	222	multi	snRNA	45
published, mouse wells	222	multi	TEC	43
published, mouse wells	222	multi	TranscribedUnitaryPseudogene	35
published, mouse wells	222	multi	ribozyme	33
published, mouse wells	222	multi	MtTrna	10
published, mouse wells	222	multi	tRNA	9
published, mouse wells	222	multi	UnitaryPseudogene	5
published, mouse wells	222	multi	MtRrna	4
published, mouse wells	222	multi	PolymorphicPseudogene	1
published, mouse wells	222	single	ProteinCoding	222826
published, mouse wells	222	single	lncRNA	7462
published, mouse wells	222	single	ProcessedPseudogene	720
published, mouse wells	222	single	TEC	514
published, mouse wells	222	single	snoRNA	488
published, mouse wells	222	single	miRNA	412
published, mouse wells	222	single	ribozyme	371
published, mouse wells	222	single	TranscribedProcessedPseudogene	186
published, mouse wells	222	single	TranscribedUnprocessedPseudogene	134
published, mouse wells	222	single	PolymorphicPseudogene	61
published, mouse wells	222	single	UnprocessedPseudogene	52
published, mouse wells	222	single	MiscRna	48
published, mouse wells	222	single	snRNA	34
published, mouse wells	222	single	TranscribedUnitaryPseudogene	30
published, mouse wells	222	single	scaRNA	29
published, mouse wells	222	single	tRNA	26
published, mouse wells	222	single	MtTrna	25
published, mouse wells	222	single	UnitaryPseudogene	13
published, mouse wells	222	single	MtRrna	9
published, mouse wells	222	single	pseudogene	3
published, mouse wells	224	multi	ProteinCoding	8764
published, mouse wells	224	multi	ProcessedPseudogene	4453
published, mouse wells	224	multi	UnprocessedPseudogene	1158
published, mouse wells	224	multi	lncRNA	799
published, mouse wells	224	multi	TranscribedProcessedPseudogene	602
published, mouse wells	224	multi	MiscRna	299
published, mouse wells	224	multi	TranscribedUnprocessedPseudogene	157
published, mouse wells	224	multi	miRNA	153
published, mouse wells	224	multi	snoRNA	56
published, mouse wells	224	multi	snRNA	17
published, mouse wells	224	multi	TEC	14
published, mouse wells	224	multi	TranscribedUnitaryPseudogene	12
published, mouse wells	224	multi	ribozyme	7
published, mouse wells	224	multi	MtTrna	5
published, mouse wells	224	multi	pseudogene	4
published, mouse wells	224	single	ProteinCoding	45859
published, mouse wells	224	single	lncRNA	1279
published, mouse wells	224	single	ProcessedPseudogene	200
published, mouse wells	224	single	TEC	130
published, mouse wells	224	single	miRNA	106
published, mouse wells	224	single	ribozyme	106
published, mouse wells	224	single	snoRNA	106
published, mouse wells	224	single	TranscribedProcessedPseudogene	70
published, mouse wells	224	single	TranscribedUnprocessedPseudogene	20
published, mouse wells	224	single	UnprocessedPseudogene	20
published, mouse wells	224	single	TranscribedUnitaryPseudogene	18
published, mouse wells	224	single	scaRNA	13
published, mouse wells	224	single	MiscRna	9
published, mouse wells	224	single	tRNA	7
published, mouse wells	224	single	PolymorphicPseudogene	6
published, mouse wells	224	single	snRNA	4
published, mouse wells	224	single	MtRrna	2
published, mouse wells	224	single	UnitaryPseudogene	2
published, mouse wells	224	single	pseudogene	2
published, mouse wells	224	single	MtTrna	1
published, mouse wells	224	single	rRNA	1
published, mouse wells	226	multi	ProteinCoding	16683
published, mouse wells	226	multi	ProcessedPseudogene	8803
published, mouse wells	226	multi	UnprocessedPseudogene	1666
published, mouse wells	226	multi	lncRNA	1560
published, mouse wells	226	multi	TranscribedProcessedPseudogene	1179
published, mouse wells	226	multi	MiscRna	333
published, mouse wells	226	multi	miRNA	245
published, mouse wells	226	multi	TranscribedUnprocessedPseudogene	215
published, mouse wells	226	multi	snoRNA	50
published, mouse wells	226	multi	pseudogene	38
published, mouse wells	226	multi	TranscribedUnitaryPseudogene	26
published, mouse wells	226	multi	TEC	23
published, mouse wells	226	multi	snRNA	14
published, mouse wells	226	multi	ribozyme	8
published, mouse wells	226	multi	tRNA	2
published, mouse wells	226	multi	MtRrna	1
published, mouse wells	226	multi	MtTrna	1
published, mouse wells	226	multi	PolymorphicPseudogene	1
published, mouse wells	226	single	ProteinCoding	88528
published, mouse wells	226	single	lncRNA	2462
published, mouse wells	226	single	ProcessedPseudogene	409
published, mouse wells	226	single	TEC	186
published, mouse wells	226	single	TranscribedProcessedPseudogene	166
published, mouse wells	226	single	miRNA	141
published, mouse wells	226	single	ribozyme	116
published, mouse wells	226	single	snoRNA	90
published, mouse wells	226	single	TranscribedUnprocessedPseudogene	39
published, mouse wells	226	single	UnprocessedPseudogene	33
published, mouse wells	226	single	scaRNA	25
published, mouse wells	226	single	TranscribedUnitaryPseudogene	17
published, mouse wells	226	single	tRNA	5
published, mouse wells	226	single	PolymorphicPseudogene	4
published, mouse wells	226	single	MiscRna	3
published, mouse wells	226	single	MtTrna	3
published, mouse wells	226	single	pseudogene	3
published, mouse wells	226	single	UnitaryPseudogene	1
published, mouse wells	226	single	snRNA	1
published, mouse wells	228	multi	ProteinCoding	4809
published, mouse wells	228	multi	ProcessedPseudogene	2679
published, mouse wells	228	multi	lncRNA	465
published, mouse wells	228	multi	UnprocessedPseudogene	459
published, mouse wells	228	multi	TranscribedProcessedPseudogene	394
published, mouse wells	228	multi	miRNA	38
published, mouse wells	228	multi	TranscribedUnprocessedPseudogene	37
published, mouse wells	228	multi	MiscRna	30
published, mouse wells	228	multi	TEC	9
published, mouse wells	228	multi	snoRNA	7
published, mouse wells	228	multi	TranscribedUnitaryPseudogene	5
published, mouse wells	228	multi	pseudogene	5
published, mouse wells	228	multi	PolymorphicPseudogene	3
published, mouse wells	228	multi	tRNA	3
published, mouse wells	228	multi	snRNA	2
published, mouse wells	228	single	ProteinCoding	18227
published, mouse wells	228	single	lncRNA	629
published, mouse wells	228	single	ProcessedPseudogene	146
published, mouse wells	228	single	TranscribedProcessedPseudogene	75
published, mouse wells	228	single	miRNA	61
published, mouse wells	228	single	TranscribedUnprocessedPseudogene	32
published, mouse wells	228	single	snoRNA	28
published, mouse wells	228	single	TEC	18
published, mouse wells	228	single	UnprocessedPseudogene	11
published, mouse wells	228	single	TranscribedUnitaryPseudogene	10
published, mouse wells	228	single	scaRNA	7
published, mouse wells	228	single	MtTrna	3
published, mouse wells	228	single	ribozyme	3
published, mouse wells	228	single	PolymorphicPseudogene	2
published, mouse wells	228	single	MiscRna	1
published, mouse wells	228	single	tRNA	1
published, mouse wells	230	multi	ProteinCoding	9829
published, mouse wells	230	multi	ProcessedPseudogene	5013
published, mouse wells	230	multi	lncRNA	947
published, mouse wells	230	multi	UnprocessedPseudogene	748
published, mouse wells	230	multi	TranscribedProcessedPseudogene	673
published, mouse wells	230	multi	MiscRna	487
published, mouse wells	230	multi	miRNA	268
published, mouse wells	230	multi	TranscribedUnprocessedPseudogene	223
published, mouse wells	230	multi	snoRNA	79
published, mouse wells	230	multi	TEC	25
published, mouse wells	230	multi	ribozyme	18
published, mouse wells	230	multi	pseudogene	16
published, mouse wells	230	multi	snRNA	16
published, mouse wells	230	multi	TranscribedUnitaryPseudogene	11
published, mouse wells	230	multi	tRNA	2
published, mouse wells	230	single	ProteinCoding	63918
published, mouse wells	230	single	lncRNA	2513
published, mouse wells	230	single	ProcessedPseudogene	236
published, mouse wells	230	single	TEC	220
published, mouse wells	230	single	ribozyme	124
published, mouse wells	230	single	snoRNA	117
published, mouse wells	230	single	TranscribedUnprocessedPseudogene	75
published, mouse wells	230	single	miRNA	72
published, mouse wells	230	single	TranscribedProcessedPseudogene	62
published, mouse wells	230	single	TranscribedUnitaryPseudogene	55
published, mouse wells	230	single	UnprocessedPseudogene	28
published, mouse wells	230	single	PolymorphicPseudogene	27
published, mouse wells	230	single	MiscRna	21
published, mouse wells	230	single	scaRNA	10
published, mouse wells	230	single	MtTrna	8
published, mouse wells	230	single	pseudogene	8
published, mouse wells	230	single	UnitaryPseudogene	5
published, mouse wells	230	single	rRNA	5
published, mouse wells	230	single	snRNA	5
published, mouse wells	230	single	tRNA	4
published, mouse wells	230	single	MtRrna	2
published, mouse wells	232	multi	ProteinCoding	14058
published, mouse wells	232	multi	ProcessedPseudogene	5622
published, mouse wells	232	multi	MiscRna	2642
published, mouse wells	232	multi	UnprocessedPseudogene	1313
published, mouse wells	232	multi	lncRNA	1243
published, mouse wells	232	multi	TranscribedProcessedPseudogene	846
published, mouse wells	232	multi	miRNA	661
published, mouse wells	232	multi	TranscribedUnprocessedPseudogene	432
published, mouse wells	232	multi	snoRNA	216
published, mouse wells	232	multi	snRNA	73
published, mouse wells	232	multi	ribozyme	40
published, mouse wells	232	multi	TEC	29
published, mouse wells	232	multi	TranscribedUnitaryPseudogene	13
published, mouse wells	232	multi	pseudogene	6
published, mouse wells	232	multi	PolymorphicPseudogene	2
published, mouse wells	232	multi	UnitaryPseudogene	2
published, mouse wells	232	multi	MtRrna	1
published, mouse wells	232	multi	MtTrna	1
published, mouse wells	232	multi	rRNA	1
published, mouse wells	232	multi	tRNA	1
published, mouse wells	232	single	ProteinCoding	114408
published, mouse wells	232	single	lncRNA	3429
published, mouse wells	232	single	ribozyme	454
published, mouse wells	232	single	TEC	371
published, mouse wells	232	single	ProcessedPseudogene	269
published, mouse wells	232	single	snoRNA	241
published, mouse wells	232	single	miRNA	128
published, mouse wells	232	single	TranscribedUnprocessedPseudogene	96
published, mouse wells	232	single	TranscribedProcessedPseudogene	92
published, mouse wells	232	single	TranscribedUnitaryPseudogene	63
published, mouse wells	232	single	UnprocessedPseudogene	54
published, mouse wells	232	single	snRNA	48
published, mouse wells	232	single	PolymorphicPseudogene	40
published, mouse wells	232	single	MiscRna	36
published, mouse wells	232	single	scaRNA	16
published, mouse wells	232	single	MtTrna	5
published, mouse wells	232	single	MtRrna	3
published, mouse wells	232	single	UnitaryPseudogene	3
published, mouse wells	232	single	rRNA	3
published, mouse wells	232	single	tRNA	3
published, mouse wells	234	multi	ProteinCoding	21679
published, mouse wells	234	multi	ProcessedPseudogene	9664
published, mouse wells	234	multi	MiscRna	2875
published, mouse wells	234	multi	lncRNA	1985
published, mouse wells	234	multi	UnprocessedPseudogene	1669
published, mouse wells	234	multi	TranscribedProcessedPseudogene	1243
published, mouse wells	234	multi	miRNA	708
published, mouse wells	234	multi	TranscribedUnprocessedPseudogene	560
published, mouse wells	234	multi	snoRNA	394
published, mouse wells	234	multi	snRNA	83
published, mouse wells	234	multi	ribozyme	76
published, mouse wells	234	multi	TEC	51
published, mouse wells	234	multi	pseudogene	41
published, mouse wells	234	multi	TranscribedUnitaryPseudogene	26
published, mouse wells	234	multi	MtRrna	6
published, mouse wells	234	multi	tRNA	3
published, mouse wells	234	single	ProteinCoding	182510
published, mouse wells	234	single	lncRNA	4893
published, mouse wells	234	single	ribozyme	544
published, mouse wells	234	single	snoRNA	483
published, mouse wells	234	single	TEC	456
published, mouse wells	234	single	ProcessedPseudogene	443
published, mouse wells	234	single	miRNA	206
published, mouse wells	234	single	TranscribedUnprocessedPseudogene	142
published, mouse wells	234	single	TranscribedProcessedPseudogene	134
published, mouse wells	234	single	UnprocessedPseudogene	59
published, mouse wells	234	single	MiscRna	47
published, mouse wells	234	single	TranscribedUnitaryPseudogene	47
published, mouse wells	234	single	scaRNA	38
published, mouse wells	234	single	PolymorphicPseudogene	30
published, mouse wells	234	single	snRNA	29
published, mouse wells	234	single	tRNA	17
published, mouse wells	234	single	MtRrna	9
published, mouse wells	234	single	MtTrna	2
published, mouse wells	236	multi	ProteinCoding	7457
published, mouse wells	236	multi	ProcessedPseudogene	3451
published, mouse wells	236	multi	UnprocessedPseudogene	883
published, mouse wells	236	multi	lncRNA	794
published, mouse wells	236	multi	TranscribedProcessedPseudogene	475
published, mouse wells	236	multi	MiscRna	332
published, mouse wells	236	multi	TranscribedUnprocessedPseudogene	149
published, mouse wells	236	multi	miRNA	143
published, mouse wells	236	multi	snoRNA	67
published, mouse wells	236	multi	TEC	21
published, mouse wells	236	multi	TranscribedUnitaryPseudogene	11
published, mouse wells	236	multi	ribozyme	8
published, mouse wells	236	multi	snRNA	5
published, mouse wells	236	multi	MtRrna	3
published, mouse wells	236	multi	pseudogene	3
published, mouse wells	236	multi	TrVGene	2
published, mouse wells	236	multi	TrVPseudogene	2
published, mouse wells	236	multi	UnitaryPseudogene	2
published, mouse wells	236	multi	tRNA	2
published, mouse wells	236	single	ProteinCoding	47946
published, mouse wells	236	single	lncRNA	1711
published, mouse wells	236	single	ProcessedPseudogene	171
published, mouse wells	236	single	ribozyme	131
published, mouse wells	236	single	TEC	113
published, mouse wells	236	single	snoRNA	62
published, mouse wells	236	single	TranscribedProcessedPseudogene	51
published, mouse wells	236	single	TranscribedUnprocessedPseudogene	50
published, mouse wells	236	single	miRNA	44
published, mouse wells	236	single	UnprocessedPseudogene	19
published, mouse wells	236	single	snRNA	16
published, mouse wells	236	single	MiscRna	14
published, mouse wells	236	single	TranscribedUnitaryPseudogene	8
published, mouse wells	236	single	rRNA	7
published, mouse wells	236	single	MtRrna	5
published, mouse wells	236	single	scaRNA	5
published, mouse wells	236	single	PolymorphicPseudogene	4
published, mouse wells	236	single	tRNA	3
published, mouse wells	236	single	UnitaryPseudogene	2
published, mouse wells	238	multi	ProteinCoding	3314
published, mouse wells	238	multi	ProcessedPseudogene	1499
published, mouse wells	238	multi	UnprocessedPseudogene	368
published, mouse wells	238	multi	lncRNA	322
published, mouse wells	238	multi	TranscribedProcessedPseudogene	235
published, mouse wells	238	multi	MiscRna	210
published, mouse wells	238	multi	miRNA	83
published, mouse wells	238	multi	TranscribedUnprocessedPseudogene	74
published, mouse wells	238	multi	snoRNA	29
published, mouse wells	238	multi	TEC	14
published, mouse wells	238	multi	pseudogene	6
published, mouse wells	238	multi	ribozyme	5
published, mouse wells	238	multi	TranscribedUnitaryPseudogene	4
published, mouse wells	238	multi	PolymorphicPseudogene	3
published, mouse wells	238	multi	snRNA	2
published, mouse wells	238	single	ProteinCoding	29314
published, mouse wells	238	single	lncRNA	1212
published, mouse wells	238	single	TEC	96
published, mouse wells	238	single	ProcessedPseudogene	75
published, mouse wells	238	single	miRNA	57
published, mouse wells	238	single	snoRNA	47
published, mouse wells	238	single	ribozyme	39
published, mouse wells	238	single	TranscribedUnprocessedPseudogene	25
published, mouse wells	238	single	PolymorphicPseudogene	16
published, mouse wells	238	single	MiscRna	9
published, mouse wells	238	single	TranscribedProcessedPseudogene	9
published, mouse wells	238	single	TranscribedUnitaryPseudogene	8
published, mouse wells	238	single	scaRNA	8
published, mouse wells	238	single	UnitaryPseudogene	6
published, mouse wells	238	single	UnprocessedPseudogene	3
published, mouse wells	238	single	MtRrna	2
published, mouse wells	238	single	pseudogene	2
published, mouse wells	238	single	MtTrna	1
published, mouse wells	242	multi	ProteinCoding	22687
published, mouse wells	242	multi	ProcessedPseudogene	8103
published, mouse wells	242	multi	MiscRna	3712
published, mouse wells	242	multi	UnprocessedPseudogene	2658
published, mouse wells	242	multi	lncRNA	2140
published, mouse wells	242	multi	TranscribedProcessedPseudogene	1169
published, mouse wells	242	multi	miRNA	789
published, mouse wells	242	multi	TranscribedUnprocessedPseudogene	516
published, mouse wells	242	multi	snoRNA	200
published, mouse wells	242	multi	snRNA	151
published, mouse wells	242	multi	TEC	93
published, mouse wells	242	multi	ribozyme	48
published, mouse wells	242	multi	pseudogene	28
published, mouse wells	242	multi	TranscribedUnitaryPseudogene	18
published, mouse wells	242	multi	tRNA	16
published, mouse wells	242	multi	UnitaryPseudogene	5
published, mouse wells	242	multi	MtTrna	4
published, mouse wells	242	multi	MtRrna	3
published, mouse wells	242	multi	PolymorphicPseudogene	2
published, mouse wells	242	multi	TrVPseudogene	1
published, mouse wells	242	multi	rRNA	1
published, mouse wells	242	single	ProteinCoding	157747
published, mouse wells	242	single	lncRNA	5417
published, mouse wells	242	single	ribozyme	717
published, mouse wells	242	single	ProcessedPseudogene	457
published, mouse wells	242	single	TEC	376
published, mouse wells	242	single	snoRNA	282
published, mouse wells	242	single	miRNA	228
published, mouse wells	242	single	TranscribedProcessedPseudogene	189
published, mouse wells	242	single	TranscribedUnprocessedPseudogene	114
published, mouse wells	242	single	UnprocessedPseudogene	98
published, mouse wells	242	single	snRNA	74
published, mouse wells	242	single	TranscribedUnitaryPseudogene	73
published, mouse wells	242	single	MiscRna	65
published, mouse wells	242	single	scaRNA	39
published, mouse wells	242	single	tRNA	28
published, mouse wells	242	single	PolymorphicPseudogene	27
published, mouse wells	242	single	MtTrna	18
published, mouse wells	242	single	MtRrna	17
published, mouse wells	242	single	rRNA	7
published, mouse wells	242	single	UnitaryPseudogene	5
published, mouse wells	242	single	pseudogene	3
published, mouse wells	244	multi	ProteinCoding	25904
published, mouse wells	244	multi	ProcessedPseudogene	12284
published, mouse wells	244	multi	lncRNA	2818
published, mouse wells	244	multi	UnprocessedPseudogene	2544
published, mouse wells	244	multi	TranscribedProcessedPseudogene	1844
published, mouse wells	244	multi	MiscRna	1668
published, mouse wells	244	multi	miRNA	759
published, mouse wells	244	multi	TranscribedUnprocessedPseudogene	576
published, mouse wells	244	multi	snoRNA	405
published, mouse wells	244	multi	TranscribedUnitaryPseudogene	72
published, mouse wells	244	multi	TEC	56
published, mouse wells	244	multi	snRNA	44
published, mouse wells	244	multi	pseudogene	21
published, mouse wells	244	multi	ribozyme	19
published, mouse wells	244	multi	PolymorphicPseudogene	4
published, mouse wells	244	multi	tRNA	2
published, mouse wells	244	multi	MtTrna	1
published, mouse wells	244	single	ProteinCoding	205154
published, mouse wells	244	single	lncRNA	7140
published, mouse wells	244	single	ProcessedPseudogene	731
published, mouse wells	244	single	TEC	513
published, mouse wells	244	single	ribozyme	508
published, mouse wells	244	single	snoRNA	357
published, mouse wells	244	single	TranscribedUnprocessedPseudogene	216
published, mouse wells	244	single	miRNA	196
published, mouse wells	244	single	TranscribedProcessedPseudogene	128
published, mouse wells	244	single	UnprocessedPseudogene	117
published, mouse wells	244	single	MiscRna	80
published, mouse wells	244	single	scaRNA	61
published, mouse wells	244	single	TranscribedUnitaryPseudogene	41
published, mouse wells	244	single	PolymorphicPseudogene	28
published, mouse wells	244	single	snRNA	25
published, mouse wells	244	single	MtTrna	6
published, mouse wells	244	single	tRNA	5
published, mouse wells	244	single	MtRrna	4
published, mouse wells	244	single	UnitaryPseudogene	3
published, mouse wells	244	single	pseudogene	1
published, mouse wells	246	multi	ProteinCoding	18930
published, mouse wells	246	multi	ProcessedPseudogene	8956
published, mouse wells	246	multi	UnprocessedPseudogene	1784
published, mouse wells	246	multi	lncRNA	1771
published, mouse wells	246	multi	TranscribedProcessedPseudogene	1511
published, mouse wells	246	multi	MiscRna	1008
published, mouse wells	246	multi	TranscribedUnprocessedPseudogene	693
published, mouse wells	246	multi	miRNA	473
published, mouse wells	246	multi	snoRNA	157
published, mouse wells	246	multi	TranscribedUnitaryPseudogene	53
published, mouse wells	246	multi	ribozyme	34
published, mouse wells	246	multi	snRNA	27
published, mouse wells	246	multi	TEC	26
published, mouse wells	246	multi	pseudogene	8
published, mouse wells	246	multi	UnitaryPseudogene	6
published, mouse wells	246	multi	PolymorphicPseudogene	5
published, mouse wells	246	multi	tRNA	3
published, mouse wells	246	multi	MtRrna	1
published, mouse wells	246	multi	rRNA	1
published, mouse wells	246	single	ProteinCoding	147447
published, mouse wells	246	single	lncRNA	4266
published, mouse wells	246	single	ProcessedPseudogene	489
published, mouse wells	246	single	TEC	338
published, mouse wells	246	single	ribozyme	251
published, mouse wells	246	single	snoRNA	220
published, mouse wells	246	single	TranscribedProcessedPseudogene	185
published, mouse wells	246	single	miRNA	160
published, mouse wells	246	single	TranscribedUnprocessedPseudogene	96
published, mouse wells	246	single	UnprocessedPseudogene	85
published, mouse wells	246	single	TranscribedUnitaryPseudogene	58
published, mouse wells	246	single	PolymorphicPseudogene	56
published, mouse wells	246	single	MiscRna	26
published, mouse wells	246	single	scaRNA	23
published, mouse wells	246	single	UnitaryPseudogene	20
published, mouse wells	246	single	snRNA	16
published, mouse wells	246	single	MtTrna	5
published, mouse wells	246	single	tRNA	4
published, mouse wells	246	single	MtRrna	2
published, mouse wells	246	single	rRNA	2
published, mouse wells	248	multi	ProteinCoding	44775
published, mouse wells	248	multi	ProcessedPseudogene	20630
published, mouse wells	248	multi	UnprocessedPseudogene	4838
published, mouse wells	248	multi	lncRNA	4321
published, mouse wells	248	multi	TranscribedProcessedPseudogene	3002
published, mouse wells	248	multi	MiscRna	2925
published, mouse wells	248	multi	TranscribedUnprocessedPseudogene	1275
published, mouse wells	248	multi	miRNA	1275
published, mouse wells	248	multi	snoRNA	481
published, mouse wells	248	multi	TEC	269
published, mouse wells	248	multi	snRNA	134
published, mouse wells	248	multi	ribozyme	56
published, mouse wells	248	multi	TranscribedUnitaryPseudogene	55
published, mouse wells	248	multi	pseudogene	55
published, mouse wells	248	multi	tRNA	20
published, mouse wells	248	multi	UnitaryPseudogene	7
published, mouse wells	248	multi	PolymorphicPseudogene	5
published, mouse wells	248	multi	MtRrna	4
published, mouse wells	248	multi	TrVGene	4
published, mouse wells	248	multi	TrVPseudogene	3
published, mouse wells	248	multi	MtTrna	2
published, mouse wells	248	multi	rRNA	2
published, mouse wells	248	single	ProteinCoding	343647
published, mouse wells	248	single	lncRNA	10768
published, mouse wells	248	single	ProcessedPseudogene	1140
published, mouse wells	248	single	TEC	997
published, mouse wells	248	single	ribozyme	686
published, mouse wells	248	single	snoRNA	656
published, mouse wells	248	single	miRNA	482
published, mouse wells	248	single	TranscribedUnprocessedPseudogene	362
published, mouse wells	248	single	TranscribedProcessedPseudogene	311
published, mouse wells	248	single	TranscribedUnitaryPseudogene	221
published, mouse wells	248	single	UnprocessedPseudogene	221
published, mouse wells	248	single	MiscRna	103
published, mouse wells	248	single	PolymorphicPseudogene	75
published, mouse wells	248	single	tRNA	63
published, mouse wells	248	single	scaRNA	43
published, mouse wells	248	single	snRNA	39
published, mouse wells	248	single	UnitaryPseudogene	27
published, mouse wells	248	single	MtTrna	24
published, mouse wells	248	single	MtRrna	10
published, mouse wells	248	single	pseudogene	6
published, mouse wells	248	single	TrCGene	2
published, mouse wells	250	multi	ProteinCoding	30069
published, mouse wells	250	multi	ProcessedPseudogene	11626
published, mouse wells	250	multi	MiscRna	9834
published, mouse wells	250	multi	lncRNA	2364
published, mouse wells	250	multi	miRNA	2107
published, mouse wells	250	multi	TranscribedProcessedPseudogene	1713
published, mouse wells	250	multi	UnprocessedPseudogene	1466
published, mouse wells	250	multi	TranscribedUnprocessedPseudogene	794
published, mouse wells	250	multi	snoRNA	710
published, mouse wells	250	multi	snRNA	315
published, mouse wells	250	multi	ribozyme	83
published, mouse wells	250	multi	TEC	74
published, mouse wells	250	multi	pseudogene	32
published, mouse wells	250	multi	TranscribedUnitaryPseudogene	16
published, mouse wells	250	multi	MtTrna	6
published, mouse wells	250	multi	TrVPseudogene	6
published, mouse wells	250	multi	tRNA	6
published, mouse wells	250	multi	UnitaryPseudogene	2
published, mouse wells	250	multi	PolymorphicPseudogene	1
published, mouse wells	250	single	ProteinCoding	239097
published, mouse wells	250	single	lncRNA	7879
published, mouse wells	250	single	ribozyme	1034
published, mouse wells	250	single	snoRNA	753
published, mouse wells	250	single	ProcessedPseudogene	677
published, mouse wells	250	single	TEC	666
published, mouse wells	250	single	miRNA	419
published, mouse wells	250	single	TranscribedUnprocessedPseudogene	227
published, mouse wells	250	single	UnprocessedPseudogene	112
published, mouse wells	250	single	MiscRna	110
published, mouse wells	250	single	TranscribedProcessedPseudogene	97
published, mouse wells	250	single	snRNA	95
published, mouse wells	250	single	TranscribedUnitaryPseudogene	83
published, mouse wells	250	single	scaRNA	67
published, mouse wells	250	single	PolymorphicPseudogene	51
published, mouse wells	250	single	tRNA	18
published, mouse wells	250	single	rRNA	4
published, mouse wells	250	single	MtRrna	3
published, mouse wells	250	single	MtTrna	1
published, mouse wells	250	single	UnitaryPseudogene	1
published, mouse wells	250	single	pseudogene	1
published, mouse wells	252	multi	ProteinCoding	43098
published, mouse wells	252	multi	ProcessedPseudogene	17122
published, mouse wells	252	multi	MiscRna	6102
published, mouse wells	252	multi	UnprocessedPseudogene	4352
published, mouse wells	252	multi	lncRNA	4264
published, mouse wells	252	multi	TranscribedProcessedPseudogene	2207
published, mouse wells	252	multi	miRNA	1827
published, mouse wells	252	multi	TranscribedUnprocessedPseudogene	1423
published, mouse wells	252	multi	snoRNA	668
published, mouse wells	252	multi	snRNA	433
published, mouse wells	252	multi	TEC	164
published, mouse wells	252	multi	ribozyme	86
published, mouse wells	252	multi	TranscribedUnitaryPseudogene	40
published, mouse wells	252	multi	pseudogene	39
published, mouse wells	252	multi	UnitaryPseudogene	9
published, mouse wells	252	multi	PolymorphicPseudogene	8
published, mouse wells	252	multi	tRNA	6
published, mouse wells	252	multi	MtRrna	4
published, mouse wells	252	multi	rRNA	3
published, mouse wells	252	multi	MtTrna	1
published, mouse wells	252	single	ProteinCoding	333765
published, mouse wells	252	single	lncRNA	10187
published, mouse wells	252	single	ribozyme	1071
published, mouse wells	252	single	TEC	964
published, mouse wells	252	single	ProcessedPseudogene	932
published, mouse wells	252	single	snoRNA	877
published, mouse wells	252	single	miRNA	394
published, mouse wells	252	single	TranscribedUnprocessedPseudogene	373
published, mouse wells	252	single	TranscribedUnitaryPseudogene	211
published, mouse wells	252	single	TranscribedProcessedPseudogene	194
published, mouse wells	252	single	snRNA	149
published, mouse wells	252	single	UnprocessedPseudogene	125
published, mouse wells	252	single	MiscRna	69
published, mouse wells	252	single	PolymorphicPseudogene	66
published, mouse wells	252	single	scaRNA	38
published, mouse wells	252	single	tRNA	29
published, mouse wells	252	single	MtRrna	18
published, mouse wells	252	single	UnitaryPseudogene	18
published, mouse wells	252	single	pseudogene	16
published, mouse wells	252	single	rRNA	8
published, mouse wells	252	single	MtTrna	1
published, mouse wells	254	multi	ProteinCoding	47493
published, mouse wells	254	multi	ProcessedPseudogene	22445
published, mouse wells	254	multi	UnprocessedPseudogene	5475
published, mouse wells	254	multi	lncRNA	4904
published, mouse wells	254	multi	TranscribedProcessedPseudogene	3242
published, mouse wells	254	multi	MiscRna	3215
published, mouse wells	254	multi	TranscribedUnprocessedPseudogene	1272
published, mouse wells	254	multi	miRNA	1160
published, mouse wells	254	multi	snoRNA	486
published, mouse wells	254	multi	TEC	209
published, mouse wells	254	multi	snRNA	109
published, mouse wells	254	multi	ribozyme	83
published, mouse wells	254	multi	TranscribedUnitaryPseudogene	70
published, mouse wells	254	multi	pseudogene	48
published, mouse wells	254	multi	tRNA	27
published, mouse wells	254	multi	UnitaryPseudogene	13
published, mouse wells	254	multi	MtRrna	6
published, mouse wells	254	multi	MtTrna	4
published, mouse wells	254	multi	PolymorphicPseudogene	4
published, mouse wells	254	single	ProteinCoding	345229
published, mouse wells	254	single	lncRNA	9590
published, mouse wells	254	single	ProcessedPseudogene	1103
published, mouse wells	254	single	TEC	911
published, mouse wells	254	single	ribozyme	880
published, mouse wells	254	single	snoRNA	621
published, mouse wells	254	single	miRNA	493
published, mouse wells	254	single	TranscribedUnprocessedPseudogene	334
published, mouse wells	254	single	TranscribedUnitaryPseudogene	248
published, mouse wells	254	single	TranscribedProcessedPseudogene	247
published, mouse wells	254	single	PolymorphicPseudogene	153
published, mouse wells	254	single	UnprocessedPseudogene	135
published, mouse wells	254	single	scaRNA	101
published, mouse wells	254	single	MiscRna	67
published, mouse wells	254	single	snRNA	34
published, mouse wells	254	single	UnitaryPseudogene	19
published, mouse wells	254	single	tRNA	18
published, mouse wells	254	single	MtRrna	10
published, mouse wells	254	single	MtTrna	7
published, mouse wells	254	single	rRNA	6
published, mouse wells	256	multi	ProteinCoding	26382
published, mouse wells	256	multi	ProcessedPseudogene	11837
published, mouse wells	256	multi	lncRNA	2793
published, mouse wells	256	multi	UnprocessedPseudogene	2654
published, mouse wells	256	multi	MiscRna	2101
published, mouse wells	256	multi	TranscribedProcessedPseudogene	1887
published, mouse wells	256	multi	miRNA	911
published, mouse wells	256	multi	TranscribedUnprocessedPseudogene	575
published, mouse wells	256	multi	snoRNA	269
published, mouse wells	256	multi	TEC	89
published, mouse wells	256	multi	snRNA	67
published, mouse wells	256	multi	TranscribedUnitaryPseudogene	49
published, mouse wells	256	multi	pseudogene	49
published, mouse wells	256	multi	ribozyme	33
published, mouse wells	256	multi	UnitaryPseudogene	8
published, mouse wells	256	multi	tRNA	3
published, mouse wells	256	multi	PolymorphicPseudogene	2
published, mouse wells	256	multi	MtRrna	1
published, mouse wells	256	multi	MtTrna	1
published, mouse wells	256	multi	rRNA	1
published, mouse wells	256	single	ProteinCoding	217125
published, mouse wells	256	single	lncRNA	5999
published, mouse wells	256	single	ProcessedPseudogene	610
published, mouse wells	256	single	ribozyme	533
published, mouse wells	256	single	TEC	501
published, mouse wells	256	single	snoRNA	462
published, mouse wells	256	single	miRNA	356
published, mouse wells	256	single	TranscribedUnprocessedPseudogene	188
published, mouse wells	256	single	TranscribedUnitaryPseudogene	154
published, mouse wells	256	single	TranscribedProcessedPseudogene	148
published, mouse wells	256	single	UnprocessedPseudogene	78
published, mouse wells	256	single	MiscRna	62
published, mouse wells	256	single	tRNA	57
published, mouse wells	256	single	PolymorphicPseudogene	55
published, mouse wells	256	single	snRNA	33
published, mouse wells	256	single	scaRNA	25
published, mouse wells	256	single	rRNA	15
published, mouse wells	256	single	MtTrna	13
published, mouse wells	256	single	UnitaryPseudogene	13
published, mouse wells	256	single	MtRrna	8
published, mouse wells	256	single	pseudogene	5
published, mouse wells	258	multi	ProteinCoding	26218
published, mouse wells	258	multi	ProcessedPseudogene	12240
published, mouse wells	258	multi	lncRNA	2898
published, mouse wells	258	multi	MiscRna	2824
published, mouse wells	258	multi	UnprocessedPseudogene	2086
published, mouse wells	258	multi	TranscribedProcessedPseudogene	1826
published, mouse wells	258	multi	TranscribedUnprocessedPseudogene	976
published, mouse wells	258	multi	miRNA	918
published, mouse wells	258	multi	snoRNA	465
published, mouse wells	258	multi	snRNA	96
published, mouse wells	258	multi	TEC	71
published, mouse wells	258	multi	ribozyme	53
published, mouse wells	258	multi	pseudogene	32
published, mouse wells	258	multi	TranscribedUnitaryPseudogene	31
published, mouse wells	258	multi	PolymorphicPseudogene	6
published, mouse wells	258	multi	UnitaryPseudogene	4
published, mouse wells	258	multi	rRNA	3
published, mouse wells	258	multi	tRNA	2
published, mouse wells	258	multi	IgVPseudogene	1
published, mouse wells	258	multi	MtRrna	1
published, mouse wells	258	single	ProteinCoding	250027
published, mouse wells	258	single	lncRNA	8386
published, mouse wells	258	single	ribozyme	891
published, mouse wells	258	single	TEC	816
published, mouse wells	258	single	ProcessedPseudogene	633
published, mouse wells	258	single	snoRNA	515
published, mouse wells	258	single	miRNA	310
published, mouse wells	258	single	TranscribedUnprocessedPseudogene	229
published, mouse wells	258	single	TranscribedProcessedPseudogene	157
published, mouse wells	258	single	TranscribedUnitaryPseudogene	157
published, mouse wells	258	single	UnprocessedPseudogene	131
published, mouse wells	258	single	MiscRna	47
published, mouse wells	258	single	PolymorphicPseudogene	42
published, mouse wells	258	single	scaRNA	22
published, mouse wells	258	single	snRNA	21
published, mouse wells	258	single	UnitaryPseudogene	16
published, mouse wells	258	single	tRNA	16
published, mouse wells	258	single	MtTrna	11
published, mouse wells	258	single	pseudogene	8
published, mouse wells	258	single	rRNA	8
published, mouse wells	258	single	MtRrna	6
published, mouse wells	258	single	IgVGene	1
published, mouse wells	260	multi	ProteinCoding	24737
published, mouse wells	260	multi	ProcessedPseudogene	9075
published, mouse wells	260	multi	MiscRna	5045
published, mouse wells	260	multi	UnprocessedPseudogene	2433
published, mouse wells	260	multi	lncRNA	2131
published, mouse wells	260	multi	TranscribedProcessedPseudogene	1566
published, mouse wells	260	multi	miRNA	1387
published, mouse wells	260	multi	TranscribedUnprocessedPseudogene	509
published, mouse wells	260	multi	snoRNA	452
published, mouse wells	260	multi	snRNA	273
published, mouse wells	260	multi	TEC	58
published, mouse wells	260	multi	tRNA	20
published, mouse wells	260	multi	ribozyme	19
published, mouse wells	260	multi	TranscribedUnitaryPseudogene	17
published, mouse wells	260	multi	pseudogene	14
published, mouse wells	260	multi	PolymorphicPseudogene	6
published, mouse wells	260	multi	rRNA	4
published, mouse wells	260	multi	MtRrna	3
published, mouse wells	260	multi	TrVGene	2
published, mouse wells	260	multi	UnitaryPseudogene	2
published, mouse wells	260	multi	MtTrna	1
published, mouse wells	260	single	ProteinCoding	179599
published, mouse wells	260	single	lncRNA	4678
published, mouse wells	260	single	ribozyme	672
published, mouse wells	260	single	ProcessedPseudogene	460
published, mouse wells	260	single	TEC	412
published, mouse wells	260	single	snoRNA	364
published, mouse wells	260	single	miRNA	170
published, mouse wells	260	single	TranscribedProcessedPseudogene	139
published, mouse wells	260	single	TranscribedUnprocessedPseudogene	97
published, mouse wells	260	single	UnprocessedPseudogene	92
published, mouse wells	260	single	snRNA	89
published, mouse wells	260	single	MiscRna	61
published, mouse wells	260	single	TranscribedUnitaryPseudogene	52
published, mouse wells	260	single	PolymorphicPseudogene	40
published, mouse wells	260	single	scaRNA	36
published, mouse wells	260	single	MtRrna	16
published, mouse wells	260	single	tRNA	16
published, mouse wells	260	single	UnitaryPseudogene	9
published, mouse wells	260	single	rRNA	8
published, mouse wells	260	single	MtTrna	2
published, mouse wells	260	single	pseudogene	1
published, mouse wells	262	multi	ProteinCoding	15751
published, mouse wells	262	multi	ProcessedPseudogene	7236
published, mouse wells	262	multi	UnprocessedPseudogene	1659
published, mouse wells	262	multi	lncRNA	1429
published, mouse wells	262	multi	TranscribedProcessedPseudogene	1180
published, mouse wells	262	multi	MiscRna	826
published, mouse wells	262	multi	miRNA	336
published, mouse wells	262	multi	TranscribedUnprocessedPseudogene	321
published, mouse wells	262	multi	snoRNA	143
published, mouse wells	262	multi	snRNA	51
published, mouse wells	262	multi	TEC	44
published, mouse wells	262	multi	pseudogene	28
published, mouse wells	262	multi	TranscribedUnitaryPseudogene	18
published, mouse wells	262	multi	ribozyme	14
published, mouse wells	262	multi	PolymorphicPseudogene	4
published, mouse wells	262	multi	UnitaryPseudogene	3
published, mouse wells	262	multi	MtTrna	2
published, mouse wells	262	multi	rRNA	1
published, mouse wells	262	multi	tRNA	1
published, mouse wells	262	single	ProteinCoding	117194
published, mouse wells	262	single	lncRNA	3942
published, mouse wells	262	single	ProcessedPseudogene	399
published, mouse wells	262	single	TEC	348
published, mouse wells	262	single	ribozyme	235
published, mouse wells	262	single	miRNA	162
published, mouse wells	262	single	snoRNA	159
published, mouse wells	262	single	TranscribedProcessedPseudogene	82
published, mouse wells	262	single	TranscribedUnprocessedPseudogene	58
published, mouse wells	262	single	TranscribedUnitaryPseudogene	47
published, mouse wells	262	single	PolymorphicPseudogene	42
published, mouse wells	262	single	MiscRna	25
published, mouse wells	262	single	scaRNA	20
published, mouse wells	262	single	UnprocessedPseudogene	19
published, mouse wells	262	single	snRNA	17
published, mouse wells	262	single	tRNA	9
published, mouse wells	262	single	MtTrna	5
published, mouse wells	262	single	pseudogene	4
published, mouse wells	262	single	rRNA	4
published, mouse wells	262	single	MtRrna	2
published, mouse wells	263	multi	ProteinCoding	17230
published, mouse wells	263	multi	ProcessedPseudogene	7392
published, mouse wells	263	multi	MiscRna	1755
published, mouse wells	263	multi	lncRNA	1600
published, mouse wells	263	multi	UnprocessedPseudogene	1496
published, mouse wells	263	multi	TranscribedProcessedPseudogene	1088
published, mouse wells	263	multi	miRNA	707
published, mouse wells	263	multi	TranscribedUnprocessedPseudogene	565
published, mouse wells	263	multi	snoRNA	204
published, mouse wells	263	multi	TEC	56
published, mouse wells	263	multi	snRNA	47
published, mouse wells	263	multi	TranscribedUnitaryPseudogene	29
published, mouse wells	263	multi	ribozyme	21
published, mouse wells	263	multi	pseudogene	20
published, mouse wells	263	multi	tRNA	5
published, mouse wells	263	multi	PolymorphicPseudogene	3
published, mouse wells	263	multi	MtRrna	2
published, mouse wells	263	multi	MtTrna	2
published, mouse wells	263	multi	UnitaryPseudogene	2
published, mouse wells	263	single	ProteinCoding	145100
published, mouse wells	263	single	lncRNA	3127
published, mouse wells	263	single	TEC	352
published, mouse wells	263	single	ribozyme	344
published, mouse wells	263	single	ProcessedPseudogene	341
published, mouse wells	263	single	snoRNA	279
published, mouse wells	263	single	miRNA	192
published, mouse wells	263	single	TranscribedUnprocessedPseudogene	126
published, mouse wells	263	single	TranscribedProcessedPseudogene	63
published, mouse wells	263	single	TranscribedUnitaryPseudogene	59
published, mouse wells	263	single	UnprocessedPseudogene	57
published, mouse wells	263	single	PolymorphicPseudogene	47
published, mouse wells	263	single	scaRNA	43
published, mouse wells	263	single	MiscRna	35
published, mouse wells	263	single	snRNA	16
published, mouse wells	263	single	MtRrna	12
published, mouse wells	263	single	MtTrna	5
published, mouse wells	263	single	UnitaryPseudogene	4
published, mouse wells	263	single	rRNA	2
published, mouse wells	263	single	tRNA	2
published, mouse wells	266	multi	ProteinCoding	76049
published, mouse wells	266	multi	MiscRna	30832
published, mouse wells	266	multi	ProcessedPseudogene	24178
published, mouse wells	266	multi	lncRNA	5769
published, mouse wells	266	multi	miRNA	4887
published, mouse wells	266	multi	TranscribedProcessedPseudogene	3395
published, mouse wells	266	multi	snoRNA	2691
published, mouse wells	266	multi	UnprocessedPseudogene	2666
published, mouse wells	266	multi	TranscribedUnprocessedPseudogene	1653
published, mouse wells	266	multi	snRNA	1166
published, mouse wells	266	multi	ribozyme	193
published, mouse wells	266	multi	TEC	155
published, mouse wells	266	multi	pseudogene	95
published, mouse wells	266	multi	TranscribedUnitaryPseudogene	37
published, mouse wells	266	multi	tRNA	27
published, mouse wells	266	multi	MtTrna	11
published, mouse wells	266	multi	PolymorphicPseudogene	6
published, mouse wells	266	multi	UnitaryPseudogene	5
published, mouse wells	266	multi	MtRrna	4
published, mouse wells	266	multi	TrVGene	1
published, mouse wells	266	single	ProteinCoding	522299
published, mouse wells	266	single	lncRNA	20105
published, mouse wells	266	single	ribozyme	5755
published, mouse wells	266	single	snoRNA	2214
published, mouse wells	266	single	TEC	1476
published, mouse wells	266	single	ProcessedPseudogene	1461
published, mouse wells	266	single	miRNA	488
published, mouse wells	266	single	snRNA	456
published, mouse wells	266	single	TranscribedUnprocessedPseudogene	389
published, mouse wells	266	single	TranscribedProcessedPseudogene	357
published, mouse wells	266	single	MiscRna	329
published, mouse wells	266	single	UnprocessedPseudogene	215
published, mouse wells	266	single	scaRNA	209
published, mouse wells	266	single	TranscribedUnitaryPseudogene	91
published, mouse wells	266	single	PolymorphicPseudogene	79
published, mouse wells	266	single	MtTrna	31
published, mouse wells	266	single	UnitaryPseudogene	30
published, mouse wells	266	single	tRNA	20
published, mouse wells	266	single	MtRrna	13
published, mouse wells	266	single	pseudogene	8
published, mouse wells	266	single	rRNA	6
published, mouse wells	268	multi	ProteinCoding	19764
published, mouse wells	268	multi	ProcessedPseudogene	9750
published, mouse wells	268	multi	UnprocessedPseudogene	2201
published, mouse wells	268	multi	lncRNA	2017
published, mouse wells	268	multi	TranscribedProcessedPseudogene	1177
published, mouse wells	268	multi	MiscRna	827
published, mouse wells	268	multi	TranscribedUnprocessedPseudogene	599
published, mouse wells	268	multi	miRNA	445
published, mouse wells	268	multi	snoRNA	123
published, mouse wells	268	multi	TEC	59
published, mouse wells	268	multi	ribozyme	28
published, mouse wells	268	multi	TranscribedUnitaryPseudogene	22
published, mouse wells	268	multi	snRNA	22
published, mouse wells	268	multi	pseudogene	16
published, mouse wells	268	multi	tRNA	2
published, mouse wells	268	multi	MtRrna	1
published, mouse wells	268	multi	MtTrna	1
published, mouse wells	268	multi	UnitaryPseudogene	1
published, mouse wells	268	single	ProteinCoding	127357
published, mouse wells	268	single	lncRNA	3944
published, mouse wells	268	single	ProcessedPseudogene	422
published, mouse wells	268	single	TEC	339
published, mouse wells	268	single	snoRNA	242
published, mouse wells	268	single	ribozyme	204
published, mouse wells	268	single	miRNA	167
published, mouse wells	268	single	TranscribedProcessedPseudogene	142
published, mouse wells	268	single	TranscribedUnprocessedPseudogene	136
published, mouse wells	268	single	TranscribedUnitaryPseudogene	73
published, mouse wells	268	single	UnprocessedPseudogene	52
published, mouse wells	268	single	PolymorphicPseudogene	26
published, mouse wells	268	single	scaRNA	23
published, mouse wells	268	single	MiscRna	19
published, mouse wells	268	single	tRNA	14
published, mouse wells	268	single	UnitaryPseudogene	10
published, mouse wells	268	single	MtRrna	8
published, mouse wells	268	single	snRNA	8
published, mouse wells	268	single	IgVPseudogene	3
published, mouse wells	268	single	MtTrna	1
published, mouse wells	268	single	rRNA	1
published, mouse wells	270	multi	ProteinCoding	25222
published, mouse wells	270	multi	ProcessedPseudogene	11134
published, mouse wells	270	multi	MiscRna	3812
published, mouse wells	270	multi	UnprocessedPseudogene	2502
published, mouse wells	270	multi	lncRNA	2414
published, mouse wells	270	multi	TranscribedProcessedPseudogene	1564
published, mouse wells	270	multi	miRNA	1005
published, mouse wells	270	multi	TranscribedUnprocessedPseudogene	577
published, mouse wells	270	multi	snoRNA	429
published, mouse wells	270	multi	snRNA	167
published, mouse wells	270	multi	ribozyme	76
published, mouse wells	270	multi	TEC	49
published, mouse wells	270	multi	TranscribedUnitaryPseudogene	47
published, mouse wells	270	multi	pseudogene	14
published, mouse wells	270	multi	MtTrna	7
published, mouse wells	270	multi	PolymorphicPseudogene	6
published, mouse wells	270	multi	tRNA	2
published, mouse wells	270	multi	TrVGene	1
published, mouse wells	270	multi	UnitaryPseudogene	1
published, mouse wells	270	single	ProteinCoding	188567
published, mouse wells	270	single	lncRNA	5637
published, mouse wells	270	single	TEC	622
published, mouse wells	270	single	ribozyme	599
published, mouse wells	270	single	snoRNA	559
published, mouse wells	270	single	ProcessedPseudogene	529
published, mouse wells	270	single	miRNA	187
published, mouse wells	270	single	TranscribedProcessedPseudogene	162
published, mouse wells	270	single	TranscribedUnprocessedPseudogene	160
published, mouse wells	270	single	UnprocessedPseudogene	82
published, mouse wells	270	single	TranscribedUnitaryPseudogene	53
published, mouse wells	270	single	snRNA	48
published, mouse wells	270	single	MiscRna	45
published, mouse wells	270	single	PolymorphicPseudogene	36
published, mouse wells	270	single	scaRNA	32
published, mouse wells	270	single	tRNA	26
published, mouse wells	270	single	MtRrna	11
published, mouse wells	270	single	MtTrna	4
published, mouse wells	270	single	UnitaryPseudogene	2
published, mouse wells	270	single	rRNA	2
published, mouse wells	272	multi	ProteinCoding	21147
published, mouse wells	272	multi	ProcessedPseudogene	8913
published, mouse wells	272	multi	MiscRna	3115
published, mouse wells	272	multi	lncRNA	2129
published, mouse wells	272	multi	UnprocessedPseudogene	1864
published, mouse wells	272	multi	TranscribedProcessedPseudogene	1266
published, mouse wells	272	multi	miRNA	953
published, mouse wells	272	multi	TranscribedUnprocessedPseudogene	585
published, mouse wells	272	multi	snoRNA	344
published, mouse wells	272	multi	snRNA	97
published, mouse wells	272	multi	TEC	73
published, mouse wells	272	multi	ribozyme	53
published, mouse wells	272	multi	pseudogene	18
published, mouse wells	272	multi	TranscribedUnitaryPseudogene	17
published, mouse wells	272	multi	UnitaryPseudogene	4
published, mouse wells	272	multi	MtTrna	3
published, mouse wells	272	multi	rRNA	1
published, mouse wells	272	single	ProteinCoding	176620
published, mouse wells	272	single	lncRNA	5842
published, mouse wells	272	single	ribozyme	586
published, mouse wells	272	single	TEC	540
published, mouse wells	272	single	ProcessedPseudogene	469
published, mouse wells	272	single	snoRNA	337
published, mouse wells	272	single	miRNA	185
published, mouse wells	272	single	TranscribedUnprocessedPseudogene	139
published, mouse wells	272	single	TranscribedProcessedPseudogene	114
published, mouse wells	272	single	TranscribedUnitaryPseudogene	61
published, mouse wells	272	single	UnprocessedPseudogene	50
published, mouse wells	272	single	MiscRna	40
published, mouse wells	272	single	scaRNA	28
published, mouse wells	272	single	snRNA	18
published, mouse wells	272	single	tRNA	14
published, mouse wells	272	single	PolymorphicPseudogene	11
published, mouse wells	272	single	MtTrna	9
published, mouse wells	272	single	pseudogene	6
published, mouse wells	272	single	MtRrna	3
published, mouse wells	272	single	UnitaryPseudogene	3
published, mouse wells	272	single	rRNA	3
published, mouse wells	272	single	IgVGene	1
published, mouse wells	274	multi	ProteinCoding	13764
published, mouse wells	274	multi	ProcessedPseudogene	6372
published, mouse wells	274	multi	MiscRna	1599
published, mouse wells	274	multi	lncRNA	1521
published, mouse wells	274	multi	UnprocessedPseudogene	1217
published, mouse wells	274	multi	TranscribedProcessedPseudogene	896
published, mouse wells	274	multi	miRNA	514
published, mouse wells	274	multi	TranscribedUnprocessedPseudogene	248
published, mouse wells	274	multi	snoRNA	215
published, mouse wells	274	multi	snRNA	83
published, mouse wells	274	multi	TEC	25
published, mouse wells	274	multi	ribozyme	24
published, mouse wells	274	multi	pseudogene	23
published, mouse wells	274	multi	UnitaryPseudogene	11
published, mouse wells	274	multi	TranscribedUnitaryPseudogene	10
published, mouse wells	274	multi	tRNA	5
published, mouse wells	274	multi	PolymorphicPseudogene	2
published, mouse wells	274	single	ProteinCoding	103016
published, mouse wells	274	single	lncRNA	3123
published, mouse wells	274	single	ribozyme	424
published, mouse wells	274	single	TEC	332
published, mouse wells	274	single	ProcessedPseudogene	330
published, mouse wells	274	single	snoRNA	237
published, mouse wells	274	single	miRNA	144
published, mouse wells	274	single	UnprocessedPseudogene	77
published, mouse wells	274	single	TranscribedUnprocessedPseudogene	66
published, mouse wells	274	single	TranscribedProcessedPseudogene	49
published, mouse wells	274	single	scaRNA	36
published, mouse wells	274	single	MiscRna	31
published, mouse wells	274	single	snRNA	25
published, mouse wells	274	single	TranscribedUnitaryPseudogene	8
published, mouse wells	274	single	PolymorphicPseudogene	5
published, mouse wells	274	single	tRNA	5
published, mouse wells	274	single	pseudogene	4
published, mouse wells	274	single	MtTrna	3
published, mouse wells	274	single	UnitaryPseudogene	2
published, mouse wells	274	single	MtRrna	1
published, mouse wells	276	multi	ProteinCoding	46016
published, mouse wells	276	multi	ProcessedPseudogene	16929
published, mouse wells	276	multi	MiscRna	13129
published, mouse wells	276	multi	lncRNA	4798
published, mouse wells	276	multi	UnprocessedPseudogene	2930
published, mouse wells	276	multi	miRNA	2711
published, mouse wells	276	multi	TranscribedProcessedPseudogene	2324
published, mouse wells	276	multi	TranscribedUnprocessedPseudogene	1216
published, mouse wells	276	multi	snoRNA	1088
published, mouse wells	276	multi	snRNA	501
published, mouse wells	276	multi	ribozyme	103
published, mouse wells	276	multi	TEC	98
published, mouse wells	276	multi	pseudogene	29
published, mouse wells	276	multi	TranscribedUnitaryPseudogene	25
published, mouse wells	276	multi	tRNA	22
published, mouse wells	276	multi	MtTrna	3
published, mouse wells	276	multi	UnitaryPseudogene	3
published, mouse wells	276	multi	MtRrna	1
published, mouse wells	276	multi	PolymorphicPseudogene	1
published, mouse wells	276	multi	rRNA	1
published, mouse wells	276	single	ProteinCoding	390795
published, mouse wells	276	single	lncRNA	15284
published, mouse wells	276	single	ribozyme	2685
published, mouse wells	276	single	snoRNA	1336
published, mouse wells	276	single	TEC	1300
published, mouse wells	276	single	ProcessedPseudogene	969
published, mouse wells	276	single	miRNA	535
published, mouse wells	276	single	TranscribedUnprocessedPseudogene	360
published, mouse wells	276	single	MiscRna	261
published, mouse wells	276	single	snRNA	188
published, mouse wells	276	single	TranscribedProcessedPseudogene	178
published, mouse wells	276	single	scaRNA	130
published, mouse wells	276	single	UnprocessedPseudogene	110
published, mouse wells	276	single	PolymorphicPseudogene	63
published, mouse wells	276	single	TranscribedUnitaryPseudogene	58
published, mouse wells	276	single	tRNA	25
published, mouse wells	276	single	UnitaryPseudogene	21
published, mouse wells	276	single	rRNA	11
published, mouse wells	276	single	MtTrna	8
published, mouse wells	276	single	MtRrna	7
published, mouse wells	276	single	pseudogene	4
published, mouse wells	278	multi	ProteinCoding	8758
published, mouse wells	278	multi	ProcessedPseudogene	3887
published, mouse wells	278	multi	UnprocessedPseudogene	926
published, mouse wells	278	multi	lncRNA	833
published, mouse wells	278	multi	MiscRna	550
published, mouse wells	278	multi	TranscribedProcessedPseudogene	501
published, mouse wells	278	multi	TranscribedUnprocessedPseudogene	291
published, mouse wells	278	multi	miRNA	184
published, mouse wells	278	multi	snoRNA	54
published, mouse wells	278	multi	TEC	49
published, mouse wells	278	multi	ribozyme	27
published, mouse wells	278	multi	pseudogene	20
published, mouse wells	278	multi	snRNA	19
published, mouse wells	278	multi	MtTrna	6
published, mouse wells	278	multi	PolymorphicPseudogene	2
published, mouse wells	278	multi	UnitaryPseudogene	2
published, mouse wells	278	multi	tRNA	2
published, mouse wells	278	multi	TranscribedUnitaryPseudogene	1
published, mouse wells	278	multi	rRNA	1
published, mouse wells	278	multi	scaRNA	1
published, mouse wells	278	single	ProteinCoding	64012
published, mouse wells	278	single	lncRNA	2100
published, mouse wells	278	single	ProcessedPseudogene	210
published, mouse wells	278	single	TEC	182
published, mouse wells	278	single	snoRNA	158
published, mouse wells	278	single	ribozyme	145
published, mouse wells	278	single	miRNA	76
published, mouse wells	278	single	TranscribedProcessedPseudogene	67
published, mouse wells	278	single	TranscribedUnprocessedPseudogene	43
published, mouse wells	278	single	TranscribedUnitaryPseudogene	41
published, mouse wells	278	single	UnprocessedPseudogene	28
published, mouse wells	278	single	PolymorphicPseudogene	24
published, mouse wells	278	single	scaRNA	19
published, mouse wells	278	single	snRNA	10
published, mouse wells	278	single	MiscRna	8
published, mouse wells	278	single	MtRrna	5
published, mouse wells	278	single	tRNA	3
published, mouse wells	278	single	UnitaryPseudogene	2
published, mouse wells	278	single	MtTrna	1
published, mouse wells	280	multi	ProteinCoding	2028
published, mouse wells	280	multi	ProcessedPseudogene	640
published, mouse wells	280	multi	UnprocessedPseudogene	307
published, mouse wells	280	multi	lncRNA	173
published, mouse wells	280	multi	MiscRna	118
published, mouse wells	280	multi	TranscribedProcessedPseudogene	79
published, mouse wells	280	multi	TranscribedUnprocessedPseudogene	65
published, mouse wells	280	multi	miRNA	60
published, mouse wells	280	multi	snoRNA	10
published, mouse wells	280	multi	ribozyme	7
published, mouse wells	280	multi	TEC	6
published, mouse wells	280	multi	TranscribedUnitaryPseudogene	2
published, mouse wells	280	multi	UnitaryPseudogene	1
published, mouse wells	280	multi	snRNA	1
published, mouse wells	280	multi	tRNA	1
published, mouse wells	280	single	ProteinCoding	15852
published, mouse wells	280	single	lncRNA	680
published, mouse wells	280	single	TEC	50
published, mouse wells	280	single	snoRNA	38
published, mouse wells	280	single	ribozyme	30
published, mouse wells	280	single	miRNA	28
published, mouse wells	280	single	ProcessedPseudogene	24
published, mouse wells	280	single	TranscribedUnprocessedPseudogene	12
published, mouse wells	280	single	TranscribedProcessedPseudogene	11
published, mouse wells	280	single	MiscRna	5
published, mouse wells	280	single	PolymorphicPseudogene	5
published, mouse wells	280	single	MtTrna	4
published, mouse wells	280	single	UnitaryPseudogene	3
published, mouse wells	280	single	UnprocessedPseudogene	2
published, mouse wells	280	single	scaRNA	2
published, mouse wells	280	single	snRNA	2
published, mouse wells	282	multi	ProteinCoding	32191
published, mouse wells	282	multi	ProcessedPseudogene	14726
published, mouse wells	282	multi	MiscRna	3611
published, mouse wells	282	multi	lncRNA	3576
published, mouse wells	282	multi	UnprocessedPseudogene	2711
published, mouse wells	282	multi	TranscribedProcessedPseudogene	1971
published, mouse wells	282	multi	miRNA	1172
published, mouse wells	282	multi	TranscribedUnprocessedPseudogene	1169
published, mouse wells	282	multi	snoRNA	653
published, mouse wells	282	multi	snRNA	140
published, mouse wells	282	multi	ribozyme	82
published, mouse wells	282	multi	TEC	63
published, mouse wells	282	multi	pseudogene	46
published, mouse wells	282	multi	TranscribedUnitaryPseudogene	38
published, mouse wells	282	multi	PolymorphicPseudogene	10
published, mouse wells	282	multi	tRNA	8
published, mouse wells	282	multi	UnitaryPseudogene	4
published, mouse wells	282	multi	IgVPseudogene	1
published, mouse wells	282	multi	MtRrna	1
published, mouse wells	282	single	ProteinCoding	299544
published, mouse wells	282	single	lncRNA	10849
published, mouse wells	282	single	ribozyme	1080
published, mouse wells	282	single	TEC	875
published, mouse wells	282	single	ProcessedPseudogene	793
published, mouse wells	282	single	snoRNA	689
published, mouse wells	282	single	miRNA	458
published, mouse wells	282	single	TranscribedUnprocessedPseudogene	218
published, mouse wells	282	single	TranscribedProcessedPseudogene	188
published, mouse wells	282	single	MiscRna	152
published, mouse wells	282	single	UnprocessedPseudogene	128
published, mouse wells	282	single	TranscribedUnitaryPseudogene	69
published, mouse wells	282	single	PolymorphicPseudogene	59
published, mouse wells	282	single	scaRNA	56
published, mouse wells	282	single	snRNA	52
published, mouse wells	282	single	UnitaryPseudogene	40
published, mouse wells	282	single	rRNA	18
published, mouse wells	282	single	tRNA	13
published, mouse wells	282	single	pseudogene	9
published, mouse wells	282	single	MtRrna	8
published, mouse wells	282	single	MtTrna	7
published, mouse wells	284	multi	ProteinCoding	21558
published, mouse wells	284	multi	ProcessedPseudogene	9329
published, mouse wells	284	multi	UnprocessedPseudogene	2338
published, mouse wells	284	multi	lncRNA	1844
published, mouse wells	284	multi	MiscRna	1446
published, mouse wells	284	multi	TranscribedProcessedPseudogene	1322
published, mouse wells	284	multi	miRNA	589
published, mouse wells	284	multi	TranscribedUnprocessedPseudogene	519
published, mouse wells	284	multi	snoRNA	267
published, mouse wells	284	multi	pseudogene	63
published, mouse wells	284	multi	TranscribedUnitaryPseudogene	53
published, mouse wells	284	multi	TEC	48
published, mouse wells	284	multi	ribozyme	43
published, mouse wells	284	multi	snRNA	29
published, mouse wells	284	multi	UnitaryPseudogene	7
published, mouse wells	284	multi	MtTrna	6
published, mouse wells	284	multi	tRNA	4
published, mouse wells	284	multi	MtRrna	1
published, mouse wells	284	multi	PolymorphicPseudogene	1
published, mouse wells	284	multi	TrVGene	1
published, mouse wells	284	single	ProteinCoding	165644
published, mouse wells	284	single	lncRNA	6076
published, mouse wells	284	single	TEC	531
published, mouse wells	284	single	ProcessedPseudogene	460
published, mouse wells	284	single	ribozyme	386
published, mouse wells	284	single	miRNA	266
published, mouse wells	284	single	snoRNA	250
published, mouse wells	284	single	TranscribedUnprocessedPseudogene	139
published, mouse wells	284	single	TranscribedProcessedPseudogene	117
published, mouse wells	284	single	TranscribedUnitaryPseudogene	67
published, mouse wells	284	single	UnprocessedPseudogene	62
published, mouse wells	284	single	PolymorphicPseudogene	60
published, mouse wells	284	single	MiscRna	35
published, mouse wells	284	single	snRNA	21
published, mouse wells	284	single	scaRNA	18
published, mouse wells	284	single	UnitaryPseudogene	9
published, mouse wells	284	single	tRNA	9
published, mouse wells	284	single	MtTrna	5
published, mouse wells	284	single	rRNA	3
published, mouse wells	284	single	TrVPseudogene	2
published, mouse wells	284	single	pseudogene	2
published, mouse wells	284	single	MtRrna	1
published, mouse wells	286	multi	ProteinCoding	30005
published, mouse wells	286	multi	ProcessedPseudogene	12973
published, mouse wells	286	multi	UnprocessedPseudogene	3891
published, mouse wells	286	multi	lncRNA	2901
published, mouse wells	286	multi	MiscRna	2182
published, mouse wells	286	multi	TranscribedProcessedPseudogene	1952
published, mouse wells	286	multi	TranscribedUnprocessedPseudogene	940
published, mouse wells	286	multi	miRNA	897
published, mouse wells	286	multi	snoRNA	366
published, mouse wells	286	multi	TEC	113
published, mouse wells	286	multi	snRNA	101
published, mouse wells	286	multi	TranscribedUnitaryPseudogene	43
published, mouse wells	286	multi	pseudogene	33
published, mouse wells	286	multi	ribozyme	24
published, mouse wells	286	multi	PolymorphicPseudogene	13
published, mouse wells	286	multi	MtTrna	9
published, mouse wells	286	multi	UnitaryPseudogene	4
published, mouse wells	286	multi	tRNA	4
published, mouse wells	286	multi	MtRrna	2
published, mouse wells	286	multi	scaRNA	1
published, mouse wells	286	single	ProteinCoding	219507
published, mouse wells	286	single	lncRNA	6369
published, mouse wells	286	single	TEC	698
published, mouse wells	286	single	ProcessedPseudogene	640
published, mouse wells	286	single	ribozyme	518
published, mouse wells	286	single	miRNA	413
published, mouse wells	286	single	snoRNA	372
published, mouse wells	286	single	TranscribedUnitaryPseudogene	276
published, mouse wells	286	single	TranscribedUnprocessedPseudogene	177
published, mouse wells	286	single	TranscribedProcessedPseudogene	152
published, mouse wells	286	single	UnprocessedPseudogene	128
published, mouse wells	286	single	MiscRna	75
published, mouse wells	286	single	snRNA	59
published, mouse wells	286	single	scaRNA	38
published, mouse wells	286	single	PolymorphicPseudogene	30
published, mouse wells	286	single	MtTrna	26
published, mouse wells	286	single	tRNA	17
published, mouse wells	286	single	MtRrna	14
published, mouse wells	286	single	pseudogene	5
published, mouse wells	286	single	rRNA	5
published, mouse wells	286	single	UnitaryPseudogene	2
published, mouse wells	287	multi	ProteinCoding	62388
published, mouse wells	287	multi	ProcessedPseudogene	29630
published, mouse wells	287	multi	UnprocessedPseudogene	7160
published, mouse wells	287	multi	lncRNA	5995
published, mouse wells	287	multi	TranscribedProcessedPseudogene	4102
published, mouse wells	287	multi	MiscRna	4080
published, mouse wells	287	multi	TranscribedUnprocessedPseudogene	2082
published, mouse wells	287	multi	miRNA	1584
published, mouse wells	287	multi	snoRNA	765
published, mouse wells	287	multi	TEC	292
published, mouse wells	287	multi	snRNA	215
published, mouse wells	287	multi	ribozyme	125
published, mouse wells	287	multi	pseudogene	74
published, mouse wells	287	multi	TranscribedUnitaryPseudogene	61
published, mouse wells	287	multi	MtRrna	16
published, mouse wells	287	multi	tRNA	13
published, mouse wells	287	multi	UnitaryPseudogene	11
published, mouse wells	287	multi	PolymorphicPseudogene	2
published, mouse wells	287	multi	rRNA	2
published, mouse wells	287	multi	MtTrna	1
published, mouse wells	287	single	ProteinCoding	506013
published, mouse wells	287	single	lncRNA	15062
published, mouse wells	287	single	ProcessedPseudogene	1481
published, mouse wells	287	single	TEC	1314
published, mouse wells	287	single	ribozyme	1068
published, mouse wells	287	single	snoRNA	880
published, mouse wells	287	single	miRNA	819
published, mouse wells	287	single	TranscribedUnprocessedPseudogene	484
published, mouse wells	287	single	TranscribedProcessedPseudogene	297
published, mouse wells	287	single	TranscribedUnitaryPseudogene	295
published, mouse wells	287	single	UnprocessedPseudogene	292
published, mouse wells	287	single	MiscRna	111
published, mouse wells	287	single	PolymorphicPseudogene	83
published, mouse wells	287	single	snRNA	80
published, mouse wells	287	single	scaRNA	63
published, mouse wells	287	single	tRNA	31
published, mouse wells	287	single	MtRrna	26
published, mouse wells	287	single	UnitaryPseudogene	10
published, mouse wells	287	single	MtTrna	9
published, mouse wells	287	single	pseudogene	7
published, mouse wells	287	single	rRNA	7
published, mouse wells	287	single	IgVPseudogene	2
published, mouse wells	290	multi	ProteinCoding	8462
published, mouse wells	290	multi	ProcessedPseudogene	4106
published, mouse wells	290	multi	lncRNA	874
published, mouse wells	290	multi	UnprocessedPseudogene	807
published, mouse wells	290	multi	TranscribedProcessedPseudogene	696
published, mouse wells	290	multi	MiscRna	527
published, mouse wells	290	multi	miRNA	231
published, mouse wells	290	multi	TranscribedUnprocessedPseudogene	111
published, mouse wells	290	multi	snoRNA	46
published, mouse wells	290	multi	TEC	25
published, mouse wells	290	multi	snRNA	16
published, mouse wells	290	multi	TranscribedUnitaryPseudogene	10
published, mouse wells	290	multi	pseudogene	9
published, mouse wells	290	multi	ribozyme	9
published, mouse wells	290	multi	PolymorphicPseudogene	1
published, mouse wells	290	multi	UnitaryPseudogene	1
published, mouse wells	290	multi	tRNA	1
published, mouse wells	290	single	ProteinCoding	46515
published, mouse wells	290	single	lncRNA	1266
published, mouse wells	290	single	ProcessedPseudogene	162
published, mouse wells	290	single	ribozyme	141
published, mouse wells	290	single	miRNA	125
published, mouse wells	290	single	TEC	106
published, mouse wells	290	single	snoRNA	91
published, mouse wells	290	single	TranscribedProcessedPseudogene	63
published, mouse wells	290	single	TranscribedUnprocessedPseudogene	16
published, mouse wells	290	single	TranscribedUnitaryPseudogene	15
published, mouse wells	290	single	scaRNA	11
published, mouse wells	290	single	PolymorphicPseudogene	10
published, mouse wells	290	single	MiscRna	8
published, mouse wells	290	single	snRNA	8
published, mouse wells	290	single	UnprocessedPseudogene	4
published, mouse wells	290	single	tRNA	4
published, mouse wells	290	single	UnitaryPseudogene	3
published, mouse wells	292	multi	ProteinCoding	6349
published, mouse wells	292	multi	ProcessedPseudogene	3280
published, mouse wells	292	multi	lncRNA	598
published, mouse wells	292	multi	MiscRna	516
published, mouse wells	292	multi	UnprocessedPseudogene	513
published, mouse wells	292	multi	TranscribedProcessedPseudogene	488
published, mouse wells	292	multi	miRNA	141
published, mouse wells	292	multi	snoRNA	74
published, mouse wells	292	multi	TranscribedUnprocessedPseudogene	64
published, mouse wells	292	multi	TranscribedUnitaryPseudogene	24
published, mouse wells	292	multi	TEC	21
published, mouse wells	292	multi	snRNA	13
published, mouse wells	292	multi	ribozyme	10
published, mouse wells	292	multi	pseudogene	6
published, mouse wells	292	multi	UnitaryPseudogene	5
published, mouse wells	292	multi	MtTrna	4
published, mouse wells	292	multi	tRNA	4
published, mouse wells	292	multi	IgVGene	1
published, mouse wells	292	single	ProteinCoding	36738
published, mouse wells	292	single	lncRNA	1903
published, mouse wells	292	single	ribozyme	506
published, mouse wells	292	single	ProcessedPseudogene	147
published, mouse wells	292	single	snoRNA	125
published, mouse wells	292	single	TEC	107
published, mouse wells	292	single	miRNA	97
published, mouse wells	292	single	TranscribedProcessedPseudogene	58
published, mouse wells	292	single	MiscRna	27
published, mouse wells	292	single	TranscribedUnitaryPseudogene	22
published, mouse wells	292	single	TranscribedUnprocessedPseudogene	13
published, mouse wells	292	single	UnprocessedPseudogene	10
published, mouse wells	292	single	MtRrna	7
published, mouse wells	292	single	scaRNA	5
published, mouse wells	292	single	MtTrna	4
published, mouse wells	292	single	PolymorphicPseudogene	4
published, mouse wells	292	single	snRNA	3
published, mouse wells	292	single	tRNA	1
published, mouse wells	294	multi	ProteinCoding	51558
published, mouse wells	294	multi	ProcessedPseudogene	20468
published, mouse wells	294	multi	MiscRna	13434
published, mouse wells	294	multi	lncRNA	4003
published, mouse wells	294	multi	UnprocessedPseudogene	3412
published, mouse wells	294	multi	TranscribedProcessedPseudogene	2668
published, mouse wells	294	multi	miRNA	2231
published, mouse wells	294	multi	TranscribedUnprocessedPseudogene	1214
published, mouse wells	294	multi	snoRNA	977
published, mouse wells	294	multi	snRNA	785
published, mouse wells	294	multi	TEC	183
published, mouse wells	294	multi	ribozyme	174
published, mouse wells	294	multi	TranscribedUnitaryPseudogene	35
published, mouse wells	294	multi	tRNA	21
published, mouse wells	294	multi	pseudogene	16
published, mouse wells	294	multi	MtTrna	9
published, mouse wells	294	multi	UnitaryPseudogene	9
published, mouse wells	294	multi	MtRrna	6
published, mouse wells	294	multi	IgCGene	2
published, mouse wells	294	multi	PolymorphicPseudogene	2
published, mouse wells	294	single	ProteinCoding	346871
published, mouse wells	294	single	lncRNA	12955
published, mouse wells	294	single	ribozyme	4782
published, mouse wells	294	single	snoRNA	1362
published, mouse wells	294	single	ProcessedPseudogene	1003
published, mouse wells	294	single	TEC	846
published, mouse wells	294	single	miRNA	550
published, mouse wells	294	single	snRNA	283
published, mouse wells	294	single	TranscribedProcessedPseudogene	249
published, mouse wells	294	single	TranscribedUnprocessedPseudogene	237
published, mouse wells	294	single	UnprocessedPseudogene	147
published, mouse wells	294	single	MiscRna	144
published, mouse wells	294	single	TranscribedUnitaryPseudogene	92
published, mouse wells	294	single	PolymorphicPseudogene	90
published, mouse wells	294	single	scaRNA	83
published, mouse wells	294	single	tRNA	37
published, mouse wells	294	single	MtRrna	26
published, mouse wells	294	single	UnitaryPseudogene	18
published, mouse wells	294	single	MtTrna	15
published, mouse wells	294	single	rRNA	10
published, mouse wells	294	single	pseudogene	6
published, mouse wells	296	multi	ProteinCoding	49366
published, mouse wells	296	multi	ProcessedPseudogene	20434
published, mouse wells	296	multi	MiscRna	8883
published, mouse wells	296	multi	UnprocessedPseudogene	4863
published, mouse wells	296	multi	lncRNA	4661
published, mouse wells	296	multi	TranscribedProcessedPseudogene	2784
published, mouse wells	296	multi	miRNA	2627
published, mouse wells	296	multi	TranscribedUnprocessedPseudogene	1997
published, mouse wells	296	multi	snoRNA	1096
published, mouse wells	296	multi	TEC	537
published, mouse wells	296	multi	snRNA	524
published, mouse wells	296	multi	ribozyme	107
published, mouse wells	296	multi	pseudogene	36
published, mouse wells	296	multi	TranscribedUnitaryPseudogene	35
published, mouse wells	296	multi	tRNA	32
published, mouse wells	296	multi	UnitaryPseudogene	8
published, mouse wells	296	multi	PolymorphicPseudogene	6
published, mouse wells	296	multi	IgCGene	5
published, mouse wells	296	multi	scaRNA	3
published, mouse wells	296	multi	MtRrna	1
published, mouse wells	296	multi	MtTrna	1
published, mouse wells	296	single	ProteinCoding	418567
published, mouse wells	296	single	lncRNA	11677
published, mouse wells	296	single	ribozyme	1336
published, mouse wells	296	single	snoRNA	1165
published, mouse wells	296	single	TEC	1151
published, mouse wells	296	single	ProcessedPseudogene	1030
published, mouse wells	296	single	miRNA	509
published, mouse wells	296	single	TranscribedUnprocessedPseudogene	420
published, mouse wells	296	single	TranscribedUnitaryPseudogene	319
published, mouse wells	296	single	TranscribedProcessedPseudogene	277
published, mouse wells	296	single	UnprocessedPseudogene	227
published, mouse wells	296	single	snRNA	176
published, mouse wells	296	single	MiscRna	121
published, mouse wells	296	single	scaRNA	87
published, mouse wells	296	single	PolymorphicPseudogene	65
published, mouse wells	296	single	tRNA	61
published, mouse wells	296	single	pseudogene	22
published, mouse wells	296	single	MtRrna	17
published, mouse wells	296	single	MtTrna	13
published, mouse wells	296	single	UnitaryPseudogene	7
published, mouse wells	296	single	rRNA	6
published, mouse wells	298	multi	ProteinCoding	4141
published, mouse wells	298	multi	ProcessedPseudogene	1949
published, mouse wells	298	multi	lncRNA	465
published, mouse wells	298	multi	UnprocessedPseudogene	374
published, mouse wells	298	multi	TranscribedProcessedPseudogene	267
published, mouse wells	298	multi	MiscRna	131
published, mouse wells	298	multi	TranscribedUnprocessedPseudogene	116
published, mouse wells	298	multi	miRNA	86
published, mouse wells	298	multi	snoRNA	36
published, mouse wells	298	multi	snRNA	19
published, mouse wells	298	multi	TEC	16
published, mouse wells	298	multi	ribozyme	15
published, mouse wells	298	multi	TranscribedUnitaryPseudogene	7
published, mouse wells	298	multi	pseudogene	1
published, mouse wells	298	multi	tRNA	1
published, mouse wells	298	single	ProteinCoding	32100
published, mouse wells	298	single	lncRNA	1059
published, mouse wells	298	single	ProcessedPseudogene	89
published, mouse wells	298	single	TEC	84
published, mouse wells	298	single	snoRNA	68
published, mouse wells	298	single	ribozyme	64
published, mouse wells	298	single	miRNA	49
published, mouse wells	298	single	TranscribedUnitaryPseudogene	42
published, mouse wells	298	single	TranscribedUnprocessedPseudogene	30
published, mouse wells	298	single	TranscribedProcessedPseudogene	28
published, mouse wells	298	single	UnprocessedPseudogene	9
published, mouse wells	298	single	MiscRna	6
published, mouse wells	298	single	scaRNA	6
published, mouse wells	298	single	tRNA	5
published, mouse wells	298	single	MtTrna	2
published, mouse wells	298	single	PolymorphicPseudogene	1
published, mouse wells	298	single	snRNA	1
published, mouse wells	300	multi	ProteinCoding	69995
published, mouse wells	300	multi	ProcessedPseudogene	23489
published, mouse wells	300	multi	MiscRna	22957
published, mouse wells	300	multi	lncRNA	5468
published, mouse wells	300	multi	UnprocessedPseudogene	4984
published, mouse wells	300	multi	miRNA	4302
published, mouse wells	300	multi	TranscribedProcessedPseudogene	3434
published, mouse wells	300	multi	TranscribedUnprocessedPseudogene	2069
published, mouse wells	300	multi	snoRNA	2049
published, mouse wells	300	multi	snRNA	975
published, mouse wells	300	multi	ribozyme	232
published, mouse wells	300	multi	TEC	179
published, mouse wells	300	multi	pseudogene	81
published, mouse wells	300	multi	TranscribedUnitaryPseudogene	43
published, mouse wells	300	multi	UnitaryPseudogene	26
published, mouse wells	300	multi	tRNA	26
published, mouse wells	300	multi	PolymorphicPseudogene	15
published, mouse wells	300	multi	MtTrna	6
published, mouse wells	300	multi	MtRrna	4
published, mouse wells	300	multi	rRNA	1
published, mouse wells	300	multi	scaRNA	1
published, mouse wells	300	single	ProteinCoding	517434
published, mouse wells	300	single	lncRNA	16256
published, mouse wells	300	single	ribozyme	3642
published, mouse wells	300	single	snoRNA	2007
published, mouse wells	300	single	TEC	1520
published, mouse wells	300	single	ProcessedPseudogene	1178
published, mouse wells	300	single	miRNA	568
published, mouse wells	300	single	TranscribedUnprocessedPseudogene	523
published, mouse wells	300	single	TranscribedProcessedPseudogene	343
published, mouse wells	300	single	snRNA	266
published, mouse wells	300	single	UnprocessedPseudogene	245
published, mouse wells	300	single	MiscRna	212
published, mouse wells	300	single	TranscribedUnitaryPseudogene	146
published, mouse wells	300	single	scaRNA	139
published, mouse wells	300	single	PolymorphicPseudogene	63
published, mouse wells	300	single	tRNA	39
published, mouse wells	300	single	MtRrna	31
published, mouse wells	300	single	UnitaryPseudogene	24
published, mouse wells	300	single	MtTrna	19
published, mouse wells	300	single	pseudogene	15
published, mouse wells	300	single	rRNA	6
published, mouse wells	302	multi	ProteinCoding	25897
published, mouse wells	302	multi	ProcessedPseudogene	12502
published, mouse wells	302	multi	UnprocessedPseudogene	2738
published, mouse wells	302	multi	lncRNA	2695
published, mouse wells	302	multi	TranscribedProcessedPseudogene	1687
published, mouse wells	302	multi	MiscRna	1273
published, mouse wells	302	multi	miRNA	563
published, mouse wells	302	multi	TranscribedUnprocessedPseudogene	541
published, mouse wells	302	multi	snoRNA	293
published, mouse wells	302	multi	TranscribedUnitaryPseudogene	60
published, mouse wells	302	multi	TEC	48
published, mouse wells	302	multi	snRNA	34
published, mouse wells	302	multi	ribozyme	27
published, mouse wells	302	multi	pseudogene	22
published, mouse wells	302	multi	tRNA	3
published, mouse wells	302	multi	MtRrna	1
published, mouse wells	302	multi	MtTrna	1
published, mouse wells	302	single	ProteinCoding	204020
published, mouse wells	302	single	lncRNA	6390
published, mouse wells	302	single	TEC	747
published, mouse wells	302	single	ProcessedPseudogene	698
published, mouse wells	302	single	ribozyme	390
published, mouse wells	302	single	snoRNA	302
published, mouse wells	302	single	miRNA	285
published, mouse wells	302	single	TranscribedUnprocessedPseudogene	197
published, mouse wells	302	single	TranscribedUnitaryPseudogene	102
published, mouse wells	302	single	TranscribedProcessedPseudogene	83
published, mouse wells	302	single	MiscRna	77
published, mouse wells	302	single	UnprocessedPseudogene	74
published, mouse wells	302	single	snRNA	29
published, mouse wells	302	single	scaRNA	23
published, mouse wells	302	single	PolymorphicPseudogene	16
published, mouse wells	302	single	rRNA	10
published, mouse wells	302	single	tRNA	8
published, mouse wells	302	single	MtRrna	7
published, mouse wells	302	single	MtTrna	3
published, mouse wells	302	single	pseudogene	2
published, mouse wells	304	multi	ProteinCoding	3885
published, mouse wells	304	multi	MiscRna	1272
published, mouse wells	304	multi	ProcessedPseudogene	1096
published, mouse wells	304	multi	miRNA	580
published, mouse wells	304	multi	snoRNA	482
published, mouse wells	304	multi	lncRNA	298
published, mouse wells	304	multi	TranscribedProcessedPseudogene	158
published, mouse wells	304	multi	UnprocessedPseudogene	99
published, mouse wells	304	multi	snRNA	70
published, mouse wells	304	multi	TranscribedUnprocessedPseudogene	37
published, mouse wells	304	multi	ribozyme	11
published, mouse wells	304	multi	MtRrna	5
published, mouse wells	304	multi	TEC	3
published, mouse wells	304	multi	TranscribedUnitaryPseudogene	3
published, mouse wells	304	multi	UnitaryPseudogene	1
published, mouse wells	304	single	ProteinCoding	17128
published, mouse wells	304	single	lncRNA	604
published, mouse wells	304	single	snoRNA	183
published, mouse wells	304	single	ribozyme	136
published, mouse wells	304	single	ProcessedPseudogene	60
published, mouse wells	304	single	miRNA	37
published, mouse wells	304	single	TEC	34
published, mouse wells	304	single	TranscribedUnprocessedPseudogene	19
published, mouse wells	304	single	tRNA	12
published, mouse wells	304	single	snRNA	11
published, mouse wells	304	single	TranscribedUnitaryPseudogene	6
published, mouse wells	304	single	UnprocessedPseudogene	6
published, mouse wells	304	single	scaRNA	6
published, mouse wells	304	single	rRNA	5
published, mouse wells	304	single	MiscRna	4
published, mouse wells	304	single	TranscribedProcessedPseudogene	3
published, mouse wells	304	single	PolymorphicPseudogene	2
published, mouse wells	304	single	MtRrna	1
published, mouse wells	304	single	UnitaryPseudogene	1
published, mouse wells	306	multi	ProteinCoding	8037
published, mouse wells	306	multi	ProcessedPseudogene	3504
published, mouse wells	306	multi	lncRNA	915
published, mouse wells	306	multi	UnprocessedPseudogene	836
published, mouse wells	306	multi	TranscribedProcessedPseudogene	516
published, mouse wells	306	multi	MiscRna	500
published, mouse wells	306	multi	miRNA	249
published, mouse wells	306	multi	TranscribedUnprocessedPseudogene	226
published, mouse wells	306	multi	snoRNA	65
published, mouse wells	306	multi	TEC	41
published, mouse wells	306	multi	snRNA	40
published, mouse wells	306	multi	ribozyme	14
published, mouse wells	306	multi	TranscribedUnitaryPseudogene	6
published, mouse wells	306	multi	MtRrna	2
published, mouse wells	306	multi	IgVPseudogene	1
published, mouse wells	306	multi	PolymorphicPseudogene	1
published, mouse wells	306	multi	UnitaryPseudogene	1
published, mouse wells	306	multi	pseudogene	1
published, mouse wells	306	multi	rRNA	1
published, mouse wells	306	multi	tRNA	1
published, mouse wells	306	single	ProteinCoding	61580
published, mouse wells	306	single	lncRNA	2011
published, mouse wells	306	single	ProcessedPseudogene	171
published, mouse wells	306	single	ribozyme	153
published, mouse wells	306	single	TEC	142
published, mouse wells	306	single	miRNA	93
published, mouse wells	306	single	snoRNA	85
published, mouse wells	306	single	TranscribedUnprocessedPseudogene	73
published, mouse wells	306	single	UnprocessedPseudogene	36
published, mouse wells	306	single	TranscribedProcessedPseudogene	29
published, mouse wells	306	single	TranscribedUnitaryPseudogene	27
published, mouse wells	306	single	PolymorphicPseudogene	17
published, mouse wells	306	single	scaRNA	16
published, mouse wells	306	single	MiscRna	15
published, mouse wells	306	single	UnitaryPseudogene	14
published, mouse wells	306	single	tRNA	10
published, mouse wells	306	single	pseudogene	5
published, mouse wells	306	single	snRNA	4
published, mouse wells	306	single	MtRrna	3
published, mouse wells	308	multi	ProteinCoding	36469
published, mouse wells	308	multi	ProcessedPseudogene	15983
published, mouse wells	308	multi	MiscRna	4631
published, mouse wells	308	multi	UnprocessedPseudogene	3264
published, mouse wells	308	multi	lncRNA	3236
published, mouse wells	308	multi	TranscribedProcessedPseudogene	2325
published, mouse wells	308	multi	miRNA	1852
published, mouse wells	308	multi	snoRNA	785
published, mouse wells	308	multi	TranscribedUnprocessedPseudogene	585
published, mouse wells	308	multi	snRNA	149
published, mouse wells	308	multi	TEC	105
published, mouse wells	308	multi	pseudogene	70
published, mouse wells	308	multi	TranscribedUnitaryPseudogene	64
published, mouse wells	308	multi	ribozyme	58
published, mouse wells	308	multi	tRNA	11
published, mouse wells	308	multi	MtRrna	5
published, mouse wells	308	multi	rRNA	5
published, mouse wells	308	multi	UnitaryPseudogene	4
published, mouse wells	308	multi	PolymorphicPseudogene	3
published, mouse wells	308	single	ProteinCoding	302667
published, mouse wells	308	single	lncRNA	8600
published, mouse wells	308	single	ProcessedPseudogene	961
published, mouse wells	308	single	ribozyme	849
published, mouse wells	308	single	TEC	840
published, mouse wells	308	single	snoRNA	591
published, mouse wells	308	single	miRNA	401
published, mouse wells	308	single	TranscribedUnprocessedPseudogene	224
published, mouse wells	308	single	TranscribedProcessedPseudogene	163
published, mouse wells	308	single	UnprocessedPseudogene	93
published, mouse wells	308	single	MiscRna	86
published, mouse wells	308	single	snRNA	74
published, mouse wells	308	single	TranscribedUnitaryPseudogene	41
published, mouse wells	308	single	PolymorphicPseudogene	38
published, mouse wells	308	single	scaRNA	34
published, mouse wells	308	single	MtRrna	18
published, mouse wells	308	single	MtTrna	17
published, mouse wells	308	single	tRNA	11
published, mouse wells	308	single	rRNA	6
published, mouse wells	308	single	UnitaryPseudogene	4
published, mouse wells	308	single	pseudogene	4
published, mouse wells	310	multi	ProteinCoding	38130
published, mouse wells	310	multi	ProcessedPseudogene	15657
published, mouse wells	310	multi	MiscRna	6683
published, mouse wells	310	multi	UnprocessedPseudogene	3111
published, mouse wells	310	multi	lncRNA	3036
published, mouse wells	310	multi	TranscribedProcessedPseudogene	2219
published, mouse wells	310	multi	miRNA	1721
published, mouse wells	310	multi	TranscribedUnprocessedPseudogene	1058
published, mouse wells	310	multi	snoRNA	792
published, mouse wells	310	multi	TEC	338
published, mouse wells	310	multi	snRNA	255
published, mouse wells	310	multi	ribozyme	113
published, mouse wells	310	multi	TranscribedUnitaryPseudogene	60
published, mouse wells	310	multi	tRNA	36
published, mouse wells	310	multi	UnitaryPseudogene	13
published, mouse wells	310	multi	pseudogene	13
published, mouse wells	310	multi	MtRrna	10
published, mouse wells	310	multi	PolymorphicPseudogene	5
published, mouse wells	310	multi	rRNA	4
published, mouse wells	310	multi	MtTrna	2
published, mouse wells	310	single	ProteinCoding	310604
published, mouse wells	310	single	lncRNA	7881
published, mouse wells	310	single	ribozyme	1314
published, mouse wells	310	single	TEC	775
published, mouse wells	310	single	snoRNA	699
published, mouse wells	310	single	ProcessedPseudogene	673
published, mouse wells	310	single	miRNA	422
published, mouse wells	310	single	TranscribedUnprocessedPseudogene	252
published, mouse wells	310	single	TranscribedUnitaryPseudogene	233
published, mouse wells	310	single	TranscribedProcessedPseudogene	199
published, mouse wells	310	single	UnprocessedPseudogene	118
published, mouse wells	310	single	MiscRna	101
published, mouse wells	310	single	snRNA	97
published, mouse wells	310	single	PolymorphicPseudogene	63
published, mouse wells	310	single	scaRNA	58
published, mouse wells	310	single	MtRrna	40
published, mouse wells	310	single	tRNA	34
published, mouse wells	310	single	MtTrna	24
published, mouse wells	310	single	rRNA	11
published, mouse wells	310	single	pseudogene	3
published, mouse wells	310	single	UnitaryPseudogene	2
published, mouse wells	311	multi	ProteinCoding	32749
published, mouse wells	311	multi	ProcessedPseudogene	13159
published, mouse wells	311	multi	MiscRna	5041
published, mouse wells	311	multi	lncRNA	3190
published, mouse wells	311	multi	UnprocessedPseudogene	3083
published, mouse wells	311	multi	TranscribedProcessedPseudogene	1812
published, mouse wells	311	multi	miRNA	1271
published, mouse wells	311	multi	TranscribedUnprocessedPseudogene	907
published, mouse wells	311	multi	snoRNA	509
published, mouse wells	311	multi	snRNA	158
published, mouse wells	311	multi	TEC	120
published, mouse wells	311	multi	ribozyme	71
published, mouse wells	311	multi	pseudogene	38
published, mouse wells	311	multi	TranscribedUnitaryPseudogene	32
published, mouse wells	311	multi	TrVGene	6
published, mouse wells	311	multi	MtTrna	5
published, mouse wells	311	multi	tRNA	4
published, mouse wells	311	multi	MtRrna	3
published, mouse wells	311	multi	UnitaryPseudogene	2
published, mouse wells	311	single	ProteinCoding	292156
published, mouse wells	311	single	lncRNA	8824
published, mouse wells	311	single	ribozyme	967
published, mouse wells	311	single	TEC	868
published, mouse wells	311	single	ProcessedPseudogene	706
published, mouse wells	311	single	snoRNA	598
published, mouse wells	311	single	miRNA	357
published, mouse wells	311	single	TranscribedUnprocessedPseudogene	284
published, mouse wells	311	single	TranscribedProcessedPseudogene	228
published, mouse wells	311	single	TranscribedUnitaryPseudogene	176
published, mouse wells	311	single	UnprocessedPseudogene	147
published, mouse wells	311	single	MiscRna	114
published, mouse wells	311	single	snRNA	94
published, mouse wells	311	single	PolymorphicPseudogene	58
published, mouse wells	311	single	scaRNA	48
published, mouse wells	311	single	tRNA	34
published, mouse wells	311	single	MtTrna	10
published, mouse wells	311	single	MtRrna	9
published, mouse wells	311	single	rRNA	6
published, mouse wells	311	single	pseudogene	5
published, mouse wells	314	multi	ProteinCoding	61303
published, mouse wells	314	multi	MiscRna	26378
published, mouse wells	314	multi	ProcessedPseudogene	18783
published, mouse wells	314	multi	lncRNA	4727
published, mouse wells	314	multi	miRNA	2739
published, mouse wells	314	multi	UnprocessedPseudogene	2611
published, mouse wells	314	multi	TranscribedProcessedPseudogene	2412
published, mouse wells	314	multi	snoRNA	1668
published, mouse wells	314	multi	TranscribedUnprocessedPseudogene	890
published, mouse wells	314	multi	snRNA	633
published, mouse wells	314	multi	ribozyme	180
published, mouse wells	314	multi	TEC	122
published, mouse wells	314	multi	pseudogene	53
published, mouse wells	314	multi	TranscribedUnitaryPseudogene	39
published, mouse wells	314	multi	tRNA	9
published, mouse wells	314	multi	PolymorphicPseudogene	5
published, mouse wells	314	multi	MtTrna	3
published, mouse wells	314	multi	UnitaryPseudogene	2
published, mouse wells	314	multi	MtRrna	1
published, mouse wells	314	single	ProteinCoding	363545
published, mouse wells	314	single	lncRNA	11778
published, mouse wells	314	single	ribozyme	2775
published, mouse wells	314	single	snoRNA	1879
published, mouse wells	314	single	TEC	1090
published, mouse wells	314	single	ProcessedPseudogene	969
published, mouse wells	314	single	miRNA	490
published, mouse wells	314	single	TranscribedUnprocessedPseudogene	286
published, mouse wells	314	single	MiscRna	278
published, mouse wells	314	single	snRNA	255
published, mouse wells	314	single	TranscribedProcessedPseudogene	226
published, mouse wells	314	single	TranscribedUnitaryPseudogene	176
published, mouse wells	314	single	UnprocessedPseudogene	166
published, mouse wells	314	single	scaRNA	118
published, mouse wells	314	single	PolymorphicPseudogene	110
published, mouse wells	314	single	UnitaryPseudogene	56
published, mouse wells	314	single	MtRrna	27
published, mouse wells	314	single	tRNA	20
published, mouse wells	314	single	MtTrna	14
published, mouse wells	314	single	rRNA	12
published, mouse wells	314	single	pseudogene	7
published, mouse wells	316	multi	ProteinCoding	9267
published, mouse wells	316	multi	ProcessedPseudogene	4989
published, mouse wells	316	multi	UnprocessedPseudogene	905
published, mouse wells	316	multi	lncRNA	780
published, mouse wells	316	multi	TranscribedProcessedPseudogene	757
published, mouse wells	316	multi	MiscRna	357
published, mouse wells	316	multi	miRNA	198
published, mouse wells	316	multi	TranscribedUnprocessedPseudogene	123
published, mouse wells	316	multi	snoRNA	38
published, mouse wells	316	multi	TEC	19
published, mouse wells	316	multi	TranscribedUnitaryPseudogene	10
published, mouse wells	316	multi	pseudogene	9
published, mouse wells	316	multi	UnitaryPseudogene	2
published, mouse wells	316	multi	MtRrna	1
published, mouse wells	316	multi	snRNA	1
published, mouse wells	316	single	ProteinCoding	49740
published, mouse wells	316	single	lncRNA	1703
published, mouse wells	316	single	ProcessedPseudogene	257
published, mouse wells	316	single	ribozyme	106
published, mouse wells	316	single	miRNA	96
published, mouse wells	316	single	TEC	67
published, mouse wells	316	single	snoRNA	59
published, mouse wells	316	single	TranscribedProcessedPseudogene	32
published, mouse wells	316	single	UnprocessedPseudogene	25
published, mouse wells	316	single	TranscribedUnprocessedPseudogene	24
published, mouse wells	316	single	TranscribedUnitaryPseudogene	18
published, mouse wells	316	single	scaRNA	7
published, mouse wells	316	single	MtRrna	6
published, mouse wells	316	single	snRNA	4
published, mouse wells	316	single	MiscRna	3
published, mouse wells	316	single	MtTrna	2
published, mouse wells	316	single	PolymorphicPseudogene	2
published, mouse wells	316	single	UnitaryPseudogene	2
published, mouse wells	316	single	pseudogene	2
published, mouse wells	316	single	tRNA	1
published, mouse wells	318	multi	ProteinCoding	56965
published, mouse wells	318	multi	ProcessedPseudogene	23784
published, mouse wells	318	multi	MiscRna	10347
published, mouse wells	318	multi	lncRNA	5497
published, mouse wells	318	multi	UnprocessedPseudogene	3659
published, mouse wells	318	multi	TranscribedProcessedPseudogene	3395
published, mouse wells	318	multi	miRNA	2454
published, mouse wells	318	multi	TranscribedUnprocessedPseudogene	1396
published, mouse wells	318	multi	snoRNA	1375
published, mouse wells	318	multi	snRNA	461
published, mouse wells	318	multi	ribozyme	220
published, mouse wells	318	multi	TEC	140
published, mouse wells	318	multi	pseudogene	89
published, mouse wells	318	multi	TranscribedUnitaryPseudogene	43
published, mouse wells	318	multi	PolymorphicPseudogene	19
published, mouse wells	318	multi	MtTrna	18
published, mouse wells	318	multi	UnitaryPseudogene	7
published, mouse wells	318	multi	tRNA	7
published, mouse wells	318	multi	TrVGene	1
published, mouse wells	318	single	ProteinCoding	527333
published, mouse wells	318	single	lncRNA	18127
published, mouse wells	318	single	ribozyme	2110
published, mouse wells	318	single	TEC	1634
published, mouse wells	318	single	snoRNA	1627
published, mouse wells	318	single	ProcessedPseudogene	1308
published, mouse wells	318	single	TranscribedUnprocessedPseudogene	464
published, mouse wells	318	single	miRNA	457
published, mouse wells	318	single	TranscribedProcessedPseudogene	365
published, mouse wells	318	single	MiscRna	282
published, mouse wells	318	single	TranscribedUnitaryPseudogene	251
published, mouse wells	318	single	UnprocessedPseudogene	174
published, mouse wells	318	single	snRNA	135
published, mouse wells	318	single	scaRNA	98
published, mouse wells	318	single	PolymorphicPseudogene	87
published, mouse wells	318	single	MtTrna	27
published, mouse wells	318	single	tRNA	26
published, mouse wells	318	single	rRNA	13
published, mouse wells	318	single	MtRrna	11
published, mouse wells	318	single	pseudogene	4
published, mouse wells	318	single	TrCGene	1
published, mouse wells	322	multi	ProteinCoding	84576
published, mouse wells	322	multi	MiscRna	31054
published, mouse wells	322	multi	ProcessedPseudogene	28424
published, mouse wells	322	multi	lncRNA	6087
published, mouse wells	322	multi	miRNA	5866
published, mouse wells	322	multi	UnprocessedPseudogene	5747
published, mouse wells	322	multi	TranscribedProcessedPseudogene	4288
published, mouse wells	322	multi	snRNA	2377
published, mouse wells	322	multi	snoRNA	2355
published, mouse wells	322	multi	TranscribedUnprocessedPseudogene	1650
published, mouse wells	322	multi	ribozyme	191
published, mouse wells	322	multi	TEC	153
published, mouse wells	322	multi	TranscribedUnitaryPseudogene	75
published, mouse wells	322	multi	pseudogene	63
published, mouse wells	322	multi	UnitaryPseudogene	24
published, mouse wells	322	multi	tRNA	18
published, mouse wells	322	multi	MtRrna	15
published, mouse wells	322	multi	MtTrna	10
published, mouse wells	322	multi	PolymorphicPseudogene	6
published, mouse wells	322	multi	rRNA	1
published, mouse wells	322	single	ProteinCoding	585305
published, mouse wells	322	single	lncRNA	18318
published, mouse wells	322	single	ribozyme	3510
published, mouse wells	322	single	snoRNA	2374
published, mouse wells	322	single	TEC	1678
published, mouse wells	322	single	ProcessedPseudogene	1599
published, mouse wells	322	single	miRNA	667
published, mouse wells	322	single	snRNA	613
published, mouse wells	322	single	TranscribedUnprocessedPseudogene	462
published, mouse wells	322	single	MiscRna	370
published, mouse wells	322	single	TranscribedProcessedPseudogene	370
published, mouse wells	322	single	scaRNA	170
published, mouse wells	322	single	UnprocessedPseudogene	131
published, mouse wells	322	single	PolymorphicPseudogene	107
published, mouse wells	322	single	tRNA	93
published, mouse wells	322	single	TranscribedUnitaryPseudogene	92
published, mouse wells	322	single	MtRrna	39
published, mouse wells	322	single	MtTrna	33
published, mouse wells	322	single	UnitaryPseudogene	21
published, mouse wells	322	single	rRNA	9
published, mouse wells	322	single	pseudogene	5
published, mouse wells	324	multi	ProteinCoding	15242
published, mouse wells	324	multi	ProcessedPseudogene	6648
published, mouse wells	324	multi	MiscRna	1667
published, mouse wells	324	multi	UnprocessedPseudogene	1469
published, mouse wells	324	multi	lncRNA	1468
published, mouse wells	324	multi	TranscribedProcessedPseudogene	944
published, mouse wells	324	multi	miRNA	575
published, mouse wells	324	multi	TranscribedUnprocessedPseudogene	422
published, mouse wells	324	multi	snoRNA	249
published, mouse wells	324	multi	TEC	55
published, mouse wells	324	multi	snRNA	49
published, mouse wells	324	multi	ribozyme	36
published, mouse wells	324	multi	TranscribedUnitaryPseudogene	22
published, mouse wells	324	multi	pseudogene	22
published, mouse wells	324	multi	PolymorphicPseudogene	7
published, mouse wells	324	multi	MtTrna	2
published, mouse wells	324	multi	tRNA	2
published, mouse wells	324	multi	TrVGene	1
published, mouse wells	324	single	ProteinCoding	134176
published, mouse wells	324	single	lncRNA	4064
published, mouse wells	324	single	ribozyme	472
published, mouse wells	324	single	TEC	362
published, mouse wells	324	single	ProcessedPseudogene	360
published, mouse wells	324	single	snoRNA	290
published, mouse wells	324	single	miRNA	123
published, mouse wells	324	single	TranscribedUnprocessedPseudogene	106
published, mouse wells	324	single	UnprocessedPseudogene	77
published, mouse wells	324	single	TranscribedProcessedPseudogene	53
published, mouse wells	324	single	TranscribedUnitaryPseudogene	44
published, mouse wells	324	single	snRNA	31
published, mouse wells	324	single	MiscRna	29
published, mouse wells	324	single	PolymorphicPseudogene	20
published, mouse wells	324	single	scaRNA	18
published, mouse wells	324	single	MtRrna	9
published, mouse wells	324	single	MtTrna	5
published, mouse wells	324	single	tRNA	3
published, mouse wells	324	single	UnitaryPseudogene	2
published, mouse wells	324	single	pseudogene	1
published, mouse wells	326	multi	ProteinCoding	26477
published, mouse wells	326	multi	ProcessedPseudogene	11347
published, mouse wells	326	multi	UnprocessedPseudogene	2943
published, mouse wells	326	multi	lncRNA	2707
published, mouse wells	326	multi	MiscRna	2373
published, mouse wells	326	multi	TranscribedProcessedPseudogene	1692
published, mouse wells	326	multi	TranscribedUnprocessedPseudogene	1076
published, mouse wells	326	multi	miRNA	738
published, mouse wells	326	multi	snoRNA	320
published, mouse wells	326	multi	TEC	184
published, mouse wells	326	multi	snRNA	82
published, mouse wells	326	multi	ribozyme	48
published, mouse wells	326	multi	TranscribedUnitaryPseudogene	41
published, mouse wells	326	multi	pseudogene	32
published, mouse wells	326	multi	UnitaryPseudogene	8
published, mouse wells	326	multi	tRNA	7
published, mouse wells	326	multi	MtRrna	3
published, mouse wells	326	multi	PolymorphicPseudogene	2
published, mouse wells	326	multi	MtTrna	1
published, mouse wells	326	multi	rRNA	1
published, mouse wells	326	single	ProteinCoding	229692
published, mouse wells	326	single	lncRNA	7586
published, mouse wells	326	single	ribozyme	719
published, mouse wells	326	single	ProcessedPseudogene	694
published, mouse wells	326	single	TEC	582
published, mouse wells	326	single	snoRNA	486
published, mouse wells	326	single	miRNA	321
published, mouse wells	326	single	TranscribedUnprocessedPseudogene	219
published, mouse wells	326	single	TranscribedUnitaryPseudogene	152
published, mouse wells	326	single	TranscribedProcessedPseudogene	143
published, mouse wells	326	single	UnprocessedPseudogene	102
published, mouse wells	326	single	MiscRna	37
published, mouse wells	326	single	snRNA	34
published, mouse wells	326	single	scaRNA	28
published, mouse wells	326	single	PolymorphicPseudogene	14
published, mouse wells	326	single	pseudogene	13
published, mouse wells	326	single	tRNA	11
published, mouse wells	326	single	MtRrna	9
published, mouse wells	326	single	rRNA	4
published, mouse wells	326	single	MtTrna	3
published, mouse wells	326	single	UnitaryPseudogene	2
published, mouse wells	328	multi	ProteinCoding	19239
published, mouse wells	328	multi	ProcessedPseudogene	7622
published, mouse wells	328	multi	MiscRna	1911
published, mouse wells	328	multi	lncRNA	1590
published, mouse wells	328	multi	UnprocessedPseudogene	1176
published, mouse wells	328	multi	TranscribedProcessedPseudogene	1133
published, mouse wells	328	multi	miRNA	726
published, mouse wells	328	multi	TranscribedUnprocessedPseudogene	465
published, mouse wells	328	multi	snoRNA	377
published, mouse wells	328	multi	TEC	125
published, mouse wells	328	multi	snRNA	89
published, mouse wells	328	multi	ribozyme	85
published, mouse wells	328	multi	pseudogene	62
published, mouse wells	328	multi	TranscribedUnitaryPseudogene	19
published, mouse wells	328	multi	UnitaryPseudogene	9
published, mouse wells	328	multi	tRNA	9
published, mouse wells	328	multi	PolymorphicPseudogene	4
published, mouse wells	328	multi	rRNA	2
published, mouse wells	328	multi	MtRrna	1
published, mouse wells	328	single	ProteinCoding	136639
published, mouse wells	328	single	lncRNA	3560
published, mouse wells	328	single	ribozyme	437
published, mouse wells	328	single	ProcessedPseudogene	380
published, mouse wells	328	single	TEC	263
published, mouse wells	328	single	snoRNA	259
published, mouse wells	328	single	miRNA	211
published, mouse wells	328	single	TranscribedProcessedPseudogene	108
published, mouse wells	328	single	TranscribedUnprocessedPseudogene	83
published, mouse wells	328	single	TranscribedUnitaryPseudogene	59
published, mouse wells	328	single	UnprocessedPseudogene	45
published, mouse wells	328	single	MiscRna	36
published, mouse wells	328	single	snRNA	26
published, mouse wells	328	single	scaRNA	20
published, mouse wells	328	single	MtRrna	12
published, mouse wells	328	single	PolymorphicPseudogene	9
published, mouse wells	328	single	UnitaryPseudogene	7
published, mouse wells	328	single	tRNA	6
published, mouse wells	328	single	rRNA	3
published, mouse wells	328	single	MtTrna	2
published, mouse wells	328	single	pseudogene	2
published, mouse wells	328	single	IgVPseudogene	1
published, mouse wells	330	multi	ProteinCoding	10296
published, mouse wells	330	multi	ProcessedPseudogene	4567
published, mouse wells	330	multi	MiscRna	1560
published, mouse wells	330	multi	lncRNA	1044
published, mouse wells	330	multi	TranscribedProcessedPseudogene	675
published, mouse wells	330	multi	UnprocessedPseudogene	573
published, mouse wells	330	multi	miRNA	463
published, mouse wells	330	multi	TranscribedUnprocessedPseudogene	339
published, mouse wells	330	multi	snoRNA	128
published, mouse wells	330	multi	ribozyme	49
published, mouse wells	330	multi	snRNA	32
published, mouse wells	330	multi	TEC	31
published, mouse wells	330	multi	TranscribedUnitaryPseudogene	12
published, mouse wells	330	multi	pseudogene	3
published, mouse wells	330	multi	PolymorphicPseudogene	2
published, mouse wells	330	single	ProteinCoding	85484
published, mouse wells	330	single	lncRNA	3114
published, mouse wells	330	single	ribozyme	342
published, mouse wells	330	single	snoRNA	297
published, mouse wells	330	single	ProcessedPseudogene	241
published, mouse wells	330	single	TEC	218
published, mouse wells	330	single	miRNA	119
published, mouse wells	330	single	TranscribedUnprocessedPseudogene	100
published, mouse wells	330	single	UnprocessedPseudogene	62
published, mouse wells	330	single	MiscRna	49
published, mouse wells	330	single	TranscribedProcessedPseudogene	48
published, mouse wells	330	single	snRNA	16
published, mouse wells	330	single	scaRNA	11
published, mouse wells	330	single	PolymorphicPseudogene	10
published, mouse wells	330	single	TranscribedUnitaryPseudogene	6
published, mouse wells	330	single	tRNA	2
published, mouse wells	330	single	MtRrna	1
published, mouse wells	330	single	UnitaryPseudogene	1
published, mouse wells	332	multi	ProteinCoding	13930
published, mouse wells	332	multi	ProcessedPseudogene	6663
published, mouse wells	332	multi	UnprocessedPseudogene	1833
published, mouse wells	332	multi	lncRNA	1233
published, mouse wells	332	multi	TranscribedProcessedPseudogene	995
published, mouse wells	332	multi	MiscRna	623
published, mouse wells	332	multi	miRNA	344
published, mouse wells	332	multi	TranscribedUnprocessedPseudogene	240
published, mouse wells	332	multi	snoRNA	97
published, mouse wells	332	multi	TranscribedUnitaryPseudogene	40
published, mouse wells	332	multi	TEC	35
published, mouse wells	332	multi	snRNA	18
published, mouse wells	332	multi	pseudogene	12
published, mouse wells	332	multi	ribozyme	8
published, mouse wells	332	multi	tRNA	2
published, mouse wells	332	multi	UnitaryPseudogene	1
published, mouse wells	332	single	ProteinCoding	91641
published, mouse wells	332	single	lncRNA	2247
published, mouse wells	332	single	ProcessedPseudogene	383
published, mouse wells	332	single	TEC	274
published, mouse wells	332	single	ribozyme	201
published, mouse wells	332	single	miRNA	155
published, mouse wells	332	single	snoRNA	143
published, mouse wells	332	single	TranscribedUnprocessedPseudogene	76
published, mouse wells	332	single	TranscribedProcessedPseudogene	59
published, mouse wells	332	single	UnprocessedPseudogene	36
published, mouse wells	332	single	PolymorphicPseudogene	29
published, mouse wells	332	single	scaRNA	20
published, mouse wells	332	single	MiscRna	17
published, mouse wells	332	single	snRNA	12
published, mouse wells	332	single	MtRrna	5
published, mouse wells	332	single	tRNA	4
published, mouse wells	332	single	TranscribedUnitaryPseudogene	3
published, mouse wells	332	single	IgCGene	1
published, mouse wells	332	single	MtTrna	1
published, mouse wells	332	single	UnitaryPseudogene	1
published, mouse wells	332	single	rRNA	1
published, mouse wells	334	multi	ProteinCoding	31667
published, mouse wells	334	multi	ProcessedPseudogene	12646
published, mouse wells	334	multi	MiscRna	7026
published, mouse wells	334	multi	lncRNA	2848
published, mouse wells	334	multi	UnprocessedPseudogene	2430
published, mouse wells	334	multi	TranscribedProcessedPseudogene	1746
published, mouse wells	334	multi	miRNA	1452
published, mouse wells	334	multi	snoRNA	763
published, mouse wells	334	multi	TranscribedUnprocessedPseudogene	605
published, mouse wells	334	multi	snRNA	303
published, mouse wells	334	multi	ribozyme	79
published, mouse wells	334	multi	TEC	77
published, mouse wells	334	multi	pseudogene	51
published, mouse wells	334	multi	TranscribedUnitaryPseudogene	28
published, mouse wells	334	multi	tRNA	8
published, mouse wells	334	multi	MtRrna	6
published, mouse wells	334	multi	MtTrna	4
published, mouse wells	334	multi	PolymorphicPseudogene	3
published, mouse wells	334	multi	TrCGene	3
published, mouse wells	334	multi	UnitaryPseudogene	2
published, mouse wells	334	multi	rRNA	2
published, mouse wells	334	single	ProteinCoding	240105
published, mouse wells	334	single	lncRNA	7233
published, mouse wells	334	single	ribozyme	1432
published, mouse wells	334	single	TEC	749
published, mouse wells	334	single	ProcessedPseudogene	683
published, mouse wells	334	single	snoRNA	681
published, mouse wells	334	single	miRNA	388
published, mouse wells	334	single	TranscribedProcessedPseudogene	158
published, mouse wells	334	single	TranscribedUnprocessedPseudogene	144
published, mouse wells	334	single	UnprocessedPseudogene	131
published, mouse wells	334	single	MiscRna	116
published, mouse wells	334	single	snRNA	114
published, mouse wells	334	single	PolymorphicPseudogene	68
published, mouse wells	334	single	scaRNA	48
published, mouse wells	334	single	TranscribedUnitaryPseudogene	25
published, mouse wells	334	single	MtTrna	21
published, mouse wells	334	single	MtRrna	10
published, mouse wells	334	single	tRNA	7
published, mouse wells	334	single	UnitaryPseudogene	4
published, mouse wells	334	single	rRNA	3
published, mouse wells	335	multi	ProteinCoding	55946
published, mouse wells	335	multi	ProcessedPseudogene	18842
published, mouse wells	335	multi	MiscRna	17956
published, mouse wells	335	multi	lncRNA	4720
published, mouse wells	335	multi	UnprocessedPseudogene	4500
published, mouse wells	335	multi	miRNA	3226
published, mouse wells	335	multi	TranscribedProcessedPseudogene	2565
published, mouse wells	335	multi	snoRNA	1252
published, mouse wells	335	multi	TranscribedUnprocessedPseudogene	1135
published, mouse wells	335	multi	snRNA	959
published, mouse wells	335	multi	ribozyme	163
published, mouse wells	335	multi	TEC	140
published, mouse wells	335	multi	TranscribedUnitaryPseudogene	51
published, mouse wells	335	multi	pseudogene	41
published, mouse wells	335	multi	PolymorphicPseudogene	11
published, mouse wells	335	multi	tRNA	11
published, mouse wells	335	multi	MtRrna	9
published, mouse wells	335	multi	UnitaryPseudogene	8
published, mouse wells	335	multi	IgVGene	2
published, mouse wells	335	multi	MtTrna	1
published, mouse wells	335	single	ProteinCoding	395650
published, mouse wells	335	single	lncRNA	11634
published, mouse wells	335	single	ribozyme	2570
published, mouse wells	335	single	snoRNA	1381
published, mouse wells	335	single	ProcessedPseudogene	1071
published, mouse wells	335	single	TEC	964
published, mouse wells	335	single	miRNA	574
published, mouse wells	335	single	TranscribedUnitaryPseudogene	383
published, mouse wells	335	single	snRNA	355
published, mouse wells	335	single	TranscribedUnprocessedPseudogene	306
published, mouse wells	335	single	TranscribedProcessedPseudogene	217
published, mouse wells	335	single	UnprocessedPseudogene	171
published, mouse wells	335	single	MiscRna	153
published, mouse wells	335	single	scaRNA	120
published, mouse wells	335	single	PolymorphicPseudogene	76
published, mouse wells	335	single	UnitaryPseudogene	35
published, mouse wells	335	single	tRNA	26
published, mouse wells	335	single	MtRrna	24
published, mouse wells	335	single	MtTrna	11
published, mouse wells	335	single	pseudogene	6
published, mouse wells	335	single	rRNA	5
published, mouse wells	338	multi	ProteinCoding	9461
published, mouse wells	338	multi	ProcessedPseudogene	3827
published, mouse wells	338	multi	MiscRna	2481
published, mouse wells	338	multi	lncRNA	766
published, mouse wells	338	multi	UnprocessedPseudogene	619
published, mouse wells	338	multi	miRNA	591
published, mouse wells	338	multi	TranscribedProcessedPseudogene	496
published, mouse wells	338	multi	snoRNA	240
published, mouse wells	338	multi	TranscribedUnprocessedPseudogene	128
published, mouse wells	338	multi	snRNA	101
published, mouse wells	338	multi	ribozyme	31
published, mouse wells	338	multi	TEC	19
published, mouse wells	338	multi	pseudogene	18
published, mouse wells	338	multi	TranscribedUnitaryPseudogene	15
published, mouse wells	338	multi	TrVPseudogene	3
published, mouse wells	338	multi	tRNA	3
published, mouse wells	338	multi	PolymorphicPseudogene	2
published, mouse wells	338	multi	MtTrna	1
published, mouse wells	338	single	ProteinCoding	65581
published, mouse wells	338	single	lncRNA	2062
published, mouse wells	338	single	ribozyme	402
published, mouse wells	338	single	snoRNA	211
published, mouse wells	338	single	ProcessedPseudogene	186
published, mouse wells	338	single	TEC	155
published, mouse wells	338	single	miRNA	127
published, mouse wells	338	single	TranscribedProcessedPseudogene	55
published, mouse wells	338	single	TranscribedUnprocessedPseudogene	48
published, mouse wells	338	single	snRNA	40
published, mouse wells	338	single	MiscRna	39
published, mouse wells	338	single	TranscribedUnitaryPseudogene	24
published, mouse wells	338	single	scaRNA	22
published, mouse wells	338	single	UnprocessedPseudogene	20
published, mouse wells	338	single	tRNA	17
published, mouse wells	338	single	PolymorphicPseudogene	16
published, mouse wells	338	single	UnitaryPseudogene	4
published, mouse wells	338	single	MtRrna	1
published, mouse wells	338	single	MtTrna	1
published, mouse wells	338	single	TrVPseudogene	1
published, mouse wells	338	single	pseudogene	1
published, mouse wells	340	multi	ProteinCoding	82652
published, mouse wells	340	multi	ProcessedPseudogene	36178
published, mouse wells	340	multi	MiscRna	15856
published, mouse wells	340	multi	lncRNA	7229
published, mouse wells	340	multi	UnprocessedPseudogene	5282
published, mouse wells	340	multi	TranscribedProcessedPseudogene	4913
published, mouse wells	340	multi	miRNA	4376
published, mouse wells	340	multi	TranscribedUnprocessedPseudogene	2117
published, mouse wells	340	multi	snoRNA	1513
published, mouse wells	340	multi	snRNA	805
published, mouse wells	340	multi	ribozyme	301
published, mouse wells	340	multi	TEC	245
published, mouse wells	340	multi	TranscribedUnitaryPseudogene	89
published, mouse wells	340	multi	pseudogene	62
published, mouse wells	340	multi	tRNA	27
published, mouse wells	340	multi	MtRrna	12
published, mouse wells	340	multi	UnitaryPseudogene	11
published, mouse wells	340	multi	PolymorphicPseudogene	8
published, mouse wells	340	multi	MtTrna	2
published, mouse wells	340	single	ProteinCoding	716222
published, mouse wells	340	single	lncRNA	23072
published, mouse wells	340	single	ribozyme	2822
published, mouse wells	340	single	snoRNA	1869
published, mouse wells	340	single	TEC	1862
published, mouse wells	340	single	ProcessedPseudogene	1808
published, mouse wells	340	single	miRNA	877
published, mouse wells	340	single	TranscribedUnitaryPseudogene	489
published, mouse wells	340	single	TranscribedProcessedPseudogene	408
published, mouse wells	340	single	TranscribedUnprocessedPseudogene	352
published, mouse wells	340	single	snRNA	249
published, mouse wells	340	single	UnprocessedPseudogene	202
published, mouse wells	340	single	MiscRna	174
published, mouse wells	340	single	PolymorphicPseudogene	166
published, mouse wells	340	single	scaRNA	94
published, mouse wells	340	single	tRNA	72
published, mouse wells	340	single	UnitaryPseudogene	27
published, mouse wells	340	single	MtRrna	23
published, mouse wells	340	single	MtTrna	14
published, mouse wells	340	single	rRNA	4
published, mouse wells	340	single	IgVPseudogene	1
published, mouse wells	340	single	pseudogene	1
published, mouse wells	342	multi	ProteinCoding	41950
published, mouse wells	342	multi	ProcessedPseudogene	19115
published, mouse wells	342	multi	MiscRna	5408
published, mouse wells	342	multi	UnprocessedPseudogene	3647
published, mouse wells	342	multi	lncRNA	3626
published, mouse wells	342	multi	TranscribedProcessedPseudogene	2726
published, mouse wells	342	multi	miRNA	1674
published, mouse wells	342	multi	TranscribedUnprocessedPseudogene	1105
published, mouse wells	342	multi	snoRNA	687
published, mouse wells	342	multi	snRNA	239
published, mouse wells	342	multi	TEC	124
published, mouse wells	342	multi	ribozyme	100
published, mouse wells	342	multi	pseudogene	49
published, mouse wells	342	multi	TranscribedUnitaryPseudogene	40
published, mouse wells	342	multi	UnitaryPseudogene	6
published, mouse wells	342	multi	PolymorphicPseudogene	5
published, mouse wells	342	multi	tRNA	2
published, mouse wells	342	multi	MtRrna	1
published, mouse wells	342	single	ProteinCoding	335904
published, mouse wells	342	single	lncRNA	10340
published, mouse wells	342	single	ribozyme	1499
published, mouse wells	342	single	ProcessedPseudogene	1129
published, mouse wells	342	single	snoRNA	913
published, mouse wells	342	single	TEC	722
published, mouse wells	342	single	miRNA	330
published, mouse wells	342	single	TranscribedProcessedPseudogene	273
published, mouse wells	342	single	TranscribedUnitaryPseudogene	256
published, mouse wells	342	single	TranscribedUnprocessedPseudogene	205
published, mouse wells	342	single	UnprocessedPseudogene	160
published, mouse wells	342	single	MiscRna	112
published, mouse wells	342	single	scaRNA	75
published, mouse wells	342	single	snRNA	64
published, mouse wells	342	single	PolymorphicPseudogene	47
published, mouse wells	342	single	tRNA	21
published, mouse wells	342	single	UnitaryPseudogene	20
published, mouse wells	342	single	MtRrna	14
published, mouse wells	342	single	pseudogene	12
published, mouse wells	342	single	MtTrna	7
published, mouse wells	342	single	rRNA	6
published, mouse wells	342	single	TrCGene	1
published, mouse wells	344	multi	ProteinCoding	30169
published, mouse wells	344	multi	ProcessedPseudogene	12015
published, mouse wells	344	multi	UnprocessedPseudogene	3070
published, mouse wells	344	multi	lncRNA	2862
published, mouse wells	344	multi	MiscRna	2349
published, mouse wells	344	multi	TranscribedProcessedPseudogene	1958
published, mouse wells	344	multi	miRNA	961
published, mouse wells	344	multi	TranscribedUnprocessedPseudogene	863
published, mouse wells	344	multi	snoRNA	452
published, mouse wells	344	multi	snRNA	103
published, mouse wells	344	multi	TEC	84
published, mouse wells	344	multi	ribozyme	58
published, mouse wells	344	multi	TranscribedUnitaryPseudogene	32
published, mouse wells	344	multi	pseudogene	20
published, mouse wells	344	multi	PolymorphicPseudogene	12
published, mouse wells	344	multi	UnitaryPseudogene	9
published, mouse wells	344	multi	tRNA	8
published, mouse wells	344	multi	MtRrna	3
published, mouse wells	344	multi	MtTrna	2
published, mouse wells	344	multi	rRNA	1
published, mouse wells	344	single	ProteinCoding	272631
published, mouse wells	344	single	lncRNA	6964
published, mouse wells	344	single	TEC	754
published, mouse wells	344	single	ProcessedPseudogene	587
published, mouse wells	344	single	snoRNA	483
published, mouse wells	344	single	ribozyme	472
published, mouse wells	344	single	miRNA	311
published, mouse wells	344	single	TranscribedProcessedPseudogene	250
published, mouse wells	344	single	TranscribedUnprocessedPseudogene	190
published, mouse wells	344	single	UnprocessedPseudogene	110
published, mouse wells	344	single	MiscRna	92
published, mouse wells	344	single	TranscribedUnitaryPseudogene	85
published, mouse wells	344	single	PolymorphicPseudogene	68
published, mouse wells	344	single	snRNA	42
published, mouse wells	344	single	tRNA	39
published, mouse wells	344	single	scaRNA	31
published, mouse wells	344	single	MtRrna	14
published, mouse wells	344	single	pseudogene	13
published, mouse wells	344	single	rRNA	12
published, mouse wells	344	single	MtTrna	9
published, mouse wells	344	single	UnitaryPseudogene	5
published, mouse wells	346	multi	ProteinCoding	11201
published, mouse wells	346	multi	ProcessedPseudogene	4512
published, mouse wells	346	multi	UnprocessedPseudogene	1415
published, mouse wells	346	multi	lncRNA	1114
published, mouse wells	346	multi	MiscRna	793
published, mouse wells	346	multi	TranscribedProcessedPseudogene	720
published, mouse wells	346	multi	miRNA	380
published, mouse wells	346	multi	TranscribedUnprocessedPseudogene	343
published, mouse wells	346	multi	snoRNA	152
published, mouse wells	346	multi	snRNA	48
published, mouse wells	346	multi	TranscribedUnitaryPseudogene	27
published, mouse wells	346	multi	ribozyme	19
published, mouse wells	346	multi	TEC	17
published, mouse wells	346	multi	pseudogene	17
published, mouse wells	346	multi	UnitaryPseudogene	5
published, mouse wells	346	multi	MtRrna	3
published, mouse wells	346	multi	MtTrna	2
published, mouse wells	346	multi	PolymorphicPseudogene	2
published, mouse wells	346	multi	tRNA	1
published, mouse wells	346	single	ProteinCoding	91274
published, mouse wells	346	single	lncRNA	2934
published, mouse wells	346	single	TEC	286
published, mouse wells	346	single	ribozyme	255
published, mouse wells	346	single	ProcessedPseudogene	221
published, mouse wells	346	single	snoRNA	143
published, mouse wells	346	single	miRNA	140
published, mouse wells	346	single	TranscribedUnprocessedPseudogene	100
published, mouse wells	346	single	TranscribedUnitaryPseudogene	75
published, mouse wells	346	single	TranscribedProcessedPseudogene	62
published, mouse wells	346	single	UnprocessedPseudogene	46
published, mouse wells	346	single	MiscRna	24
published, mouse wells	346	single	PolymorphicPseudogene	12
published, mouse wells	346	single	scaRNA	11
published, mouse wells	346	single	snRNA	11
published, mouse wells	346	single	MtRrna	9
published, mouse wells	346	single	tRNA	4
published, mouse wells	346	single	MtTrna	2
published, mouse wells	346	single	UnitaryPseudogene	1
published, mouse wells	348	multi	ProteinCoding	64998
published, mouse wells	348	multi	ProcessedPseudogene	26990
published, mouse wells	348	multi	MiscRna	11074
published, mouse wells	348	multi	lncRNA	6362
published, mouse wells	348	multi	UnprocessedPseudogene	5339
published, mouse wells	348	multi	TranscribedProcessedPseudogene	4292
published, mouse wells	348	multi	miRNA	2830
published, mouse wells	348	multi	TranscribedUnprocessedPseudogene	1936
published, mouse wells	348	multi	snoRNA	1348
published, mouse wells	348	multi	snRNA	606
published, mouse wells	348	multi	TEC	187
published, mouse wells	348	multi	ribozyme	156
published, mouse wells	348	multi	pseudogene	72
published, mouse wells	348	multi	TranscribedUnitaryPseudogene	67
published, mouse wells	348	multi	tRNA	8
published, mouse wells	348	multi	MtRrna	3
published, mouse wells	348	multi	TrVGene	2
published, mouse wells	348	multi	UnitaryPseudogene	2
published, mouse wells	348	multi	IgCGene	1
published, mouse wells	348	multi	MtTrna	1
published, mouse wells	348	multi	PolymorphicPseudogene	1
published, mouse wells	348	single	ProteinCoding	540537
published, mouse wells	348	single	lncRNA	15042
published, mouse wells	348	single	ribozyme	2241
published, mouse wells	348	single	snoRNA	1451
published, mouse wells	348	single	TEC	1355
published, mouse wells	348	single	ProcessedPseudogene	1306
published, mouse wells	348	single	miRNA	640
published, mouse wells	348	single	TranscribedUnprocessedPseudogene	539
published, mouse wells	348	single	TranscribedProcessedPseudogene	302
published, mouse wells	348	single	UnprocessedPseudogene	244
published, mouse wells	348	single	MiscRna	176
published, mouse wells	348	single	TranscribedUnitaryPseudogene	144
published, mouse wells	348	single	PolymorphicPseudogene	136
published, mouse wells	348	single	scaRNA	136
published, mouse wells	348	single	snRNA	134
published, mouse wells	348	single	UnitaryPseudogene	33
published, mouse wells	348	single	MtRrna	21
published, mouse wells	348	single	MtTrna	20
published, mouse wells	348	single	tRNA	17
published, mouse wells	348	single	rRNA	12
published, mouse wells	348	single	pseudogene	10
published, mouse wells	350	multi	ProteinCoding	32317
published, mouse wells	350	multi	ProcessedPseudogene	14847
published, mouse wells	350	multi	UnprocessedPseudogene	3655
published, mouse wells	350	multi	MiscRna	3159
published, mouse wells	350	multi	lncRNA	2969
published, mouse wells	350	multi	TranscribedProcessedPseudogene	2158
published, mouse wells	350	multi	miRNA	1374
published, mouse wells	350	multi	TranscribedUnprocessedPseudogene	838
published, mouse wells	350	multi	snoRNA	546
published, mouse wells	350	multi	TEC	134
published, mouse wells	350	multi	snRNA	114
published, mouse wells	350	multi	pseudogene	66
published, mouse wells	350	multi	ribozyme	62
published, mouse wells	350	multi	TranscribedUnitaryPseudogene	32
published, mouse wells	350	multi	tRNA	15
published, mouse wells	350	multi	PolymorphicPseudogene	11
published, mouse wells	350	multi	rRNA	4
published, mouse wells	350	multi	MtRrna	3
published, mouse wells	350	multi	MtTrna	2
published, mouse wells	350	multi	UnitaryPseudogene	2
published, mouse wells	350	multi	IgCGene	1
published, mouse wells	350	single	ProteinCoding	264794
published, mouse wells	350	single	lncRNA	7318
published, mouse wells	350	single	ribozyme	806
published, mouse wells	350	single	ProcessedPseudogene	788
published, mouse wells	350	single	TEC	726
published, mouse wells	350	single	snoRNA	537
published, mouse wells	350	single	miRNA	312
published, mouse wells	350	single	TranscribedUnitaryPseudogene	238
published, mouse wells	350	single	TranscribedUnprocessedPseudogene	222
published, mouse wells	350	single	TranscribedProcessedPseudogene	152
published, mouse wells	350	single	UnprocessedPseudogene	128
published, mouse wells	350	single	MiscRna	77
published, mouse wells	350	single	snRNA	52
published, mouse wells	350	single	scaRNA	48
published, mouse wells	350	single	MtTrna	26
published, mouse wells	350	single	tRNA	26
published, mouse wells	350	single	MtRrna	14
published, mouse wells	350	single	UnitaryPseudogene	13
published, mouse wells	350	single	PolymorphicPseudogene	10
published, mouse wells	350	single	rRNA	6
published, mouse wells	350	single	pseudogene	4
published, mouse wells	352	multi	ProteinCoding	58766
published, mouse wells	352	multi	ProcessedPseudogene	25414
published, mouse wells	352	multi	UnprocessedPseudogene	7449
published, mouse wells	352	multi	lncRNA	5696
published, mouse wells	352	multi	MiscRna	4363
published, mouse wells	352	multi	TranscribedProcessedPseudogene	3649
published, mouse wells	352	multi	TranscribedUnprocessedPseudogene	2063
published, mouse wells	352	multi	miRNA	1785
published, mouse wells	352	multi	snoRNA	681
published, mouse wells	352	multi	ribozyme	176
published, mouse wells	352	multi	snRNA	168
published, mouse wells	352	multi	TEC	157
published, mouse wells	352	multi	pseudogene	92
published, mouse wells	352	multi	TranscribedUnitaryPseudogene	75
published, mouse wells	352	multi	UnitaryPseudogene	19
published, mouse wells	352	multi	tRNA	18
published, mouse wells	352	multi	MtRrna	16
published, mouse wells	352	multi	MtTrna	9
published, mouse wells	352	multi	PolymorphicPseudogene	6
published, mouse wells	352	single	ProteinCoding	522597
published, mouse wells	352	single	lncRNA	17480
published, mouse wells	352	single	TEC	1670
published, mouse wells	352	single	ProcessedPseudogene	1279
published, mouse wells	352	single	ribozyme	1204
published, mouse wells	352	single	snoRNA	1064
published, mouse wells	352	single	miRNA	520
published, mouse wells	352	single	TranscribedUnprocessedPseudogene	469
published, mouse wells	352	single	TranscribedProcessedPseudogene	342
published, mouse wells	352	single	UnprocessedPseudogene	309
published, mouse wells	352	single	TranscribedUnitaryPseudogene	263
published, mouse wells	352	single	PolymorphicPseudogene	193
published, mouse wells	352	single	MiscRna	149
published, mouse wells	352	single	scaRNA	90
published, mouse wells	352	single	snRNA	62
published, mouse wells	352	single	MtTrna	35
published, mouse wells	352	single	tRNA	31
published, mouse wells	352	single	MtRrna	30
published, mouse wells	352	single	UnitaryPseudogene	16
published, mouse wells	352	single	rRNA	7
published, mouse wells	352	single	pseudogene	4
published, mouse wells	354	multi	ProteinCoding	30368
published, mouse wells	354	multi	ProcessedPseudogene	13263
published, mouse wells	354	multi	lncRNA	3363
published, mouse wells	354	multi	MiscRna	3033
published, mouse wells	354	multi	UnprocessedPseudogene	2122
published, mouse wells	354	multi	TranscribedProcessedPseudogene	1714
published, mouse wells	354	multi	TranscribedUnprocessedPseudogene	1166
published, mouse wells	354	multi	miRNA	737
published, mouse wells	354	multi	snoRNA	509
published, mouse wells	354	multi	snRNA	167
published, mouse wells	354	multi	TEC	125
published, mouse wells	354	multi	pseudogene	51
published, mouse wells	354	multi	TranscribedUnitaryPseudogene	38
published, mouse wells	354	multi	ribozyme	38
published, mouse wells	354	multi	UnitaryPseudogene	9
published, mouse wells	354	multi	PolymorphicPseudogene	7
published, mouse wells	354	multi	MtRrna	1
published, mouse wells	354	multi	tRNA	1
published, mouse wells	354	single	ProteinCoding	301194
published, mouse wells	354	single	lncRNA	8810
published, mouse wells	354	single	TEC	974
published, mouse wells	354	single	ribozyme	935
published, mouse wells	354	single	ProcessedPseudogene	718
published, mouse wells	354	single	snoRNA	615
published, mouse wells	354	single	miRNA	345
published, mouse wells	354	single	TranscribedUnprocessedPseudogene	241
published, mouse wells	354	single	TranscribedUnitaryPseudogene	228
published, mouse wells	354	single	TranscribedProcessedPseudogene	120
published, mouse wells	354	single	UnprocessedPseudogene	116
published, mouse wells	354	single	MiscRna	83
published, mouse wells	354	single	scaRNA	65
published, mouse wells	354	single	snRNA	57
published, mouse wells	354	single	PolymorphicPseudogene	33
published, mouse wells	354	single	tRNA	11
published, mouse wells	354	single	MtTrna	10
published, mouse wells	354	single	UnitaryPseudogene	6
published, mouse wells	354	single	MtRrna	5
published, mouse wells	354	single	rRNA	5
published, mouse wells	354	single	IgCGene	1
published, mouse wells	356	multi	ProteinCoding	90587
published, mouse wells	356	multi	MiscRna	30133
published, mouse wells	356	multi	ProcessedPseudogene	29732
published, mouse wells	356	multi	UnprocessedPseudogene	7194
published, mouse wells	356	multi	lncRNA	7173
published, mouse wells	356	multi	miRNA	5985
published, mouse wells	356	multi	TranscribedProcessedPseudogene	4447
published, mouse wells	356	multi	snRNA	2451
published, mouse wells	356	multi	snoRNA	2217
published, mouse wells	356	multi	TranscribedUnprocessedPseudogene	1602
published, mouse wells	356	multi	ribozyme	204
published, mouse wells	356	multi	TEC	195
published, mouse wells	356	multi	pseudogene	103
published, mouse wells	356	multi	tRNA	69
published, mouse wells	356	multi	TranscribedUnitaryPseudogene	57
published, mouse wells	356	multi	UnitaryPseudogene	19
published, mouse wells	356	multi	MtRrna	17
published, mouse wells	356	multi	MtTrna	15
published, mouse wells	356	multi	rRNA	5
published, mouse wells	356	multi	PolymorphicPseudogene	4
published, mouse wells	356	multi	IgVPseudogene	1
published, mouse wells	356	multi	TrCGene	1
published, mouse wells	356	single	ProteinCoding	618382
published, mouse wells	356	single	lncRNA	19883
published, mouse wells	356	single	ribozyme	4035
published, mouse wells	356	single	snoRNA	2456
published, mouse wells	356	single	TEC	1631
published, mouse wells	356	single	ProcessedPseudogene	1616
published, mouse wells	356	single	miRNA	724
published, mouse wells	356	single	snRNA	635
published, mouse wells	356	single	TranscribedProcessedPseudogene	470
published, mouse wells	356	single	TranscribedUnprocessedPseudogene	463
published, mouse wells	356	single	MiscRna	325
published, mouse wells	356	single	UnprocessedPseudogene	245
published, mouse wells	356	single	PolymorphicPseudogene	183
published, mouse wells	356	single	scaRNA	176
published, mouse wells	356	single	TranscribedUnitaryPseudogene	140
published, mouse wells	356	single	tRNA	85
published, mouse wells	356	single	MtRrna	71
published, mouse wells	356	single	MtTrna	47
published, mouse wells	356	single	rRNA	20
published, mouse wells	356	single	pseudogene	17
published, mouse wells	356	single	UnitaryPseudogene	11
published, mouse wells	356	single	TrVPseudogene	2
published, mouse wells	358	multi	ProteinCoding	43504
published, mouse wells	358	multi	ProcessedPseudogene	16830
published, mouse wells	358	multi	MiscRna	8859
published, mouse wells	358	multi	lncRNA	4022
published, mouse wells	358	multi	UnprocessedPseudogene	3354
published, mouse wells	358	multi	TranscribedProcessedPseudogene	2518
published, mouse wells	358	multi	miRNA	2140
published, mouse wells	358	multi	TranscribedUnprocessedPseudogene	1245
published, mouse wells	358	multi	snoRNA	865
published, mouse wells	358	multi	snRNA	435
published, mouse wells	358	multi	TEC	223
published, mouse wells	358	multi	ribozyme	107
published, mouse wells	358	multi	pseudogene	29
published, mouse wells	358	multi	TranscribedUnitaryPseudogene	28
published, mouse wells	358	multi	MtRrna	5
published, mouse wells	358	multi	PolymorphicPseudogene	5
published, mouse wells	358	multi	tRNA	4
published, mouse wells	358	multi	MtTrna	2
published, mouse wells	358	multi	UnitaryPseudogene	2
published, mouse wells	358	multi	scaRNA	1
published, mouse wells	358	single	ProteinCoding	355192
published, mouse wells	358	single	lncRNA	8755
published, mouse wells	358	single	ribozyme	1621
published, mouse wells	358	single	ProcessedPseudogene	1034
published, mouse wells	358	single	snoRNA	976
published, mouse wells	358	single	TEC	853
published, mouse wells	358	single	miRNA	412
published, mouse wells	358	single	TranscribedUnprocessedPseudogene	235
published, mouse wells	358	single	TranscribedProcessedPseudogene	216
published, mouse wells	358	single	UnprocessedPseudogene	169
published, mouse wells	358	single	snRNA	115
published, mouse wells	358	single	scaRNA	96
published, mouse wells	358	single	MiscRna	82
published, mouse wells	358	single	PolymorphicPseudogene	76
published, mouse wells	358	single	TranscribedUnitaryPseudogene	72
published, mouse wells	358	single	MtTrna	18
published, mouse wells	358	single	tRNA	18
published, mouse wells	358	single	MtRrna	16
published, mouse wells	358	single	UnitaryPseudogene	6
published, mouse wells	358	single	IgVPseudogene	4
published, mouse wells	358	single	pseudogene	2
published, mouse wells	358	single	rRNA	1
published, mouse wells	359	multi	ProteinCoding	41065
published, mouse wells	359	multi	ProcessedPseudogene	18352
published, mouse wells	359	multi	MiscRna	3973
published, mouse wells	359	multi	lncRNA	3906
published, mouse wells	359	multi	UnprocessedPseudogene	3891
published, mouse wells	359	multi	TranscribedProcessedPseudogene	2500
published, mouse wells	359	multi	miRNA	1472
published, mouse wells	359	multi	TranscribedUnprocessedPseudogene	1254
published, mouse wells	359	multi	snoRNA	710
published, mouse wells	359	multi	snRNA	108
published, mouse wells	359	multi	TEC	90
published, mouse wells	359	multi	ribozyme	73
published, mouse wells	359	multi	TranscribedUnitaryPseudogene	46
published, mouse wells	359	multi	pseudogene	37
published, mouse wells	359	multi	tRNA	6
published, mouse wells	359	multi	UnitaryPseudogene	5
published, mouse wells	359	multi	MtRrna	2
published, mouse wells	359	multi	PolymorphicPseudogene	2
published, mouse wells	359	multi	MtTrna	1
published, mouse wells	359	multi	TrVGene	1
published, mouse wells	359	single	ProteinCoding	362506
published, mouse wells	359	single	lncRNA	10872
published, mouse wells	359	single	ribozyme	1182
published, mouse wells	359	single	TEC	1077
published, mouse wells	359	single	ProcessedPseudogene	929
published, mouse wells	359	single	snoRNA	642
published, mouse wells	359	single	miRNA	450
published, mouse wells	359	single	TranscribedUnprocessedPseudogene	310
published, mouse wells	359	single	TranscribedProcessedPseudogene	198
published, mouse wells	359	single	TranscribedUnitaryPseudogene	148
published, mouse wells	359	single	UnprocessedPseudogene	142
published, mouse wells	359	single	MiscRna	98
published, mouse wells	359	single	scaRNA	76
published, mouse wells	359	single	PolymorphicPseudogene	62
published, mouse wells	359	single	snRNA	46
published, mouse wells	359	single	tRNA	24
published, mouse wells	359	single	MtRrna	20
published, mouse wells	359	single	MtTrna	12
published, mouse wells	359	single	pseudogene	6
published, mouse wells	359	single	rRNA	3
published, mouse wells	362	multi	ProteinCoding	42922
published, mouse wells	362	multi	ProcessedPseudogene	19464
published, mouse wells	362	multi	MiscRna	6147
published, mouse wells	362	multi	lncRNA	3588
published, mouse wells	362	multi	UnprocessedPseudogene	2786
published, mouse wells	362	multi	TranscribedProcessedPseudogene	2724
published, mouse wells	362	multi	miRNA	1727
published, mouse wells	362	multi	snoRNA	832
published, mouse wells	362	multi	TranscribedUnprocessedPseudogene	723
published, mouse wells	362	multi	snRNA	173
published, mouse wells	362	multi	ribozyme	150
published, mouse wells	362	multi	TEC	72
published, mouse wells	362	multi	pseudogene	36
published, mouse wells	362	multi	TranscribedUnitaryPseudogene	30
published, mouse wells	362	multi	tRNA	7
published, mouse wells	362	multi	PolymorphicPseudogene	5
published, mouse wells	362	multi	UnitaryPseudogene	5
published, mouse wells	362	multi	MtRrna	3
published, mouse wells	362	multi	MtTrna	1
published, mouse wells	362	single	ProteinCoding	344951
published, mouse wells	362	single	lncRNA	8658
published, mouse wells	362	single	ribozyme	1438
published, mouse wells	362	single	ProcessedPseudogene	946
published, mouse wells	362	single	snoRNA	859
published, mouse wells	362	single	TEC	841
published, mouse wells	362	single	miRNA	417
published, mouse wells	362	single	TranscribedUnitaryPseudogene	234
published, mouse wells	362	single	TranscribedUnprocessedPseudogene	173
published, mouse wells	362	single	TranscribedProcessedPseudogene	161
published, mouse wells	362	single	UnprocessedPseudogene	111
published, mouse wells	362	single	MiscRna	108
published, mouse wells	362	single	PolymorphicPseudogene	86
published, mouse wells	362	single	snRNA	70
published, mouse wells	362	single	scaRNA	65
published, mouse wells	362	single	tRNA	34
published, mouse wells	362	single	UnitaryPseudogene	21
published, mouse wells	362	single	MtRrna	14
published, mouse wells	362	single	MtTrna	14
published, mouse wells	362	single	rRNA	7
published, mouse wells	362	single	pseudogene	4
published, mouse wells	364	multi	ProteinCoding	17997
published, mouse wells	364	multi	ProcessedPseudogene	8441
published, mouse wells	364	multi	UnprocessedPseudogene	2041
published, mouse wells	364	multi	lncRNA	1975
published, mouse wells	364	multi	TranscribedProcessedPseudogene	1172
published, mouse wells	364	multi	MiscRna	1149
published, mouse wells	364	multi	miRNA	426
published, mouse wells	364	multi	TranscribedUnprocessedPseudogene	402
published, mouse wells	364	multi	TEC	132
published, mouse wells	364	multi	snoRNA	132
published, mouse wells	364	multi	ribozyme	50
published, mouse wells	364	multi	snRNA	39
published, mouse wells	364	multi	TranscribedUnitaryPseudogene	24
published, mouse wells	364	multi	pseudogene	18
published, mouse wells	364	multi	UnitaryPseudogene	4
published, mouse wells	364	multi	IgVPseudogene	1
published, mouse wells	364	multi	MtRrna	1
published, mouse wells	364	multi	TrCGene	1
published, mouse wells	364	multi	scaRNA	1
published, mouse wells	364	single	ProteinCoding	129278
published, mouse wells	364	single	lncRNA	4346
published, mouse wells	364	single	ProcessedPseudogene	377
published, mouse wells	364	single	TEC	346
published, mouse wells	364	single	ribozyme	284
published, mouse wells	364	single	miRNA	239
published, mouse wells	364	single	snoRNA	181
published, mouse wells	364	single	TranscribedUnprocessedPseudogene	135
published, mouse wells	364	single	TranscribedProcessedPseudogene	103
published, mouse wells	364	single	PolymorphicPseudogene	74
published, mouse wells	364	single	TranscribedUnitaryPseudogene	58
published, mouse wells	364	single	UnprocessedPseudogene	44
published, mouse wells	364	single	scaRNA	40
published, mouse wells	364	single	MiscRna	31
published, mouse wells	364	single	snRNA	12
published, mouse wells	364	single	MtRrna	9
published, mouse wells	364	single	pseudogene	9
published, mouse wells	364	single	UnitaryPseudogene	6
published, mouse wells	364	single	MtTrna	3
published, mouse wells	364	single	rRNA	1
published, mouse wells	366	multi	ProteinCoding	8446
published, mouse wells	366	multi	ProcessedPseudogene	4219
published, mouse wells	366	multi	UnprocessedPseudogene	1104
published, mouse wells	366	multi	lncRNA	918
published, mouse wells	366	multi	TranscribedProcessedPseudogene	629
published, mouse wells	366	multi	MiscRna	286
published, mouse wells	366	multi	TranscribedUnprocessedPseudogene	257
published, mouse wells	366	multi	miRNA	160
published, mouse wells	366	multi	snoRNA	55
published, mouse wells	366	multi	TEC	52
published, mouse wells	366	multi	snRNA	15
published, mouse wells	366	multi	pseudogene	11
published, mouse wells	366	multi	TranscribedUnitaryPseudogene	8
published, mouse wells	366	multi	MtRrna	5
published, mouse wells	366	multi	ribozyme	3
published, mouse wells	366	multi	UnitaryPseudogene	1
published, mouse wells	366	single	ProteinCoding	60569
published, mouse wells	366	single	lncRNA	1809
published, mouse wells	366	single	ProcessedPseudogene	185
published, mouse wells	366	single	TEC	157
published, mouse wells	366	single	snoRNA	101
published, mouse wells	366	single	ribozyme	96
published, mouse wells	366	single	miRNA	88
published, mouse wells	366	single	TranscribedProcessedPseudogene	75
published, mouse wells	366	single	TranscribedUnprocessedPseudogene	42
published, mouse wells	366	single	PolymorphicPseudogene	37
published, mouse wells	366	single	MiscRna	26
published, mouse wells	366	single	UnprocessedPseudogene	25
published, mouse wells	366	single	scaRNA	9
published, mouse wells	366	single	snRNA	9
published, mouse wells	366	single	TranscribedUnitaryPseudogene	6
published, mouse wells	366	single	tRNA	3
published, mouse wells	366	single	MtTrna	1
published, mouse wells	366	single	rRNA	1
published, mouse wells	368	multi	ProteinCoding	82232
published, mouse wells	368	multi	ProcessedPseudogene	30121
published, mouse wells	368	multi	MiscRna	27510
published, mouse wells	368	multi	miRNA	5811
published, mouse wells	368	multi	lncRNA	5777
published, mouse wells	368	multi	UnprocessedPseudogene	4655
published, mouse wells	368	multi	TranscribedProcessedPseudogene	4574
published, mouse wells	368	multi	snRNA	2336
published, mouse wells	368	multi	TranscribedUnprocessedPseudogene	2297
published, mouse wells	368	multi	snoRNA	2066
published, mouse wells	368	multi	TEC	929
published, mouse wells	368	multi	ribozyme	310
published, mouse wells	368	multi	pseudogene	114
published, mouse wells	368	multi	TranscribedUnitaryPseudogene	80
published, mouse wells	368	multi	tRNA	19
published, mouse wells	368	multi	MtTrna	9
published, mouse wells	368	multi	MtRrna	6
published, mouse wells	368	multi	UnitaryPseudogene	6
published, mouse wells	368	multi	PolymorphicPseudogene	4
published, mouse wells	368	multi	IgCGene	2
published, mouse wells	368	multi	IgVPseudogene	1
published, mouse wells	368	multi	scaRNA	1
published, mouse wells	368	single	ProteinCoding	567079
published, mouse wells	368	single	lncRNA	16788
published, mouse wells	368	single	ribozyme	4196
published, mouse wells	368	single	snoRNA	2851
published, mouse wells	368	single	TEC	1621
published, mouse wells	368	single	ProcessedPseudogene	1580
published, mouse wells	368	single	miRNA	764
published, mouse wells	368	single	snRNA	715
published, mouse wells	368	single	TranscribedProcessedPseudogene	425
published, mouse wells	368	single	TranscribedUnprocessedPseudogene	394
published, mouse wells	368	single	UnprocessedPseudogene	303
published, mouse wells	368	single	PolymorphicPseudogene	237
published, mouse wells	368	single	MiscRna	225
published, mouse wells	368	single	TranscribedUnitaryPseudogene	206
published, mouse wells	368	single	scaRNA	160
published, mouse wells	368	single	tRNA	38
published, mouse wells	368	single	MtRrna	25
published, mouse wells	368	single	UnitaryPseudogene	15
published, mouse wells	368	single	MtTrna	13
published, mouse wells	368	single	IgVPseudogene	10
published, mouse wells	368	single	pseudogene	8
published, mouse wells	368	single	rRNA	7
published, mouse wells	368	single	TrVGene	1
published, mouse wells	370	multi	ProteinCoding	121589
published, mouse wells	370	multi	MiscRna	45045
published, mouse wells	370	multi	ProcessedPseudogene	38040
published, mouse wells	370	multi	lncRNA	9961
published, mouse wells	370	multi	miRNA	7498
published, mouse wells	370	multi	UnprocessedPseudogene	7208
published, mouse wells	370	multi	TranscribedProcessedPseudogene	5876
published, mouse wells	370	multi	snoRNA	3865
published, mouse wells	370	multi	snRNA	3453
published, mouse wells	370	multi	TranscribedUnprocessedPseudogene	2282
published, mouse wells	370	multi	ribozyme	440
published, mouse wells	370	multi	TEC	189
published, mouse wells	370	multi	TranscribedUnitaryPseudogene	82
published, mouse wells	370	multi	pseudogene	75
published, mouse wells	370	multi	tRNA	36
published, mouse wells	370	multi	PolymorphicPseudogene	23
published, mouse wells	370	multi	UnitaryPseudogene	17
published, mouse wells	370	multi	MtRrna	9
published, mouse wells	370	multi	MtTrna	4
published, mouse wells	370	multi	IgVGene	1
published, mouse wells	370	multi	rRNA	1
published, mouse wells	370	multi	scaRNA	1
published, mouse wells	370	single	ProteinCoding	766775
published, mouse wells	370	single	lncRNA	24908
published, mouse wells	370	single	ribozyme	6820
published, mouse wells	370	single	snoRNA	3479
published, mouse wells	370	single	TEC	2455
published, mouse wells	370	single	ProcessedPseudogene	2034
published, mouse wells	370	single	miRNA	1118
published, mouse wells	370	single	snRNA	871
published, mouse wells	370	single	TranscribedUnprocessedPseudogene	661
published, mouse wells	370	single	TranscribedProcessedPseudogene	552
published, mouse wells	370	single	MiscRna	486
published, mouse wells	370	single	TranscribedUnitaryPseudogene	448
published, mouse wells	370	single	UnprocessedPseudogene	281
published, mouse wells	370	single	scaRNA	264
published, mouse wells	370	single	PolymorphicPseudogene	234
published, mouse wells	370	single	tRNA	136
published, mouse wells	370	single	MtRrna	68
published, mouse wells	370	single	MtTrna	31
published, mouse wells	370	single	IgVPseudogene	11
published, mouse wells	370	single	rRNA	8
published, mouse wells	370	single	UnitaryPseudogene	6
published, mouse wells	370	single	pseudogene	2
published, mouse wells	372	multi	ProteinCoding	58500
published, mouse wells	372	multi	ProcessedPseudogene	22424
published, mouse wells	372	multi	MiscRna	16891
published, mouse wells	372	multi	lncRNA	4881
published, mouse wells	372	multi	miRNA	3698
published, mouse wells	372	multi	TranscribedProcessedPseudogene	3322
published, mouse wells	372	multi	UnprocessedPseudogene	3051
published, mouse wells	372	multi	snoRNA	1697
published, mouse wells	372	multi	snRNA	1230
published, mouse wells	372	multi	TranscribedUnprocessedPseudogene	1220
published, mouse wells	372	multi	TEC	222
published, mouse wells	372	multi	ribozyme	164
published, mouse wells	372	multi	pseudogene	83
published, mouse wells	372	multi	TranscribedUnitaryPseudogene	56
published, mouse wells	372	multi	tRNA	25
published, mouse wells	372	multi	UnitaryPseudogene	11
published, mouse wells	372	multi	PolymorphicPseudogene	3
published, mouse wells	372	multi	IgVGene	1
published, mouse wells	372	multi	MtRrna	1
published, mouse wells	372	single	ProteinCoding	407904
published, mouse wells	372	single	lncRNA	12822
published, mouse wells	372	single	ribozyme	3312
published, mouse wells	372	single	snoRNA	1977
published, mouse wells	372	single	ProcessedPseudogene	1099
published, mouse wells	372	single	TEC	1074
published, mouse wells	372	single	miRNA	531
published, mouse wells	372	single	snRNA	374
published, mouse wells	372	single	TranscribedUnprocessedPseudogene	255
published, mouse wells	372	single	MiscRna	239
published, mouse wells	372	single	TranscribedProcessedPseudogene	213
published, mouse wells	372	single	UnprocessedPseudogene	153
published, mouse wells	372	single	TranscribedUnitaryPseudogene	144
published, mouse wells	372	single	scaRNA	91
published, mouse wells	372	single	tRNA	81
published, mouse wells	372	single	PolymorphicPseudogene	56
published, mouse wells	372	single	UnitaryPseudogene	26
published, mouse wells	372	single	MtRrna	13
published, mouse wells	372	single	MtTrna	9
published, mouse wells	372	single	pseudogene	4
published, mouse wells	372	single	rRNA	4
published, mouse wells	374	multi	ProteinCoding	78148
published, mouse wells	374	multi	ProcessedPseudogene	30698
published, mouse wells	374	multi	MiscRna	14504
published, mouse wells	374	multi	lncRNA	7339
published, mouse wells	374	multi	UnprocessedPseudogene	6686
published, mouse wells	374	multi	TranscribedProcessedPseudogene	4642
published, mouse wells	374	multi	miRNA	3776
published, mouse wells	374	multi	TranscribedUnprocessedPseudogene	1959
published, mouse wells	374	multi	snoRNA	1952
published, mouse wells	374	multi	snRNA	1834
published, mouse wells	374	multi	TEC	569
published, mouse wells	374	multi	ribozyme	213
published, mouse wells	374	multi	pseudogene	89
published, mouse wells	374	multi	TranscribedUnitaryPseudogene	67
published, mouse wells	374	multi	tRNA	22
published, mouse wells	374	multi	MtTrna	12
published, mouse wells	374	multi	PolymorphicPseudogene	9
published, mouse wells	374	multi	MtRrna	5
published, mouse wells	374	multi	UnitaryPseudogene	5
published, mouse wells	374	multi	TrCGene	1
published, mouse wells	374	single	ProteinCoding	643241
published, mouse wells	374	single	lncRNA	17264
published, mouse wells	374	single	ribozyme	3195
published, mouse wells	374	single	snoRNA	2038
published, mouse wells	374	single	TEC	1866
published, mouse wells	374	single	ProcessedPseudogene	1856
published, mouse wells	374	single	miRNA	711
published, mouse wells	374	single	snRNA	463
published, mouse wells	374	single	TranscribedUnitaryPseudogene	373
published, mouse wells	374	single	TranscribedProcessedPseudogene	357
published, mouse wells	374	single	TranscribedUnprocessedPseudogene	334
published, mouse wells	374	single	UnprocessedPseudogene	243
published, mouse wells	374	single	MiscRna	170
published, mouse wells	374	single	scaRNA	163
published, mouse wells	374	single	PolymorphicPseudogene	65
published, mouse wells	374	single	tRNA	48
published, mouse wells	374	single	UnitaryPseudogene	31
published, mouse wells	374	single	MtRrna	20
published, mouse wells	374	single	MtTrna	15
published, mouse wells	374	single	pseudogene	14
published, mouse wells	374	single	rRNA	12
published, mouse wells	374	single	TrCGene	2
published, mouse wells	376	multi	ProteinCoding	92788
published, mouse wells	376	multi	ProcessedPseudogene	37720
published, mouse wells	376	multi	MiscRna	27429
published, mouse wells	376	multi	lncRNA	7577
published, mouse wells	376	multi	miRNA	7240
published, mouse wells	376	multi	UnprocessedPseudogene	6139
published, mouse wells	376	multi	TranscribedProcessedPseudogene	5266
published, mouse wells	376	multi	snoRNA	2769
published, mouse wells	376	multi	snRNA	2040
published, mouse wells	376	multi	TranscribedUnprocessedPseudogene	1975
published, mouse wells	376	multi	TEC	273
published, mouse wells	376	multi	ribozyme	245
published, mouse wells	376	multi	TranscribedUnitaryPseudogene	108
published, mouse wells	376	multi	pseudogene	68
published, mouse wells	376	multi	PolymorphicPseudogene	35
published, mouse wells	376	multi	UnitaryPseudogene	22
published, mouse wells	376	multi	tRNA	20
published, mouse wells	376	multi	MtTrna	4
published, mouse wells	376	multi	IgCGene	1
published, mouse wells	376	multi	MtRrna	1
published, mouse wells	376	single	ProteinCoding	716391
published, mouse wells	376	single	lncRNA	23359
published, mouse wells	376	single	ribozyme	3605
published, mouse wells	376	single	snoRNA	3277
published, mouse wells	376	single	ProcessedPseudogene	1979
published, mouse wells	376	single	TEC	1960
published, mouse wells	376	single	miRNA	994
published, mouse wells	376	single	snRNA	619
published, mouse wells	376	single	TranscribedUnprocessedPseudogene	424
published, mouse wells	376	single	TranscribedProcessedPseudogene	411
published, mouse wells	376	single	MiscRna	324
published, mouse wells	376	single	UnprocessedPseudogene	215
published, mouse wells	376	single	PolymorphicPseudogene	187
published, mouse wells	376	single	scaRNA	179
published, mouse wells	376	single	TranscribedUnitaryPseudogene	120
published, mouse wells	376	single	tRNA	86
published, mouse wells	376	single	MtRrna	37
published, mouse wells	376	single	MtTrna	20
published, mouse wells	376	single	rRNA	20
published, mouse wells	376	single	pseudogene	9
published, mouse wells	378	multi	ProteinCoding	25561
published, mouse wells	378	multi	ProcessedPseudogene	9845
published, mouse wells	378	multi	MiscRna	4929
published, mouse wells	378	multi	UnprocessedPseudogene	2549
published, mouse wells	378	multi	lncRNA	2355
published, mouse wells	378	multi	miRNA	1421
published, mouse wells	378	multi	TranscribedProcessedPseudogene	1391
published, mouse wells	378	multi	TranscribedUnprocessedPseudogene	859
published, mouse wells	378	multi	snoRNA	499
published, mouse wells	378	multi	snRNA	292
published, mouse wells	378	multi	TEC	139
published, mouse wells	378	multi	ribozyme	99
published, mouse wells	378	multi	pseudogene	32
published, mouse wells	378	multi	TranscribedUnitaryPseudogene	23
published, mouse wells	378	multi	tRNA	12
published, mouse wells	378	multi	MtRrna	4
published, mouse wells	378	multi	UnitaryPseudogene	2
published, mouse wells	378	multi	IgCGene	1
published, mouse wells	378	single	ProteinCoding	202285
published, mouse wells	378	single	lncRNA	6348
published, mouse wells	378	single	ribozyme	961
published, mouse wells	378	single	TEC	605
published, mouse wells	378	single	snoRNA	518
published, mouse wells	378	single	ProcessedPseudogene	449
published, mouse wells	378	single	TranscribedUnitaryPseudogene	231
published, mouse wells	378	single	TranscribedUnprocessedPseudogene	204
published, mouse wells	378	single	miRNA	192
published, mouse wells	378	single	TranscribedProcessedPseudogene	118
published, mouse wells	378	single	snRNA	100
published, mouse wells	378	single	UnprocessedPseudogene	98
published, mouse wells	378	single	MiscRna	80
published, mouse wells	378	single	scaRNA	54
published, mouse wells	378	single	tRNA	22
published, mouse wells	378	single	MtRrna	16
published, mouse wells	378	single	PolymorphicPseudogene	10
published, mouse wells	378	single	rRNA	7
published, mouse wells	378	single	MtTrna	6
published, mouse wells	378	single	pseudogene	4
published, mouse wells	378	single	UnitaryPseudogene	2
published, mouse wells	380	multi	ProteinCoding	28112
published, mouse wells	380	multi	ProcessedPseudogene	12315
published, mouse wells	380	multi	MiscRna	3869
published, mouse wells	380	multi	UnprocessedPseudogene	3358
published, mouse wells	380	multi	lncRNA	2877
published, mouse wells	380	multi	TranscribedProcessedPseudogene	1936
published, mouse wells	380	multi	miRNA	1491
published, mouse wells	380	multi	TranscribedUnprocessedPseudogene	875
published, mouse wells	380	multi	snoRNA	686
published, mouse wells	380	multi	TEC	252
published, mouse wells	380	multi	snRNA	131
published, mouse wells	380	multi	ribozyme	47
published, mouse wells	380	multi	pseudogene	44
published, mouse wells	380	multi	TranscribedUnitaryPseudogene	32
published, mouse wells	380	multi	MtRrna	16
published, mouse wells	380	multi	PolymorphicPseudogene	9
published, mouse wells	380	multi	UnitaryPseudogene	7
published, mouse wells	380	multi	tRNA	3
published, mouse wells	380	multi	MtTrna	2
published, mouse wells	380	single	ProteinCoding	238734
published, mouse wells	380	single	lncRNA	6917
published, mouse wells	380	single	ProcessedPseudogene	770
published, mouse wells	380	single	ribozyme	722
published, mouse wells	380	single	TEC	642
published, mouse wells	380	single	snoRNA	602
published, mouse wells	380	single	miRNA	302
published, mouse wells	380	single	TranscribedProcessedPseudogene	173
published, mouse wells	380	single	UnprocessedPseudogene	150
published, mouse wells	380	single	TranscribedUnprocessedPseudogene	142
published, mouse wells	380	single	TranscribedUnitaryPseudogene	128
published, mouse wells	380	single	snRNA	59
published, mouse wells	380	single	MiscRna	54
published, mouse wells	380	single	scaRNA	42
published, mouse wells	380	single	MtTrna	19
published, mouse wells	380	single	MtRrna	12
published, mouse wells	380	single	tRNA	9
published, mouse wells	380	single	UnitaryPseudogene	4
published, mouse wells	380	single	pseudogene	4
published, mouse wells	380	single	PolymorphicPseudogene	3
published, mouse wells	380	single	rRNA	3
published, mouse wells	382	multi	ProteinCoding	6407
published, mouse wells	382	multi	ProcessedPseudogene	2327
published, mouse wells	382	multi	MiscRna	1980
published, mouse wells	382	multi	snoRNA	619
published, mouse wells	382	multi	lncRNA	592
published, mouse wells	382	multi	miRNA	518
published, mouse wells	382	multi	TranscribedProcessedPseudogene	306
published, mouse wells	382	multi	UnprocessedPseudogene	144
published, mouse wells	382	multi	snRNA	123
published, mouse wells	382	multi	TranscribedUnprocessedPseudogene	87
published, mouse wells	382	multi	ribozyme	26
published, mouse wells	382	multi	TEC	15
published, mouse wells	382	multi	pseudogene	7
published, mouse wells	382	multi	UnitaryPseudogene	2
published, mouse wells	382	multi	TranscribedUnitaryPseudogene	1
published, mouse wells	382	multi	tRNA	1
published, mouse wells	382	single	ProteinCoding	42683
published, mouse wells	382	single	lncRNA	1452
published, mouse wells	382	single	ribozyme	278
published, mouse wells	382	single	snoRNA	232
published, mouse wells	382	single	ProcessedPseudogene	111
published, mouse wells	382	single	TEC	107
published, mouse wells	382	single	miRNA	62
published, mouse wells	382	single	TranscribedUnprocessedPseudogene	39
published, mouse wells	382	single	snRNA	36
published, mouse wells	382	single	MiscRna	32
published, mouse wells	382	single	TranscribedProcessedPseudogene	30
published, mouse wells	382	single	UnprocessedPseudogene	28
published, mouse wells	382	single	scaRNA	18
published, mouse wells	382	single	PolymorphicPseudogene	17
published, mouse wells	382	single	tRNA	6
published, mouse wells	382	single	pseudogene	4
published, mouse wells	382	single	UnitaryPseudogene	2
published, mouse wells	382	single	MtRrna	1
published, mouse wells	382	single	rRNA	1
published, mouse wells	383	multi	ProteinCoding	76344
published, mouse wells	383	multi	ProcessedPseudogene	26163
published, mouse wells	383	multi	MiscRna	23373
published, mouse wells	383	multi	UnprocessedPseudogene	7435
published, mouse wells	383	multi	lncRNA	6786
published, mouse wells	383	multi	TranscribedProcessedPseudogene	3755
published, mouse wells	383	multi	miRNA	3489
published, mouse wells	383	multi	TranscribedUnprocessedPseudogene	2552
published, mouse wells	383	multi	snoRNA	1877
published, mouse wells	383	multi	snRNA	1006
published, mouse wells	383	multi	TEC	275
published, mouse wells	383	multi	ribozyme	223
published, mouse wells	383	multi	TranscribedUnitaryPseudogene	61
published, mouse wells	383	multi	pseudogene	32
published, mouse wells	383	multi	tRNA	15
published, mouse wells	383	multi	UnitaryPseudogene	9
published, mouse wells	383	multi	MtTrna	8
published, mouse wells	383	multi	MtRrna	6
published, mouse wells	383	multi	PolymorphicPseudogene	4
published, mouse wells	383	multi	rRNA	2
published, mouse wells	383	single	ProteinCoding	541652
published, mouse wells	383	single	lncRNA	17775
published, mouse wells	383	single	ribozyme	4189
published, mouse wells	383	single	snoRNA	1881
published, mouse wells	383	single	TEC	1793
published, mouse wells	383	single	ProcessedPseudogene	1636
published, mouse wells	383	single	miRNA	710
published, mouse wells	383	single	TranscribedUnprocessedPseudogene	569
published, mouse wells	383	single	TranscribedUnitaryPseudogene	419
published, mouse wells	383	single	UnprocessedPseudogene	411
published, mouse wells	383	single	snRNA	330
published, mouse wells	383	single	MiscRna	309
published, mouse wells	383	single	TranscribedProcessedPseudogene	284
published, mouse wells	383	single	scaRNA	129
published, mouse wells	383	single	PolymorphicPseudogene	67
published, mouse wells	383	single	MtRrna	45
published, mouse wells	383	single	MtTrna	32
published, mouse wells	383	single	tRNA	24
published, mouse wells	383	single	pseudogene	18
published, mouse wells	383	single	IgVGene	13
published, mouse wells	383	single	rRNA	12
published, mouse wells	383	single	UnitaryPseudogene	5
