dataset	cell	class	ngenes	reads
own library, 130 nt	001	multi	1	15278
own library, 130 nt	001	multi	2	10409
own library, 130 nt	001	multi	3	5906
own library, 130 nt	001	multi	4	2934
own library, 130 nt	001	multi	5	3222
own library, 130 nt	001	multi	6	2166
own library, 130 nt	001	multi	7	1440
own library, 130 nt	001	multi	8	498
own library, 130 nt	001	multi	9	755
own library, 130 nt	001	multi	10	165
own library, 130 nt	001	multi	11	144
own library, 130 nt	001	multi	12	377
own library, 130 nt	001	multi	13	108
own library, 130 nt	001	multi	14	17
own library, 130 nt	001	multi	15	148
own library, 130 nt	001	multi	16	11
own library, 130 nt	001	multi	17	36
own library, 130 nt	001	multi	18	11
own library, 130 nt	001	multi	19	3
own library, 130 nt	001	multi	20	20
own library, 130 nt	001	single	1	37427
own library, 130 nt	001	single	2	2541
own library, 130 nt	001	single	3	242
own library, 130 nt	001	single	4	31
own library, 130 nt	001	single	17	1
own library, 130 nt	001	single	20	7
own library, 130 nt	002	multi	1	55020
own library, 130 nt	002	multi	2	280860
own library, 130 nt	002	multi	3	79656
own library, 130 nt	002	multi	4	39656
own library, 130 nt	002	multi	5	46146
own library, 130 nt	002	multi	6	20808
own library, 130 nt	002	multi	7	32890
own library, 130 nt	002	multi	8	8649
own library, 130 nt	002	multi	9	17989
own library, 130 nt	002	multi	10	1538
own library, 130 nt	002	multi	11	1075
own library, 130 nt	002	multi	12	10046
own library, 130 nt	002	multi	13	2848
own library, 130 nt	002	multi	14	552
own library, 130 nt	002	multi	15	3609
own library, 130 nt	002	multi	16	266
own library, 130 nt	002	multi	17	529
own library, 130 nt	002	multi	18	158
own library, 130 nt	002	multi	19	131
own library, 130 nt	002	multi	20	418
own library, 130 nt	002	single	1	810822
own library, 130 nt	002	single	2	66774
own library, 130 nt	002	single	3	6070
own library, 130 nt	002	single	4	585
own library, 130 nt	002	single	5	2
own library, 130 nt	002	single	6	3
own library, 130 nt	002	single	7	1
own library, 130 nt	002	single	8	2
own library, 130 nt	002	single	9	1
own library, 130 nt	002	single	13	1
own library, 130 nt	002	single	14	1
own library, 130 nt	002	single	15	6
own library, 130 nt	002	single	16	3
own library, 130 nt	002	single	17	3
own library, 130 nt	002	single	18	3
own library, 130 nt	002	single	20	93
own library, 130 nt	003	multi	1	97780
own library, 130 nt	003	multi	2	236669
own library, 130 nt	003	multi	3	190164
own library, 130 nt	003	multi	4	73913
own library, 130 nt	003	multi	5	129499
own library, 130 nt	003	multi	6	45072
own library, 130 nt	003	multi	7	92060
own library, 130 nt	003	multi	8	19725
own library, 130 nt	003	multi	9	56002
own library, 130 nt	003	multi	10	3955
own library, 130 nt	003	multi	11	2641
own library, 130 nt	003	multi	12	20629
own library, 130 nt	003	multi	13	6648
own library, 130 nt	003	multi	14	1171
own library, 130 nt	003	multi	15	6431
own library, 130 nt	003	multi	16	551
own library, 130 nt	003	multi	17	989
own library, 130 nt	003	multi	18	356
own library, 130 nt	003	multi	19	264
own library, 130 nt	003	multi	20	1002
own library, 130 nt	003	single	1	1569527
own library, 130 nt	003	single	2	175485
own library, 130 nt	003	single	3	14426
own library, 130 nt	003	single	4	2285
own library, 130 nt	003	single	5	4
own library, 130 nt	003	single	6	1
own library, 130 nt	003	single	7	6
own library, 130 nt	003	single	8	9
own library, 130 nt	003	single	9	8
own library, 130 nt	003	single	11	2
own library, 130 nt	003	single	13	4
own library, 130 nt	003	single	15	6
own library, 130 nt	003	single	16	3
own library, 130 nt	003	single	17	2
own library, 130 nt	003	single	18	2
own library, 130 nt	003	single	19	12
own library, 130 nt	003	single	20	123
own library, 130 nt	004	multi	1	95314
own library, 130 nt	004	multi	2	244533
own library, 130 nt	004	multi	3	113245
own library, 130 nt	004	multi	4	54974
own library, 130 nt	004	multi	5	71096
own library, 130 nt	004	multi	6	39410
own library, 130 nt	004	multi	7	49850
own library, 130 nt	004	multi	8	15343
own library, 130 nt	004	multi	9	24799
own library, 130 nt	004	multi	10	2476
own library, 130 nt	004	multi	11	1554
own library, 130 nt	004	multi	12	19659
own library, 130 nt	004	multi	13	4827
own library, 130 nt	004	multi	14	800
own library, 130 nt	004	multi	15	5806
own library, 130 nt	004	multi	16	494
own library, 130 nt	004	multi	17	788
own library, 130 nt	004	multi	18	253
own library, 130 nt	004	multi	19	228
own library, 130 nt	004	multi	20	734
own library, 130 nt	004	single	1	1110988
own library, 130 nt	004	single	2	92344
own library, 130 nt	004	single	3	7875
own library, 130 nt	004	single	4	959
own library, 130 nt	004	single	5	12
own library, 130 nt	004	single	8	4
own library, 130 nt	004	single	14	4
own library, 130 nt	004	single	15	13
own library, 130 nt	004	single	16	3
own library, 130 nt	004	single	17	1
own library, 130 nt	004	single	18	2
own library, 130 nt	004	single	19	4
own library, 130 nt	004	single	20	146
own library, 130 nt	005	multi	1	61465
own library, 130 nt	005	multi	2	285366
own library, 130 nt	005	multi	3	99320
own library, 130 nt	005	multi	4	47120
own library, 130 nt	005	multi	5	63138
own library, 130 nt	005	multi	6	28162
own library, 130 nt	005	multi	7	44378
own library, 130 nt	005	multi	8	11977
own library, 130 nt	005	multi	9	21100
own library, 130 nt	005	multi	10	2090
own library, 130 nt	005	multi	11	1343
own library, 130 nt	005	multi	12	14093
own library, 130 nt	005	multi	13	3555
own library, 130 nt	005	multi	14	726
own library, 130 nt	005	multi	15	4661
own library, 130 nt	005	multi	16	392
own library, 130 nt	005	multi	17	705
own library, 130 nt	005	multi	18	190
own library, 130 nt	005	multi	19	210
own library, 130 nt	005	multi	20	580
own library, 130 nt	005	single	1	973521
own library, 130 nt	005	single	2	84140
own library, 130 nt	005	single	3	7042
own library, 130 nt	005	single	4	752
own library, 130 nt	005	single	5	4
own library, 130 nt	005	single	6	4
own library, 130 nt	005	single	7	4
own library, 130 nt	005	single	8	2
own library, 130 nt	005	single	9	2
own library, 130 nt	005	single	10	1
own library, 130 nt	005	single	11	2
own library, 130 nt	005	single	13	5
own library, 130 nt	005	single	14	3
own library, 130 nt	005	single	15	9
own library, 130 nt	005	single	16	2
own library, 130 nt	005	single	17	3
own library, 130 nt	005	single	18	4
own library, 130 nt	005	single	19	5
own library, 130 nt	005	single	20	85
own library, 130 nt	006	multi	1	105946
own library, 130 nt	006	multi	2	373979
own library, 130 nt	006	multi	3	131939
own library, 130 nt	006	multi	4	67015
own library, 130 nt	006	multi	5	82800
own library, 130 nt	006	multi	6	31014
own library, 130 nt	006	multi	7	59629
own library, 130 nt	006	multi	8	16421
own library, 130 nt	006	multi	9	22356
own library, 130 nt	006	multi	10	2926
own library, 130 nt	006	multi	11	2584
own library, 130 nt	006	multi	12	16067
own library, 130 nt	006	multi	13	4276
own library, 130 nt	006	multi	14	1070
own library, 130 nt	006	multi	15	5845
own library, 130 nt	006	multi	16	634
own library, 130 nt	006	multi	17	1576
own library, 130 nt	006	multi	18	283
own library, 130 nt	006	multi	19	396
own library, 130 nt	006	multi	20	999
own library, 130 nt	006	single	1	1535942
own library, 130 nt	006	single	2	110023
own library, 130 nt	006	single	3	7203
own library, 130 nt	006	single	4	927
own library, 130 nt	006	single	5	4
own library, 130 nt	006	single	6	6
own library, 130 nt	006	single	8	2
own library, 130 nt	006	single	9	1
own library, 130 nt	006	single	12	8
own library, 130 nt	006	single	13	6
own library, 130 nt	006	single	14	4
own library, 130 nt	006	single	15	9
own library, 130 nt	006	single	16	14
own library, 130 nt	006	single	17	2
own library, 130 nt	006	single	18	2
own library, 130 nt	006	single	19	1
own library, 130 nt	006	single	20	107
own library, 130 nt	007	multi	1	205997
own library, 130 nt	007	multi	2	536022
own library, 130 nt	007	multi	3	318867
own library, 130 nt	007	multi	4	139247
own library, 130 nt	007	multi	5	202840
own library, 130 nt	007	multi	6	95481
own library, 130 nt	007	multi	7	147486
own library, 130 nt	007	multi	8	41427
own library, 130 nt	007	multi	9	69519
own library, 130 nt	007	multi	10	6103
own library, 130 nt	007	multi	11	4686
own library, 130 nt	007	multi	12	52196
own library, 130 nt	007	multi	13	12598
own library, 130 nt	007	multi	14	2067
own library, 130 nt	007	multi	15	11990
own library, 130 nt	007	multi	16	1128
own library, 130 nt	007	multi	17	1548
own library, 130 nt	007	multi	18	594
own library, 130 nt	007	multi	19	766
own library, 130 nt	007	multi	20	1727
own library, 130 nt	007	single	1	3460129
own library, 130 nt	007	single	2	272001
own library, 130 nt	007	single	3	20510
own library, 130 nt	007	single	4	2886
own library, 130 nt	007	single	5	26
own library, 130 nt	007	single	6	17
own library, 130 nt	007	single	7	13
own library, 130 nt	007	single	8	1
own library, 130 nt	007	single	9	3
own library, 130 nt	007	single	10	2
own library, 130 nt	007	single	11	1
own library, 130 nt	007	single	13	2
own library, 130 nt	007	single	14	5
own library, 130 nt	007	single	15	33
own library, 130 nt	007	single	16	18
own library, 130 nt	007	single	17	2
own library, 130 nt	007	single	18	9
own library, 130 nt	007	single	19	10
own library, 130 nt	007	single	20	228
own library, 130 nt	008	multi	1	135738
own library, 130 nt	008	multi	2	484659
own library, 130 nt	008	multi	3	164292
own library, 130 nt	008	multi	4	81286
own library, 130 nt	008	multi	5	97336
own library, 130 nt	008	multi	6	51752
own library, 130 nt	008	multi	7	60801
own library, 130 nt	008	multi	8	24414
own library, 130 nt	008	multi	9	37197
own library, 130 nt	008	multi	10	3874
own library, 130 nt	008	multi	11	3067
own library, 130 nt	008	multi	12	38495
own library, 130 nt	008	multi	13	7898
own library, 130 nt	008	multi	14	1253
own library, 130 nt	008	multi	15	10406
own library, 130 nt	008	multi	16	754
own library, 130 nt	008	multi	17	1324
own library, 130 nt	008	multi	18	368
own library, 130 nt	008	multi	19	462
own library, 130 nt	008	multi	20	1082
own library, 130 nt	008	single	1	1919563
own library, 130 nt	008	single	2	137130
own library, 130 nt	008	single	3	11556
own library, 130 nt	008	single	4	1239
own library, 130 nt	008	single	5	18
own library, 130 nt	008	single	6	5
own library, 130 nt	008	single	8	9
own library, 130 nt	008	single	9	6
own library, 130 nt	008	single	10	4
own library, 130 nt	008	single	11	2
own library, 130 nt	008	single	12	21
own library, 130 nt	008	single	13	4
own library, 130 nt	008	single	14	7
own library, 130 nt	008	single	15	16
own library, 130 nt	008	single	16	7
own library, 130 nt	008	single	17	22
own library, 130 nt	008	single	18	2
own library, 130 nt	008	single	19	4
own library, 130 nt	008	single	20	123
own library, 130 nt	009	multi	1	156074
own library, 130 nt	009	multi	2	460624
own library, 130 nt	009	multi	3	235230
own library, 130 nt	009	multi	4	105178
own library, 130 nt	009	multi	5	143185
own library, 130 nt	009	multi	6	55077
own library, 130 nt	009	multi	7	101131
own library, 130 nt	009	multi	8	25947
own library, 130 nt	009	multi	9	38118
own library, 130 nt	009	multi	10	5039
own library, 130 nt	009	multi	11	3643
own library, 130 nt	009	multi	12	27514
own library, 130 nt	009	multi	13	6795
own library, 130 nt	009	multi	14	1726
own library, 130 nt	009	multi	15	8228
own library, 130 nt	009	multi	16	1005
own library, 130 nt	009	multi	17	1783
own library, 130 nt	009	multi	18	492
own library, 130 nt	009	multi	19	595
own library, 130 nt	009	multi	20	1770
own library, 130 nt	009	single	1	2706370
own library, 130 nt	009	single	2	193461
own library, 130 nt	009	single	3	13872
own library, 130 nt	009	single	4	1731
own library, 130 nt	009	single	5	20
own library, 130 nt	009	single	6	10
own library, 130 nt	009	single	7	5
own library, 130 nt	009	single	8	7
own library, 130 nt	009	single	9	2
own library, 130 nt	009	single	12	5
own library, 130 nt	009	single	13	1
own library, 130 nt	009	single	14	2
own library, 130 nt	009	single	15	35
own library, 130 nt	009	single	16	15
own library, 130 nt	009	single	17	31
own library, 130 nt	009	single	18	5
own library, 130 nt	009	single	19	7
own library, 130 nt	009	single	20	160
own library, 130 nt	010	multi	1	268089
own library, 130 nt	010	multi	2	785236
own library, 130 nt	010	multi	3	509486
own library, 130 nt	010	multi	4	229330
own library, 130 nt	010	multi	5	271011
own library, 130 nt	010	multi	6	196225
own library, 130 nt	010	multi	7	205478
own library, 130 nt	010	multi	8	103683
own library, 130 nt	010	multi	9	139669
own library, 130 nt	010	multi	10	9441
own library, 130 nt	010	multi	11	7363
own library, 130 nt	010	multi	12	146834
own library, 130 nt	010	multi	13	34636
own library, 130 nt	010	multi	14	2984
own library, 130 nt	010	multi	15	32744
own library, 130 nt	010	multi	16	1764
own library, 130 nt	010	multi	17	2072
own library, 130 nt	010	multi	18	960
own library, 130 nt	010	multi	19	757
own library, 130 nt	010	multi	20	2538
own library, 130 nt	010	single	1	5175941
own library, 130 nt	010	single	2	420430
own library, 130 nt	010	single	3	39140
own library, 130 nt	010	single	4	6317
own library, 130 nt	010	single	5	44
own library, 130 nt	010	single	6	20
own library, 130 nt	010	single	7	7
own library, 130 nt	010	single	8	42
own library, 130 nt	010	single	9	13
own library, 130 nt	010	single	10	26
own library, 130 nt	010	single	11	2
own library, 130 nt	010	single	13	7
own library, 130 nt	010	single	14	17
own library, 130 nt	010	single	15	39
own library, 130 nt	010	single	16	35
own library, 130 nt	010	single	17	19
own library, 130 nt	010	single	18	13
own library, 130 nt	010	single	19	63
own library, 130 nt	010	single	20	670
own library, 130 nt	011	multi	1	255543
own library, 130 nt	011	multi	2	721814
own library, 130 nt	011	multi	3	549481
own library, 130 nt	011	multi	4	237782
own library, 130 nt	011	multi	5	274694
own library, 130 nt	011	multi	6	214537
own library, 130 nt	011	multi	7	216919
own library, 130 nt	011	multi	8	111942
own library, 130 nt	011	multi	9	190328
own library, 130 nt	011	multi	10	10052
own library, 130 nt	011	multi	11	8373
own library, 130 nt	011	multi	12	150613
own library, 130 nt	011	multi	13	43650
own library, 130 nt	011	multi	14	2973
own library, 130 nt	011	multi	15	30652
own library, 130 nt	011	multi	16	1846
own library, 130 nt	011	multi	17	2130
own library, 130 nt	011	multi	18	933
own library, 130 nt	011	multi	19	738
own library, 130 nt	011	multi	20	2343
own library, 130 nt	011	single	1	5150187
own library, 130 nt	011	single	2	451372
own library, 130 nt	011	single	3	51350
own library, 130 nt	011	single	4	8752
own library, 130 nt	011	single	5	34
own library, 130 nt	011	single	6	34
own library, 130 nt	011	single	7	12
own library, 130 nt	011	single	8	12
own library, 130 nt	011	single	9	6
own library, 130 nt	011	single	10	20
own library, 130 nt	011	single	11	1
own library, 130 nt	011	single	12	5
own library, 130 nt	011	single	13	21
own library, 130 nt	011	single	14	9
own library, 130 nt	011	single	15	83
own library, 130 nt	011	single	16	14
own library, 130 nt	011	single	17	18
own library, 130 nt	011	single	18	9
own library, 130 nt	011	single	19	42
own library, 130 nt	011	single	20	640
own library, 130 nt	012	multi	1	214845
own library, 130 nt	012	multi	2	608517
own library, 130 nt	012	multi	3	431174
own library, 130 nt	012	multi	4	179677
own library, 130 nt	012	multi	5	246399
own library, 130 nt	012	multi	6	162300
own library, 130 nt	012	multi	7	185940
own library, 130 nt	012	multi	8	64923
own library, 130 nt	012	multi	9	112231
own library, 130 nt	012	multi	10	7834
own library, 130 nt	012	multi	11	6299
own library, 130 nt	012	multi	12	126918
own library, 130 nt	012	multi	13	24657
own library, 130 nt	012	multi	14	2606
own library, 130 nt	012	multi	15	26067
own library, 130 nt	012	multi	16	1735
own library, 130 nt	012	multi	17	2288
own library, 130 nt	012	multi	18	993
own library, 130 nt	012	multi	19	755
own library, 130 nt	012	multi	20	2253
own library, 130 nt	012	single	1	4248388
own library, 130 nt	012	single	2	361175
own library, 130 nt	012	single	3	31338
own library, 130 nt	012	single	4	5061
own library, 130 nt	012	single	5	47
own library, 130 nt	012	single	6	24
own library, 130 nt	012	single	7	2
own library, 130 nt	012	single	8	11
own library, 130 nt	012	single	9	18
own library, 130 nt	012	single	11	12
own library, 130 nt	012	single	12	7
own library, 130 nt	012	single	13	11
own library, 130 nt	012	single	14	9
own library, 130 nt	012	single	15	26
own library, 130 nt	012	single	16	15
own library, 130 nt	012	single	17	16
own library, 130 nt	012	single	18	15
own library, 130 nt	012	single	19	35
own library, 130 nt	012	single	20	472
own library, 130 nt	013	multi	1	199797
own library, 130 nt	013	multi	2	729666
own library, 130 nt	013	multi	3	401107
own library, 130 nt	013	multi	4	180936
own library, 130 nt	013	multi	5	220344
own library, 130 nt	013	multi	6	170214
own library, 130 nt	013	multi	7	165415
own library, 130 nt	013	multi	8	97253
own library, 130 nt	013	multi	9	150347
own library, 130 nt	013	multi	10	7539
own library, 130 nt	013	multi	11	6092
own library, 130 nt	013	multi	12	120064
own library, 130 nt	013	multi	13	32292
own library, 130 nt	013	multi	14	2275
own library, 130 nt	013	multi	15	26631
own library, 130 nt	013	multi	16	1381
own library, 130 nt	013	multi	17	1583
own library, 130 nt	013	multi	18	719
own library, 130 nt	013	multi	19	565
own library, 130 nt	013	multi	20	1846
own library, 130 nt	013	single	1	3587599
own library, 130 nt	013	single	2	310192
own library, 130 nt	013	single	3	35228
own library, 130 nt	013	single	4	4328
own library, 130 nt	013	single	5	43
own library, 130 nt	013	single	6	18
own library, 130 nt	013	single	7	3
own library, 130 nt	013	single	8	29
own library, 130 nt	013	single	9	12
own library, 130 nt	013	single	10	1
own library, 130 nt	013	single	12	2
own library, 130 nt	013	single	13	7
own library, 130 nt	013	single	14	12
own library, 130 nt	013	single	15	18
own library, 130 nt	013	single	16	7
own library, 130 nt	013	single	17	29
own library, 130 nt	013	single	18	12
own library, 130 nt	013	single	19	27
own library, 130 nt	013	single	20	439
own library, 130 nt	014	multi	1	21795
own library, 130 nt	014	multi	2	13067
own library, 130 nt	014	multi	3	7613
own library, 130 nt	014	multi	4	3282
own library, 130 nt	014	multi	5	2612
own library, 130 nt	014	multi	6	1362
own library, 130 nt	014	multi	7	979
own library, 130 nt	014	multi	8	447
own library, 130 nt	014	multi	9	439
own library, 130 nt	014	multi	10	132
own library, 130 nt	014	multi	11	61
own library, 130 nt	014	multi	12	230
own library, 130 nt	014	multi	13	134
own library, 130 nt	014	multi	14	12
own library, 130 nt	014	multi	15	68
own library, 130 nt	014	multi	16	11
own library, 130 nt	014	multi	17	2
own library, 130 nt	014	multi	18	6
own library, 130 nt	014	multi	19	4
own library, 130 nt	014	multi	20	11
own library, 130 nt	014	single	1	28008
own library, 130 nt	014	single	2	1740
own library, 130 nt	014	single	3	112
own library, 130 nt	014	single	4	33
own library, 130 nt	014	single	15	1
own library, 130 nt	014	single	20	6
own library, 130 nt	015	multi	1	25659
own library, 130 nt	015	multi	2	16887
own library, 130 nt	015	multi	3	8896
own library, 130 nt	015	multi	4	3993
own library, 130 nt	015	multi	5	3439
own library, 130 nt	015	multi	6	1655
own library, 130 nt	015	multi	7	1672
own library, 130 nt	015	multi	8	742
own library, 130 nt	015	multi	9	786
own library, 130 nt	015	multi	10	174
own library, 130 nt	015	multi	11	58
own library, 130 nt	015	multi	12	425
own library, 130 nt	015	multi	13	118
own library, 130 nt	015	multi	14	29
own library, 130 nt	015	multi	15	153
own library, 130 nt	015	multi	16	17
own library, 130 nt	015	multi	17	28
own library, 130 nt	015	multi	18	9
own library, 130 nt	015	multi	19	3
own library, 130 nt	015	multi	20	12
own library, 130 nt	015	single	1	47564
own library, 130 nt	015	single	2	2863
own library, 130 nt	015	single	3	189
own library, 130 nt	015	single	4	41
own library, 130 nt	015	single	15	1
own library, 130 nt	015	single	19	1
own library, 130 nt	015	single	20	6
own library, 130 nt	016	multi	1	13618
own library, 130 nt	016	multi	2	8086
own library, 130 nt	016	multi	3	3788
own library, 130 nt	016	multi	4	1646
own library, 130 nt	016	multi	5	1333
own library, 130 nt	016	multi	6	976
own library, 130 nt	016	multi	7	580
own library, 130 nt	016	multi	8	298
own library, 130 nt	016	multi	9	290
own library, 130 nt	016	multi	10	52
own library, 130 nt	016	multi	11	55
own library, 130 nt	016	multi	12	97
own library, 130 nt	016	multi	13	22
own library, 130 nt	016	multi	14	7
own library, 130 nt	016	multi	15	51
own library, 130 nt	016	multi	16	4
own library, 130 nt	016	multi	17	4
own library, 130 nt	016	multi	18	2
own library, 130 nt	016	multi	20	9
own library, 130 nt	016	single	1	17209
own library, 130 nt	016	single	2	1000
own library, 130 nt	016	single	3	76
own library, 130 nt	016	single	4	17
own library, 130 nt	016	single	14	1
own library, 130 nt	016	single	20	2
own library, 75 nt	001	multi	1	18181
own library, 75 nt	001	multi	2	12202
own library, 75 nt	001	multi	3	5610
own library, 75 nt	001	multi	4	3403
own library, 75 nt	001	multi	5	4456
own library, 75 nt	001	multi	6	1972
own library, 75 nt	001	multi	7	1987
own library, 75 nt	001	multi	8	491
own library, 75 nt	001	multi	9	805
own library, 75 nt	001	multi	10	434
own library, 75 nt	001	multi	11	226
own library, 75 nt	001	multi	12	387
own library, 75 nt	001	multi	13	279
own library, 75 nt	001	multi	14	100
own library, 75 nt	001	multi	15	171
own library, 75 nt	001	multi	16	22
own library, 75 nt	001	multi	17	31
own library, 75 nt	001	multi	18	19
own library, 75 nt	001	multi	19	10
own library, 75 nt	001	multi	20	55
own library, 75 nt	001	single	1	37268
own library, 75 nt	001	single	2	2495
own library, 75 nt	001	single	3	248
own library, 75 nt	001	single	4	11
own library, 75 nt	001	single	17	1
own library, 75 nt	001	single	20	7
own library, 75 nt	002	multi	1	71652
own library, 75 nt	002	multi	2	302306
own library, 75 nt	002	multi	3	52832
own library, 75 nt	002	multi	4	49195
own library, 75 nt	002	multi	5	77429
own library, 75 nt	002	multi	6	11625
own library, 75 nt	002	multi	7	47867
own library, 75 nt	002	multi	8	6167
own library, 75 nt	002	multi	9	19230
own library, 75 nt	002	multi	10	10590
own library, 75 nt	002	multi	11	3180
own library, 75 nt	002	multi	12	10363
own library, 75 nt	002	multi	13	9288
own library, 75 nt	002	multi	14	1841
own library, 75 nt	002	multi	15	4393
own library, 75 nt	002	multi	16	693
own library, 75 nt	002	multi	17	707
own library, 75 nt	002	multi	18	547
own library, 75 nt	002	multi	19	265
own library, 75 nt	002	multi	20	1601
own library, 75 nt	002	single	1	761299
own library, 75 nt	002	single	2	62668
own library, 75 nt	002	single	3	5835
own library, 75 nt	002	single	4	298
own library, 75 nt	002	single	5	2
own library, 75 nt	002	single	6	2
own library, 75 nt	002	single	7	1
own library, 75 nt	002	single	8	2
own library, 75 nt	002	single	9	1
own library, 75 nt	002	single	13	1
own library, 75 nt	002	single	14	1
own library, 75 nt	002	single	15	7
own library, 75 nt	002	single	16	4
own library, 75 nt	002	single	17	3
own library, 75 nt	002	single	18	4
own library, 75 nt	002	single	20	91
own library, 75 nt	003	multi	1	112611
own library, 75 nt	003	multi	2	267582
own library, 75 nt	003	multi	3	88409
own library, 75 nt	003	multi	4	93827
own library, 75 nt	003	multi	5	222718
own library, 75 nt	003	multi	6	27534
own library, 75 nt	003	multi	7	128774
own library, 75 nt	003	multi	8	13749
own library, 75 nt	003	multi	9	58099
own library, 75 nt	003	multi	10	30691
own library, 75 nt	003	multi	11	7262
own library, 75 nt	003	multi	12	21435
own library, 75 nt	003	multi	13	20955
own library, 75 nt	003	multi	14	5102
own library, 75 nt	003	multi	15	8614
own library, 75 nt	003	multi	16	1239
own library, 75 nt	003	multi	17	1188
own library, 75 nt	003	multi	18	1049
own library, 75 nt	003	multi	19	563
own library, 75 nt	003	multi	20	3571
own library, 75 nt	003	single	1	1468485
own library, 75 nt	003	single	2	166411
own library, 75 nt	003	single	3	14984
own library, 75 nt	003	single	4	761
own library, 75 nt	003	single	5	2
own library, 75 nt	003	single	6	1
own library, 75 nt	003	single	7	6
own library, 75 nt	003	single	8	9
own library, 75 nt	003	single	9	8
own library, 75 nt	003	single	13	4
own library, 75 nt	003	single	15	6
own library, 75 nt	003	single	16	3
own library, 75 nt	003	single	17	2
own library, 75 nt	003	single	18	2
own library, 75 nt	003	single	19	12
own library, 75 nt	003	single	20	123
own library, 75 nt	004	multi	1	116292
own library, 75 nt	004	multi	2	269500
own library, 75 nt	004	multi	3	72732
own library, 75 nt	004	multi	4	66205
own library, 75 nt	004	multi	5	114937
own library, 75 nt	004	multi	6	19766
own library, 75 nt	004	multi	7	76228
own library, 75 nt	004	multi	8	10630
own library, 75 nt	004	multi	9	27722
own library, 75 nt	004	multi	10	18973
own library, 75 nt	004	multi	11	5776
own library, 75 nt	004	multi	12	20107
own library, 75 nt	004	multi	13	16478
own library, 75 nt	004	multi	14	3126
own library, 75 nt	004	multi	15	7309
own library, 75 nt	004	multi	16	947
own library, 75 nt	004	multi	17	896
own library, 75 nt	004	multi	18	651
own library, 75 nt	004	multi	19	447
own library, 75 nt	004	multi	20	2445
own library, 75 nt	004	single	1	1046079
own library, 75 nt	004	single	2	86249
own library, 75 nt	004	single	3	7737
own library, 75 nt	004	single	4	456
own library, 75 nt	004	single	5	7
own library, 75 nt	004	single	8	4
own library, 75 nt	004	single	14	4
own library, 75 nt	004	single	15	13
own library, 75 nt	004	single	16	3
own library, 75 nt	004	single	18	2
own library, 75 nt	004	single	19	4
own library, 75 nt	004	single	20	141
own library, 75 nt	005	multi	1	77294
own library, 75 nt	005	multi	2	307870
own library, 75 nt	005	multi	3	60634
own library, 75 nt	005	multi	4	57303
own library, 75 nt	005	multi	5	102527
own library, 75 nt	005	multi	6	14892
own library, 75 nt	005	multi	7	65963
own library, 75 nt	005	multi	8	8434
own library, 75 nt	005	multi	9	23522
own library, 75 nt	005	multi	10	13957
own library, 75 nt	005	multi	11	4386
own library, 75 nt	005	multi	12	14603
own library, 75 nt	005	multi	13	12577
own library, 75 nt	005	multi	14	2704
own library, 75 nt	005	multi	15	5803
own library, 75 nt	005	multi	16	737
own library, 75 nt	005	multi	17	776
own library, 75 nt	005	multi	18	710
own library, 75 nt	005	multi	19	364
own library, 75 nt	005	multi	20	2188
own library, 75 nt	005	single	1	915275
own library, 75 nt	005	single	2	78923
own library, 75 nt	005	single	3	6827
own library, 75 nt	005	single	4	382
own library, 75 nt	005	single	5	4
own library, 75 nt	005	single	6	4
own library, 75 nt	005	single	7	4
own library, 75 nt	005	single	8	2
own library, 75 nt	005	single	9	2
own library, 75 nt	005	single	11	2
own library, 75 nt	005	single	13	1
own library, 75 nt	005	single	14	3
own library, 75 nt	005	single	15	9
own library, 75 nt	005	single	16	2
own library, 75 nt	005	single	17	2
own library, 75 nt	005	single	18	4
own library, 75 nt	005	single	19	3
own library, 75 nt	005	single	20	88
own library, 75 nt	006	multi	1	135512
own library, 75 nt	006	multi	2	410124
own library, 75 nt	006	multi	3	95185
own library, 75 nt	006	multi	4	84829
own library, 75 nt	006	multi	5	129902
own library, 75 nt	006	multi	6	20692
own library, 75 nt	006	multi	7	84824
own library, 75 nt	006	multi	8	11842
own library, 75 nt	006	multi	9	26186
own library, 75 nt	006	multi	10	13444
own library, 75 nt	006	multi	11	6323
own library, 75 nt	006	multi	12	17075
own library, 75 nt	006	multi	13	15734
own library, 75 nt	006	multi	14	2964
own library, 75 nt	006	multi	15	7769
own library, 75 nt	006	multi	16	1268
own library, 75 nt	006	multi	17	1956
own library, 75 nt	006	multi	18	916
own library, 75 nt	006	multi	19	618
own library, 75 nt	006	multi	20	3077
own library, 75 nt	006	single	1	1446469
own library, 75 nt	006	single	2	103424
own library, 75 nt	006	single	3	6762
own library, 75 nt	006	single	4	590
own library, 75 nt	006	single	5	3
own library, 75 nt	006	single	6	1
own library, 75 nt	006	single	8	2
own library, 75 nt	006	single	9	1
own library, 75 nt	006	single	12	8
own library, 75 nt	006	single	13	6
own library, 75 nt	006	single	14	4
own library, 75 nt	006	single	15	9
own library, 75 nt	006	single	16	13
own library, 75 nt	006	single	17	2
own library, 75 nt	006	single	18	2
own library, 75 nt	006	single	19	1
own library, 75 nt	006	single	20	105
own library, 75 nt	007	multi	1	237084
own library, 75 nt	007	multi	2	612816
own library, 75 nt	007	multi	3	183394
own library, 75 nt	007	multi	4	170964
own library, 75 nt	007	multi	5	337690
own library, 75 nt	007	multi	6	47901
own library, 75 nt	007	multi	7	223680
own library, 75 nt	007	multi	8	29818
own library, 75 nt	007	multi	9	78326
own library, 75 nt	007	multi	10	48484
own library, 75 nt	007	multi	11	13970
own library, 75 nt	007	multi	12	53762
own library, 75 nt	007	multi	13	43901
own library, 75 nt	007	multi	14	8555
own library, 75 nt	007	multi	15	16554
own library, 75 nt	007	multi	16	2498
own library, 75 nt	007	multi	17	2203
own library, 75 nt	007	multi	18	1947
own library, 75 nt	007	multi	19	1220
own library, 75 nt	007	multi	20	6517
own library, 75 nt	007	single	1	3248348
own library, 75 nt	007	single	2	254532
own library, 75 nt	007	single	3	20518
own library, 75 nt	007	single	4	1320
own library, 75 nt	007	single	5	12
own library, 75 nt	007	single	6	17
own library, 75 nt	007	single	7	13
own library, 75 nt	007	single	8	2
own library, 75 nt	007	single	9	2
own library, 75 nt	007	single	10	2
own library, 75 nt	007	single	14	5
own library, 75 nt	007	single	15	33
own library, 75 nt	007	single	16	16
own library, 75 nt	007	single	17	2
own library, 75 nt	007	single	18	9
own library, 75 nt	007	single	19	10
own library, 75 nt	007	single	20	221
own library, 75 nt	008	multi	1	164524
own library, 75 nt	008	multi	2	528413
own library, 75 nt	008	multi	3	115939
own library, 75 nt	008	multi	4	98029
own library, 75 nt	008	multi	5	154290
own library, 75 nt	008	multi	6	25190
own library, 75 nt	008	multi	7	98607
own library, 75 nt	008	multi	8	17129
own library, 75 nt	008	multi	9	41093
own library, 75 nt	008	multi	10	19796
own library, 75 nt	008	multi	11	9650
own library, 75 nt	008	multi	12	39104
own library, 75 nt	008	multi	13	26109
own library, 75 nt	008	multi	14	5713
own library, 75 nt	008	multi	15	12135
own library, 75 nt	008	multi	16	1335
own library, 75 nt	008	multi	17	1575
own library, 75 nt	008	multi	18	986
own library, 75 nt	008	multi	19	692
own library, 75 nt	008	multi	20	3700
own library, 75 nt	008	single	1	1806575
own library, 75 nt	008	single	2	127991
own library, 75 nt	008	single	3	11038
own library, 75 nt	008	single	4	719
own library, 75 nt	008	single	5	9
own library, 75 nt	008	single	6	5
own library, 75 nt	008	single	8	9
own library, 75 nt	008	single	9	5
own library, 75 nt	008	single	10	4
own library, 75 nt	008	single	11	1
own library, 75 nt	008	single	12	21
own library, 75 nt	008	single	13	3
own library, 75 nt	008	single	14	7
own library, 75 nt	008	single	15	16
own library, 75 nt	008	single	16	6
own library, 75 nt	008	single	17	22
own library, 75 nt	008	single	18	2
own library, 75 nt	008	single	19	4
own library, 75 nt	008	single	20	122
own library, 75 nt	009	multi	1	184176
own library, 75 nt	009	multi	2	505410
own library, 75 nt	009	multi	3	144731
own library, 75 nt	009	multi	4	133615
own library, 75 nt	009	multi	5	247635
own library, 75 nt	009	multi	6	34723
own library, 75 nt	009	multi	7	145176
own library, 75 nt	009	multi	8	19058
own library, 75 nt	009	multi	9	44172
own library, 75 nt	009	multi	10	26403
own library, 75 nt	009	multi	11	10270
own library, 75 nt	009	multi	12	29123
own library, 75 nt	009	multi	13	25378
own library, 75 nt	009	multi	14	5356
own library, 75 nt	009	multi	15	11831
own library, 75 nt	009	multi	16	2033
own library, 75 nt	009	multi	17	2293
own library, 75 nt	009	multi	18	1598
own library, 75 nt	009	multi	19	1001
own library, 75 nt	009	multi	20	5427
own library, 75 nt	009	single	1	2538772
own library, 75 nt	009	single	2	179480
own library, 75 nt	009	single	3	13425
own library, 75 nt	009	single	4	925
own library, 75 nt	009	single	5	16
own library, 75 nt	009	single	6	9
own library, 75 nt	009	single	7	5
own library, 75 nt	009	single	8	7
own library, 75 nt	009	single	9	2
own library, 75 nt	009	single	12	1
own library, 75 nt	009	single	13	1
own library, 75 nt	009	single	14	2
own library, 75 nt	009	single	15	35
own library, 75 nt	009	single	16	15
own library, 75 nt	009	single	17	31
own library, 75 nt	009	single	18	4
own library, 75 nt	009	single	19	7
own library, 75 nt	009	single	20	158
own library, 75 nt	010	multi	1	305341
own library, 75 nt	010	multi	2	876569
own library, 75 nt	010	multi	3	260516
own library, 75 nt	010	multi	4	274762
own library, 75 nt	010	multi	5	508921
own library, 75 nt	010	multi	6	69641
own library, 75 nt	010	multi	7	373211
own library, 75 nt	010	multi	8	65844
own library, 75 nt	010	multi	9	157651
own library, 75 nt	010	multi	10	66825
own library, 75 nt	010	multi	11	25200
own library, 75 nt	010	multi	12	147393
own library, 75 nt	010	multi	13	122322
own library, 75 nt	010	multi	14	17256
own library, 75 nt	010	multi	15	40331
own library, 75 nt	010	multi	16	3474
own library, 75 nt	010	multi	17	2918
own library, 75 nt	010	multi	18	2924
own library, 75 nt	010	multi	19	1764
own library, 75 nt	010	multi	20	10609
own library, 75 nt	010	single	1	4842837
own library, 75 nt	010	single	2	392172
own library, 75 nt	010	single	3	40168
own library, 75 nt	010	single	4	2329
own library, 75 nt	010	single	5	38
own library, 75 nt	010	single	6	21
own library, 75 nt	010	single	7	8
own library, 75 nt	010	single	8	42
own library, 75 nt	010	single	9	13
own library, 75 nt	010	single	10	24
own library, 75 nt	010	single	12	1
own library, 75 nt	010	single	13	6
own library, 75 nt	010	single	14	17
own library, 75 nt	010	single	15	41
own library, 75 nt	010	single	16	36
own library, 75 nt	010	single	17	18
own library, 75 nt	010	single	18	13
own library, 75 nt	010	single	19	65
own library, 75 nt	010	single	20	644
own library, 75 nt	011	multi	1	296582
own library, 75 nt	011	multi	2	804185
own library, 75 nt	011	multi	3	263181
own library, 75 nt	011	multi	4	267553
own library, 75 nt	011	multi	5	541890
own library, 75 nt	011	multi	6	74008
own library, 75 nt	011	multi	7	371103
own library, 75 nt	011	multi	8	84350
own library, 75 nt	011	multi	9	210080
own library, 75 nt	011	multi	10	87251
own library, 75 nt	011	multi	11	26804
own library, 75 nt	011	multi	12	151839
own library, 75 nt	011	multi	13	140499
own library, 75 nt	011	multi	14	18551
own library, 75 nt	011	multi	15	38301
own library, 75 nt	011	multi	16	3833
own library, 75 nt	011	multi	17	2908
own library, 75 nt	011	multi	18	2829
own library, 75 nt	011	multi	19	1803
own library, 75 nt	011	multi	20	10539
own library, 75 nt	011	single	1	4839875
own library, 75 nt	011	single	2	423201
own library, 75 nt	011	single	3	54359
own library, 75 nt	011	single	4	3089
own library, 75 nt	011	single	5	25
own library, 75 nt	011	single	6	34
own library, 75 nt	011	single	7	12
own library, 75 nt	011	single	8	17
own library, 75 nt	011	single	9	8
own library, 75 nt	011	single	10	17
own library, 75 nt	011	single	11	1
own library, 75 nt	011	single	12	4
own library, 75 nt	011	single	13	21
own library, 75 nt	011	single	14	9
own library, 75 nt	011	single	15	81
own library, 75 nt	011	single	16	15
own library, 75 nt	011	single	17	18
own library, 75 nt	011	single	18	11
own library, 75 nt	011	single	19	45
own library, 75 nt	011	single	20	624
own library, 75 nt	012	multi	1	246205
own library, 75 nt	012	multi	2	671088
own library, 75 nt	012	multi	3	216260
own library, 75 nt	012	multi	4	214646
own library, 75 nt	012	multi	5	447625
own library, 75 nt	012	multi	6	57891
own library, 75 nt	012	multi	7	317567
own library, 75 nt	012	multi	8	49029
own library, 75 nt	012	multi	9	121115
own library, 75 nt	012	multi	10	63223
own library, 75 nt	012	multi	11	23541
own library, 75 nt	012	multi	12	127663
own library, 75 nt	012	multi	13	76345
own library, 75 nt	012	multi	14	14372
own library, 75 nt	012	multi	15	31732
own library, 75 nt	012	multi	16	3236
own library, 75 nt	012	multi	17	2895
own library, 75 nt	012	multi	18	2657
own library, 75 nt	012	multi	19	1533
own library, 75 nt	012	multi	20	9534
own library, 75 nt	012	single	1	3988002
own library, 75 nt	012	single	2	338535
own library, 75 nt	012	single	3	32193
own library, 75 nt	012	single	4	1987
own library, 75 nt	012	single	5	33
own library, 75 nt	012	single	6	22
own library, 75 nt	012	single	7	2
own library, 75 nt	012	single	8	12
own library, 75 nt	012	single	9	15
own library, 75 nt	012	single	11	12
own library, 75 nt	012	single	12	8
own library, 75 nt	012	single	13	11
own library, 75 nt	012	single	14	7
own library, 75 nt	012	single	15	28
own library, 75 nt	012	single	16	15
own library, 75 nt	012	single	17	15
own library, 75 nt	012	single	18	12
own library, 75 nt	012	single	19	35
own library, 75 nt	012	single	20	472
own library, 75 nt	013	multi	1	236241
own library, 75 nt	013	multi	2	822871
own library, 75 nt	013	multi	3	206922
own library, 75 nt	013	multi	4	210601
own library, 75 nt	013	multi	5	385701
own library, 75 nt	013	multi	6	52127
own library, 75 nt	013	multi	7	304865
own library, 75 nt	013	multi	8	58907
own library, 75 nt	013	multi	9	170276
own library, 75 nt	013	multi	10	56580
own library, 75 nt	013	multi	11	21661
own library, 75 nt	013	multi	12	119951
own library, 75 nt	013	multi	13	117124
own library, 75 nt	013	multi	14	14651
own library, 75 nt	013	multi	15	32256
own library, 75 nt	013	multi	16	2839
own library, 75 nt	013	multi	17	2279
own library, 75 nt	013	multi	18	1980
own library, 75 nt	013	multi	19	1360
own library, 75 nt	013	multi	20	8119
own library, 75 nt	013	single	1	3363828
own library, 75 nt	013	single	2	289619
own library, 75 nt	013	single	3	35822
own library, 75 nt	013	single	4	1741
own library, 75 nt	013	single	5	37
own library, 75 nt	013	single	6	18
own library, 75 nt	013	single	7	3
own library, 75 nt	013	single	8	25
own library, 75 nt	013	single	9	11
own library, 75 nt	013	single	10	1
own library, 75 nt	013	single	12	2
own library, 75 nt	013	single	13	7
own library, 75 nt	013	single	14	10
own library, 75 nt	013	single	15	18
own library, 75 nt	013	single	16	7
own library, 75 nt	013	single	17	30
own library, 75 nt	013	single	18	12
own library, 75 nt	013	single	19	27
own library, 75 nt	013	single	20	436
own library, 75 nt	014	multi	1	28909
own library, 75 nt	014	multi	2	16765
own library, 75 nt	014	multi	3	8375
own library, 75 nt	014	multi	4	4096
own library, 75 nt	014	multi	5	3717
own library, 75 nt	014	multi	6	1360
own library, 75 nt	014	multi	7	1351
own library, 75 nt	014	multi	8	483
own library, 75 nt	014	multi	9	498
own library, 75 nt	014	multi	10	261
own library, 75 nt	014	multi	11	109
own library, 75 nt	014	multi	12	261
own library, 75 nt	014	multi	13	227
own library, 75 nt	014	multi	14	42
own library, 75 nt	014	multi	15	86
own library, 75 nt	014	multi	16	15
own library, 75 nt	014	multi	17	2
own library, 75 nt	014	multi	18	8
own library, 75 nt	014	multi	19	10
own library, 75 nt	014	multi	20	25
own library, 75 nt	014	single	1	30641
own library, 75 nt	014	single	2	1864
own library, 75 nt	014	single	3	115
own library, 75 nt	014	single	4	25
own library, 75 nt	014	single	15	1
own library, 75 nt	014	single	20	6
own library, 75 nt	015	multi	1	33392
own library, 75 nt	015	multi	2	20740
own library, 75 nt	015	multi	3	8784
own library, 75 nt	015	multi	4	4834
own library, 75 nt	015	multi	5	5242
own library, 75 nt	015	multi	6	1574
own library, 75 nt	015	multi	7	2304
own library, 75 nt	015	multi	8	622
own library, 75 nt	015	multi	9	915
own library, 75 nt	015	multi	10	431
own library, 75 nt	015	multi	11	172
own library, 75 nt	015	multi	12	444
own library, 75 nt	015	multi	13	470
own library, 75 nt	015	multi	14	71
own library, 75 nt	015	multi	15	201
own library, 75 nt	015	multi	16	26
own library, 75 nt	015	multi	17	9
own library, 75 nt	015	multi	18	19
own library, 75 nt	015	multi	19	14
own library, 75 nt	015	multi	20	56
own library, 75 nt	015	single	1	50535
own library, 75 nt	015	single	2	2898
own library, 75 nt	015	single	3	209
own library, 75 nt	015	single	4	16
own library, 75 nt	015	single	15	1
own library, 75 nt	015	single	19	1
own library, 75 nt	015	single	20	5
own library, 75 nt	016	multi	1	15623
own library, 75 nt	016	multi	2	9373
own library, 75 nt	016	multi	3	3903
own library, 75 nt	016	multi	4	1938
own library, 75 nt	016	multi	5	1848
own library, 75 nt	016	multi	6	1041
own library, 75 nt	016	multi	7	733
own library, 75 nt	016	multi	8	280
own library, 75 nt	016	multi	9	312
own library, 75 nt	016	multi	10	128
own library, 75 nt	016	multi	11	65
own library, 75 nt	016	multi	12	115
own library, 75 nt	016	multi	13	92
own library, 75 nt	016	multi	14	14
own library, 75 nt	016	multi	15	59
own library, 75 nt	016	multi	16	9
own library, 75 nt	016	multi	17	8
own library, 75 nt	016	multi	18	2
own library, 75 nt	016	multi	19	2
own library, 75 nt	016	multi	20	25
own library, 75 nt	016	single	1	17798
own library, 75 nt	016	single	2	981
own library, 75 nt	016	single	3	76
own library, 75 nt	016	single	4	3
own library, 75 nt	016	single	5	1
own library, 75 nt	016	single	20	1
published, mouse wells	002	multi	1	1017
published, mouse wells	002	multi	2	1299
published, mouse wells	002	multi	3	679
published, mouse wells	002	multi	4	789
published, mouse wells	002	multi	5	327
published, mouse wells	002	multi	6	471
published, mouse wells	002	multi	7	53
published, mouse wells	002	multi	8	31
published, mouse wells	002	multi	9	321
published, mouse wells	002	multi	10	5
published, mouse wells	002	multi	11	11
published, mouse wells	002	multi	12	11
published, mouse wells	002	multi	13	1
published, mouse wells	002	multi	20	3
published, mouse wells	002	single	1	31324
published, mouse wells	002	single	2	1263
published, mouse wells	002	single	3	62
published, mouse wells	002	single	14	3
published, mouse wells	002	single	16	6
published, mouse wells	002	single	20	1
published, mouse wells	004	multi	1	10076
published, mouse wells	004	multi	2	13671
published, mouse wells	004	multi	3	7186
published, mouse wells	004	multi	4	7529
published, mouse wells	004	multi	5	2647
published, mouse wells	004	multi	6	3232
published, mouse wells	004	multi	7	545
published, mouse wells	004	multi	8	421
published, mouse wells	004	multi	9	2203
published, mouse wells	004	multi	10	131
published, mouse wells	004	multi	11	79
published, mouse wells	004	multi	12	19
published, mouse wells	004	multi	13	11
published, mouse wells	004	multi	15	2
published, mouse wells	004	multi	16	1
published, mouse wells	004	multi	17	1
published, mouse wells	004	multi	18	7
published, mouse wells	004	multi	20	43
published, mouse wells	004	single	1	361976
published, mouse wells	004	single	2	13145
published, mouse wells	004	single	3	566
published, mouse wells	004	single	4	4
published, mouse wells	004	single	5	2
published, mouse wells	004	single	6	3
published, mouse wells	004	single	20	49
published, mouse wells	006	multi	1	9211
published, mouse wells	006	multi	2	12134
published, mouse wells	006	multi	3	5954
published, mouse wells	006	multi	4	8665
published, mouse wells	006	multi	5	2851
published, mouse wells	006	multi	6	3209
published, mouse wells	006	multi	7	535
published, mouse wells	006	multi	8	473
published, mouse wells	006	multi	9	1704
published, mouse wells	006	multi	10	119
published, mouse wells	006	multi	11	84
published, mouse wells	006	multi	12	16
published, mouse wells	006	multi	13	16
published, mouse wells	006	multi	14	1
published, mouse wells	006	multi	15	1
published, mouse wells	006	multi	17	1
published, mouse wells	006	multi	18	8
published, mouse wells	006	multi	19	1
published, mouse wells	006	multi	20	43
published, mouse wells	006	single	1	334367
published, mouse wells	006	single	2	12875
published, mouse wells	006	single	3	712
published, mouse wells	006	single	4	14
published, mouse wells	006	single	5	5
published, mouse wells	006	single	7	1
published, mouse wells	006	single	8	2
published, mouse wells	006	single	9	3
published, mouse wells	006	single	11	10
published, mouse wells	006	single	15	10
published, mouse wells	006	single	19	9
published, mouse wells	006	single	20	35
published, mouse wells	008	multi	1	4167
published, mouse wells	008	multi	2	6503
published, mouse wells	008	multi	3	3169
published, mouse wells	008	multi	4	12401
published, mouse wells	008	multi	5	1525
published, mouse wells	008	multi	6	2978
published, mouse wells	008	multi	7	354
published, mouse wells	008	multi	8	215
published, mouse wells	008	multi	9	1614
published, mouse wells	008	multi	10	79
published, mouse wells	008	multi	11	38
published, mouse wells	008	multi	12	20
published, mouse wells	008	multi	13	149
published, mouse wells	008	multi	14	8
published, mouse wells	008	multi	17	7
published, mouse wells	008	multi	18	5
published, mouse wells	008	multi	19	2
published, mouse wells	008	multi	20	27
published, mouse wells	008	single	1	141278
published, mouse wells	008	single	2	7045
published, mouse wells	008	single	3	458
published, mouse wells	008	single	4	31
published, mouse wells	008	single	5	2
published, mouse wells	008	single	6	2
published, mouse wells	008	single	7	3
published, mouse wells	008	single	10	1
published, mouse wells	008	single	11	11
published, mouse wells	008	single	12	2
published, mouse wells	008	single	14	9
published, mouse wells	008	single	15	1
published, mouse wells	008	single	16	2
published, mouse wells	008	single	17	4
published, mouse wells	008	single	18	1
published, mouse wells	008	single	20	38
published, mouse wells	010	multi	1	6640
published, mouse wells	010	multi	2	11190
published, mouse wells	010	multi	3	5489
published, mouse wells	010	multi	4	17349
published, mouse wells	010	multi	5	2798
published, mouse wells	010	multi	6	3252
published, mouse wells	010	multi	7	723
published, mouse wells	010	multi	8	416
published, mouse wells	010	multi	9	1599
published, mouse wells	010	multi	10	152
published, mouse wells	010	multi	11	78
published, mouse wells	010	multi	12	22
published, mouse wells	010	multi	13	98
published, mouse wells	010	multi	14	7
published, mouse wells	010	multi	18	18
published, mouse wells	010	multi	19	1
published, mouse wells	010	multi	20	40
published, mouse wells	010	single	1	220207
published, mouse wells	010	single	2	11342
published, mouse wells	010	single	3	533
published, mouse wells	010	single	4	15
published, mouse wells	010	single	14	3
published, mouse wells	010	single	20	12
published, mouse wells	012	multi	1	18112
published, mouse wells	012	multi	2	26539
published, mouse wells	012	multi	3	12706
published, mouse wells	012	multi	4	38506
published, mouse wells	012	multi	5	7724
published, mouse wells	012	multi	6	9432
published, mouse wells	012	multi	7	1075
published, mouse wells	012	multi	8	744
published, mouse wells	012	multi	9	3111
published, mouse wells	012	multi	10	316
published, mouse wells	012	multi	11	103
published, mouse wells	012	multi	12	53
published, mouse wells	012	multi	13	153
published, mouse wells	012	multi	14	9
published, mouse wells	012	multi	15	2
published, mouse wells	012	multi	16	1
published, mouse wells	012	multi	17	4
published, mouse wells	012	multi	18	1
published, mouse wells	012	multi	19	11
published, mouse wells	012	multi	20	106
published, mouse wells	012	single	1	609693
published, mouse wells	012	single	2	27137
published, mouse wells	012	single	3	1668
published, mouse wells	012	single	4	80
published, mouse wells	012	single	5	10
published, mouse wells	012	single	6	21
published, mouse wells	012	single	7	4
published, mouse wells	012	single	9	6
published, mouse wells	012	single	10	1
published, mouse wells	012	single	12	19
published, mouse wells	012	single	19	2
published, mouse wells	012	single	20	110
published, mouse wells	014	multi	1	1366
published, mouse wells	014	multi	2	2188
published, mouse wells	014	multi	3	1024
published, mouse wells	014	multi	4	2846
published, mouse wells	014	multi	5	561
published, mouse wells	014	multi	6	706
published, mouse wells	014	multi	7	181
published, mouse wells	014	multi	8	88
published, mouse wells	014	multi	9	293
published, mouse wells	014	multi	10	60
published, mouse wells	014	multi	11	19
published, mouse wells	014	multi	12	3
published, mouse wells	014	multi	13	81
published, mouse wells	014	multi	14	3
published, mouse wells	014	multi	20	8
published, mouse wells	014	single	1	30408
published, mouse wells	014	single	2	1583
published, mouse wells	014	single	3	85
published, mouse wells	014	single	15	1
published, mouse wells	014	single	20	16
published, mouse wells	016	multi	1	6256
published, mouse wells	016	multi	2	7544
published, mouse wells	016	multi	3	3520
published, mouse wells	016	multi	4	4580
published, mouse wells	016	multi	5	1724
published, mouse wells	016	multi	6	1805
published, mouse wells	016	multi	7	337
published, mouse wells	016	multi	8	255
published, mouse wells	016	multi	9	1082
published, mouse wells	016	multi	10	93
published, mouse wells	016	multi	11	26
published, mouse wells	016	multi	12	9
published, mouse wells	016	multi	13	2
published, mouse wells	016	multi	15	2
published, mouse wells	016	multi	17	8
published, mouse wells	016	multi	18	1
published, mouse wells	016	multi	19	1
published, mouse wells	016	multi	20	58
published, mouse wells	016	single	1	213587
published, mouse wells	016	single	2	8824
published, mouse wells	016	single	3	317
published, mouse wells	016	single	4	5
published, mouse wells	016	single	6	8
published, mouse wells	016	single	9	2
published, mouse wells	016	single	11	5
published, mouse wells	016	single	12	3
published, mouse wells	016	single	15	2
published, mouse wells	016	single	17	3
published, mouse wells	016	single	18	4
published, mouse wells	016	single	19	4
published, mouse wells	016	single	20	6
published, mouse wells	018	multi	1	5079
published, mouse wells	018	multi	2	7984
published, mouse wells	018	multi	3	4134
published, mouse wells	018	multi	4	16823
published, mouse wells	018	multi	5	2836
published, mouse wells	018	multi	6	5783
published, mouse wells	018	multi	7	1095
published, mouse wells	018	multi	8	317
published, mouse wells	018	multi	9	2970
published, mouse wells	018	multi	10	132
published, mouse wells	018	multi	11	45
published, mouse wells	018	multi	12	14
published, mouse wells	018	multi	13	672
published, mouse wells	018	multi	14	34
published, mouse wells	018	multi	15	1
published, mouse wells	018	multi	16	4
published, mouse wells	018	multi	19	2
published, mouse wells	018	multi	20	50
published, mouse wells	018	single	1	180363
published, mouse wells	018	single	2	9463
published, mouse wells	018	single	3	723
published, mouse wells	018	single	4	44
published, mouse wells	018	single	7	5
published, mouse wells	018	single	8	1
published, mouse wells	018	single	13	1
published, mouse wells	018	single	15	7
published, mouse wells	018	single	19	6
published, mouse wells	018	single	20	15
published, mouse wells	020	multi	1	13890
published, mouse wells	020	multi	2	22044
published, mouse wells	020	multi	3	9676
published, mouse wells	020	multi	4	38553
published, mouse wells	020	multi	5	5508
published, mouse wells	020	multi	6	9952
published, mouse wells	020	multi	7	1885
published, mouse wells	020	multi	8	574
published, mouse wells	020	multi	9	5990
published, mouse wells	020	multi	10	483
published, mouse wells	020	multi	11	104
published, mouse wells	020	multi	12	45
published, mouse wells	020	multi	13	924
published, mouse wells	020	multi	14	68
published, mouse wells	020	multi	15	1
published, mouse wells	020	multi	16	2
published, mouse wells	020	multi	17	1
published, mouse wells	020	multi	18	5
published, mouse wells	020	multi	19	9
published, mouse wells	020	multi	20	63
published, mouse wells	020	single	1	479286
published, mouse wells	020	single	2	25588
published, mouse wells	020	single	3	1805
published, mouse wells	020	single	4	61
published, mouse wells	020	single	6	9
published, mouse wells	020	single	7	8
published, mouse wells	020	single	8	5
published, mouse wells	020	single	9	2
published, mouse wells	020	single	14	8
published, mouse wells	020	single	18	2
published, mouse wells	020	single	19	10
published, mouse wells	020	single	20	21
published, mouse wells	022	multi	1	8835
published, mouse wells	022	multi	2	10218
published, mouse wells	022	multi	3	4838
published, mouse wells	022	multi	4	6251
published, mouse wells	022	multi	5	1678
published, mouse wells	022	multi	6	2560
published, mouse wells	022	multi	7	410
published, mouse wells	022	multi	8	273
published, mouse wells	022	multi	9	832
published, mouse wells	022	multi	10	75
published, mouse wells	022	multi	11	61
published, mouse wells	022	multi	12	9
published, mouse wells	022	multi	13	18
published, mouse wells	022	multi	15	1
published, mouse wells	022	multi	16	5
published, mouse wells	022	multi	18	1
published, mouse wells	022	multi	19	1
published, mouse wells	022	multi	20	51
published, mouse wells	022	single	1	321134
published, mouse wells	022	single	2	12091
published, mouse wells	022	single	3	595
published, mouse wells	022	single	4	25
published, mouse wells	022	single	7	2
published, mouse wells	022	single	9	2
published, mouse wells	022	single	10	2
published, mouse wells	022	single	11	3
published, mouse wells	022	single	12	4
published, mouse wells	022	single	13	9
published, mouse wells	022	single	14	4
published, mouse wells	022	single	15	26
published, mouse wells	022	single	16	11
published, mouse wells	022	single	17	4
published, mouse wells	022	single	18	4
published, mouse wells	022	single	19	6
published, mouse wells	022	single	20	40
published, mouse wells	026	multi	1	4056
published, mouse wells	026	multi	2	5319
published, mouse wells	026	multi	3	2334
published, mouse wells	026	multi	4	2050
published, mouse wells	026	multi	5	811
published, mouse wells	026	multi	6	878
published, mouse wells	026	multi	7	179
published, mouse wells	026	multi	8	128
published, mouse wells	026	multi	9	465
published, mouse wells	026	multi	10	46
published, mouse wells	026	multi	11	39
published, mouse wells	026	multi	12	6
published, mouse wells	026	multi	13	9
published, mouse wells	026	multi	18	1
published, mouse wells	026	multi	20	8
published, mouse wells	026	single	1	119520
published, mouse wells	026	single	2	4367
published, mouse wells	026	single	3	237
published, mouse wells	026	single	4	16
published, mouse wells	026	single	14	15
published, mouse wells	026	single	20	9
published, mouse wells	032	multi	1	3435
published, mouse wells	032	multi	2	4515
published, mouse wells	032	multi	3	2090
published, mouse wells	032	multi	4	1592
published, mouse wells	032	multi	5	720
published, mouse wells	032	multi	6	696
published, mouse wells	032	multi	7	166
published, mouse wells	032	multi	8	126
published, mouse wells	032	multi	9	296
published, mouse wells	032	multi	10	22
published, mouse wells	032	multi	11	32
published, mouse wells	032	multi	12	1
published, mouse wells	032	multi	13	3
published, mouse wells	032	multi	18	1
published, mouse wells	032	multi	19	2
published, mouse wells	032	multi	20	3
published, mouse wells	032	single	1	109486
published, mouse wells	032	single	2	3915
published, mouse wells	032	single	3	239
published, mouse wells	032	single	6	2
published, mouse wells	032	single	8	9
published, mouse wells	032	single	11	4
published, mouse wells	032	single	20	1
published, mouse wells	034	multi	1	3948
published, mouse wells	034	multi	2	5239
published, mouse wells	034	multi	3	2436
published, mouse wells	034	multi	4	1759
published, mouse wells	034	multi	5	1029
published, mouse wells	034	multi	6	704
published, mouse wells	034	multi	7	262
published, mouse wells	034	multi	8	212
published, mouse wells	034	multi	9	230
published, mouse wells	034	multi	10	52
published, mouse wells	034	multi	11	47
published, mouse wells	034	multi	12	21
published, mouse wells	034	multi	18	6
published, mouse wells	034	multi	19	8
published, mouse wells	034	multi	20	44
published, mouse wells	034	single	1	118782
published, mouse wells	034	single	2	4217
published, mouse wells	034	single	3	205
published, mouse wells	034	single	4	12
published, mouse wells	034	single	7	2
published, mouse wells	034	single	9	2
published, mouse wells	034	single	12	1
published, mouse wells	034	single	14	1
published, mouse wells	034	single	15	1
published, mouse wells	034	single	16	3
published, mouse wells	034	single	20	27
published, mouse wells	036	multi	1	6880
published, mouse wells	036	multi	2	9146
published, mouse wells	036	multi	3	4401
published, mouse wells	036	multi	4	3230
published, mouse wells	036	multi	5	1392
published, mouse wells	036	multi	6	1556
published, mouse wells	036	multi	7	383
published, mouse wells	036	multi	8	300
published, mouse wells	036	multi	9	616
published, mouse wells	036	multi	10	85
published, mouse wells	036	multi	11	40
published, mouse wells	036	multi	12	24
published, mouse wells	036	multi	13	11
published, mouse wells	036	multi	18	2
published, mouse wells	036	multi	19	3
published, mouse wells	036	multi	20	31
published, mouse wells	036	single	1	213095
published, mouse wells	036	single	2	7762
published, mouse wells	036	single	3	328
published, mouse wells	036	single	4	4
published, mouse wells	036	single	6	1
published, mouse wells	036	single	14	4
published, mouse wells	036	single	15	3
published, mouse wells	036	single	16	1
published, mouse wells	036	single	17	6
published, mouse wells	036	single	20	78
published, mouse wells	038	multi	1	2244
published, mouse wells	038	multi	2	2275
published, mouse wells	038	multi	3	1087
published, mouse wells	038	multi	4	871
published, mouse wells	038	multi	5	408
published, mouse wells	038	multi	6	382
published, mouse wells	038	multi	7	75
published, mouse wells	038	multi	8	47
published, mouse wells	038	multi	9	166
published, mouse wells	038	multi	10	18
published, mouse wells	038	multi	11	10
published, mouse wells	038	multi	12	4
published, mouse wells	038	multi	13	4
published, mouse wells	038	multi	18	1
published, mouse wells	038	multi	20	8
published, mouse wells	038	single	1	70795
published, mouse wells	038	single	2	2332
published, mouse wells	038	single	3	93
published, mouse wells	038	single	4	4
published, mouse wells	038	single	10	1
published, mouse wells	038	single	12	1
published, mouse wells	038	single	13	6
published, mouse wells	038	single	14	1
published, mouse wells	038	single	17	5
published, mouse wells	038	single	19	4
published, mouse wells	038	single	20	6
published, mouse wells	040	multi	1	1012
published, mouse wells	040	multi	2	1252
published, mouse wells	040	multi	3	515
published, mouse wells	040	multi	4	501
published, mouse wells	040	multi	5	223
published, mouse wells	040	multi	6	208
published, mouse wells	040	multi	7	45
published, mouse wells	040	multi	8	36
published, mouse wells	040	multi	9	76
published, mouse wells	040	multi	10	19
published, mouse wells	040	multi	11	1
published, mouse wells	040	multi	12	1
published, mouse wells	040	multi	20	6
published, mouse wells	040	single	1	28390
published, mouse wells	040	single	2	983
published, mouse wells	040	single	3	53
published, mouse wells	040	single	4	1
published, mouse wells	040	single	12	2
published, mouse wells	040	single	20	2
published, mouse wells	042	multi	1	2349
published, mouse wells	042	multi	2	3288
published, mouse wells	042	multi	3	1593
published, mouse wells	042	multi	4	2075
published, mouse wells	042	multi	5	695
published, mouse wells	042	multi	6	909
published, mouse wells	042	multi	7	166
published, mouse wells	042	multi	8	81
published, mouse wells	042	multi	9	308
published, mouse wells	042	multi	10	8
published, mouse wells	042	multi	11	19
published, mouse wells	042	multi	12	3
published, mouse wells	042	multi	13	8
published, mouse wells	042	multi	18	3
published, mouse wells	042	multi	20	6
published, mouse wells	042	single	1	82801
published, mouse wells	042	single	2	3006
published, mouse wells	042	single	3	123
published, mouse wells	042	single	4	1
published, mouse wells	042	single	20	8
published, mouse wells	044	multi	1	3260
published, mouse wells	044	multi	2	5334
published, mouse wells	044	multi	3	2182
published, mouse wells	044	multi	4	1850
published, mouse wells	044	multi	5	780
published, mouse wells	044	multi	6	667
published, mouse wells	044	multi	7	207
published, mouse wells	044	multi	8	119
published, mouse wells	044	multi	9	305
published, mouse wells	044	multi	10	53
published, mouse wells	044	multi	11	22
published, mouse wells	044	multi	12	11
published, mouse wells	044	multi	13	2
published, mouse wells	044	multi	15	1
published, mouse wells	044	multi	17	1
published, mouse wells	044	multi	20	20
published, mouse wells	044	single	1	103502
published, mouse wells	044	single	2	3779
published, mouse wells	044	single	3	165
published, mouse wells	044	single	4	7
published, mouse wells	044	single	10	2
published, mouse wells	044	single	20	28
published, mouse wells	046	multi	1	2052
published, mouse wells	046	multi	2	3977
published, mouse wells	046	multi	3	1916
published, mouse wells	046	multi	4	1457
published, mouse wells	046	multi	5	671
published, mouse wells	046	multi	6	401
published, mouse wells	046	multi	7	180
published, mouse wells	046	multi	8	198
published, mouse wells	046	multi	9	156
published, mouse wells	046	multi	10	70
published, mouse wells	046	multi	11	34
published, mouse wells	046	multi	12	9
published, mouse wells	046	multi	18	2
published, mouse wells	046	multi	19	2
published, mouse wells	046	multi	20	36
published, mouse wells	046	single	1	29934
published, mouse wells	046	single	2	1566
published, mouse wells	046	single	3	18
published, mouse wells	046	single	14	2
published, mouse wells	050	multi	1	2506
published, mouse wells	050	multi	2	4022
published, mouse wells	050	multi	3	2044
published, mouse wells	050	multi	4	1437
published, mouse wells	050	multi	5	697
published, mouse wells	050	multi	6	503
published, mouse wells	050	multi	7	189
published, mouse wells	050	multi	8	99
published, mouse wells	050	multi	9	190
published, mouse wells	050	multi	10	37
published, mouse wells	050	multi	11	21
published, mouse wells	050	multi	12	20
published, mouse wells	050	multi	19	1
published, mouse wells	050	multi	20	27
published, mouse wells	050	single	1	62228
published, mouse wells	050	single	2	2474
published, mouse wells	050	single	3	89
published, mouse wells	050	single	20	2
published, mouse wells	054	multi	1	1658
published, mouse wells	054	multi	2	2077
published, mouse wells	054	multi	3	833
published, mouse wells	054	multi	4	782
published, mouse wells	054	multi	5	316
published, mouse wells	054	multi	6	270
published, mouse wells	054	multi	7	51
published, mouse wells	054	multi	8	41
published, mouse wells	054	multi	9	85
published, mouse wells	054	multi	10	14
published, mouse wells	054	multi	11	20
published, mouse wells	054	multi	12	8
published, mouse wells	054	multi	13	3
published, mouse wells	054	multi	20	3
published, mouse wells	054	single	1	46994
published, mouse wells	054	single	2	1870
published, mouse wells	054	single	3	101
published, mouse wells	054	single	18	1
published, mouse wells	054	single	19	1
published, mouse wells	054	single	20	11
published, mouse wells	056	multi	1	15277
published, mouse wells	056	multi	2	21554
published, mouse wells	056	multi	3	10786
published, mouse wells	056	multi	4	22359
published, mouse wells	056	multi	5	5257
published, mouse wells	056	multi	6	6651
published, mouse wells	056	multi	7	1052
published, mouse wells	056	multi	8	677
published, mouse wells	056	multi	9	2930
published, mouse wells	056	multi	10	270
published, mouse wells	056	multi	11	163
published, mouse wells	056	multi	12	52
published, mouse wells	056	multi	13	107
published, mouse wells	056	multi	14	9
published, mouse wells	056	multi	15	1
published, mouse wells	056	multi	16	2
published, mouse wells	056	multi	18	14
published, mouse wells	056	multi	19	2
published, mouse wells	056	multi	20	58
published, mouse wells	056	single	1	521926
published, mouse wells	056	single	2	22710
published, mouse wells	056	single	3	1254
published, mouse wells	056	single	4	71
published, mouse wells	056	single	5	9
published, mouse wells	056	single	6	23
published, mouse wells	056	single	8	7
published, mouse wells	056	single	9	1
published, mouse wells	056	single	11	2
published, mouse wells	056	single	13	9
published, mouse wells	056	single	14	2
published, mouse wells	056	single	15	2
published, mouse wells	056	single	18	8
published, mouse wells	056	single	19	5
published, mouse wells	056	single	20	2
published, mouse wells	058	multi	1	2517
published, mouse wells	058	multi	2	3635
published, mouse wells	058	multi	3	1850
published, mouse wells	058	multi	4	1378
published, mouse wells	058	multi	5	583
published, mouse wells	058	multi	6	429
published, mouse wells	058	multi	7	202
published, mouse wells	058	multi	8	143
published, mouse wells	058	multi	9	114
published, mouse wells	058	multi	10	47
published, mouse wells	058	multi	11	36
published, mouse wells	058	multi	12	10
published, mouse wells	058	multi	13	1
published, mouse wells	058	multi	14	1
published, mouse wells	058	multi	18	6
published, mouse wells	058	multi	19	8
published, mouse wells	058	multi	20	8
published, mouse wells	058	single	1	74001
published, mouse wells	058	single	2	2588
published, mouse wells	058	single	3	124
published, mouse wells	058	single	4	4
published, mouse wells	058	single	5	8
published, mouse wells	058	single	9	4
published, mouse wells	058	single	15	6
published, mouse wells	058	single	17	2
published, mouse wells	058	single	19	3
published, mouse wells	058	single	20	3
published, mouse wells	060	multi	1	4937
published, mouse wells	060	multi	2	6167
published, mouse wells	060	multi	3	3411
published, mouse wells	060	multi	4	3058
published, mouse wells	060	multi	5	1003
published, mouse wells	060	multi	6	1055
published, mouse wells	060	multi	7	246
published, mouse wells	060	multi	8	187
published, mouse wells	060	multi	9	551
published, mouse wells	060	multi	10	43
published, mouse wells	060	multi	11	41
published, mouse wells	060	multi	12	24
published, mouse wells	060	multi	13	2
published, mouse wells	060	multi	18	3
published, mouse wells	060	multi	19	10
published, mouse wells	060	multi	20	46
published, mouse wells	060	single	1	176373
published, mouse wells	060	single	2	6330
published, mouse wells	060	single	3	273
published, mouse wells	060	single	4	8
published, mouse wells	060	single	5	1
published, mouse wells	060	single	8	11
published, mouse wells	060	single	9	1
published, mouse wells	060	single	14	4
published, mouse wells	060	single	20	31
published, mouse wells	062	multi	1	5127
published, mouse wells	062	multi	2	6501
published, mouse wells	062	multi	3	2923
published, mouse wells	062	multi	4	2525
published, mouse wells	062	multi	5	1144
published, mouse wells	062	multi	6	1078
published, mouse wells	062	multi	7	236
published, mouse wells	062	multi	8	214
published, mouse wells	062	multi	9	376
published, mouse wells	062	multi	10	52
published, mouse wells	062	multi	11	15
published, mouse wells	062	multi	12	25
published, mouse wells	062	multi	13	10
published, mouse wells	062	multi	14	5
published, mouse wells	062	multi	18	3
published, mouse wells	062	multi	19	4
published, mouse wells	062	multi	20	12
published, mouse wells	062	single	1	163228
published, mouse wells	062	single	2	5886
published, mouse wells	062	single	3	311
published, mouse wells	062	single	5	10
published, mouse wells	062	single	7	7
published, mouse wells	062	single	8	3
published, mouse wells	062	single	12	7
published, mouse wells	062	single	14	6
published, mouse wells	062	single	20	6
published, mouse wells	064	multi	1	5842
published, mouse wells	064	multi	2	6688
published, mouse wells	064	multi	3	2846
published, mouse wells	064	multi	4	2249
published, mouse wells	064	multi	5	928
published, mouse wells	064	multi	6	842
published, mouse wells	064	multi	7	250
published, mouse wells	064	multi	8	173
published, mouse wells	064	multi	9	302
published, mouse wells	064	multi	10	86
published, mouse wells	064	multi	11	30
published, mouse wells	064	multi	12	27
published, mouse wells	064	multi	13	2
published, mouse wells	064	multi	14	3
published, mouse wells	064	multi	17	5
published, mouse wells	064	multi	18	9
published, mouse wells	064	multi	20	23
published, mouse wells	064	single	1	131065
published, mouse wells	064	single	2	4446
published, mouse wells	064	single	3	173
published, mouse wells	064	single	4	1
published, mouse wells	064	single	12	1
published, mouse wells	064	single	14	2
published, mouse wells	064	single	15	4
published, mouse wells	064	single	17	3
published, mouse wells	064	single	18	10
published, mouse wells	064	single	20	14
published, mouse wells	066	multi	1	8102
published, mouse wells	066	multi	2	11410
published, mouse wells	066	multi	3	5153
published, mouse wells	066	multi	4	4805
published, mouse wells	066	multi	5	1793
published, mouse wells	066	multi	6	1703
published, mouse wells	066	multi	7	488
published, mouse wells	066	multi	8	317
published, mouse wells	066	multi	9	592
published, mouse wells	066	multi	10	139
published, mouse wells	066	multi	11	71
published, mouse wells	066	multi	12	16
published, mouse wells	066	multi	13	5
published, mouse wells	066	multi	14	1
published, mouse wells	066	multi	15	5
published, mouse wells	066	multi	18	2
published, mouse wells	066	multi	20	49
published, mouse wells	066	single	1	242642
published, mouse wells	066	single	2	9539
published, mouse wells	066	single	3	425
published, mouse wells	066	single	4	16
published, mouse wells	066	single	9	1
published, mouse wells	066	single	12	1
published, mouse wells	066	single	14	6
published, mouse wells	066	single	15	2
published, mouse wells	066	single	16	13
published, mouse wells	066	single	17	2
published, mouse wells	066	single	19	5
published, mouse wells	066	single	20	49
published, mouse wells	068	multi	1	3602
published, mouse wells	068	multi	2	5529
published, mouse wells	068	multi	3	2360
published, mouse wells	068	multi	4	2043
published, mouse wells	068	multi	5	862
published, mouse wells	068	multi	6	931
published, mouse wells	068	multi	7	204
published, mouse wells	068	multi	8	174
published, mouse wells	068	multi	9	312
published, mouse wells	068	multi	10	36
published, mouse wells	068	multi	11	34
published, mouse wells	068	multi	12	6
published, mouse wells	068	multi	13	3
published, mouse wells	068	multi	14	1
published, mouse wells	068	multi	15	2
published, mouse wells	068	multi	18	1
published, mouse wells	068	multi	20	45
published, mouse wells	068	single	1	107148
published, mouse wells	068	single	2	3832
published, mouse wells	068	single	3	150
published, mouse wells	068	single	4	2
published, mouse wells	068	single	18	3
published, mouse wells	068	single	20	9
published, mouse wells	070	multi	1	3797
published, mouse wells	070	multi	2	4234
published, mouse wells	070	multi	3	1634
published, mouse wells	070	multi	4	2205
published, mouse wells	070	multi	5	784
published, mouse wells	070	multi	6	755
published, mouse wells	070	multi	7	141
published, mouse wells	070	multi	8	95
published, mouse wells	070	multi	9	307
published, mouse wells	070	multi	10	39
published, mouse wells	070	multi	11	34
published, mouse wells	070	multi	12	10
published, mouse wells	070	multi	13	9
published, mouse wells	070	multi	20	43
published, mouse wells	070	single	1	100751
published, mouse wells	070	single	2	3907
published, mouse wells	070	single	3	183
published, mouse wells	070	single	4	3
published, mouse wells	070	single	6	1
published, mouse wells	070	single	14	1
published, mouse wells	070	single	20	4
published, mouse wells	076	multi	1	8571
published, mouse wells	076	multi	2	10554
published, mouse wells	076	multi	3	4583
published, mouse wells	076	multi	4	4110
published, mouse wells	076	multi	5	1531
published, mouse wells	076	multi	6	1553
published, mouse wells	076	multi	7	455
published, mouse wells	076	multi	8	252
published, mouse wells	076	multi	9	482
published, mouse wells	076	multi	10	91
published, mouse wells	076	multi	11	48
published, mouse wells	076	multi	12	13
published, mouse wells	076	multi	13	30
published, mouse wells	076	multi	15	1
published, mouse wells	076	multi	18	19
published, mouse wells	076	multi	20	23
published, mouse wells	076	single	1	241367
published, mouse wells	076	single	2	9063
published, mouse wells	076	single	3	369
published, mouse wells	076	single	4	4
published, mouse wells	076	single	5	7
published, mouse wells	076	single	6	9
published, mouse wells	076	single	7	8
published, mouse wells	076	single	8	7
published, mouse wells	076	single	9	4
published, mouse wells	076	single	10	8
published, mouse wells	076	single	11	4
published, mouse wells	076	single	13	7
published, mouse wells	076	single	14	6
published, mouse wells	076	single	15	8
published, mouse wells	076	single	16	2
published, mouse wells	076	single	17	1
published, mouse wells	076	single	18	8
published, mouse wells	076	single	19	6
published, mouse wells	076	single	20	73
published, mouse wells	078	multi	1	7140
published, mouse wells	078	multi	2	9672
published, mouse wells	078	multi	3	4481
published, mouse wells	078	multi	4	4333
published, mouse wells	078	multi	5	1422
published, mouse wells	078	multi	6	1604
published, mouse wells	078	multi	7	419
published, mouse wells	078	multi	8	267
published, mouse wells	078	multi	9	751
published, mouse wells	078	multi	10	123
published, mouse wells	078	multi	11	47
published, mouse wells	078	multi	12	24
published, mouse wells	078	multi	13	8
published, mouse wells	078	multi	18	4
published, mouse wells	078	multi	19	1
published, mouse wells	078	multi	20	33
published, mouse wells	078	single	1	213966
published, mouse wells	078	single	2	8419
published, mouse wells	078	single	3	398
published, mouse wells	078	single	4	3
published, mouse wells	078	single	8	1
published, mouse wells	078	single	14	7
published, mouse wells	078	single	15	6
published, mouse wells	078	single	20	31
published, mouse wells	080	multi	1	5742
published, mouse wells	080	multi	2	8312
published, mouse wells	080	multi	3	3820
published, mouse wells	080	multi	4	4440
published, mouse wells	080	multi	5	1320
published, mouse wells	080	multi	6	1607
published, mouse wells	080	multi	7	324
published, mouse wells	080	multi	8	224
published, mouse wells	080	multi	9	508
published, mouse wells	080	multi	10	69
published, mouse wells	080	multi	11	49
published, mouse wells	080	multi	12	22
published, mouse wells	080	multi	13	11
published, mouse wells	080	multi	18	2
published, mouse wells	080	multi	19	6
published, mouse wells	080	multi	20	21
published, mouse wells	080	single	1	187270
published, mouse wells	080	single	2	6697
published, mouse wells	080	single	3	257
published, mouse wells	080	single	4	21
published, mouse wells	080	single	16	1
published, mouse wells	080	single	17	1
published, mouse wells	080	single	19	12
published, mouse wells	080	single	20	22
published, mouse wells	082	multi	1	3348
published, mouse wells	082	multi	2	4914
published, mouse wells	082	multi	3	2547
published, mouse wells	082	multi	4	1630
published, mouse wells	082	multi	5	734
published, mouse wells	082	multi	6	627
published, mouse wells	082	multi	7	142
published, mouse wells	082	multi	8	172
published, mouse wells	082	multi	9	209
published, mouse wells	082	multi	10	40
published, mouse wells	082	multi	11	43
published, mouse wells	082	multi	12	16
published, mouse wells	082	multi	13	2
published, mouse wells	082	multi	19	14
published, mouse wells	082	multi	20	34
published, mouse wells	082	single	1	80346
published, mouse wells	082	single	2	2865
published, mouse wells	082	single	3	105
published, mouse wells	082	single	4	2
published, mouse wells	082	single	20	8
published, mouse wells	084	multi	1	2446
published, mouse wells	084	multi	2	4053
published, mouse wells	084	multi	3	1947
published, mouse wells	084	multi	4	1231
published, mouse wells	084	multi	5	615
published, mouse wells	084	multi	6	499
published, mouse wells	084	multi	7	186
published, mouse wells	084	multi	8	176
published, mouse wells	084	multi	9	185
published, mouse wells	084	multi	10	38
published, mouse wells	084	multi	11	33
published, mouse wells	084	multi	12	15
published, mouse wells	084	multi	14	1
published, mouse wells	084	multi	17	1
published, mouse wells	084	multi	18	5
published, mouse wells	084	multi	20	24
published, mouse wells	084	single	1	68575
published, mouse wells	084	single	2	2791
published, mouse wells	084	single	3	90
published, mouse wells	084	single	11	5
published, mouse wells	084	single	20	24
published, mouse wells	086	multi	1	3477
published, mouse wells	086	multi	2	5110
published, mouse wells	086	multi	3	2532
published, mouse wells	086	multi	4	1648
published, mouse wells	086	multi	5	730
published, mouse wells	086	multi	6	615
published, mouse wells	086	multi	7	237
published, mouse wells	086	multi	8	168
published, mouse wells	086	multi	9	202
published, mouse wells	086	multi	10	68
published, mouse wells	086	multi	11	21
published, mouse wells	086	multi	12	6
published, mouse wells	086	multi	14	1
published, mouse wells	086	multi	19	7
published, mouse wells	086	multi	20	37
published, mouse wells	086	single	1	104249
published, mouse wells	086	single	2	3633
published, mouse wells	086	single	3	106
published, mouse wells	086	single	4	4
published, mouse wells	086	single	12	1
published, mouse wells	086	single	15	1
published, mouse wells	086	single	20	5
published, mouse wells	088	multi	1	9822
published, mouse wells	088	multi	2	14687
published, mouse wells	088	multi	3	6574
published, mouse wells	088	multi	4	4839
published, mouse wells	088	multi	5	2008
published, mouse wells	088	multi	6	2180
published, mouse wells	088	multi	7	656
published, mouse wells	088	multi	8	457
published, mouse wells	088	multi	9	535
published, mouse wells	088	multi	10	129
published, mouse wells	088	multi	11	91
published, mouse wells	088	multi	12	50
published, mouse wells	088	multi	13	5
published, mouse wells	088	multi	14	4
published, mouse wells	088	multi	15	1
published, mouse wells	088	multi	17	6
published, mouse wells	088	multi	18	15
published, mouse wells	088	multi	19	12
published, mouse wells	088	multi	20	85
published, mouse wells	088	single	1	261325
published, mouse wells	088	single	2	9610
published, mouse wells	088	single	3	367
published, mouse wells	088	single	4	9
published, mouse wells	088	single	15	1
published, mouse wells	088	single	18	1
published, mouse wells	088	single	20	54
published, mouse wells	090	multi	1	12662
published, mouse wells	090	multi	2	17450
published, mouse wells	090	multi	3	7752
published, mouse wells	090	multi	4	10337
published, mouse wells	090	multi	5	3208
published, mouse wells	090	multi	6	3428
published, mouse wells	090	multi	7	697
published, mouse wells	090	multi	8	547
published, mouse wells	090	multi	9	1303
published, mouse wells	090	multi	10	166
published, mouse wells	090	multi	11	90
published, mouse wells	090	multi	12	13
published, mouse wells	090	multi	13	20
published, mouse wells	090	multi	14	4
published, mouse wells	090	multi	15	1
published, mouse wells	090	multi	18	1
published, mouse wells	090	multi	19	3
published, mouse wells	090	multi	20	58
published, mouse wells	090	single	1	389550
published, mouse wells	090	single	2	14942
published, mouse wells	090	single	3	699
published, mouse wells	090	single	4	50
published, mouse wells	090	single	6	2
published, mouse wells	090	single	7	3
published, mouse wells	090	single	8	5
published, mouse wells	090	single	9	1
published, mouse wells	090	single	10	2
published, mouse wells	090	single	11	10
published, mouse wells	090	single	12	5
published, mouse wells	090	single	14	2
published, mouse wells	090	single	20	42
published, mouse wells	092	multi	1	7569
published, mouse wells	092	multi	2	11303
published, mouse wells	092	multi	3	5297
published, mouse wells	092	multi	4	3537
published, mouse wells	092	multi	5	1493
published, mouse wells	092	multi	6	1564
published, mouse wells	092	multi	7	443
published, mouse wells	092	multi	8	359
published, mouse wells	092	multi	9	417
published, mouse wells	092	multi	10	121
published, mouse wells	092	multi	11	43
published, mouse wells	092	multi	12	17
published, mouse wells	092	multi	13	1
published, mouse wells	092	multi	14	1
published, mouse wells	092	multi	15	1
published, mouse wells	092	multi	18	5
published, mouse wells	092	multi	19	13
published, mouse wells	092	multi	20	55
published, mouse wells	092	single	1	212565
published, mouse wells	092	single	2	7606
published, mouse wells	092	single	3	288
published, mouse wells	092	single	4	3
published, mouse wells	092	single	14	5
published, mouse wells	092	single	20	35
published, mouse wells	094	multi	1	6308
published, mouse wells	094	multi	2	9363
published, mouse wells	094	multi	3	4148
published, mouse wells	094	multi	4	3018
published, mouse wells	094	multi	5	1315
published, mouse wells	094	multi	6	1338
published, mouse wells	094	multi	7	380
published, mouse wells	094	multi	8	377
published, mouse wells	094	multi	9	471
published, mouse wells	094	multi	10	106
published, mouse wells	094	multi	11	28
published, mouse wells	094	multi	12	22
published, mouse wells	094	multi	13	4
published, mouse wells	094	multi	18	3
published, mouse wells	094	multi	19	1
published, mouse wells	094	multi	20	36
published, mouse wells	094	single	1	199513
published, mouse wells	094	single	2	7205
published, mouse wells	094	single	3	253
published, mouse wells	094	single	4	4
published, mouse wells	094	single	12	2
published, mouse wells	094	single	14	4
published, mouse wells	094	single	17	4
published, mouse wells	094	single	18	1
published, mouse wells	094	single	20	22
published, mouse wells	098	multi	1	3406
published, mouse wells	098	multi	2	5273
published, mouse wells	098	multi	3	3044
published, mouse wells	098	multi	4	2073
published, mouse wells	098	multi	5	1008
published, mouse wells	098	multi	6	795
published, mouse wells	098	multi	7	282
published, mouse wells	098	multi	8	270
published, mouse wells	098	multi	9	202
published, mouse wells	098	multi	10	97
published, mouse wells	098	multi	11	32
published, mouse wells	098	multi	12	10
published, mouse wells	098	multi	13	7
published, mouse wells	098	multi	14	1
published, mouse wells	098	multi	16	1
published, mouse wells	098	multi	18	3
published, mouse wells	098	multi	19	1
published, mouse wells	098	multi	20	43
published, mouse wells	098	single	1	71218
published, mouse wells	098	single	2	3295
published, mouse wells	098	single	3	107
published, mouse wells	098	single	4	4
published, mouse wells	098	single	16	3
published, mouse wells	100	multi	1	8442
published, mouse wells	100	multi	2	12803
published, mouse wells	100	multi	3	5830
published, mouse wells	100	multi	4	6125
published, mouse wells	100	multi	5	2184
published, mouse wells	100	multi	6	2007
published, mouse wells	100	multi	7	515
published, mouse wells	100	multi	8	385
published, mouse wells	100	multi	9	814
published, mouse wells	100	multi	10	122
published, mouse wells	100	multi	11	41
published, mouse wells	100	multi	12	20
published, mouse wells	100	multi	13	6
published, mouse wells	100	multi	14	1
published, mouse wells	100	multi	15	5
published, mouse wells	100	multi	17	1
published, mouse wells	100	multi	18	5
published, mouse wells	100	multi	19	8
published, mouse wells	100	multi	20	52
published, mouse wells	100	single	1	267776
published, mouse wells	100	single	2	9809
published, mouse wells	100	single	3	293
published, mouse wells	100	single	4	6
published, mouse wells	100	single	13	7
published, mouse wells	100	single	15	6
published, mouse wells	100	single	20	6
published, mouse wells	104	multi	1	3551
published, mouse wells	104	multi	2	3985
published, mouse wells	104	multi	3	1845
published, mouse wells	104	multi	4	1538
published, mouse wells	104	multi	5	507
published, mouse wells	104	multi	6	650
published, mouse wells	104	multi	7	173
published, mouse wells	104	multi	8	118
published, mouse wells	104	multi	9	227
published, mouse wells	104	multi	10	20
published, mouse wells	104	multi	11	23
published, mouse wells	104	multi	12	9
published, mouse wells	104	multi	13	4
published, mouse wells	104	multi	14	1
published, mouse wells	104	multi	18	3
published, mouse wells	104	multi	20	21
published, mouse wells	104	single	1	87237
published, mouse wells	104	single	2	2939
published, mouse wells	104	single	3	169
published, mouse wells	104	single	4	8
published, mouse wells	104	single	20	12
published, mouse wells	106	multi	1	4748
published, mouse wells	106	multi	2	7396
published, mouse wells	106	multi	3	3297
published, mouse wells	106	multi	4	2444
published, mouse wells	106	multi	5	1142
published, mouse wells	106	multi	6	854
published, mouse wells	106	multi	7	324
published, mouse wells	106	multi	8	246
published, mouse wells	106	multi	9	298
published, mouse wells	106	multi	10	65
published, mouse wells	106	multi	11	48
published, mouse wells	106	multi	12	27
published, mouse wells	106	multi	13	3
published, mouse wells	106	multi	18	1
published, mouse wells	106	multi	19	2
published, mouse wells	106	multi	20	39
published, mouse wells	106	single	1	128813
published, mouse wells	106	single	2	4538
published, mouse wells	106	single	3	206
published, mouse wells	106	single	4	5
published, mouse wells	106	single	11	2
published, mouse wells	106	single	12	4
published, mouse wells	106	single	18	1
published, mouse wells	106	single	19	4
published, mouse wells	106	single	20	28
published, mouse wells	108	multi	1	7358
published, mouse wells	108	multi	2	9377
published, mouse wells	108	multi	3	4202
published, mouse wells	108	multi	4	3980
published, mouse wells	108	multi	5	1483
published, mouse wells	108	multi	6	1490
published, mouse wells	108	multi	7	364
published, mouse wells	108	multi	8	300
published, mouse wells	108	multi	9	493
published, mouse wells	108	multi	10	88
published, mouse wells	108	multi	11	49
published, mouse wells	108	multi	12	19
published, mouse wells	108	multi	13	8
published, mouse wells	108	multi	14	1
published, mouse wells	108	multi	15	1
published, mouse wells	108	multi	18	2
published, mouse wells	108	multi	19	2
published, mouse wells	108	multi	20	59
published, mouse wells	108	single	1	225486
published, mouse wells	108	single	2	8359
published, mouse wells	108	single	3	276
published, mouse wells	108	single	4	9
published, mouse wells	108	single	6	3
published, mouse wells	108	single	12	1
published, mouse wells	108	single	13	2
published, mouse wells	108	single	14	2
published, mouse wells	108	single	15	6
published, mouse wells	108	single	17	1
published, mouse wells	108	single	20	26
published, mouse wells	112	multi	1	10454
published, mouse wells	112	multi	2	13061
published, mouse wells	112	multi	3	5565
published, mouse wells	112	multi	4	4916
published, mouse wells	112	multi	5	2006
published, mouse wells	112	multi	6	2006
published, mouse wells	112	multi	7	480
published, mouse wells	112	multi	8	352
published, mouse wells	112	multi	9	825
published, mouse wells	112	multi	10	117
published, mouse wells	112	multi	11	54
published, mouse wells	112	multi	12	42
published, mouse wells	112	multi	13	4
published, mouse wells	112	multi	19	5
published, mouse wells	112	multi	20	30
published, mouse wells	112	single	1	325582
published, mouse wells	112	single	2	11734
published, mouse wells	112	single	3	448
published, mouse wells	112	single	4	22
published, mouse wells	112	single	5	1
published, mouse wells	112	single	6	5
published, mouse wells	112	single	7	1
published, mouse wells	112	single	10	3
published, mouse wells	112	single	12	8
published, mouse wells	112	single	13	1
published, mouse wells	112	single	14	9
published, mouse wells	112	single	15	1
published, mouse wells	112	single	18	1
published, mouse wells	112	single	20	53
published, mouse wells	114	multi	1	4468
published, mouse wells	114	multi	2	6821
published, mouse wells	114	multi	3	3432
published, mouse wells	114	multi	4	9344
published, mouse wells	114	multi	5	1263
published, mouse wells	114	multi	6	1332
published, mouse wells	114	multi	7	347
published, mouse wells	114	multi	8	274
published, mouse wells	114	multi	9	682
published, mouse wells	114	multi	10	84
published, mouse wells	114	multi	11	53
published, mouse wells	114	multi	12	19
published, mouse wells	114	multi	13	57
published, mouse wells	114	multi	14	10
published, mouse wells	114	multi	18	1
published, mouse wells	114	multi	19	3
published, mouse wells	114	multi	20	32
published, mouse wells	114	single	1	94631
published, mouse wells	114	single	2	4602
published, mouse wells	114	single	3	197
published, mouse wells	114	single	4	16
published, mouse wells	114	single	7	7
published, mouse wells	114	single	14	4
published, mouse wells	114	single	20	8
published, mouse wells	116	multi	1	11286
published, mouse wells	116	multi	2	15688
published, mouse wells	116	multi	3	7065
published, mouse wells	116	multi	4	5973
published, mouse wells	116	multi	5	2307
published, mouse wells	116	multi	6	2281
published, mouse wells	116	multi	7	593
published, mouse wells	116	multi	8	453
published, mouse wells	116	multi	9	879
published, mouse wells	116	multi	10	118
published, mouse wells	116	multi	11	82
published, mouse wells	116	multi	12	39
published, mouse wells	116	multi	13	12
published, mouse wells	116	multi	14	5
published, mouse wells	116	multi	16	1
published, mouse wells	116	multi	18	3
published, mouse wells	116	multi	19	6
published, mouse wells	116	multi	20	74
published, mouse wells	116	single	1	341516
published, mouse wells	116	single	2	12377
published, mouse wells	116	single	3	496
published, mouse wells	116	single	4	20
published, mouse wells	116	single	10	6
published, mouse wells	116	single	11	1
published, mouse wells	116	single	15	14
published, mouse wells	116	single	17	2
published, mouse wells	116	single	18	8
published, mouse wells	116	single	20	37
published, mouse wells	118	multi	1	1608
published, mouse wells	118	multi	2	1954
published, mouse wells	118	multi	3	771
published, mouse wells	118	multi	4	659
published, mouse wells	118	multi	5	232
published, mouse wells	118	multi	6	298
published, mouse wells	118	multi	7	47
published, mouse wells	118	multi	8	46
published, mouse wells	118	multi	9	116
published, mouse wells	118	multi	10	16
published, mouse wells	118	multi	11	2
published, mouse wells	118	multi	12	3
published, mouse wells	118	multi	13	2
published, mouse wells	118	multi	14	3
published, mouse wells	118	single	1	41369
published, mouse wells	118	single	2	1468
published, mouse wells	118	single	3	46
published, mouse wells	118	single	13	3
published, mouse wells	118	single	14	3
published, mouse wells	118	single	18	1
published, mouse wells	118	single	20	1
published, mouse wells	122	multi	1	4247
published, mouse wells	122	multi	2	6585
published, mouse wells	122	multi	3	2826
published, mouse wells	122	multi	4	2026
published, mouse wells	122	multi	5	959
published, mouse wells	122	multi	6	829
published, mouse wells	122	multi	7	275
published, mouse wells	122	multi	8	222
published, mouse wells	122	multi	9	257
published, mouse wells	122	multi	10	66
published, mouse wells	122	multi	11	32
published, mouse wells	122	multi	12	9
published, mouse wells	122	multi	13	6
published, mouse wells	122	multi	14	1
published, mouse wells	122	multi	18	6
published, mouse wells	122	multi	19	2
published, mouse wells	122	multi	20	45
published, mouse wells	122	single	1	114615
published, mouse wells	122	single	2	4563
published, mouse wells	122	single	3	114
published, mouse wells	122	single	4	4
published, mouse wells	122	single	16	3
published, mouse wells	122	single	20	9
published, mouse wells	124	multi	1	7155
published, mouse wells	124	multi	2	10233
published, mouse wells	124	multi	3	4923
published, mouse wells	124	multi	4	4901
published, mouse wells	124	multi	5	1899
published, mouse wells	124	multi	6	1817
published, mouse wells	124	multi	7	474
published, mouse wells	124	multi	8	329
published, mouse wells	124	multi	9	726
published, mouse wells	124	multi	10	145
published, mouse wells	124	multi	11	52
published, mouse wells	124	multi	12	43
published, mouse wells	124	multi	13	12
published, mouse wells	124	multi	14	5
published, mouse wells	124	multi	18	1
published, mouse wells	124	multi	19	5
published, mouse wells	124	multi	20	93
published, mouse wells	124	single	1	238938
published, mouse wells	124	single	2	8945
published, mouse wells	124	single	3	378
published, mouse wells	124	single	4	4
published, mouse wells	124	single	5	10
published, mouse wells	124	single	6	1
published, mouse wells	124	single	7	2
published, mouse wells	124	single	10	1
published, mouse wells	124	single	14	2
published, mouse wells	124	single	19	19
published, mouse wells	124	single	20	13
published, mouse wells	126	multi	1	842
published, mouse wells	126	multi	2	933
published, mouse wells	126	multi	3	482
published, mouse wells	126	multi	4	411
published, mouse wells	126	multi	5	171
published, mouse wells	126	multi	6	129
published, mouse wells	126	multi	7	24
published, mouse wells	126	multi	8	29
published, mouse wells	126	multi	9	51
published, mouse wells	126	multi	10	8
published, mouse wells	126	multi	11	1
published, mouse wells	126	multi	12	1
published, mouse wells	126	multi	19	1
published, mouse wells	126	multi	20	6
published, mouse wells	126	single	1	19419
published, mouse wells	126	single	2	638
published, mouse wells	126	single	3	16
published, mouse wells	126	single	4	1
published, mouse wells	126	single	12	1
published, mouse wells	126	single	20	1
published, mouse wells	128	multi	1	8635
published, mouse wells	128	multi	2	12938
published, mouse wells	128	multi	3	5603
published, mouse wells	128	multi	4	4861
published, mouse wells	128	multi	5	1768
published, mouse wells	128	multi	6	2078
published, mouse wells	128	multi	7	551
published, mouse wells	128	multi	8	354
published, mouse wells	128	multi	9	674
published, mouse wells	128	multi	10	173
published, mouse wells	128	multi	11	64
published, mouse wells	128	multi	12	34
published, mouse wells	128	multi	13	16
published, mouse wells	128	multi	14	1
published, mouse wells	128	multi	15	3
published, mouse wells	128	multi	17	2
published, mouse wells	128	multi	18	13
published, mouse wells	128	multi	19	3
published, mouse wells	128	multi	20	31
published, mouse wells	128	single	1	265227
published, mouse wells	128	single	2	10019
published, mouse wells	128	single	3	471
published, mouse wells	128	single	6	1
published, mouse wells	128	single	14	13
published, mouse wells	128	single	15	3
published, mouse wells	128	single	16	32
published, mouse wells	128	single	18	2
published, mouse wells	128	single	19	4
published, mouse wells	128	single	20	17
published, mouse wells	130	multi	1	1560
published, mouse wells	130	multi	2	2886
published, mouse wells	130	multi	3	1454
published, mouse wells	130	multi	4	4525
published, mouse wells	130	multi	5	541
published, mouse wells	130	multi	6	738
published, mouse wells	130	multi	7	166
published, mouse wells	130	multi	8	126
published, mouse wells	130	multi	9	343
published, mouse wells	130	multi	10	39
published, mouse wells	130	multi	11	27
published, mouse wells	130	multi	12	10
published, mouse wells	130	multi	13	48
published, mouse wells	130	multi	19	6
published, mouse wells	130	multi	20	24
published, mouse wells	130	single	1	26886
published, mouse wells	130	single	2	1715
published, mouse wells	130	single	3	97
published, mouse wells	130	single	4	4
published, mouse wells	130	single	20	2
published, mouse wells	132	multi	1	5812
published, mouse wells	132	multi	2	9345
published, mouse wells	132	multi	3	4424
published, mouse wells	132	multi	4	2952
published, mouse wells	132	multi	5	1401
published, mouse wells	132	multi	6	954
published, mouse wells	132	multi	7	413
published, mouse wells	132	multi	8	261
published, mouse wells	132	multi	9	484
published, mouse wells	132	multi	10	135
published, mouse wells	132	multi	11	66
published, mouse wells	132	multi	12	31
published, mouse wells	132	multi	13	5
published, mouse wells	132	multi	15	1
published, mouse wells	132	multi	17	3
published, mouse wells	132	multi	18	4
published, mouse wells	132	multi	19	2
published, mouse wells	132	multi	20	66
published, mouse wells	132	single	1	141770
published, mouse wells	132	single	2	5380
published, mouse wells	132	single	3	221
published, mouse wells	132	single	4	9
published, mouse wells	132	single	20	12
published, mouse wells	134	multi	1	3329
published, mouse wells	134	multi	2	2476
published, mouse wells	134	multi	3	1015
published, mouse wells	134	multi	4	636
published, mouse wells	134	multi	5	316
published, mouse wells	134	multi	6	242
published, mouse wells	134	multi	7	78
published, mouse wells	134	multi	8	63
published, mouse wells	134	multi	9	122
published, mouse wells	134	multi	10	17
published, mouse wells	134	multi	11	16
published, mouse wells	134	multi	12	2
published, mouse wells	134	multi	13	2
published, mouse wells	134	multi	18	1
published, mouse wells	134	multi	19	1
published, mouse wells	134	multi	20	14
published, mouse wells	134	single	1	36312
published, mouse wells	134	single	2	1265
published, mouse wells	134	single	3	41
published, mouse wells	134	single	12	5
published, mouse wells	134	single	20	7
published, mouse wells	136	multi	1	3810
published, mouse wells	136	multi	2	5181
published, mouse wells	136	multi	3	2300
published, mouse wells	136	multi	4	1839
published, mouse wells	136	multi	5	748
published, mouse wells	136	multi	6	798
published, mouse wells	136	multi	7	213
published, mouse wells	136	multi	8	210
published, mouse wells	136	multi	9	245
published, mouse wells	136	multi	10	61
published, mouse wells	136	multi	11	33
published, mouse wells	136	multi	12	14
published, mouse wells	136	multi	13	3
published, mouse wells	136	multi	18	1
published, mouse wells	136	multi	19	6
published, mouse wells	136	multi	20	39
published, mouse wells	136	single	1	110207
published, mouse wells	136	single	2	4131
published, mouse wells	136	single	3	175
published, mouse wells	136	single	4	3
published, mouse wells	136	single	17	2
published, mouse wells	136	single	20	4
published, mouse wells	138	multi	1	2616
published, mouse wells	138	multi	2	4689
published, mouse wells	138	multi	3	2112
published, mouse wells	138	multi	4	1827
published, mouse wells	138	multi	5	694
published, mouse wells	138	multi	6	700
published, mouse wells	138	multi	7	169
published, mouse wells	138	multi	8	151
published, mouse wells	138	multi	9	248
published, mouse wells	138	multi	10	48
published, mouse wells	138	multi	11	27
published, mouse wells	138	multi	12	4
published, mouse wells	138	multi	13	5
published, mouse wells	138	multi	15	1
published, mouse wells	138	multi	18	3
published, mouse wells	138	multi	20	17
published, mouse wells	138	single	1	81236
published, mouse wells	138	single	2	3367
published, mouse wells	138	single	3	108
published, mouse wells	138	single	4	4
published, mouse wells	138	single	5	1
published, mouse wells	138	single	13	1
published, mouse wells	138	single	14	1
published, mouse wells	138	single	15	2
published, mouse wells	138	single	18	6
published, mouse wells	138	single	20	34
published, mouse wells	140	multi	1	5793
published, mouse wells	140	multi	2	8452
published, mouse wells	140	multi	3	3961
published, mouse wells	140	multi	4	2954
published, mouse wells	140	multi	5	1278
published, mouse wells	140	multi	6	1183
published, mouse wells	140	multi	7	302
published, mouse wells	140	multi	8	260
published, mouse wells	140	multi	9	373
published, mouse wells	140	multi	10	107
published, mouse wells	140	multi	11	30
published, mouse wells	140	multi	12	15
published, mouse wells	140	multi	13	7
published, mouse wells	140	multi	18	10
published, mouse wells	140	multi	19	5
published, mouse wells	140	multi	20	61
published, mouse wells	140	single	1	172415
published, mouse wells	140	single	2	6609
published, mouse wells	140	single	3	332
published, mouse wells	140	single	4	19
published, mouse wells	140	single	20	14
published, mouse wells	142	multi	1	7961
published, mouse wells	142	multi	2	11114
published, mouse wells	142	multi	3	4549
published, mouse wells	142	multi	4	4279
published, mouse wells	142	multi	5	1497
published, mouse wells	142	multi	6	1631
published, mouse wells	142	multi	7	465
published, mouse wells	142	multi	8	272
published, mouse wells	142	multi	9	612
published, mouse wells	142	multi	10	132
published, mouse wells	142	multi	11	61
published, mouse wells	142	multi	12	26
published, mouse wells	142	multi	13	1
published, mouse wells	142	multi	18	2
published, mouse wells	142	multi	20	53
published, mouse wells	142	single	1	228133
published, mouse wells	142	single	2	8569
published, mouse wells	142	single	3	459
published, mouse wells	142	single	4	4
published, mouse wells	142	single	9	4
published, mouse wells	142	single	11	3
published, mouse wells	142	single	12	1
published, mouse wells	142	single	14	6
published, mouse wells	142	single	18	4
published, mouse wells	142	single	20	7
published, mouse wells	146	multi	1	2029
published, mouse wells	146	multi	2	2708
published, mouse wells	146	multi	3	1382
published, mouse wells	146	multi	4	1015
published, mouse wells	146	multi	5	553
published, mouse wells	146	multi	6	390
published, mouse wells	146	multi	7	129
published, mouse wells	146	multi	8	102
published, mouse wells	146	multi	9	114
published, mouse wells	146	multi	10	32
published, mouse wells	146	multi	11	6
published, mouse wells	146	multi	12	5
published, mouse wells	146	multi	13	1
published, mouse wells	146	multi	20	33
published, mouse wells	146	single	1	49872
published, mouse wells	146	single	2	1734
published, mouse wells	146	single	3	62
published, mouse wells	146	single	7	1
published, mouse wells	146	single	8	3
published, mouse wells	146	single	20	5
published, mouse wells	148	multi	1	5818
published, mouse wells	148	multi	2	7813
published, mouse wells	148	multi	3	3475
published, mouse wells	148	multi	4	3017
published, mouse wells	148	multi	5	1258
published, mouse wells	148	multi	6	1144
published, mouse wells	148	multi	7	354
published, mouse wells	148	multi	8	255
published, mouse wells	148	multi	9	385
published, mouse wells	148	multi	10	85
published, mouse wells	148	multi	11	28
published, mouse wells	148	multi	12	16
published, mouse wells	148	multi	13	8
published, mouse wells	148	multi	20	18
published, mouse wells	148	single	1	164598
published, mouse wells	148	single	2	6016
published, mouse wells	148	single	3	192
published, mouse wells	148	single	4	4
published, mouse wells	148	single	9	1
published, mouse wells	148	single	10	1
published, mouse wells	148	single	11	7
published, mouse wells	148	single	20	20
published, mouse wells	150	multi	1	3261
published, mouse wells	150	multi	2	4007
published, mouse wells	150	multi	3	1847
published, mouse wells	150	multi	4	2481
published, mouse wells	150	multi	5	800
published, mouse wells	150	multi	6	735
published, mouse wells	150	multi	7	177
published, mouse wells	150	multi	8	136
published, mouse wells	150	multi	9	406
published, mouse wells	150	multi	10	16
published, mouse wells	150	multi	11	17
published, mouse wells	150	multi	12	5
published, mouse wells	150	multi	13	10
published, mouse wells	150	multi	20	28
published, mouse wells	150	single	1	117742
published, mouse wells	150	single	2	4958
published, mouse wells	150	single	3	263
published, mouse wells	150	single	4	12
published, mouse wells	150	single	15	1
published, mouse wells	150	single	18	5
published, mouse wells	150	single	20	23
published, mouse wells	154	multi	1	8708
published, mouse wells	154	multi	2	12284
published, mouse wells	154	multi	3	5604
published, mouse wells	154	multi	4	4799
published, mouse wells	154	multi	5	2147
published, mouse wells	154	multi	6	2059
published, mouse wells	154	multi	7	510
published, mouse wells	154	multi	8	398
published, mouse wells	154	multi	9	803
published, mouse wells	154	multi	10	139
published, mouse wells	154	multi	11	53
published, mouse wells	154	multi	12	48
published, mouse wells	154	multi	13	9
published, mouse wells	154	multi	14	1
published, mouse wells	154	multi	18	13
published, mouse wells	154	multi	19	3
published, mouse wells	154	multi	20	66
published, mouse wells	154	single	1	273963
published, mouse wells	154	single	2	10335
published, mouse wells	154	single	3	346
published, mouse wells	154	single	4	8
published, mouse wells	154	single	5	3
published, mouse wells	154	single	7	3
published, mouse wells	154	single	13	2
published, mouse wells	154	single	14	4
published, mouse wells	154	single	16	2
published, mouse wells	154	single	18	10
published, mouse wells	154	single	20	8
published, mouse wells	156	multi	1	5339
published, mouse wells	156	multi	2	7495
published, mouse wells	156	multi	3	3171
published, mouse wells	156	multi	4	2947
published, mouse wells	156	multi	5	1079
published, mouse wells	156	multi	6	1030
published, mouse wells	156	multi	7	301
published, mouse wells	156	multi	8	210
published, mouse wells	156	multi	9	419
published, mouse wells	156	multi	10	56
published, mouse wells	156	multi	11	39
published, mouse wells	156	multi	12	20
published, mouse wells	156	multi	13	7
published, mouse wells	156	multi	18	2
published, mouse wells	156	multi	19	3
published, mouse wells	156	multi	20	28
published, mouse wells	156	single	1	135580
published, mouse wells	156	single	2	5363
published, mouse wells	156	single	3	284
published, mouse wells	156	single	4	8
published, mouse wells	156	single	15	3
published, mouse wells	156	single	16	23
published, mouse wells	156	single	17	6
published, mouse wells	156	single	19	20
published, mouse wells	156	single	20	18
published, mouse wells	158	multi	1	5757
published, mouse wells	158	multi	2	6999
published, mouse wells	158	multi	3	3319
published, mouse wells	158	multi	4	3000
published, mouse wells	158	multi	5	1184
published, mouse wells	158	multi	6	1192
published, mouse wells	158	multi	7	375
published, mouse wells	158	multi	8	238
published, mouse wells	158	multi	9	407
published, mouse wells	158	multi	10	75
published, mouse wells	158	multi	11	56
published, mouse wells	158	multi	12	6
published, mouse wells	158	multi	13	2
published, mouse wells	158	multi	14	1
published, mouse wells	158	multi	18	12
published, mouse wells	158	multi	19	5
published, mouse wells	158	multi	20	27
published, mouse wells	158	single	1	166455
published, mouse wells	158	single	2	5963
published, mouse wells	158	single	3	217
published, mouse wells	158	single	4	5
published, mouse wells	158	single	14	2
published, mouse wells	158	single	15	5
published, mouse wells	158	single	16	3
published, mouse wells	158	single	20	4
published, mouse wells	160	multi	1	3599
published, mouse wells	160	multi	2	4855
published, mouse wells	160	multi	3	2760
published, mouse wells	160	multi	4	6666
published, mouse wells	160	multi	5	1484
published, mouse wells	160	multi	6	3128
published, mouse wells	160	multi	7	231
published, mouse wells	160	multi	8	224
published, mouse wells	160	multi	9	2148
published, mouse wells	160	multi	10	32
published, mouse wells	160	multi	11	29
published, mouse wells	160	multi	12	11
published, mouse wells	160	multi	13	11
published, mouse wells	160	multi	14	1
published, mouse wells	160	multi	20	25
published, mouse wells	160	single	1	112586
published, mouse wells	160	single	2	4950
published, mouse wells	160	single	3	263
published, mouse wells	160	single	4	11
published, mouse wells	160	single	14	1
published, mouse wells	160	single	19	2
published, mouse wells	160	single	20	13
published, mouse wells	162	multi	1	4284
published, mouse wells	162	multi	2	6683
published, mouse wells	162	multi	3	2976
published, mouse wells	162	multi	4	2293
published, mouse wells	162	multi	5	889
published, mouse wells	162	multi	6	909
published, mouse wells	162	multi	7	250
published, mouse wells	162	multi	8	272
published, mouse wells	162	multi	9	370
published, mouse wells	162	multi	10	47
published, mouse wells	162	multi	11	23
published, mouse wells	162	multi	12	16
published, mouse wells	162	multi	13	4
published, mouse wells	162	multi	18	2
published, mouse wells	162	multi	19	6
published, mouse wells	162	multi	20	20
published, mouse wells	162	single	1	113799
published, mouse wells	162	single	2	4530
published, mouse wells	162	single	3	160
published, mouse wells	162	single	4	17
published, mouse wells	162	single	5	9
published, mouse wells	162	single	7	6
published, mouse wells	162	single	12	2
published, mouse wells	162	single	15	1
published, mouse wells	162	single	19	11
published, mouse wells	162	single	20	27
published, mouse wells	164	multi	1	2929
published, mouse wells	164	multi	2	4508
published, mouse wells	164	multi	3	2048
published, mouse wells	164	multi	4	1504
published, mouse wells	164	multi	5	756
published, mouse wells	164	multi	6	569
published, mouse wells	164	multi	7	199
published, mouse wells	164	multi	8	158
published, mouse wells	164	multi	9	184
published, mouse wells	164	multi	10	49
published, mouse wells	164	multi	11	18
published, mouse wells	164	multi	12	7
published, mouse wells	164	multi	13	3
published, mouse wells	164	multi	14	2
published, mouse wells	164	multi	16	4
published, mouse wells	164	multi	18	5
published, mouse wells	164	multi	20	17
published, mouse wells	164	single	1	79142
published, mouse wells	164	single	2	3075
published, mouse wells	164	single	3	124
published, mouse wells	164	single	7	6
published, mouse wells	164	single	14	2
published, mouse wells	164	single	19	5
published, mouse wells	164	single	20	7
published, mouse wells	166	multi	1	2065
published, mouse wells	166	multi	2	3553
published, mouse wells	166	multi	3	1526
published, mouse wells	166	multi	4	1171
published, mouse wells	166	multi	5	644
published, mouse wells	166	multi	6	498
published, mouse wells	166	multi	7	152
published, mouse wells	166	multi	8	113
published, mouse wells	166	multi	9	105
published, mouse wells	166	multi	10	62
published, mouse wells	166	multi	11	18
published, mouse wells	166	multi	12	9
published, mouse wells	166	multi	13	1
published, mouse wells	166	multi	14	1
published, mouse wells	166	multi	18	7
published, mouse wells	166	multi	19	2
published, mouse wells	166	multi	20	20
published, mouse wells	166	single	1	48870
published, mouse wells	166	single	2	1955
published, mouse wells	166	single	3	81
published, mouse wells	166	single	5	2
published, mouse wells	166	single	20	6
published, mouse wells	170	multi	1	2163
published, mouse wells	170	multi	2	2806
published, mouse wells	170	multi	3	1255
published, mouse wells	170	multi	4	1268
published, mouse wells	170	multi	5	503
published, mouse wells	170	multi	6	489
published, mouse wells	170	multi	7	100
published, mouse wells	170	multi	8	76
published, mouse wells	170	multi	9	203
published, mouse wells	170	multi	10	15
published, mouse wells	170	multi	11	15
published, mouse wells	170	multi	12	1
published, mouse wells	170	multi	18	4
published, mouse wells	170	multi	19	2
published, mouse wells	170	multi	20	11
published, mouse wells	170	single	1	63297
published, mouse wells	170	single	2	2200
published, mouse wells	170	single	3	86
published, mouse wells	170	single	4	1
published, mouse wells	170	single	20	22
published, mouse wells	172	multi	1	4013
published, mouse wells	172	multi	2	5930
published, mouse wells	172	multi	3	2703
published, mouse wells	172	multi	4	1804
published, mouse wells	172	multi	5	928
published, mouse wells	172	multi	6	773
published, mouse wells	172	multi	7	277
published, mouse wells	172	multi	8	187
published, mouse wells	172	multi	9	233
published, mouse wells	172	multi	10	72
published, mouse wells	172	multi	11	53
published, mouse wells	172	multi	12	17
published, mouse wells	172	multi	13	6
published, mouse wells	172	multi	14	1
published, mouse wells	172	multi	19	3
published, mouse wells	172	multi	20	37
published, mouse wells	172	single	1	108648
published, mouse wells	172	single	2	3770
published, mouse wells	172	single	3	162
published, mouse wells	172	single	4	6
published, mouse wells	172	single	5	11
published, mouse wells	172	single	6	2
published, mouse wells	172	single	7	11
published, mouse wells	172	single	10	1
published, mouse wells	172	single	12	2
published, mouse wells	172	single	18	3
published, mouse wells	172	single	20	14
published, mouse wells	174	multi	1	2281
published, mouse wells	174	multi	2	3285
published, mouse wells	174	multi	3	1200
published, mouse wells	174	multi	4	911
published, mouse wells	174	multi	5	397
published, mouse wells	174	multi	6	354
published, mouse wells	174	multi	7	90
published, mouse wells	174	multi	8	80
published, mouse wells	174	multi	9	170
published, mouse wells	174	multi	10	25
published, mouse wells	174	multi	11	17
published, mouse wells	174	multi	12	6
published, mouse wells	174	multi	13	3
published, mouse wells	174	multi	14	9
published, mouse wells	174	multi	15	6
published, mouse wells	174	multi	16	1
published, mouse wells	174	multi	18	2
published, mouse wells	174	multi	20	9
published, mouse wells	174	single	1	78650
published, mouse wells	174	single	2	2550
published, mouse wells	174	single	3	103
published, mouse wells	174	single	4	9
published, mouse wells	174	single	9	1
published, mouse wells	174	single	10	5
published, mouse wells	174	single	11	1
published, mouse wells	174	single	13	3
published, mouse wells	174	single	14	1
published, mouse wells	174	single	20	12
published, mouse wells	176	multi	1	4114
published, mouse wells	176	multi	2	6330
published, mouse wells	176	multi	3	2993
published, mouse wells	176	multi	4	2347
published, mouse wells	176	multi	5	1207
published, mouse wells	176	multi	6	908
published, mouse wells	176	multi	7	315
published, mouse wells	176	multi	8	197
published, mouse wells	176	multi	9	297
published, mouse wells	176	multi	10	105
published, mouse wells	176	multi	11	71
published, mouse wells	176	multi	12	19
published, mouse wells	176	multi	13	3
published, mouse wells	176	multi	14	2
published, mouse wells	176	multi	18	10
published, mouse wells	176	multi	19	7
published, mouse wells	176	multi	20	69
published, mouse wells	176	single	1	94689
published, mouse wells	176	single	2	4031
published, mouse wells	176	single	3	120
published, mouse wells	176	single	4	3
published, mouse wells	176	single	7	12
published, mouse wells	176	single	8	2
published, mouse wells	176	single	17	3
published, mouse wells	176	single	20	13
published, mouse wells	178	multi	1	4680
published, mouse wells	178	multi	2	6181
published, mouse wells	178	multi	3	3024
published, mouse wells	178	multi	4	2210
published, mouse wells	178	multi	5	985
published, mouse wells	178	multi	6	828
published, mouse wells	178	multi	7	320
published, mouse wells	178	multi	8	208
published, mouse wells	178	multi	9	211
published, mouse wells	178	multi	10	54
published, mouse wells	178	multi	11	30
published, mouse wells	178	multi	12	15
published, mouse wells	178	multi	13	4
published, mouse wells	178	multi	15	3
published, mouse wells	178	multi	18	3
published, mouse wells	178	multi	20	19
published, mouse wells	178	single	1	122901
published, mouse wells	178	single	2	4481
published, mouse wells	178	single	3	149
published, mouse wells	178	single	4	1
published, mouse wells	178	single	6	5
published, mouse wells	178	single	14	1
published, mouse wells	178	single	20	8
published, mouse wells	180	multi	1	7929
published, mouse wells	180	multi	2	11144
published, mouse wells	180	multi	3	4842
published, mouse wells	180	multi	4	3648
published, mouse wells	180	multi	5	1694
published, mouse wells	180	multi	6	1637
published, mouse wells	180	multi	7	455
published, mouse wells	180	multi	8	370
published, mouse wells	180	multi	9	524
published, mouse wells	180	multi	10	100
published, mouse wells	180	multi	11	45
published, mouse wells	180	multi	12	13
published, mouse wells	180	multi	13	2
published, mouse wells	180	multi	17	2
published, mouse wells	180	multi	18	7
published, mouse wells	180	multi	19	5
published, mouse wells	180	multi	20	65
published, mouse wells	180	single	1	218525
published, mouse wells	180	single	2	7881
published, mouse wells	180	single	3	334
published, mouse wells	180	single	4	12
published, mouse wells	180	single	6	3
published, mouse wells	180	single	7	1
published, mouse wells	180	single	8	7
published, mouse wells	180	single	12	1
published, mouse wells	180	single	14	19
published, mouse wells	180	single	15	3
published, mouse wells	180	single	16	5
published, mouse wells	180	single	17	9
published, mouse wells	180	single	18	12
published, mouse wells	180	single	20	51
published, mouse wells	182	multi	1	3934
published, mouse wells	182	multi	2	5338
published, mouse wells	182	multi	3	2451
published, mouse wells	182	multi	4	1967
published, mouse wells	182	multi	5	800
published, mouse wells	182	multi	6	639
published, mouse wells	182	multi	7	268
published, mouse wells	182	multi	8	163
published, mouse wells	182	multi	9	259
published, mouse wells	182	multi	10	98
published, mouse wells	182	multi	11	44
published, mouse wells	182	multi	12	16
published, mouse wells	182	multi	13	1
published, mouse wells	182	multi	18	2
published, mouse wells	182	multi	19	3
published, mouse wells	182	multi	20	25
published, mouse wells	182	single	1	102570
published, mouse wells	182	single	2	3829
published, mouse wells	182	single	3	117
published, mouse wells	182	single	4	9
published, mouse wells	184	multi	1	6261
published, mouse wells	184	multi	2	9120
published, mouse wells	184	multi	3	3970
published, mouse wells	184	multi	4	3754
published, mouse wells	184	multi	5	1319
published, mouse wells	184	multi	6	1434
published, mouse wells	184	multi	7	373
published, mouse wells	184	multi	8	224
published, mouse wells	184	multi	9	460
published, mouse wells	184	multi	10	92
published, mouse wells	184	multi	11	45
published, mouse wells	184	multi	12	16
published, mouse wells	184	multi	13	1
published, mouse wells	184	multi	14	1
published, mouse wells	184	multi	16	3
published, mouse wells	184	multi	17	1
published, mouse wells	184	multi	18	3
published, mouse wells	184	multi	20	27
published, mouse wells	184	single	1	197349
published, mouse wells	184	single	2	6894
published, mouse wells	184	single	3	352
published, mouse wells	184	single	4	3
published, mouse wells	184	single	12	5
published, mouse wells	184	single	14	2
published, mouse wells	184	single	15	1
published, mouse wells	184	single	16	6
published, mouse wells	184	single	17	2
published, mouse wells	184	single	20	23
published, mouse wells	186	multi	1	14630
published, mouse wells	186	multi	2	16593
published, mouse wells	186	multi	3	7219
published, mouse wells	186	multi	4	6743
published, mouse wells	186	multi	5	2618
published, mouse wells	186	multi	6	2658
published, mouse wells	186	multi	7	630
published, mouse wells	186	multi	8	400
published, mouse wells	186	multi	9	861
published, mouse wells	186	multi	10	144
published, mouse wells	186	multi	11	109
published, mouse wells	186	multi	12	50
published, mouse wells	186	multi	13	8
published, mouse wells	186	multi	14	2
published, mouse wells	186	multi	18	3
published, mouse wells	186	multi	19	1
published, mouse wells	186	multi	20	62
published, mouse wells	186	single	1	355687
published, mouse wells	186	single	2	13490
published, mouse wells	186	single	3	580
published, mouse wells	186	single	4	10
published, mouse wells	186	single	12	13
published, mouse wells	186	single	13	3
published, mouse wells	186	single	14	3
published, mouse wells	186	single	20	36
published, mouse wells	188	multi	1	5094
published, mouse wells	188	multi	2	7467
published, mouse wells	188	multi	3	3096
published, mouse wells	188	multi	4	3150
published, mouse wells	188	multi	5	1119
published, mouse wells	188	multi	6	1013
published, mouse wells	188	multi	7	267
published, mouse wells	188	multi	8	210
published, mouse wells	188	multi	9	355
published, mouse wells	188	multi	10	72
published, mouse wells	188	multi	11	34
published, mouse wells	188	multi	12	6
published, mouse wells	188	multi	13	5
published, mouse wells	188	multi	16	2
published, mouse wells	188	multi	17	5
published, mouse wells	188	multi	18	1
published, mouse wells	188	multi	19	10
published, mouse wells	188	multi	20	30
published, mouse wells	188	single	1	141246
published, mouse wells	188	single	2	5519
published, mouse wells	188	single	3	241
published, mouse wells	188	single	4	15
published, mouse wells	188	single	6	3
published, mouse wells	188	single	13	1
published, mouse wells	188	single	16	2
published, mouse wells	188	single	20	10
published, mouse wells	190	multi	1	6460
published, mouse wells	190	multi	2	8420
published, mouse wells	190	multi	3	3579
published, mouse wells	190	multi	4	3047
published, mouse wells	190	multi	5	1223
published, mouse wells	190	multi	6	1172
published, mouse wells	190	multi	7	370
published, mouse wells	190	multi	8	269
published, mouse wells	190	multi	9	450
published, mouse wells	190	multi	10	91
published, mouse wells	190	multi	11	54
published, mouse wells	190	multi	12	21
published, mouse wells	190	multi	13	2
published, mouse wells	190	multi	14	1
published, mouse wells	190	multi	18	1
published, mouse wells	190	multi	20	56
published, mouse wells	190	single	1	177426
published, mouse wells	190	single	2	6645
published, mouse wells	190	single	3	310
published, mouse wells	190	single	4	2
published, mouse wells	190	single	8	2
published, mouse wells	190	single	14	1
published, mouse wells	190	single	15	4
published, mouse wells	190	single	20	52
published, mouse wells	194	multi	1	1144
published, mouse wells	194	multi	2	1754
published, mouse wells	194	multi	3	730
published, mouse wells	194	multi	4	797
published, mouse wells	194	multi	5	280
published, mouse wells	194	multi	6	234
published, mouse wells	194	multi	7	78
published, mouse wells	194	multi	8	44
published, mouse wells	194	multi	9	158
published, mouse wells	194	multi	10	49
published, mouse wells	194	multi	11	6
published, mouse wells	194	multi	12	5
published, mouse wells	194	multi	13	3
published, mouse wells	194	multi	15	1
published, mouse wells	194	multi	18	3
published, mouse wells	194	multi	19	5
published, mouse wells	194	multi	20	1
published, mouse wells	194	single	1	25042
published, mouse wells	194	single	2	1776
published, mouse wells	194	single	3	52
published, mouse wells	194	single	4	2
published, mouse wells	194	single	7	2
published, mouse wells	194	single	20	6
published, mouse wells	196	multi	1	2348
published, mouse wells	196	multi	2	3359
published, mouse wells	196	multi	3	1714
published, mouse wells	196	multi	4	2222
published, mouse wells	196	multi	5	655
published, mouse wells	196	multi	6	738
published, mouse wells	196	multi	7	168
published, mouse wells	196	multi	8	93
published, mouse wells	196	multi	9	252
published, mouse wells	196	multi	10	73
published, mouse wells	196	multi	11	9
published, mouse wells	196	multi	12	22
published, mouse wells	196	multi	13	2
published, mouse wells	196	multi	17	1
published, mouse wells	196	multi	18	5
published, mouse wells	196	multi	19	1
published, mouse wells	196	multi	20	8
published, mouse wells	196	single	1	67338
published, mouse wells	196	single	2	3305
published, mouse wells	196	single	3	119
published, mouse wells	196	single	4	7
published, mouse wells	196	single	20	11
published, mouse wells	198	multi	1	4975
published, mouse wells	198	multi	2	5851
published, mouse wells	198	multi	3	3032
published, mouse wells	198	multi	4	2071
published, mouse wells	198	multi	5	1027
published, mouse wells	198	multi	6	858
published, mouse wells	198	multi	7	238
published, mouse wells	198	multi	8	209
published, mouse wells	198	multi	9	218
published, mouse wells	198	multi	10	50
published, mouse wells	198	multi	11	34
published, mouse wells	198	multi	12	20
published, mouse wells	198	multi	13	2
published, mouse wells	198	multi	15	1
published, mouse wells	198	multi	18	26
published, mouse wells	198	multi	19	2
published, mouse wells	198	multi	20	25
published, mouse wells	198	single	1	126643
published, mouse wells	198	single	2	4077
published, mouse wells	198	single	3	135
published, mouse wells	198	single	4	2
published, mouse wells	198	single	7	1
published, mouse wells	198	single	9	4
published, mouse wells	198	single	12	4
published, mouse wells	198	single	19	2
published, mouse wells	198	single	20	24
published, mouse wells	200	multi	1	5992
published, mouse wells	200	multi	2	7716
published, mouse wells	200	multi	3	3243
published, mouse wells	200	multi	4	3250
published, mouse wells	200	multi	5	1384
published, mouse wells	200	multi	6	1264
published, mouse wells	200	multi	7	366
published, mouse wells	200	multi	8	191
published, mouse wells	200	multi	9	400
published, mouse wells	200	multi	10	70
published, mouse wells	200	multi	11	58
published, mouse wells	200	multi	12	18
published, mouse wells	200	multi	13	13
published, mouse wells	200	multi	18	12
published, mouse wells	200	multi	19	7
published, mouse wells	200	multi	20	40
published, mouse wells	200	single	1	163701
published, mouse wells	200	single	2	5996
published, mouse wells	200	single	3	255
published, mouse wells	200	single	4	2
published, mouse wells	200	single	6	4
published, mouse wells	200	single	10	3
published, mouse wells	200	single	18	1
published, mouse wells	200	single	20	4
published, mouse wells	202	multi	1	14274
published, mouse wells	202	multi	2	19137
published, mouse wells	202	multi	3	8785
published, mouse wells	202	multi	4	7945
published, mouse wells	202	multi	5	3034
published, mouse wells	202	multi	6	3171
published, mouse wells	202	multi	7	876
published, mouse wells	202	multi	8	683
published, mouse wells	202	multi	9	1162
published, mouse wells	202	multi	10	241
published, mouse wells	202	multi	11	158
published, mouse wells	202	multi	12	45
published, mouse wells	202	multi	13	13
published, mouse wells	202	multi	14	3
published, mouse wells	202	multi	18	10
published, mouse wells	202	multi	19	21
published, mouse wells	202	multi	20	64
published, mouse wells	202	single	1	423797
published, mouse wells	202	single	2	15388
published, mouse wells	202	single	3	705
published, mouse wells	202	single	4	10
published, mouse wells	202	single	5	6
published, mouse wells	202	single	6	1
published, mouse wells	202	single	7	1
published, mouse wells	202	single	9	5
published, mouse wells	202	single	15	1
published, mouse wells	202	single	16	1
published, mouse wells	202	single	17	1
published, mouse wells	202	single	19	7
published, mouse wells	202	single	20	61
published, mouse wells	204	multi	1	4737
published, mouse wells	204	multi	2	5856
published, mouse wells	204	multi	3	3038
published, mouse wells	204	multi	4	3460
published, mouse wells	204	multi	5	1040
published, mouse wells	204	multi	6	1640
published, mouse wells	204	multi	7	300
published, mouse wells	204	multi	8	276
published, mouse wells	204	multi	9	904
published, mouse wells	204	multi	10	34
published, mouse wells	204	multi	11	22
published, mouse wells	204	multi	12	9
published, mouse wells	204	multi	13	14
published, mouse wells	204	multi	14	3
published, mouse wells	204	multi	17	2
published, mouse wells	204	multi	20	28
published, mouse wells	204	single	1	154648
published, mouse wells	204	single	2	6001
published, mouse wells	204	single	3	363
published, mouse wells	204	single	10	2
published, mouse wells	204	single	20	5
published, mouse wells	208	multi	1	7101
published, mouse wells	208	multi	2	9288
published, mouse wells	208	multi	3	4760
published, mouse wells	208	multi	4	6888
published, mouse wells	208	multi	5	2011
published, mouse wells	208	multi	6	2684
published, mouse wells	208	multi	7	375
published, mouse wells	208	multi	8	280
published, mouse wells	208	multi	9	1090
published, mouse wells	208	multi	10	135
published, mouse wells	208	multi	11	43
published, mouse wells	208	multi	12	17
published, mouse wells	208	multi	13	9
published, mouse wells	208	multi	18	3
published, mouse wells	208	multi	19	6
published, mouse wells	208	multi	20	24
published, mouse wells	208	single	1	236970
published, mouse wells	208	single	2	9107
published, mouse wells	208	single	3	477
published, mouse wells	208	single	4	10
published, mouse wells	208	single	5	2
published, mouse wells	208	single	8	2
published, mouse wells	208	single	19	7
published, mouse wells	208	single	20	34
published, mouse wells	210	multi	1	8167
published, mouse wells	210	multi	2	11884
published, mouse wells	210	multi	3	4981
published, mouse wells	210	multi	4	5151
published, mouse wells	210	multi	5	1855
published, mouse wells	210	multi	6	1982
published, mouse wells	210	multi	7	426
published, mouse wells	210	multi	8	420
published, mouse wells	210	multi	9	680
published, mouse wells	210	multi	10	105
published, mouse wells	210	multi	11	70
published, mouse wells	210	multi	12	47
published, mouse wells	210	multi	13	13
published, mouse wells	210	multi	14	2
published, mouse wells	210	multi	18	7
published, mouse wells	210	multi	19	9
published, mouse wells	210	multi	20	60
published, mouse wells	210	single	1	265278
published, mouse wells	210	single	2	9577
published, mouse wells	210	single	3	410
published, mouse wells	210	single	4	10
published, mouse wells	210	single	6	2
published, mouse wells	210	single	10	1
published, mouse wells	210	single	19	2
published, mouse wells	210	single	20	45
published, mouse wells	214	multi	1	1707
published, mouse wells	214	multi	2	2249
published, mouse wells	214	multi	3	1083
published, mouse wells	214	multi	4	769
published, mouse wells	214	multi	5	400
published, mouse wells	214	multi	6	323
published, mouse wells	214	multi	7	125
published, mouse wells	214	multi	8	75
published, mouse wells	214	multi	9	129
published, mouse wells	214	multi	10	26
published, mouse wells	214	multi	11	4
published, mouse wells	214	multi	12	9
published, mouse wells	214	multi	13	3
published, mouse wells	214	multi	16	1
published, mouse wells	214	multi	17	1
published, mouse wells	214	multi	19	1
published, mouse wells	214	multi	20	7
published, mouse wells	214	single	1	46511
published, mouse wells	214	single	2	1784
published, mouse wells	214	single	3	79
published, mouse wells	214	single	20	3
published, mouse wells	215	multi	1	3786
published, mouse wells	215	multi	2	4549
published, mouse wells	215	multi	3	2015
published, mouse wells	215	multi	4	2121
published, mouse wells	215	multi	5	764
published, mouse wells	215	multi	6	640
published, mouse wells	215	multi	7	165
published, mouse wells	215	multi	8	138
published, mouse wells	215	multi	9	276
published, mouse wells	215	multi	10	27
published, mouse wells	215	multi	11	18
published, mouse wells	215	multi	12	6
published, mouse wells	215	multi	13	13
published, mouse wells	215	multi	18	1
published, mouse wells	215	multi	19	1
published, mouse wells	215	multi	20	4
published, mouse wells	215	single	1	116011
published, mouse wells	215	single	2	4019
published, mouse wells	215	single	3	184
published, mouse wells	215	single	4	1
published, mouse wells	215	single	6	1
published, mouse wells	215	single	8	1
published, mouse wells	215	single	20	5
published, mouse wells	218	multi	1	6319
published, mouse wells	218	multi	2	8169
published, mouse wells	218	multi	3	4150
published, mouse wells	218	multi	4	5317
published, mouse wells	218	multi	5	1819
published, mouse wells	218	multi	6	1550
published, mouse wells	218	multi	7	391
published, mouse wells	218	multi	8	290
published, mouse wells	218	multi	9	631
published, mouse wells	218	multi	10	88
published, mouse wells	218	multi	11	39
published, mouse wells	218	multi	12	16
published, mouse wells	218	multi	13	3
published, mouse wells	218	multi	14	1
published, mouse wells	218	multi	17	5
published, mouse wells	218	multi	18	3
published, mouse wells	218	multi	19	9
published, mouse wells	218	multi	20	32
published, mouse wells	218	single	1	211565
published, mouse wells	218	single	2	7866
published, mouse wells	218	single	3	338
published, mouse wells	218	single	4	12
published, mouse wells	218	single	9	1
published, mouse wells	218	single	16	1
published, mouse wells	218	single	20	25
published, mouse wells	220	multi	1	10316
published, mouse wells	220	multi	2	14695
published, mouse wells	220	multi	3	6699
published, mouse wells	220	multi	4	6103
published, mouse wells	220	multi	5	2451
published, mouse wells	220	multi	6	2446
published, mouse wells	220	multi	7	611
published, mouse wells	220	multi	8	533
published, mouse wells	220	multi	9	1229
published, mouse wells	220	multi	10	133
published, mouse wells	220	multi	11	39
published, mouse wells	220	multi	12	29
published, mouse wells	220	multi	13	11
published, mouse wells	220	multi	14	4
published, mouse wells	220	multi	16	1
published, mouse wells	220	multi	18	2
published, mouse wells	220	multi	19	19
published, mouse wells	220	multi	20	36
published, mouse wells	220	single	1	347204
published, mouse wells	220	single	2	13017
published, mouse wells	220	single	3	487
published, mouse wells	220	single	4	18
published, mouse wells	220	single	11	2
published, mouse wells	220	single	12	1
published, mouse wells	220	single	14	11
published, mouse wells	220	single	15	1
published, mouse wells	220	single	17	1
published, mouse wells	220	single	19	4
published, mouse wells	220	single	20	44
published, mouse wells	222	multi	1	7786
published, mouse wells	222	multi	2	11715
published, mouse wells	222	multi	3	4963
published, mouse wells	222	multi	4	3673
published, mouse wells	222	multi	5	1574
published, mouse wells	222	multi	6	1518
published, mouse wells	222	multi	7	460
published, mouse wells	222	multi	8	351
published, mouse wells	222	multi	9	490
published, mouse wells	222	multi	10	137
published, mouse wells	222	multi	11	58
published, mouse wells	222	multi	12	34
published, mouse wells	222	multi	13	7
published, mouse wells	222	multi	14	8
published, mouse wells	222	multi	15	2
published, mouse wells	222	multi	16	2
published, mouse wells	222	multi	18	3
published, mouse wells	222	multi	19	4
published, mouse wells	222	multi	20	35
published, mouse wells	222	single	1	222261
published, mouse wells	222	single	2	7711
published, mouse wells	222	single	3	315
published, mouse wells	222	single	4	12
published, mouse wells	222	single	5	2
published, mouse wells	222	single	7	1
published, mouse wells	222	single	8	1
published, mouse wells	222	single	9	2
published, mouse wells	222	single	10	2
published, mouse wells	222	single	13	4
published, mouse wells	222	single	14	1
published, mouse wells	222	single	15	3
published, mouse wells	222	single	16	3
published, mouse wells	222	single	19	3
published, mouse wells	222	single	20	33
published, mouse wells	224	multi	1	1973
published, mouse wells	224	multi	2	3661
published, mouse wells	224	multi	3	1451
published, mouse wells	224	multi	4	991
published, mouse wells	224	multi	5	537
published, mouse wells	224	multi	6	426
published, mouse wells	224	multi	7	177
published, mouse wells	224	multi	8	103
published, mouse wells	224	multi	9	123
published, mouse wells	224	multi	10	35
published, mouse wells	224	multi	11	9
published, mouse wells	224	multi	12	5
published, mouse wells	224	multi	13	1
published, mouse wells	224	multi	19	1
published, mouse wells	224	multi	20	13
published, mouse wells	224	single	1	45201
published, mouse wells	224	single	2	1872
published, mouse wells	224	single	3	95
published, mouse wells	224	single	4	6
published, mouse wells	224	single	18	2
published, mouse wells	224	single	20	4
published, mouse wells	226	multi	1	4044
published, mouse wells	226	multi	2	6434
published, mouse wells	226	multi	3	2884
published, mouse wells	226	multi	4	2028
published, mouse wells	226	multi	5	887
published, mouse wells	226	multi	6	735
published, mouse wells	226	multi	7	269
published, mouse wells	226	multi	8	201
published, mouse wells	226	multi	9	213
published, mouse wells	226	multi	10	107
published, mouse wells	226	multi	11	41
published, mouse wells	226	multi	12	22
published, mouse wells	226	multi	13	1
published, mouse wells	226	multi	20	21
published, mouse wells	226	single	1	87616
published, mouse wells	226	single	2	3411
published, mouse wells	226	single	3	86
published, mouse wells	226	single	14	2
published, mouse wells	226	single	20	4
published, mouse wells	228	multi	1	1003
published, mouse wells	228	multi	2	1764
published, mouse wells	228	multi	3	919
published, mouse wells	228	multi	4	583
published, mouse wells	228	multi	5	312
published, mouse wells	228	multi	6	200
published, mouse wells	228	multi	7	95
published, mouse wells	228	multi	8	87
published, mouse wells	228	multi	9	51
published, mouse wells	228	multi	10	31
published, mouse wells	228	multi	11	20
published, mouse wells	228	multi	12	3
published, mouse wells	228	multi	13	3
published, mouse wells	228	multi	20	24
published, mouse wells	228	single	1	18168
published, mouse wells	228	single	2	764
published, mouse wells	228	single	3	51
published, mouse wells	228	single	20	2
published, mouse wells	230	multi	1	2555
published, mouse wells	230	multi	2	3391
published, mouse wells	230	multi	3	1705
published, mouse wells	230	multi	4	1394
published, mouse wells	230	multi	5	567
published, mouse wells	230	multi	6	516
published, mouse wells	230	multi	7	150
published, mouse wells	230	multi	8	134
published, mouse wells	230	multi	9	181
published, mouse wells	230	multi	10	45
published, mouse wells	230	multi	11	19
published, mouse wells	230	multi	12	11
published, mouse wells	230	multi	13	4
published, mouse wells	230	multi	15	2
published, mouse wells	230	multi	18	2
published, mouse wells	230	multi	19	4
published, mouse wells	230	multi	20	38
published, mouse wells	230	single	1	63962
published, mouse wells	230	single	2	2413
published, mouse wells	230	single	3	72
published, mouse wells	230	single	20	18
published, mouse wells	232	multi	1	3362
published, mouse wells	232	multi	2	4669
published, mouse wells	232	multi	3	2284
published, mouse wells	232	multi	4	2847
published, mouse wells	232	multi	5	904
published, mouse wells	232	multi	6	1084
published, mouse wells	232	multi	7	236
published, mouse wells	232	multi	8	106
published, mouse wells	232	multi	9	301
published, mouse wells	232	multi	10	42
published, mouse wells	232	multi	11	8
published, mouse wells	232	multi	12	12
published, mouse wells	232	multi	13	1
published, mouse wells	232	multi	14	1
published, mouse wells	232	multi	15	1
published, mouse wells	232	multi	20	25
published, mouse wells	232	single	1	113458
published, mouse wells	232	single	2	4329
published, mouse wells	232	single	3	196
published, mouse wells	232	single	4	1
published, mouse wells	232	single	8	1
published, mouse wells	232	single	11	1
published, mouse wells	232	single	14	2
published, mouse wells	232	single	16	5
published, mouse wells	232	single	20	30
published, mouse wells	234	multi	1	5377
published, mouse wells	234	multi	2	7253
published, mouse wells	234	multi	3	3734
published, mouse wells	234	multi	4	3876
published, mouse wells	234	multi	5	1338
published, mouse wells	234	multi	6	1254
published, mouse wells	234	multi	7	407
published, mouse wells	234	multi	8	221
published, mouse wells	234	multi	9	538
published, mouse wells	234	multi	10	74
published, mouse wells	234	multi	11	25
published, mouse wells	234	multi	12	24
published, mouse wells	234	multi	18	2
published, mouse wells	234	multi	19	2
published, mouse wells	234	multi	20	26
published, mouse wells	234	single	1	180661
published, mouse wells	234	single	2	6385
published, mouse wells	234	single	3	387
published, mouse wells	234	single	4	8
published, mouse wells	234	single	14	2
published, mouse wells	234	single	20	23
published, mouse wells	236	multi	1	1922
published, mouse wells	236	multi	2	2735
published, mouse wells	236	multi	3	1262
published, mouse wells	236	multi	4	1000
published, mouse wells	236	multi	5	424
published, mouse wells	236	multi	6	397
published, mouse wells	236	multi	7	113
published, mouse wells	236	multi	8	101
published, mouse wells	236	multi	9	118
published, mouse wells	236	multi	10	22
published, mouse wells	236	multi	11	25
published, mouse wells	236	multi	12	5
published, mouse wells	236	multi	20	7
published, mouse wells	236	single	1	47818
published, mouse wells	236	single	2	1753
published, mouse wells	236	single	3	55
published, mouse wells	236	single	6	2
published, mouse wells	236	single	20	4
published, mouse wells	238	multi	1	896
published, mouse wells	238	multi	2	1207
published, mouse wells	238	multi	3	631
published, mouse wells	238	multi	4	444
published, mouse wells	238	multi	5	196
published, mouse wells	238	multi	6	145
published, mouse wells	238	multi	7	33
published, mouse wells	238	multi	8	27
published, mouse wells	238	multi	9	50
published, mouse wells	238	multi	10	10
published, mouse wells	238	multi	11	2
published, mouse wells	238	multi	13	1
published, mouse wells	238	multi	18	1
published, mouse wells	238	multi	20	3
published, mouse wells	238	single	1	29477
published, mouse wells	238	single	2	984
published, mouse wells	238	single	3	27
published, mouse wells	238	single	8	4
published, mouse wells	238	single	12	2
published, mouse wells	238	single	13	4
published, mouse wells	238	single	15	1
published, mouse wells	242	multi	1	5940
published, mouse wells	242	multi	2	8132
published, mouse wells	242	multi	3	3241
published, mouse wells	242	multi	4	4347
published, mouse wells	242	multi	5	1078
published, mouse wells	242	multi	6	1312
published, mouse wells	242	multi	7	347
published, mouse wells	242	multi	8	225
published, mouse wells	242	multi	9	363
published, mouse wells	242	multi	10	72
published, mouse wells	242	multi	11	42
published, mouse wells	242	multi	12	14
published, mouse wells	242	multi	13	12
published, mouse wells	242	multi	16	1
published, mouse wells	242	multi	18	12
published, mouse wells	242	multi	20	37
published, mouse wells	242	single	1	156963
published, mouse wells	242	single	2	5995
published, mouse wells	242	single	3	262
published, mouse wells	242	single	4	1
published, mouse wells	242	single	8	1
published, mouse wells	242	single	17	7
published, mouse wells	242	single	20	20
published, mouse wells	244	multi	1	7094
published, mouse wells	244	multi	2	9317
published, mouse wells	244	multi	3	4260
published, mouse wells	244	multi	4	3408
published, mouse wells	244	multi	5	1551
published, mouse wells	244	multi	6	1445
published, mouse wells	244	multi	7	403
published, mouse wells	244	multi	8	361
published, mouse wells	244	multi	9	604
published, mouse wells	244	multi	10	78
published, mouse wells	244	multi	11	48
published, mouse wells	244	multi	12	25
published, mouse wells	244	multi	13	9
published, mouse wells	244	multi	18	5
published, mouse wells	244	multi	20	57
published, mouse wells	244	single	1	204838
published, mouse wells	244	single	2	7335
published, mouse wells	244	single	3	258
published, mouse wells	244	single	4	6
published, mouse wells	244	single	5	5
published, mouse wells	244	single	6	1
published, mouse wells	244	single	7	4
published, mouse wells	244	single	13	9
published, mouse wells	244	single	20	8
published, mouse wells	246	multi	1	5181
published, mouse wells	246	multi	2	6680
published, mouse wells	246	multi	3	3342
published, mouse wells	246	multi	4	2644
published, mouse wells	246	multi	5	1106
published, mouse wells	246	multi	6	967
published, mouse wells	246	multi	7	298
published, mouse wells	246	multi	8	275
published, mouse wells	246	multi	9	372
published, mouse wells	246	multi	10	65
published, mouse wells	246	multi	11	35
published, mouse wells	246	multi	12	7
published, mouse wells	246	multi	13	2
published, mouse wells	246	multi	18	1
published, mouse wells	246	multi	19	1
published, mouse wells	246	multi	20	46
published, mouse wells	246	single	1	146538
published, mouse wells	246	single	2	5096
published, mouse wells	246	single	3	150
published, mouse wells	246	single	4	4
published, mouse wells	246	single	6	3
published, mouse wells	246	single	13	1
published, mouse wells	246	single	14	3
published, mouse wells	246	single	20	22
published, mouse wells	248	multi	1	11943
published, mouse wells	248	multi	2	17006
published, mouse wells	248	multi	3	7535
published, mouse wells	248	multi	4	5691
published, mouse wells	248	multi	5	2604
published, mouse wells	248	multi	6	2482
published, mouse wells	248	multi	7	653
published, mouse wells	248	multi	8	543
published, mouse wells	248	multi	9	841
published, mouse wells	248	multi	10	176
published, mouse wells	248	multi	11	103
published, mouse wells	248	multi	12	38
published, mouse wells	248	multi	13	16
published, mouse wells	248	multi	14	3
published, mouse wells	248	multi	15	2
published, mouse wells	248	multi	16	1
published, mouse wells	248	multi	18	4
published, mouse wells	248	multi	19	4
published, mouse wells	248	multi	20	50
published, mouse wells	248	single	1	341291
published, mouse wells	248	single	2	12896
published, mouse wells	248	single	3	656
published, mouse wells	248	single	4	26
published, mouse wells	248	single	5	1
published, mouse wells	248	single	6	7
published, mouse wells	248	single	7	5
published, mouse wells	248	single	10	1
published, mouse wells	248	single	11	2
published, mouse wells	248	single	13	1
published, mouse wells	248	single	14	4
published, mouse wells	248	single	15	7
published, mouse wells	248	single	19	6
published, mouse wells	248	single	20	47
published, mouse wells	250	multi	1	6170
published, mouse wells	250	multi	2	8632
published, mouse wells	250	multi	3	4513
published, mouse wells	250	multi	4	8789
published, mouse wells	250	multi	5	2205
published, mouse wells	250	multi	6	2648
published, mouse wells	250	multi	7	421
published, mouse wells	250	multi	8	323
published, mouse wells	250	multi	9	891
published, mouse wells	250	multi	10	103
published, mouse wells	250	multi	11	33
published, mouse wells	250	multi	12	9
published, mouse wells	250	multi	13	11
published, mouse wells	250	multi	14	1
published, mouse wells	250	multi	17	2
published, mouse wells	250	multi	19	1
published, mouse wells	250	multi	20	34
published, mouse wells	250	single	1	237491
published, mouse wells	250	single	2	9078
published, mouse wells	250	single	3	487
published, mouse wells	250	single	4	15
published, mouse wells	250	single	5	9
published, mouse wells	250	single	6	5
published, mouse wells	250	single	20	43
published, mouse wells	252	multi	1	11265
published, mouse wells	252	multi	2	15543
published, mouse wells	252	multi	3	6834
published, mouse wells	252	multi	4	7472
published, mouse wells	252	multi	5	2491
published, mouse wells	252	multi	6	2818
published, mouse wells	252	multi	7	604
published, mouse wells	252	multi	8	470
published, mouse wells	252	multi	9	1030
published, mouse wells	252	multi	10	120
published, mouse wells	252	multi	11	56
published, mouse wells	252	multi	12	36
published, mouse wells	252	multi	13	12
published, mouse wells	252	multi	18	10
published, mouse wells	252	multi	19	5
published, mouse wells	252	multi	20	50
published, mouse wells	252	single	1	330979
published, mouse wells	252	single	2	12489
published, mouse wells	252	single	3	604
published, mouse wells	252	single	4	11
published, mouse wells	252	single	14	2
published, mouse wells	252	single	15	1
published, mouse wells	252	single	16	1
published, mouse wells	252	single	18	3
published, mouse wells	252	single	20	50
published, mouse wells	254	multi	1	11938
published, mouse wells	254	multi	2	17979
published, mouse wells	254	multi	3	8151
published, mouse wells	254	multi	4	6661
published, mouse wells	254	multi	5	2907
published, mouse wells	254	multi	6	2416
published, mouse wells	254	multi	7	737
published, mouse wells	254	multi	8	547
published, mouse wells	254	multi	9	864
published, mouse wells	254	multi	10	165
published, mouse wells	254	multi	11	133
published, mouse wells	254	multi	12	60
published, mouse wells	254	multi	13	29
published, mouse wells	254	multi	14	1
published, mouse wells	254	multi	17	7
published, mouse wells	254	multi	18	28
published, mouse wells	254	multi	19	2
published, mouse wells	254	multi	20	54
published, mouse wells	254	single	1	342380
published, mouse wells	254	single	2	12189
published, mouse wells	254	single	3	485
published, mouse wells	254	single	4	30
published, mouse wells	254	single	12	2
published, mouse wells	254	single	14	1
published, mouse wells	254	single	16	5
published, mouse wells	254	single	17	3
published, mouse wells	254	single	18	5
published, mouse wells	254	single	19	10
published, mouse wells	254	single	20	83
published, mouse wells	256	multi	1	7268
published, mouse wells	256	multi	2	9873
published, mouse wells	256	multi	3	4390
published, mouse wells	256	multi	4	3588
published, mouse wells	256	multi	5	1417
published, mouse wells	256	multi	6	1604
published, mouse wells	256	multi	7	334
published, mouse wells	256	multi	8	297
published, mouse wells	256	multi	9	503
published, mouse wells	256	multi	10	46
published, mouse wells	256	multi	11	47
published, mouse wells	256	multi	12	20
published, mouse wells	256	multi	13	12
published, mouse wells	256	multi	16	3
published, mouse wells	256	multi	17	5
published, mouse wells	256	multi	18	1
published, mouse wells	256	multi	19	2
published, mouse wells	256	multi	20	43
published, mouse wells	256	single	1	215266
published, mouse wells	256	single	2	7692
published, mouse wells	256	single	3	350
published, mouse wells	256	single	4	5
published, mouse wells	256	single	14	7
published, mouse wells	256	single	15	2
published, mouse wells	256	single	16	12
published, mouse wells	256	single	17	4
published, mouse wells	256	single	18	1
published, mouse wells	256	single	20	6
published, mouse wells	258	multi	1	7109
published, mouse wells	258	multi	2	9164
published, mouse wells	258	multi	3	4367
published, mouse wells	258	multi	4	4038
published, mouse wells	258	multi	5	1643
published, mouse wells	258	multi	6	1731
published, mouse wells	258	multi	7	432
published, mouse wells	258	multi	8	378
published, mouse wells	258	multi	9	646
published, mouse wells	258	multi	10	84
published, mouse wells	258	multi	11	70
published, mouse wells	258	multi	12	13
published, mouse wells	258	multi	13	12
published, mouse wells	258	multi	14	1
published, mouse wells	258	multi	18	5
published, mouse wells	258	multi	19	8
published, mouse wells	258	multi	20	41
published, mouse wells	258	single	1	248647
published, mouse wells	258	single	2	9284
published, mouse wells	258	single	3	385
published, mouse wells	258	single	4	26
published, mouse wells	258	single	12	4
published, mouse wells	258	single	13	1
published, mouse wells	258	single	16	3
published, mouse wells	258	single	17	4
published, mouse wells	258	single	20	26
published, mouse wells	260	multi	1	6151
published, mouse wells	260	multi	2	8392
published, mouse wells	260	multi	3	3684
published, mouse wells	260	multi	4	4936
published, mouse wells	260	multi	5	1536
published, mouse wells	260	multi	6	1889
published, mouse wells	260	multi	7	318
published, mouse wells	260	multi	8	199
published, mouse wells	260	multi	9	687
published, mouse wells	260	multi	10	92
published, mouse wells	260	multi	11	48
published, mouse wells	260	multi	12	19
published, mouse wells	260	multi	13	7
published, mouse wells	260	multi	15	1
published, mouse wells	260	multi	16	1
published, mouse wells	260	multi	17	2
published, mouse wells	260	multi	18	3
published, mouse wells	260	multi	20	15
published, mouse wells	260	single	1	177665
published, mouse wells	260	single	2	6375
published, mouse wells	260	single	3	214
published, mouse wells	260	single	4	6
published, mouse wells	260	single	8	2
published, mouse wells	260	single	10	1
published, mouse wells	260	single	11	6
published, mouse wells	260	single	16	1
published, mouse wells	260	single	20	31
published, mouse wells	262	multi	1	4281
published, mouse wells	262	multi	2	5904
published, mouse wells	262	multi	3	2687
published, mouse wells	262	multi	4	1937
published, mouse wells	262	multi	5	761
published, mouse wells	262	multi	6	713
published, mouse wells	262	multi	7	252
published, mouse wells	262	multi	8	222
published, mouse wells	262	multi	9	292
published, mouse wells	262	multi	10	43
published, mouse wells	262	multi	11	34
published, mouse wells	262	multi	12	28
published, mouse wells	262	multi	13	7
published, mouse wells	262	multi	14	2
published, mouse wells	262	multi	17	1
published, mouse wells	262	multi	18	1
published, mouse wells	262	multi	19	1
published, mouse wells	262	multi	20	14
published, mouse wells	262	single	1	116953
published, mouse wells	262	single	2	4121
published, mouse wells	262	single	3	143
published, mouse wells	262	single	20	12
published, mouse wells	263	multi	1	4762
published, mouse wells	263	multi	2	6236
published, mouse wells	263	multi	3	2747
published, mouse wells	263	multi	4	2513
published, mouse wells	263	multi	5	1011
published, mouse wells	263	multi	6	1131
published, mouse wells	263	multi	7	236
published, mouse wells	263	multi	8	177
published, mouse wells	263	multi	9	336
published, mouse wells	263	multi	10	79
published, mouse wells	263	multi	11	26
published, mouse wells	263	multi	12	6
published, mouse wells	263	multi	13	4
published, mouse wells	263	multi	20	35
published, mouse wells	263	single	1	143103
published, mouse wells	263	single	2	4924
published, mouse wells	263	single	3	231
published, mouse wells	263	single	4	6
published, mouse wells	263	single	5	2
published, mouse wells	263	single	15	3
published, mouse wells	263	single	20	5
published, mouse wells	266	multi	1	14842
published, mouse wells	266	multi	2	18270
published, mouse wells	266	multi	3	9628
published, mouse wells	266	multi	4	27925
published, mouse wells	266	multi	5	4882
published, mouse wells	266	multi	6	6466
published, mouse wells	266	multi	7	824
published, mouse wells	266	multi	8	621
published, mouse wells	266	multi	9	3149
published, mouse wells	266	multi	10	226
published, mouse wells	266	multi	11	106
published, mouse wells	266	multi	12	42
published, mouse wells	266	multi	13	39
published, mouse wells	266	multi	14	7
published, mouse wells	266	multi	17	2
published, mouse wells	266	multi	18	10
published, mouse wells	266	multi	19	12
published, mouse wells	266	multi	20	91
published, mouse wells	266	single	1	518671
published, mouse wells	266	single	2	23314
published, mouse wells	266	single	3	1089
published, mouse wells	266	single	4	35
published, mouse wells	266	single	5	1
published, mouse wells	266	single	6	3
published, mouse wells	266	single	7	4
published, mouse wells	266	single	8	1
published, mouse wells	266	single	9	4
published, mouse wells	266	single	10	2
published, mouse wells	266	single	11	5
published, mouse wells	266	single	12	1
published, mouse wells	266	single	13	5
published, mouse wells	266	single	14	5
published, mouse wells	266	single	15	27
published, mouse wells	266	single	16	2
published, mouse wells	266	single	17	2
published, mouse wells	266	single	18	22
published, mouse wells	266	single	19	10
published, mouse wells	266	single	20	34
published, mouse wells	268	multi	1	4706
published, mouse wells	268	multi	2	7541
published, mouse wells	268	multi	3	3586
published, mouse wells	268	multi	4	2438
published, mouse wells	268	multi	5	1184
published, mouse wells	268	multi	6	1084
published, mouse wells	268	multi	7	346
published, mouse wells	268	multi	8	251
published, mouse wells	268	multi	9	301
published, mouse wells	268	multi	10	87
published, mouse wells	268	multi	11	41
published, mouse wells	268	multi	12	12
published, mouse wells	268	multi	13	6
published, mouse wells	268	multi	14	1
published, mouse wells	268	multi	15	1
published, mouse wells	268	multi	16	1
published, mouse wells	268	multi	17	1
published, mouse wells	268	multi	18	7
published, mouse wells	268	multi	19	14
published, mouse wells	268	multi	20	39
published, mouse wells	268	single	1	125723
published, mouse wells	268	single	2	5186
published, mouse wells	268	single	3	288
published, mouse wells	268	single	4	6
published, mouse wells	268	single	14	9
published, mouse wells	268	single	15	2
published, mouse wells	268	single	16	6
published, mouse wells	268	single	19	8
published, mouse wells	268	single	20	12
published, mouse wells	270	multi	1	5923
published, mouse wells	270	multi	2	8942
published, mouse wells	270	multi	3	3944
published, mouse wells	270	multi	4	4652
published, mouse wells	270	multi	5	1606
published, mouse wells	270	multi	6	1710
published, mouse wells	270	multi	7	351
published, mouse wells	270	multi	8	220
published, mouse wells	270	multi	9	689
published, mouse wells	270	multi	10	108
published, mouse wells	270	multi	11	41
published, mouse wells	270	multi	12	19
published, mouse wells	270	multi	13	3
published, mouse wells	270	multi	14	3
published, mouse wells	270	multi	17	1
published, mouse wells	270	multi	18	3
published, mouse wells	270	multi	19	10
published, mouse wells	270	multi	20	59
published, mouse wells	270	single	1	187242
published, mouse wells	270	single	2	6668
published, mouse wells	270	single	3	261
published, mouse wells	270	single	4	10
published, mouse wells	270	single	8	1
published, mouse wells	270	single	9	1
published, mouse wells	270	single	10	6
published, mouse wells	270	single	13	1
published, mouse wells	270	single	14	6
published, mouse wells	270	single	20	29
published, mouse wells	272	multi	1	5735
published, mouse wells	272	multi	2	7146
published, mouse wells	272	multi	3	3284
published, mouse wells	272	multi	4	4010
published, mouse wells	272	multi	5	1167
published, mouse wells	272	multi	6	1405
published, mouse wells	272	multi	7	310
published, mouse wells	272	multi	8	199
published, mouse wells	272	multi	9	461
published, mouse wells	272	multi	10	74
published, mouse wells	272	multi	11	51
published, mouse wells	272	multi	12	10
published, mouse wells	272	multi	13	3
published, mouse wells	272	multi	16	1
published, mouse wells	272	multi	18	6
published, mouse wells	272	multi	19	15
published, mouse wells	272	multi	20	42
published, mouse wells	272	single	1	175996
published, mouse wells	272	single	2	6099
published, mouse wells	272	single	3	266
published, mouse wells	272	single	5	4
published, mouse wells	272	single	14	1
published, mouse wells	272	single	15	4
published, mouse wells	272	single	17	7
published, mouse wells	272	single	18	6
published, mouse wells	272	single	20	4
published, mouse wells	274	multi	1	3501
published, mouse wells	274	multi	2	4783
published, mouse wells	274	multi	3	2367
published, mouse wells	274	multi	4	2352
published, mouse wells	274	multi	5	801
published, mouse wells	274	multi	6	862
published, mouse wells	274	multi	7	209
published, mouse wells	274	multi	8	158
published, mouse wells	274	multi	9	290
published, mouse wells	274	multi	10	56
published, mouse wells	274	multi	11	15
published, mouse wells	274	multi	12	14
published, mouse wells	274	multi	13	1
published, mouse wells	274	multi	14	6
published, mouse wells	274	multi	18	5
published, mouse wells	274	multi	20	26
published, mouse wells	274	single	1	102074
published, mouse wells	274	single	2	3955
published, mouse wells	274	single	3	161
published, mouse wells	274	single	4	3
published, mouse wells	274	single	20	5
published, mouse wells	276	multi	1	10859
published, mouse wells	276	multi	2	13400
published, mouse wells	276	multi	3	6658
published, mouse wells	276	multi	4	12475
published, mouse wells	276	multi	5	3224
published, mouse wells	276	multi	6	3628
published, mouse wells	276	multi	7	583
published, mouse wells	276	multi	8	439
published, mouse wells	276	multi	9	1414
published, mouse wells	276	multi	10	114
published, mouse wells	276	multi	11	38
published, mouse wells	276	multi	12	19
published, mouse wells	276	multi	13	14
published, mouse wells	276	multi	14	10
published, mouse wells	276	multi	16	1
published, mouse wells	276	multi	17	1
published, mouse wells	276	multi	19	1
published, mouse wells	276	multi	20	52
published, mouse wells	276	single	1	390467
published, mouse wells	276	single	2	15022
published, mouse wells	276	single	3	827
published, mouse wells	276	single	4	32
published, mouse wells	276	single	5	3
published, mouse wells	276	single	10	4
published, mouse wells	276	single	14	2
published, mouse wells	276	single	15	1
published, mouse wells	276	single	16	1
published, mouse wells	276	single	17	12
published, mouse wells	276	single	20	67
published, mouse wells	278	multi	1	2429
published, mouse wells	278	multi	2	3378
published, mouse wells	278	multi	3	1381
published, mouse wells	278	multi	4	1156
published, mouse wells	278	multi	5	571
published, mouse wells	278	multi	6	413
published, mouse wells	278	multi	7	126
published, mouse wells	278	multi	8	89
published, mouse wells	278	multi	9	117
published, mouse wells	278	multi	10	19
published, mouse wells	278	multi	11	6
published, mouse wells	278	multi	12	10
published, mouse wells	278	multi	13	1
published, mouse wells	278	multi	15	2
published, mouse wells	278	multi	16	2
published, mouse wells	278	multi	18	1
published, mouse wells	278	multi	19	2
published, mouse wells	278	multi	20	5
published, mouse wells	278	single	1	63532
published, mouse wells	278	single	2	2463
published, mouse wells	278	single	3	113
published, mouse wells	278	single	4	1
published, mouse wells	278	single	5	1
published, mouse wells	278	single	8	1
published, mouse wells	278	single	13	2
published, mouse wells	278	single	20	9
published, mouse wells	280	multi	1	767
published, mouse wells	280	multi	2	711
published, mouse wells	280	multi	3	265
published, mouse wells	280	multi	4	207
published, mouse wells	280	multi	5	114
published, mouse wells	280	multi	6	94
published, mouse wells	280	multi	7	19
published, mouse wells	280	multi	8	31
published, mouse wells	280	multi	9	21
published, mouse wells	280	multi	10	4
published, mouse wells	280	multi	11	1
published, mouse wells	280	multi	12	1
published, mouse wells	280	single	1	15984
published, mouse wells	280	single	2	536
published, mouse wells	280	single	3	12
published, mouse wells	280	single	4	2
published, mouse wells	280	single	10	1
published, mouse wells	280	single	15	1
published, mouse wells	280	single	20	3
published, mouse wells	282	multi	1	9083
published, mouse wells	282	multi	2	10473
published, mouse wells	282	multi	3	5204
published, mouse wells	282	multi	4	5411
published, mouse wells	282	multi	5	2155
published, mouse wells	282	multi	6	2187
published, mouse wells	282	multi	7	460
published, mouse wells	282	multi	8	373
published, mouse wells	282	multi	9	889
published, mouse wells	282	multi	10	114
published, mouse wells	282	multi	11	92
published, mouse wells	282	multi	12	27
published, mouse wells	282	multi	13	11
published, mouse wells	282	multi	14	2
published, mouse wells	282	multi	15	2
published, mouse wells	282	multi	20	79
published, mouse wells	282	single	1	298675
published, mouse wells	282	single	2	11313
published, mouse wells	282	single	3	415
published, mouse wells	282	single	4	13
published, mouse wells	282	single	5	2
published, mouse wells	282	single	8	2
published, mouse wells	282	single	10	5
published, mouse wells	282	single	13	4
published, mouse wells	282	single	14	6
published, mouse wells	282	single	15	13
published, mouse wells	282	single	17	13
published, mouse wells	282	single	18	2
published, mouse wells	282	single	19	33
published, mouse wells	282	single	20	20
published, mouse wells	284	multi	1	5884
published, mouse wells	284	multi	2	7960
published, mouse wells	284	multi	3	3525
published, mouse wells	284	multi	4	2829
published, mouse wells	284	multi	5	1198
published, mouse wells	284	multi	6	1161
published, mouse wells	284	multi	7	281
published, mouse wells	284	multi	8	184
published, mouse wells	284	multi	9	439
published, mouse wells	284	multi	10	101
published, mouse wells	284	multi	11	16
published, mouse wells	284	multi	12	10
published, mouse wells	284	multi	13	1
published, mouse wells	284	multi	17	13
published, mouse wells	284	multi	20	24
published, mouse wells	284	single	1	164997
published, mouse wells	284	single	2	6442
published, mouse wells	284	single	3	277
published, mouse wells	284	single	4	7
published, mouse wells	284	single	20	38
published, mouse wells	286	multi	1	8031
published, mouse wells	286	multi	2	11263
published, mouse wells	286	multi	3	5082
published, mouse wells	286	multi	4	3976
published, mouse wells	286	multi	5	1676
published, mouse wells	286	multi	6	1726
published, mouse wells	286	multi	7	478
published, mouse wells	286	multi	8	314
published, mouse wells	286	multi	9	574
published, mouse wells	286	multi	10	119
published, mouse wells	286	multi	11	43
published, mouse wells	286	multi	12	33
published, mouse wells	286	multi	13	5
published, mouse wells	286	multi	18	3
published, mouse wells	286	multi	20	43
published, mouse wells	286	single	1	217951
published, mouse wells	286	single	2	8061
published, mouse wells	286	single	3	245
published, mouse wells	286	single	4	30
published, mouse wells	286	single	8	7
published, mouse wells	286	single	15	1
published, mouse wells	286	single	16	20
published, mouse wells	286	single	17	2
published, mouse wells	286	single	18	19
published, mouse wells	286	single	20	4
published, mouse wells	287	multi	1	15993
published, mouse wells	287	multi	2	24031
published, mouse wells	287	multi	3	10780
published, mouse wells	287	multi	4	8672
published, mouse wells	287	multi	5	3522
published, mouse wells	287	multi	6	3053
published, mouse wells	287	multi	7	997
published, mouse wells	287	multi	8	791
published, mouse wells	287	multi	9	1222
published, mouse wells	287	multi	10	183
published, mouse wells	287	multi	11	174
published, mouse wells	287	multi	12	72
published, mouse wells	287	multi	13	24
published, mouse wells	287	multi	14	4
published, mouse wells	287	multi	15	5
published, mouse wells	287	multi	16	1
published, mouse wells	287	multi	18	10
published, mouse wells	287	multi	19	3
published, mouse wells	287	multi	20	73
published, mouse wells	287	single	1	503319
published, mouse wells	287	single	2	17503
published, mouse wells	287	single	3	721
published, mouse wells	287	single	4	26
published, mouse wells	287	single	5	5
published, mouse wells	287	single	6	7
published, mouse wells	287	single	7	2
published, mouse wells	287	single	8	5
published, mouse wells	287	single	14	6
published, mouse wells	287	single	16	1
published, mouse wells	287	single	20	14
published, mouse wells	290	multi	1	2052
published, mouse wells	290	multi	2	3170
published, mouse wells	290	multi	3	1326
published, mouse wells	290	multi	4	1224
published, mouse wells	290	multi	5	430
published, mouse wells	290	multi	6	481
published, mouse wells	290	multi	7	177
published, mouse wells	290	multi	8	110
published, mouse wells	290	multi	9	131
published, mouse wells	290	multi	10	31
published, mouse wells	290	multi	11	26
published, mouse wells	290	multi	12	12
published, mouse wells	290	multi	18	6
published, mouse wells	290	multi	19	4
published, mouse wells	290	multi	20	23
published, mouse wells	290	single	1	45868
published, mouse wells	290	single	2	1835
published, mouse wells	290	single	3	77
published, mouse wells	290	single	4	4
published, mouse wells	290	single	10	2
published, mouse wells	290	single	14	9
published, mouse wells	290	single	20	7
published, mouse wells	292	multi	1	1412
published, mouse wells	292	multi	2	2162
published, mouse wells	292	multi	3	1115
published, mouse wells	292	multi	4	1004
published, mouse wells	292	multi	5	398
published, mouse wells	292	multi	6	370
published, mouse wells	292	multi	7	92
published, mouse wells	292	multi	8	98
published, mouse wells	292	multi	9	136
published, mouse wells	292	multi	10	29
published, mouse wells	292	multi	11	19
published, mouse wells	292	multi	12	11
published, mouse wells	292	multi	19	11
published, mouse wells	292	multi	20	6
published, mouse wells	292	single	1	36598
published, mouse wells	292	single	2	1979
published, mouse wells	292	single	3	91
published, mouse wells	292	single	4	1
published, mouse wells	292	single	8	1
published, mouse wells	292	single	17	3
published, mouse wells	292	single	20	1
published, mouse wells	294	multi	1	11239
published, mouse wells	294	multi	2	15653
published, mouse wells	294	multi	3	7594
published, mouse wells	294	multi	4	14197
published, mouse wells	294	multi	5	2948
published, mouse wells	294	multi	6	3602
published, mouse wells	294	multi	7	623
published, mouse wells	294	multi	8	502
published, mouse wells	294	multi	9	1337
published, mouse wells	294	multi	10	155
published, mouse wells	294	multi	11	62
published, mouse wells	294	multi	12	35
published, mouse wells	294	multi	13	9
published, mouse wells	294	multi	14	2
published, mouse wells	294	multi	15	2
published, mouse wells	294	multi	16	1
published, mouse wells	294	multi	17	1
published, mouse wells	294	multi	19	2
published, mouse wells	294	multi	20	52
published, mouse wells	294	single	1	343139
published, mouse wells	294	single	2	16433
published, mouse wells	294	single	3	675
published, mouse wells	294	single	4	8
published, mouse wells	294	single	5	2
published, mouse wells	294	single	6	1
published, mouse wells	294	single	9	4
published, mouse wells	294	single	10	6
published, mouse wells	294	single	15	3
published, mouse wells	294	single	16	10
published, mouse wells	294	single	18	7
published, mouse wells	294	single	19	4
published, mouse wells	294	single	20	39
published, mouse wells	296	multi	1	12427
published, mouse wells	296	multi	2	17919
published, mouse wells	296	multi	3	7729
published, mouse wells	296	multi	4	9717
published, mouse wells	296	multi	5	2985
published, mouse wells	296	multi	6	3822
published, mouse wells	296	multi	7	720
published, mouse wells	296	multi	8	520
published, mouse wells	296	multi	9	1400
published, mouse wells	296	multi	10	195
published, mouse wells	296	multi	11	84
published, mouse wells	296	multi	12	21
published, mouse wells	296	multi	13	25
published, mouse wells	296	multi	14	4
published, mouse wells	296	multi	18	5
published, mouse wells	296	multi	19	3
published, mouse wells	296	multi	20	32
published, mouse wells	296	single	1	414071
published, mouse wells	296	single	2	15812
published, mouse wells	296	single	3	769
published, mouse wells	296	single	4	52
published, mouse wells	296	single	5	2
published, mouse wells	296	single	8	3
published, mouse wells	296	single	10	7
published, mouse wells	296	single	14	1
published, mouse wells	296	single	15	2
published, mouse wells	296	single	16	1
published, mouse wells	296	single	18	5
published, mouse wells	296	single	20	11
published, mouse wells	298	multi	1	1185
published, mouse wells	298	multi	2	1528
published, mouse wells	298	multi	3	641
published, mouse wells	298	multi	4	475
published, mouse wells	298	multi	5	287
published, mouse wells	298	multi	6	171
published, mouse wells	298	multi	7	70
published, mouse wells	298	multi	8	67
published, mouse wells	298	multi	9	72
published, mouse wells	298	multi	10	17
published, mouse wells	298	multi	11	17
published, mouse wells	298	multi	12	2
published, mouse wells	298	multi	13	1
published, mouse wells	298	multi	19	1
published, mouse wells	298	multi	20	4
published, mouse wells	298	single	1	32003
published, mouse wells	298	single	2	1190
published, mouse wells	298	single	3	27
published, mouse wells	300	multi	1	15363
published, mouse wells	300	multi	2	20857
published, mouse wells	300	multi	3	9485
published, mouse wells	300	multi	4	21121
published, mouse wells	300	multi	5	4060
published, mouse wells	300	multi	6	5615
published, mouse wells	300	multi	7	778
published, mouse wells	300	multi	8	475
published, mouse wells	300	multi	9	2432
published, mouse wells	300	multi	10	182
published, mouse wells	300	multi	11	112
published, mouse wells	300	multi	12	43
published, mouse wells	300	multi	13	29
published, mouse wells	300	multi	15	2
published, mouse wells	300	multi	16	1
published, mouse wells	300	multi	18	4
published, mouse wells	300	multi	20	72
published, mouse wells	300	single	1	510606
published, mouse wells	300	single	2	22103
published, mouse wells	300	single	3	1092
published, mouse wells	300	single	4	58
published, mouse wells	300	single	6	8
published, mouse wells	300	single	8	9
published, mouse wells	300	single	9	1
published, mouse wells	300	single	10	1
published, mouse wells	300	single	11	1
published, mouse wells	300	single	12	14
published, mouse wells	300	single	14	1
published, mouse wells	300	single	16	4
published, mouse wells	300	single	19	4
published, mouse wells	300	single	20	17
published, mouse wells	302	multi	1	6858
published, mouse wells	302	multi	2	9706
published, mouse wells	302	multi	3	4533
published, mouse wells	302	multi	4	3179
published, mouse wells	302	multi	5	1343
published, mouse wells	302	multi	6	1361
published, mouse wells	302	multi	7	378
published, mouse wells	302	multi	8	323
published, mouse wells	302	multi	9	513
published, mouse wells	302	multi	10	90
published, mouse wells	302	multi	11	46
published, mouse wells	302	multi	12	28
published, mouse wells	302	multi	13	8
published, mouse wells	302	multi	14	1
published, mouse wells	302	multi	18	6
published, mouse wells	302	multi	19	3
published, mouse wells	302	multi	20	40
published, mouse wells	302	single	1	202997
published, mouse wells	302	single	2	7213
published, mouse wells	302	single	3	304
published, mouse wells	302	single	4	8
published, mouse wells	302	single	5	2
published, mouse wells	302	single	8	2
published, mouse wells	302	single	10	2
published, mouse wells	302	single	11	1
published, mouse wells	302	single	12	2
published, mouse wells	302	single	17	2
published, mouse wells	302	single	20	8
published, mouse wells	304	multi	1	1088
published, mouse wells	304	multi	2	833
published, mouse wells	304	multi	3	491
published, mouse wells	304	multi	4	767
published, mouse wells	304	multi	5	299
published, mouse wells	304	multi	6	672
published, mouse wells	304	multi	7	35
published, mouse wells	304	multi	8	21
published, mouse wells	304	multi	9	531
published, mouse wells	304	multi	10	2
published, mouse wells	304	multi	11	4
published, mouse wells	304	multi	12	2
published, mouse wells	304	multi	13	2
published, mouse wells	304	multi	19	1
published, mouse wells	304	multi	20	2
published, mouse wells	304	single	1	16977
published, mouse wells	304	single	2	860
published, mouse wells	304	single	3	35
published, mouse wells	304	single	15	2
published, mouse wells	304	single	20	1
published, mouse wells	306	multi	1	2465
published, mouse wells	306	multi	2	2920
published, mouse wells	306	multi	3	1312
published, mouse wells	306	multi	4	902
published, mouse wells	306	multi	5	504
published, mouse wells	306	multi	6	456
published, mouse wells	306	multi	7	126
published, mouse wells	306	multi	8	104
published, mouse wells	306	multi	9	164
published, mouse wells	306	multi	10	18
published, mouse wells	306	multi	11	35
published, mouse wells	306	multi	12	6
published, mouse wells	306	multi	13	2
published, mouse wells	306	multi	18	4
published, mouse wells	306	multi	19	3
published, mouse wells	306	multi	20	15
published, mouse wells	306	single	1	61139
published, mouse wells	306	single	2	2307
published, mouse wells	306	single	3	110
published, mouse wells	306	single	6	1
published, mouse wells	306	single	14	5
published, mouse wells	306	single	15	1
published, mouse wells	306	single	16	1
published, mouse wells	306	single	20	16
published, mouse wells	308	multi	1	9300
published, mouse wells	308	multi	2	12883
published, mouse wells	308	multi	3	6157
published, mouse wells	308	multi	4	5733
published, mouse wells	308	multi	5	1907
published, mouse wells	308	multi	6	2648
published, mouse wells	308	multi	7	603
published, mouse wells	308	multi	8	360
published, mouse wells	308	multi	9	1018
published, mouse wells	308	multi	10	89
published, mouse wells	308	multi	11	106
published, mouse wells	308	multi	12	23
published, mouse wells	308	multi	13	22
published, mouse wells	308	multi	14	8
published, mouse wells	308	multi	16	1
published, mouse wells	308	multi	18	10
published, mouse wells	308	multi	19	4
published, mouse wells	308	multi	20	51
published, mouse wells	308	single	1	299568
published, mouse wells	308	single	2	11148
published, mouse wells	308	single	3	474
published, mouse wells	308	single	4	13
published, mouse wells	308	single	20	38
published, mouse wells	310	multi	1	9558
published, mouse wells	310	multi	2	12938
published, mouse wells	310	multi	3	6026
published, mouse wells	310	multi	4	7348
published, mouse wells	310	multi	5	2313
published, mouse wells	310	multi	6	2528
published, mouse wells	310	multi	7	532
published, mouse wells	310	multi	8	347
published, mouse wells	310	multi	9	1028
published, mouse wells	310	multi	10	174
published, mouse wells	310	multi	11	70
published, mouse wells	310	multi	12	34
published, mouse wells	310	multi	13	6
published, mouse wells	310	multi	14	1
published, mouse wells	310	multi	17	1
published, mouse wells	310	multi	18	3
published, mouse wells	310	multi	20	50
published, mouse wells	310	single	1	306647
published, mouse wells	310	single	2	11390
published, mouse wells	310	single	3	534
published, mouse wells	310	single	4	18
published, mouse wells	310	single	14	2
published, mouse wells	310	single	20	52
published, mouse wells	311	multi	1	8605
published, mouse wells	311	multi	2	11525
published, mouse wells	311	multi	3	5134
published, mouse wells	311	multi	4	6057
published, mouse wells	311	multi	5	1823
published, mouse wells	311	multi	6	2083
published, mouse wells	311	multi	7	363
published, mouse wells	311	multi	8	324
published, mouse wells	311	multi	9	711
published, mouse wells	311	multi	10	73
published, mouse wells	311	multi	11	33
published, mouse wells	311	multi	12	11
published, mouse wells	311	multi	13	8
published, mouse wells	311	multi	14	1
published, mouse wells	311	multi	15	1
published, mouse wells	311	multi	18	3
published, mouse wells	311	multi	19	6
published, mouse wells	311	multi	20	47
published, mouse wells	311	single	1	289967
published, mouse wells	311	single	2	10595
published, mouse wells	311	single	3	455
published, mouse wells	311	single	4	5
published, mouse wells	311	single	5	3
published, mouse wells	311	single	12	4
published, mouse wells	311	single	20	40
published, mouse wells	314	multi	1	10214
published, mouse wells	314	multi	2	14524
published, mouse wells	314	multi	3	7276
published, mouse wells	314	multi	4	24319
published, mouse wells	314	multi	5	4613
published, mouse wells	314	multi	6	3908
published, mouse wells	314	multi	7	749
published, mouse wells	314	multi	8	537
published, mouse wells	314	multi	9	2004
published, mouse wells	314	multi	10	194
published, mouse wells	314	multi	11	66
published, mouse wells	314	multi	12	25
published, mouse wells	314	multi	13	34
published, mouse wells	314	multi	14	1
published, mouse wells	314	multi	15	1
published, mouse wells	314	multi	17	1
published, mouse wells	314	multi	18	24
published, mouse wells	314	multi	19	7
published, mouse wells	314	multi	20	50
published, mouse wells	314	single	1	359448
published, mouse wells	314	single	2	15423
published, mouse wells	314	single	3	877
published, mouse wells	314	single	4	17
published, mouse wells	314	single	5	4
published, mouse wells	314	single	14	1
published, mouse wells	314	single	16	8
published, mouse wells	314	single	20	42
published, mouse wells	316	multi	1	2051
published, mouse wells	316	multi	2	3462
published, mouse wells	316	multi	3	1666
published, mouse wells	316	multi	4	1278
published, mouse wells	316	multi	5	553
published, mouse wells	316	multi	6	422
published, mouse wells	316	multi	7	101
published, mouse wells	316	multi	8	151
published, mouse wells	316	multi	9	148
published, mouse wells	316	multi	10	46
published, mouse wells	316	multi	11	15
published, mouse wells	316	multi	12	14
published, mouse wells	316	multi	20	17
published, mouse wells	316	single	1	49552
published, mouse wells	316	single	2	1905
published, mouse wells	316	single	3	87
published, mouse wells	316	single	4	2
published, mouse wells	316	single	20	2
published, mouse wells	318	multi	1	14398
published, mouse wells	318	multi	2	17943
published, mouse wells	318	multi	3	9212
published, mouse wells	318	multi	4	11599
published, mouse wells	318	multi	5	3602
published, mouse wells	318	multi	6	3937
published, mouse wells	318	multi	7	884
published, mouse wells	318	multi	8	581
published, mouse wells	318	multi	9	1811
published, mouse wells	318	multi	10	193
published, mouse wells	318	multi	11	59
published, mouse wells	318	multi	12	68
published, mouse wells	318	multi	13	1
published, mouse wells	318	multi	14	2
published, mouse wells	318	multi	17	1
published, mouse wells	318	multi	18	7
published, mouse wells	318	multi	20	56
published, mouse wells	318	single	1	525487
published, mouse wells	318	single	2	19112
published, mouse wells	318	single	3	946
published, mouse wells	318	single	4	26
published, mouse wells	318	single	5	2
published, mouse wells	318	single	6	4
published, mouse wells	318	single	9	1
published, mouse wells	318	single	14	3
published, mouse wells	318	single	18	2
published, mouse wells	318	single	19	4
published, mouse wells	318	single	20	43
published, mouse wells	322	multi	1	15882
published, mouse wells	322	multi	2	23187
published, mouse wells	322	multi	3	11516
published, mouse wells	322	multi	4	27784
published, mouse wells	322	multi	5	5385
published, mouse wells	322	multi	6	8041
published, mouse wells	322	multi	7	1048
published, mouse wells	322	multi	8	745
published, mouse wells	322	multi	9	2973
published, mouse wells	322	multi	10	290
published, mouse wells	322	multi	11	120
published, mouse wells	322	multi	12	26
published, mouse wells	322	multi	13	56
published, mouse wells	322	multi	14	12
published, mouse wells	322	multi	15	1
published, mouse wells	322	multi	18	4
published, mouse wells	322	multi	19	6
published, mouse wells	322	multi	20	134
published, mouse wells	322	single	1	580569
published, mouse wells	322	single	2	22858
published, mouse wells	322	single	3	1101
published, mouse wells	322	single	4	15
published, mouse wells	322	single	6	2
published, mouse wells	322	single	7	1
published, mouse wells	322	single	13	1
published, mouse wells	322	single	14	3
published, mouse wells	322	single	18	6
published, mouse wells	322	single	20	53
published, mouse wells	324	multi	1	4210
published, mouse wells	324	multi	2	5331
published, mouse wells	324	multi	3	2529
published, mouse wells	324	multi	4	2348
published, mouse wells	324	multi	5	847
published, mouse wells	324	multi	6	948
published, mouse wells	324	multi	7	220
published, mouse wells	324	multi	8	149
published, mouse wells	324	multi	9	380
published, mouse wells	324	multi	10	42
published, mouse wells	324	multi	11	35
published, mouse wells	324	multi	12	8
published, mouse wells	324	multi	13	2
published, mouse wells	324	multi	14	3
published, mouse wells	324	multi	15	1
published, mouse wells	324	multi	18	3
published, mouse wells	324	multi	19	4
published, mouse wells	324	multi	20	11
published, mouse wells	324	single	1	133199
published, mouse wells	324	single	2	4734
published, mouse wells	324	single	3	259
published, mouse wells	324	single	4	4
published, mouse wells	324	single	7	1
published, mouse wells	324	single	14	5
published, mouse wells	324	single	19	2
published, mouse wells	324	single	20	10
published, mouse wells	326	multi	1	7561
published, mouse wells	326	multi	2	9817
published, mouse wells	326	multi	3	4520
published, mouse wells	326	multi	4	3957
published, mouse wells	326	multi	5	1486
published, mouse wells	326	multi	6	1379
published, mouse wells	326	multi	7	400
published, mouse wells	326	multi	8	291
published, mouse wells	326	multi	9	445
published, mouse wells	326	multi	10	80
published, mouse wells	326	multi	11	41
published, mouse wells	326	multi	12	5
published, mouse wells	326	multi	13	2
published, mouse wells	326	multi	14	1
published, mouse wells	326	multi	18	6
published, mouse wells	326	multi	19	2
published, mouse wells	326	multi	20	23
published, mouse wells	326	single	1	228219
published, mouse wells	326	single	2	8764
published, mouse wells	326	single	3	318
published, mouse wells	326	single	4	10
published, mouse wells	326	single	6	1
published, mouse wells	326	single	13	2
published, mouse wells	326	single	20	3
published, mouse wells	328	multi	1	6462
published, mouse wells	328	multi	2	6309
published, mouse wells	328	multi	3	2854
published, mouse wells	328	multi	4	2618
published, mouse wells	328	multi	5	1029
published, mouse wells	328	multi	6	1175
published, mouse wells	328	multi	7	218
published, mouse wells	328	multi	8	201
published, mouse wells	328	multi	9	500
published, mouse wells	328	multi	10	54
published, mouse wells	328	multi	11	34
published, mouse wells	328	multi	12	14
published, mouse wells	328	multi	13	5
published, mouse wells	328	multi	19	2
published, mouse wells	328	multi	20	24
published, mouse wells	328	single	1	135252
published, mouse wells	328	single	2	4961
published, mouse wells	328	single	3	181
published, mouse wells	328	single	4	1
published, mouse wells	328	single	9	1
published, mouse wells	328	single	20	7
published, mouse wells	330	multi	1	2966
published, mouse wells	330	multi	2	3304
published, mouse wells	330	multi	3	1630
published, mouse wells	330	multi	4	1938
published, mouse wells	330	multi	5	660
published, mouse wells	330	multi	6	659
published, mouse wells	330	multi	7	164
published, mouse wells	330	multi	8	98
published, mouse wells	330	multi	9	199
published, mouse wells	330	multi	10	56
published, mouse wells	330	multi	11	21
published, mouse wells	330	multi	12	9
published, mouse wells	330	multi	13	1
published, mouse wells	330	multi	14	1
published, mouse wells	330	multi	18	5
published, mouse wells	330	multi	19	3
published, mouse wells	330	multi	20	5
published, mouse wells	330	single	1	85135
published, mouse wells	330	single	2	3279
published, mouse wells	330	single	3	169
published, mouse wells	330	single	4	4
published, mouse wells	330	single	15	1
published, mouse wells	330	single	20	9
published, mouse wells	332	multi	1	3418
published, mouse wells	332	multi	2	5213
published, mouse wells	332	multi	3	2477
published, mouse wells	332	multi	4	1726
published, mouse wells	332	multi	5	796
published, mouse wells	332	multi	6	755
published, mouse wells	332	multi	7	162
published, mouse wells	332	multi	8	145
published, mouse wells	332	multi	9	223
published, mouse wells	332	multi	10	67
published, mouse wells	332	multi	11	42
published, mouse wells	332	multi	12	6
published, mouse wells	332	multi	13	5
published, mouse wells	332	multi	14	1
published, mouse wells	332	multi	18	5
published, mouse wells	332	multi	19	1
published, mouse wells	332	multi	20	23
published, mouse wells	332	single	1	90599
published, mouse wells	332	single	2	3240
published, mouse wells	332	single	3	165
published, mouse wells	332	single	17	1
published, mouse wells	332	single	18	11
published, mouse wells	332	single	19	1
published, mouse wells	332	single	20	14
published, mouse wells	334	multi	1	7399
published, mouse wells	334	multi	2	10049
published, mouse wells	334	multi	3	4661
published, mouse wells	334	multi	4	7636
published, mouse wells	334	multi	5	1865
published, mouse wells	334	multi	6	2114
published, mouse wells	334	multi	7	447
published, mouse wells	334	multi	8	355
published, mouse wells	334	multi	9	917
published, mouse wells	334	multi	10	113
published, mouse wells	334	multi	11	50
published, mouse wells	334	multi	12	14
published, mouse wells	334	multi	13	18
published, mouse wells	334	multi	14	3
published, mouse wells	334	multi	15	4
published, mouse wells	334	multi	18	2
published, mouse wells	334	multi	20	36
published, mouse wells	334	single	1	237169
published, mouse wells	334	single	2	9613
published, mouse wells	334	single	3	367
published, mouse wells	334	single	4	18
published, mouse wells	334	single	8	4
published, mouse wells	334	single	10	10
published, mouse wells	334	single	19	1
published, mouse wells	334	single	20	64
published, mouse wells	335	multi	1	11100
published, mouse wells	335	multi	2	16545
published, mouse wells	335	multi	3	7856
published, mouse wells	335	multi	4	17368
published, mouse wells	335	multi	5	3326
published, mouse wells	335	multi	6	4405
published, mouse wells	335	multi	7	731
published, mouse wells	335	multi	8	564
published, mouse wells	335	multi	9	1653
published, mouse wells	335	multi	10	186
published, mouse wells	335	multi	11	85
published, mouse wells	335	multi	12	14
published, mouse wells	335	multi	13	18
published, mouse wells	335	multi	14	3
published, mouse wells	335	multi	15	5
published, mouse wells	335	multi	18	15
published, mouse wells	335	multi	20	65
published, mouse wells	335	single	1	389318
published, mouse wells	335	single	2	17453
published, mouse wells	335	single	3	682
published, mouse wells	335	single	4	21
published, mouse wells	335	single	6	3
published, mouse wells	335	single	15	1
published, mouse wells	335	single	16	1
published, mouse wells	335	single	20	35
published, mouse wells	338	multi	1	1983
published, mouse wells	338	multi	2	2918
published, mouse wells	338	multi	3	1394
published, mouse wells	338	multi	4	2508
published, mouse wells	338	multi	5	536
published, mouse wells	338	multi	6	802
published, mouse wells	338	multi	7	124
published, mouse wells	338	multi	8	81
published, mouse wells	338	multi	9	301
published, mouse wells	338	multi	10	41
published, mouse wells	338	multi	11	7
published, mouse wells	338	multi	12	6
published, mouse wells	338	multi	13	2
published, mouse wells	338	multi	14	1
published, mouse wells	338	multi	18	7
published, mouse wells	338	multi	20	6
published, mouse wells	338	single	1	64915
published, mouse wells	338	single	2	2704
published, mouse wells	338	single	3	127
published, mouse wells	338	single	4	4
published, mouse wells	338	single	19	2
published, mouse wells	338	single	20	13
published, mouse wells	340	multi	1	19786
published, mouse wells	340	multi	2	26738
published, mouse wells	340	multi	3	13445
published, mouse wells	340	multi	4	16661
published, mouse wells	340	multi	5	5421
published, mouse wells	340	multi	6	6692
published, mouse wells	340	multi	7	1315
published, mouse wells	340	multi	8	915
published, mouse wells	340	multi	9	2101
published, mouse wells	340	multi	10	268
published, mouse wells	340	multi	11	148
published, mouse wells	340	multi	12	37
published, mouse wells	340	multi	13	19
published, mouse wells	340	multi	14	2
published, mouse wells	340	multi	18	28
published, mouse wells	340	multi	19	9
published, mouse wells	340	multi	20	140
published, mouse wells	340	single	1	710852
published, mouse wells	340	single	2	26985
published, mouse wells	340	single	3	1147
published, mouse wells	340	single	4	35
published, mouse wells	340	single	5	4
published, mouse wells	340	single	6	8
published, mouse wells	340	single	7	4
published, mouse wells	340	single	8	7
published, mouse wells	340	single	10	3
published, mouse wells	340	single	11	8
published, mouse wells	340	single	12	8
published, mouse wells	340	single	13	1
published, mouse wells	340	single	14	2
published, mouse wells	340	single	15	21
published, mouse wells	340	single	16	11
published, mouse wells	340	single	17	7
published, mouse wells	340	single	18	30
published, mouse wells	340	single	19	3
published, mouse wells	340	single	20	93
published, mouse wells	342	multi	1	10354
published, mouse wells	342	multi	2	14700
published, mouse wells	342	multi	3	7117
published, mouse wells	342	multi	4	6928
published, mouse wells	342	multi	5	2504
published, mouse wells	342	multi	6	2749
published, mouse wells	342	multi	7	605
published, mouse wells	342	multi	8	471
published, mouse wells	342	multi	9	947
published, mouse wells	342	multi	10	162
published, mouse wells	342	multi	11	52
published, mouse wells	342	multi	12	47
published, mouse wells	342	multi	13	10
published, mouse wells	342	multi	14	1
published, mouse wells	342	multi	17	5
published, mouse wells	342	multi	18	6
published, mouse wells	342	multi	19	4
published, mouse wells	342	multi	20	98
published, mouse wells	342	single	1	334821
published, mouse wells	342	single	2	11866
published, mouse wells	342	single	3	465
published, mouse wells	342	single	4	7
published, mouse wells	342	single	13	2
published, mouse wells	342	single	14	9
published, mouse wells	342	single	15	1
published, mouse wells	342	single	17	3
published, mouse wells	342	single	19	2
published, mouse wells	342	single	20	17
published, mouse wells	344	multi	1	8568
published, mouse wells	344	multi	2	11162
published, mouse wells	344	multi	3	4636
published, mouse wells	344	multi	4	3864
published, mouse wells	344	multi	5	1614
published, mouse wells	344	multi	6	1731
published, mouse wells	344	multi	7	504
published, mouse wells	344	multi	8	321
published, mouse wells	344	multi	9	658
published, mouse wells	344	multi	10	94
published, mouse wells	344	multi	11	42
published, mouse wells	344	multi	12	23
published, mouse wells	344	multi	13	8
published, mouse wells	344	multi	14	2
published, mouse wells	344	multi	15	1
published, mouse wells	344	multi	16	6
published, mouse wells	344	multi	18	2
published, mouse wells	344	multi	19	6
published, mouse wells	344	multi	20	61
published, mouse wells	344	single	1	269764
published, mouse wells	344	single	2	9062
published, mouse wells	344	single	3	488
published, mouse wells	344	single	4	14
published, mouse wells	344	single	9	3
published, mouse wells	344	single	20	43
published, mouse wells	346	multi	1	3461
published, mouse wells	346	multi	2	4107
published, mouse wells	346	multi	3	1918
published, mouse wells	346	multi	4	1269
published, mouse wells	346	multi	5	531
published, mouse wells	346	multi	6	609
published, mouse wells	346	multi	7	173
published, mouse wells	346	multi	8	133
published, mouse wells	346	multi	9	266
published, mouse wells	346	multi	10	24
published, mouse wells	346	multi	11	22
published, mouse wells	346	multi	12	6
published, mouse wells	346	multi	13	8
published, mouse wells	346	multi	20	26
published, mouse wells	346	single	1	90741
published, mouse wells	346	single	2	3361
published, mouse wells	346	single	3	109
published, mouse wells	346	single	4	4
published, mouse wells	346	single	7	7
published, mouse wells	346	single	8	1
published, mouse wells	346	single	9	7
published, mouse wells	346	single	10	3
published, mouse wells	346	single	11	2
published, mouse wells	346	single	14	2
published, mouse wells	346	single	20	6
published, mouse wells	348	multi	1	15289
published, mouse wells	348	multi	2	22143
published, mouse wells	348	multi	3	10618
published, mouse wells	348	multi	4	12451
published, mouse wells	348	multi	5	4465
published, mouse wells	348	multi	6	4596
published, mouse wells	348	multi	7	1023
published, mouse wells	348	multi	8	685
published, mouse wells	348	multi	9	1852
published, mouse wells	348	multi	10	223
published, mouse wells	348	multi	11	134
published, mouse wells	348	multi	12	31
published, mouse wells	348	multi	13	16
published, mouse wells	348	multi	14	5
published, mouse wells	348	multi	15	2
published, mouse wells	348	multi	16	2
published, mouse wells	348	multi	17	6
published, mouse wells	348	multi	18	3
published, mouse wells	348	multi	19	3
published, mouse wells	348	multi	20	74
published, mouse wells	348	single	1	534868
published, mouse wells	348	single	2	19812
published, mouse wells	348	single	3	925
published, mouse wells	348	single	4	31
published, mouse wells	348	single	5	12
published, mouse wells	348	single	6	10
published, mouse wells	348	single	13	3
published, mouse wells	348	single	14	18
published, mouse wells	348	single	15	7
published, mouse wells	348	single	16	21
published, mouse wells	348	single	17	7
published, mouse wells	348	single	18	2
published, mouse wells	348	single	19	10
published, mouse wells	348	single	20	71
published, mouse wells	350	multi	1	8162
published, mouse wells	350	multi	2	12085
published, mouse wells	350	multi	3	5512
published, mouse wells	350	multi	4	4790
published, mouse wells	350	multi	5	1646
published, mouse wells	350	multi	6	2171
published, mouse wells	350	multi	7	531
published, mouse wells	350	multi	8	284
published, mouse wells	350	multi	9	754
published, mouse wells	350	multi	10	83
published, mouse wells	350	multi	11	38
published, mouse wells	350	multi	12	23
published, mouse wells	350	multi	13	4
published, mouse wells	350	multi	14	1
published, mouse wells	350	multi	18	5
published, mouse wells	350	multi	19	4
published, mouse wells	350	multi	20	42
published, mouse wells	350	single	1	262857
published, mouse wells	350	single	2	9293
published, mouse wells	350	single	3	367
published, mouse wells	350	single	4	8
published, mouse wells	350	single	11	1
published, mouse wells	350	single	20	6
published, mouse wells	352	multi	1	16389
published, mouse wells	352	multi	2	22153
published, mouse wells	352	multi	3	9951
published, mouse wells	352	multi	4	7664
published, mouse wells	352	multi	5	3166
published, mouse wells	352	multi	6	3331
published, mouse wells	352	multi	7	850
published, mouse wells	352	multi	8	666
published, mouse wells	352	multi	9	1190
published, mouse wells	352	multi	10	202
published, mouse wells	352	multi	11	77
published, mouse wells	352	multi	12	85
published, mouse wells	352	multi	13	14
published, mouse wells	352	multi	14	2
published, mouse wells	352	multi	15	3
published, mouse wells	352	multi	17	12
published, mouse wells	352	multi	18	13
published, mouse wells	352	multi	19	10
published, mouse wells	352	multi	20	84
published, mouse wells	352	single	1	520652
published, mouse wells	352	single	2	18747
published, mouse wells	352	single	3	829
published, mouse wells	352	single	4	11
published, mouse wells	352	single	5	3
published, mouse wells	352	single	6	10
published, mouse wells	352	single	7	8
published, mouse wells	352	single	9	3
published, mouse wells	352	single	10	2
published, mouse wells	352	single	11	5
published, mouse wells	352	single	13	5
published, mouse wells	352	single	14	5
published, mouse wells	352	single	20	84
published, mouse wells	354	multi	1	8743
published, mouse wells	354	multi	2	10636
published, mouse wells	354	multi	3	5022
published, mouse wells	354	multi	4	4597
published, mouse wells	354	multi	5	1876
published, mouse wells	354	multi	6	1533
published, mouse wells	354	multi	7	456
published, mouse wells	354	multi	8	322
published, mouse wells	354	multi	9	678
published, mouse wells	354	multi	10	110
published, mouse wells	354	multi	11	94
published, mouse wells	354	multi	12	15
published, mouse wells	354	multi	13	5
published, mouse wells	354	multi	14	2
published, mouse wells	354	multi	15	1
published, mouse wells	354	multi	19	13
published, mouse wells	354	multi	20	51
published, mouse wells	354	single	1	298658
published, mouse wells	354	single	2	10805
published, mouse wells	354	single	3	530
published, mouse wells	354	single	4	10
published, mouse wells	354	single	5	2
published, mouse wells	354	single	7	5
published, mouse wells	354	single	8	1
published, mouse wells	354	single	14	1
published, mouse wells	354	single	15	3
published, mouse wells	354	single	20	6
published, mouse wells	356	multi	1	18772
published, mouse wells	356	multi	2	26531
published, mouse wells	356	multi	3	12679
published, mouse wells	356	multi	4	26747
published, mouse wells	356	multi	5	5567
published, mouse wells	356	multi	6	8453
published, mouse wells	356	multi	7	1075
published, mouse wells	356	multi	8	784
published, mouse wells	356	multi	9	2766
published, mouse wells	356	multi	10	323
published, mouse wells	356	multi	11	124
published, mouse wells	356	multi	12	72
published, mouse wells	356	multi	13	61
published, mouse wells	356	multi	14	4
published, mouse wells	356	multi	15	3
published, mouse wells	356	multi	16	3
published, mouse wells	356	multi	17	2
published, mouse wells	356	multi	18	3
published, mouse wells	356	multi	19	2
published, mouse wells	356	multi	20	108
published, mouse wells	356	single	1	613701
published, mouse wells	356	single	2	24207
published, mouse wells	356	single	3	1251
published, mouse wells	356	single	4	22
published, mouse wells	356	single	6	2
published, mouse wells	356	single	8	2
published, mouse wells	356	single	12	1
published, mouse wells	356	single	13	3
published, mouse wells	356	single	14	3
published, mouse wells	356	single	15	1
published, mouse wells	356	single	17	6
published, mouse wells	356	single	18	1
published, mouse wells	356	single	19	10
published, mouse wells	356	single	20	53
published, mouse wells	358	multi	1	10839
published, mouse wells	358	multi	2	14127
published, mouse wells	358	multi	3	6724
published, mouse wells	358	multi	4	9587
published, mouse wells	358	multi	5	2742
published, mouse wells	358	multi	6	3124
published, mouse wells	358	multi	7	590
published, mouse wells	358	multi	8	407
published, mouse wells	358	multi	9	1133
published, mouse wells	358	multi	10	96
published, mouse wells	358	multi	11	55
published, mouse wells	358	multi	12	18
published, mouse wells	358	multi	13	29
published, mouse wells	358	multi	18	4
published, mouse wells	358	multi	19	8
published, mouse wells	358	multi	20	46
published, mouse wells	358	single	1	349756
published, mouse wells	358	single	2	13440
published, mouse wells	358	single	3	669
published, mouse wells	358	single	4	21
published, mouse wells	358	single	6	3
published, mouse wells	358	single	7	1
published, mouse wells	358	single	18	2
published, mouse wells	358	single	20	59
published, mouse wells	359	multi	1	10849
published, mouse wells	359	multi	2	14900
published, mouse wells	359	multi	3	7037
published, mouse wells	359	multi	4	5895
published, mouse wells	359	multi	5	2376
published, mouse wells	359	multi	6	2433
published, mouse wells	359	multi	7	603
published, mouse wells	359	multi	8	492
published, mouse wells	359	multi	9	1112
published, mouse wells	359	multi	10	146
published, mouse wells	359	multi	11	56
published, mouse wells	359	multi	12	26
published, mouse wells	359	multi	13	24
published, mouse wells	359	multi	14	1
published, mouse wells	359	multi	15	1
published, mouse wells	359	multi	16	5
published, mouse wells	359	multi	18	12
published, mouse wells	359	multi	19	3
published, mouse wells	359	multi	20	54
published, mouse wells	359	single	1	359353
published, mouse wells	359	single	2	13273
published, mouse wells	359	single	3	655
published, mouse wells	359	single	4	14
published, mouse wells	359	single	5	3
published, mouse wells	359	single	6	1
published, mouse wells	359	single	9	2
published, mouse wells	359	single	12	8
published, mouse wells	359	single	15	20
published, mouse wells	359	single	18	3
published, mouse wells	359	single	19	4
published, mouse wells	359	single	20	47
published, mouse wells	362	multi	1	9956
published, mouse wells	362	multi	2	14358
published, mouse wells	362	multi	3	6983
published, mouse wells	362	multi	4	7699
published, mouse wells	362	multi	5	2648
published, mouse wells	362	multi	6	2834
published, mouse wells	362	multi	7	701
published, mouse wells	362	multi	8	453
published, mouse wells	362	multi	9	1202
published, mouse wells	362	multi	10	147
published, mouse wells	362	multi	11	80
published, mouse wells	362	multi	12	38
published, mouse wells	362	multi	13	14
published, mouse wells	362	multi	14	2
published, mouse wells	362	multi	16	2
published, mouse wells	362	multi	17	2
published, mouse wells	362	multi	18	1
published, mouse wells	362	multi	19	3
published, mouse wells	362	multi	20	67
published, mouse wells	362	single	1	340617
published, mouse wells	362	single	2	12466
published, mouse wells	362	single	3	458
published, mouse wells	362	single	4	8
published, mouse wells	362	single	12	5
published, mouse wells	362	single	14	2
published, mouse wells	362	single	15	1
published, mouse wells	362	single	16	5
published, mouse wells	362	single	19	3
published, mouse wells	362	single	20	69
published, mouse wells	364	multi	1	4709
published, mouse wells	364	multi	2	6883
published, mouse wells	364	multi	3	2941
published, mouse wells	364	multi	4	2394
published, mouse wells	364	multi	5	1098
published, mouse wells	364	multi	6	911
published, mouse wells	364	multi	7	284
published, mouse wells	364	multi	8	280
published, mouse wells	364	multi	9	312
published, mouse wells	364	multi	10	76
published, mouse wells	364	multi	11	29
published, mouse wells	364	multi	12	19
published, mouse wells	364	multi	13	2
published, mouse wells	364	multi	18	5
published, mouse wells	364	multi	19	1
published, mouse wells	364	multi	20	40
published, mouse wells	364	single	1	128926
published, mouse wells	364	single	2	4627
published, mouse wells	364	single	3	181
published, mouse wells	364	single	4	6
published, mouse wells	364	single	18	3
published, mouse wells	364	single	20	31
published, mouse wells	366	multi	1	2175
published, mouse wells	366	multi	2	3329
published, mouse wells	366	multi	3	1339
published, mouse wells	366	multi	4	1072
published, mouse wells	366	multi	5	567
published, mouse wells	366	multi	6	409
published, mouse wells	366	multi	7	136
published, mouse wells	366	multi	8	91
published, mouse wells	366	multi	9	131
published, mouse wells	366	multi	10	66
published, mouse wells	366	multi	11	11
published, mouse wells	366	multi	12	7
published, mouse wells	366	multi	13	3
published, mouse wells	366	multi	18	2
published, mouse wells	366	multi	20	18
published, mouse wells	366	single	1	60082
published, mouse wells	366	single	2	2205
published, mouse wells	366	single	3	72
published, mouse wells	366	single	20	20
published, mouse wells	368	multi	1	16632
published, mouse wells	368	multi	2	24744
published, mouse wells	368	multi	3	11666
published, mouse wells	368	multi	4	25289
published, mouse wells	368	multi	5	4971
published, mouse wells	368	multi	6	8018
published, mouse wells	368	multi	7	1228
published, mouse wells	368	multi	8	717
published, mouse wells	368	multi	9	2637
published, mouse wells	368	multi	10	291
published, mouse wells	368	multi	11	142
published, mouse wells	368	multi	12	51
published, mouse wells	368	multi	13	81
published, mouse wells	368	multi	14	8
published, mouse wells	368	multi	15	1
published, mouse wells	368	multi	18	17
published, mouse wells	368	multi	19	3
published, mouse wells	368	multi	20	67
published, mouse wells	368	single	1	559707
published, mouse wells	368	single	2	24169
published, mouse wells	368	single	3	1091
published, mouse wells	368	single	4	34
published, mouse wells	368	single	5	5
published, mouse wells	368	single	6	5
published, mouse wells	368	single	7	3
published, mouse wells	368	single	8	4
published, mouse wells	368	single	9	5
published, mouse wells	368	single	10	14
published, mouse wells	368	single	13	1
published, mouse wells	368	single	16	5
published, mouse wells	368	single	20	102
published, mouse wells	370	multi	1	23745
published, mouse wells	370	multi	2	32676
published, mouse wells	370	multi	3	16068
published, mouse wells	370	multi	4	41159
published, mouse wells	370	multi	5	7691
published, mouse wells	370	multi	6	10212
published, mouse wells	370	multi	7	1543
published, mouse wells	370	multi	8	1017
published, mouse wells	370	multi	9	4740
published, mouse wells	370	multi	10	442
published, mouse wells	370	multi	11	178
published, mouse wells	370	multi	12	50
published, mouse wells	370	multi	13	163
published, mouse wells	370	multi	14	14
published, mouse wells	370	multi	15	2
published, mouse wells	370	multi	16	5
published, mouse wells	370	multi	18	8
published, mouse wells	370	multi	19	3
published, mouse wells	370	multi	20	129
published, mouse wells	370	single	1	756007
published, mouse wells	370	single	2	35878
published, mouse wells	370	single	3	1403
published, mouse wells	370	single	4	60
published, mouse wells	370	single	9	4
published, mouse wells	370	single	14	38
published, mouse wells	370	single	15	1
published, mouse wells	370	single	17	6
published, mouse wells	370	single	18	4
published, mouse wells	370	single	20	149
published, mouse wells	372	multi	1	12109
published, mouse wells	372	multi	2	17453
published, mouse wells	372	multi	3	8523
published, mouse wells	372	multi	4	15945
published, mouse wells	372	multi	5	3696
published, mouse wells	372	multi	6	5152
published, mouse wells	372	multi	7	939
published, mouse wells	372	multi	8	577
published, mouse wells	372	multi	9	2109
published, mouse wells	372	multi	10	241
published, mouse wells	372	multi	11	80
published, mouse wells	372	multi	12	41
published, mouse wells	372	multi	13	32
published, mouse wells	372	multi	14	3
published, mouse wells	372	multi	15	1
published, mouse wells	372	multi	18	6
published, mouse wells	372	multi	19	18
published, mouse wells	372	multi	20	67
published, mouse wells	372	single	1	402742
published, mouse wells	372	single	2	17810
published, mouse wells	372	single	3	851
published, mouse wells	372	single	4	29
published, mouse wells	372	single	6	9
published, mouse wells	372	single	7	3
published, mouse wells	372	single	10	3
published, mouse wells	372	single	14	6
published, mouse wells	372	single	15	2
published, mouse wells	372	single	17	2
published, mouse wells	372	single	19	4
published, mouse wells	372	single	20	13
published, mouse wells	374	multi	1	18924
published, mouse wells	374	multi	2	27661
published, mouse wells	374	multi	3	11630
published, mouse wells	374	multi	4	15327
published, mouse wells	374	multi	5	4702
published, mouse wells	374	multi	6	5805
published, mouse wells	374	multi	7	1292
published, mouse wells	374	multi	8	678
published, mouse wells	374	multi	9	2668
published, mouse wells	374	multi	10	290
published, mouse wells	374	multi	11	123
published, mouse wells	374	multi	12	49
published, mouse wells	374	multi	13	45
published, mouse wells	374	multi	14	4
published, mouse wells	374	multi	15	2
published, mouse wells	374	multi	17	2
published, mouse wells	374	multi	18	8
published, mouse wells	374	multi	19	17
published, mouse wells	374	multi	20	93
published, mouse wells	374	single	1	634231
published, mouse wells	374	single	2	25168
published, mouse wells	374	single	3	1207
published, mouse wells	374	single	4	31
published, mouse wells	374	single	7	6
published, mouse wells	374	single	11	3
published, mouse wells	374	single	13	2
published, mouse wells	374	single	14	11
published, mouse wells	374	single	15	1
published, mouse wells	374	single	17	1
published, mouse wells	374	single	18	12
published, mouse wells	374	single	20	51
published, mouse wells	376	multi	1	18748
published, mouse wells	376	multi	2	28540
published, mouse wells	376	multi	3	13909
published, mouse wells	376	multi	4	25061
published, mouse wells	376	multi	5	5924
published, mouse wells	376	multi	6	9617
published, mouse wells	376	multi	7	1298
published, mouse wells	376	multi	8	1001
published, mouse wells	376	multi	9	3298
published, mouse wells	376	multi	10	372
published, mouse wells	376	multi	11	208
published, mouse wells	376	multi	12	73
published, mouse wells	376	multi	13	84
published, mouse wells	376	multi	14	4
published, mouse wells	376	multi	15	4
published, mouse wells	376	multi	16	4
published, mouse wells	376	multi	18	8
published, mouse wells	376	multi	19	7
published, mouse wells	376	multi	20	194
published, mouse wells	376	single	1	711835
published, mouse wells	376	single	2	27372
published, mouse wells	376	single	3	1223
published, mouse wells	376	single	4	69
published, mouse wells	376	single	5	1
published, mouse wells	376	single	7	1
published, mouse wells	376	single	11	10
published, mouse wells	376	single	12	3
published, mouse wells	376	single	14	16
published, mouse wells	376	single	15	4
published, mouse wells	376	single	16	22
published, mouse wells	376	single	18	1
published, mouse wells	376	single	19	2
published, mouse wells	376	single	20	108
published, mouse wells	378	multi	1	6492
published, mouse wells	378	multi	2	9174
published, mouse wells	378	multi	3	3869
published, mouse wells	378	multi	4	5120
published, mouse wells	378	multi	5	1400
published, mouse wells	378	multi	6	2009
published, mouse wells	378	multi	7	315
published, mouse wells	378	multi	8	230
published, mouse wells	378	multi	9	646
published, mouse wells	378	multi	10	82
published, mouse wells	378	multi	11	49
published, mouse wells	378	multi	12	28
published, mouse wells	378	multi	13	24
published, mouse wells	378	multi	16	2
published, mouse wells	378	multi	18	6
published, mouse wells	378	multi	19	1
published, mouse wells	378	multi	20	20
published, mouse wells	378	single	1	199669
published, mouse wells	378	single	2	8609
published, mouse wells	378	single	3	371
published, mouse wells	378	single	4	11
published, mouse wells	378	single	5	2
published, mouse wells	378	single	6	4
published, mouse wells	378	single	7	3
published, mouse wells	378	single	15	1
published, mouse wells	378	single	16	2
published, mouse wells	378	single	20	5
published, mouse wells	380	multi	1	6923
published, mouse wells	380	multi	2	10421
published, mouse wells	380	multi	3	4627
published, mouse wells	380	multi	4	4781
published, mouse wells	380	multi	5	1554
published, mouse wells	380	multi	6	2174
published, mouse wells	380	multi	7	415
published, mouse wells	380	multi	8	337
published, mouse wells	380	multi	9	954
published, mouse wells	380	multi	10	93
published, mouse wells	380	multi	11	74
published, mouse wells	380	multi	12	39
published, mouse wells	380	multi	13	7
published, mouse wells	380	multi	14	2
published, mouse wells	380	multi	18	2
published, mouse wells	380	multi	19	1
published, mouse wells	380	multi	20	49
published, mouse wells	380	single	1	236755
published, mouse wells	380	single	2	8612
published, mouse wells	380	single	3	362
published, mouse wells	380	single	4	6
published, mouse wells	380	single	6	3
published, mouse wells	380	single	7	9
published, mouse wells	380	single	8	1
published, mouse wells	380	single	9	2
published, mouse wells	380	single	10	1
published, mouse wells	380	single	12	3
published, mouse wells	380	single	14	6
published, mouse wells	380	single	15	2
published, mouse wells	380	single	19	1
published, mouse wells	380	single	20	1
published, mouse wells	382	multi	1	1220
published, mouse wells	382	multi	2	1644
published, mouse wells	382	multi	3	853
published, mouse wells	382	multi	4	1661
published, mouse wells	382	multi	5	495
published, mouse wells	382	multi	6	707
published, mouse wells	382	multi	7	79
published, mouse wells	382	multi	8	83
published, mouse wells	382	multi	9	656
published, mouse wells	382	multi	10	12
published, mouse wells	382	multi	11	19
published, mouse wells	382	multi	12	4
published, mouse wells	382	multi	18	1
published, mouse wells	382	multi	20	5
published, mouse wells	382	single	1	42546
published, mouse wells	382	single	2	1615
published, mouse wells	382	single	3	108
published, mouse wells	382	single	4	4
published, mouse wells	382	single	20	8
published, mouse wells	383	multi	1	16402
published, mouse wells	383	multi	2	23455
published, mouse wells	383	multi	3	10429
published, mouse wells	383	multi	4	21612
published, mouse wells	383	multi	5	5845
published, mouse wells	383	multi	6	5146
published, mouse wells	383	multi	7	943
published, mouse wells	383	multi	8	636
published, mouse wells	383	multi	9	2301
published, mouse wells	383	multi	10	175
published, mouse wells	383	multi	11	106
published, mouse wells	383	multi	12	34
published, mouse wells	383	multi	13	33
published, mouse wells	383	multi	14	2
published, mouse wells	383	multi	15	3
published, mouse wells	383	multi	16	4
published, mouse wells	383	multi	18	4
published, mouse wells	383	multi	20	111
published, mouse wells	383	single	1	537336
published, mouse wells	383	single	2	22782
published, mouse wells	383	single	3	954
published, mouse wells	383	single	4	50
published, mouse wells	383	single	5	2
published, mouse wells	383	single	6	3
published, mouse wells	383	single	20	14
